dt,aqi,co,no,no2,o3,so2,pm2_5,pm10,nh3
2020-11-25 06:30:00,5,2616.88,2.18,70.6,13.59,38.62,364.61,411.73,28.63
2020-11-25 07:30:00,5,3631.59,23.25,89.11,0.33,54.36,420.96,486.21,41.04
2020-11-25 08:30:00,5,4539.49,52.75,100.08,1.11,68.67,463.68,541.95,49.14
2020-11-25 09:30:00,5,4539.49,50.96,111.04,6.44,78.2,454.81,534,48.13
2020-11-25 10:30:00,5,4379.27,42.92,117.9,17.17,87.74,448.14,529.19,46.61
2020-11-25 11:30:00,5,3898.62,28.39,117.9,40.05,101.09,437.25,511.79,42.05
2020-11-25 12:30:00,5,1949.31,14.53,105.56,83.69,185.01,312.76,349.2,12.79
2020-11-25 13:30:00,5,1508.71,11.62,112.41,87.98,217.44,275.53,303.47,6.59
2020-11-25 14:30:00,5,1361.85,7.04,109.67,95.84,213.62,263.51,289.86,6.02
2020-11-25 15:30:00,5,1602.17,3.1,93.22,104.43,152.59,271.25,302.27,12.16
2020-11-25 16:30:00,5,2136.23,1.27,94.59,86.55,103.95,284.51,324.34,21.28
2020-11-25 17:30:00,5,2590.18,0.19,109.67,50.78,82.02,287.83,336,27.87
2020-11-25 18:30:00,5,3017.43,0.6,120.64,19.67,69.62,295.37,354.19,35.47
2020-11-25 19:30:00,5,3471.37,6.65,117.9,3,65.8,325.89,402.37,46.1
2020-11-25 20:30:00,5,3898.62,16.09,105.56,0.25,63.9,363.16,456.38,50.66
2020-11-25 21:30:00,5,4058.84,19.67,98.71,0.08,59.61,387.52,490.96,42.05
2020-11-25 22:30:00,5,3898.62,18.11,91.85,0.11,52.93,394.51,498.87,31.92
2020-11-25 23:30:00,5,3417.97,13.19,83.63,0.31,42.92,369,461.24,20.52
2020-11-26 00:30:00,5,2803.8,7.15,74.71,0.89,33.85,327.49,400.17,12.16
2020-11-26 01:30:00,5,2456.67,4.75,65.8,1.4,30.99,303.81,365.32,9.63
2020-11-26 02:30:00,5,2269.75,4.25,58.26,1.39,30.52,285.16,340.62,8.74
2020-11-26 03:30:00,5,2162.93,5.42,53.47,0.83,30.99,272.18,320.68,7.92
2020-11-26 04:30:00,5,2136.23,8.16,49.35,0.31,31.47,264.01,305.06,7.09
2020-11-26 05:30:00,5,2189.64,13.19,46.61,0.07,33.38,260.05,296.45,7.28
2020-11-26 06:30:00,5,2483.37,23.92,45.93,0.01,39.1,268.08,305.4,10.26
2020-11-26 07:30:00,5,3284.45,47.83,51.41,0.02,53.88,309.14,359.04,17.48
2020-11-26 08:30:00,5,3791.81,67.06,60.32,1.1,73.43,337.8,398.42,23.81
2020-11-26 09:30:00,5,3097.53,46.94,71.29,8.58,96.32,300.52,353.24,24.83
2020-11-26 10:30:00,5,2643.59,34.42,72.66,20.74,103.95,264.39,315.31,28.37
2020-11-26 11:30:00,5,2109.53,23.69,67.86,33.26,108.72,208,253.85,26.6
2020-11-26 12:30:00,5,1094.82,9.95,49.35,66.52,90.6,115.32,139.51,12.79
2020-11-26 13:30:00,5,894.55,7.49,42.5,82.25,83.92,92.77,111.59,10.13
2020-11-26 14:30:00,5,881.2,7.26,44.55,85.12,92.51,88.53,107.12,10.64
2020-11-26 15:30:00,5,1308.44,9.16,63.06,67.23,100.14,106.99,132.1,17.23
2020-11-26 16:30:00,5,2056.12,11.51,91.85,30.76,95.37,138.22,175.22,26.85
2020-11-26 17:30:00,5,2670.29,23.92,106.93,2.26,84.88,155.65,203.84,33.44
2020-11-26 18:30:00,5,3097.53,42.92,94.59,0,74.39,169.52,227.04,41.04
2020-11-26 19:30:00,5,3578.19,52.75,85,0,69.62,202.21,276.96,50.16
2020-11-26 20:30:00,5,3952.03,53.64,85,0,64.85,234.37,325.87,49.14
2020-11-26 21:30:00,5,4005.43,47.83,85,0,59.13,245.5,343.52,39.01
2020-11-26 22:30:00,5,3685,37.1,84.31,0,51.98,229.77,319.4,30.4
2020-11-26 23:30:00,5,2723.69,20.56,78.14,0.12,42.92,174.77,238.31,19.76
2020-11-27 00:30:00,5,1695.63,4.47,67.17,2.5,32.42,114.3,149.46,11.65
2020-11-27 01:30:00,5,1308.44,0.82,54.84,9.39,26.7,90.01,113.31,9.88
2020-11-27 02:30:00,5,1134.87,0.18,47.3,18.06,27.66,82.03,100.6,9.5
2020-11-27 03:30:00,5,974.66,0.03,39.76,31.11,29.56,77.06,92.05,8.99
2020-11-27 04:30:00,5,894.55,0.01,34.62,38.98,28.37,73.1,86.42,8.61
2020-11-27 05:30:00,5,894.55,0.01,33.59,38.98,28.13,71.17,84.01,8.61
2020-11-27 06:30:00,5,1068.12,0.15,40.44,28.61,32.42,77.66,93.52,10.39
2020-11-27 07:30:00,5,1441.96,2.65,55.52,10.01,40.53,93.87,117.18,14.95
2020-11-27 08:30:00,5,1668.93,15.42,53.47,11.36,47.21,100.66,128.85,17.99
2020-11-27 09:30:00,5,1708.98,23.47,47.3,23.96,54.84,101.94,132.24,20.77
2020-11-27 10:30:00,5,1655.58,22.35,45.93,37.91,61.99,102.47,134.15,23.56
2020-11-27 11:30:00,5,1455.31,16.99,45.24,57.94,66.76,96.21,124.64,22.29
2020-11-27 12:30:00,5,947.95,8.38,33.24,89.41,54.84,65.04,82.8,14.57
2020-11-27 13:30:00,5,814.44,5.76,29.13,107.29,48.16,60.21,75.19,13.05
2020-11-27 14:30:00,5,814.44,4.69,30.5,117.3,49.11,66.66,81.87,14.06
2020-11-27 15:30:00,5,1148.22,5.53,45.93,107.29,52.93,84.8,105.35,19
2020-11-27 16:30:00,5,1655.58,5.64,72.66,75.1,53.88,105.82,134.28,24.57
2020-11-27 17:30:00,5,2082.82,1.69,104.19,30.4,51.02,118.21,151.31,28.88
2020-11-27 18:30:00,5,2403.26,2.68,112.41,7.06,50.07,135.62,173.83,34.45
2020-11-27 19:30:00,5,2510.07,2.18,101.45,7.96,49.59,154.47,198.73,39.52
2020-11-27 20:30:00,5,2376.56,0.4,87.05,18.95,45.78,163.42,209.55,41.04
2020-11-27 21:30:00,5,2296.45,0.08,76.77,26.82,42.44,169.15,215.26,38.51
2020-11-27 22:30:00,5,2349.85,0.13,75.4,23.96,40.53,179.28,227.25,32.93
2020-11-27 23:30:00,5,2189.64,0.17,71.97,21.82,34.33,174.77,219.02,23.31
2020-11-28 00:30:00,5,1789.09,0.05,58.95,28.25,25.03,150.44,183.04,13.93
2020-11-28 01:30:00,5,1401.9,0,41.47,40.05,18.6,132.96,156.48,9.75
2020-11-28 02:30:00,5,1228.33,0,32.56,45.78,16.45,126.1,144.97,7.79
2020-11-28 03:30:00,5,1161.58,0,28.1,47.92,15.5,124.33,140.4,6.59
2020-11-28 04:30:00,5,1148.22,0,26.05,50.07,15.5,126.38,140.94,6.21
2020-11-28 05:30:00,5,1188.28,0,26.39,52.21,17.41,136.96,151.52,6.52
2020-11-28 06:30:00,5,1348.5,0,32.22,51.5,22.89,158.21,176.16,8.36
2020-11-28 07:30:00,5,1695.63,0.1,47.3,37.91,31.47,185.59,211.46,12.41
2020-11-28 08:30:00,5,1895.9,4.36,53.47,32.19,38.62,197.84,228.15,15.71
2020-11-28 09:30:00,5,1869.2,10.17,45.93,47.92,46.25,192.49,222.35,18.49
2020-11-28 10:30:00,5,1762.39,10.17,42.16,71.53,52.93,186.49,215.43,20.27
2020-11-28 11:30:00,5,1588.82,7.26,37.7,105.86,58.17,174.62,199.38,19
2020-11-28 12:30:00,5,1041.41,3.58,23.65,140.19,47.21,110.26,124.43,11.65
2020-11-28 13:30:00,5,867.84,2.57,19.71,154.5,41.49,92.78,103.92,10.26
2020-11-28 14:30:00,5,867.84,2.15,20.74,165.94,44.82,96.88,108.01,11.15
2020-11-28 15:30:00,5,1735.69,6.31,58.95,123.02,54.36,140.53,166.19,20.52
2020-11-28 16:30:00,5,3124.24,14.75,116.53,49.35,61.04,204.21,250.82,30.65
2020-11-28 17:30:00,5,4272.46,42.02,148.06,3.17,62.94,251.13,312.63,38.51
2020-11-28 18:30:00,5,5340.58,76,150.8,0,66.76,305.95,382.34,49.14
2020-11-28 19:30:00,5,5767.82,68.84,150.8,0,67.71,351.5,440,55.73
2020-11-28 20:30:00,5,5073.55,33.08,142.57,0.2,59.61,341.86,424.77,51.68
2020-11-28 21:30:00,5,3791.81,2.18,119.27,8.4,50.55,284.08,347.44,42.56
2020-11-28 22:30:00,5,3524.78,0.72,102.82,13.05,45.3,274.87,335.43,40.03
2020-11-28 23:30:00,5,3124.24,0.57,90.48,14.13,35.29,248.69,299.94,32.17
2020-11-29 00:30:00,5,2456.67,0.17,71.97,20.21,23.84,201.74,238.09,20.77
2020-11-29 01:30:00,5,2002.72,0.04,56.21,26.11,19.07,172.07,199.13,14.82
2020-11-29 02:30:00,5,1735.69,0.03,47.3,28.61,16.93,156.8,179.28,10.89
2020-11-29 03:30:00,5,1562.12,0.02,40.1,31.11,15.97,145.46,164.55,8.11
2020-11-29 04:30:00,5,1428.6,0.02,35.99,31.83,15.74,138.33,155.25,6.08
2020-11-29 05:30:00,5,1321.79,0.03,34.62,33.26,16.21,134.49,150.71,5.07
2020-11-29 06:30:00,5,1428.6,0.15,42.16,28.25,20.5,144.8,164.06,6.33
2020-11-29 07:30:00,5,1895.9,3.55,63.06,10.01,30.52,175.84,205.53,11.02
2020-11-29 08:30:00,5,2429.96,21.23,67.86,9.3,40.05,205.11,244.44,16.21
2020-11-29 09:30:00,5,2830.51,35.32,69.23,21.46,50.55,229.77,276.06,22.55
2020-11-29 10:30:00,5,3150.94,34.87,79.51,40.41,64.85,258.81,311.02,28.88
2020-11-29 11:30:00,5,3150.94,23.69,87.05,77.96,82.02,277.18,329.15,29.39
2020-11-29 12:30:00,5,1428.6,6.87,44.55,141.62,75.34,152.26,174.87,11.27
2020-11-29 13:30:00,5,1148.22,4.58,35.64,160.22,66.76,133.28,152.32,8.74
2020-11-29 14:30:00,5,1121.52,3.74,36.67,170.23,69.62,131.24,150.27,9.25
2020-11-29 15:30:00,5,2296.45,10.95,87.05,107.29,77.25,187.62,226.89,23.05
2020-11-29 16:30:00,5,4112.24,31.74,150.8,31.11,84.88,274.9,343.04,39.52
2020-11-29 17:30:00,5,5714.42,83.15,175.48,1.59,99.18,336.88,425.52,57.25
2020-11-29 18:30:00,5,7156.37,132.32,180.96,0,125.89,404.47,513.61,84.1
2020-11-29 19:30:00,5,8117.68,151.99,178.22,0,143.05,478.35,610.78,107.41
2020-11-29 20:30:00,5,8331.3,150.2,157.65,0,137.33,524.79,672.15,114.5
2020-11-29 21:30:00,5,8331.3,146.63,134.35,0,125.89,558.48,709.59,110.45
2020-11-29 22:30:00,5,8438.11,146.63,119.27,0,125.89,592.91,747.75,112.47
2020-11-29 23:30:00,5,8224.49,143.05,109.67,0,118.26,586.24,733.62,105.38
2020-11-30 00:30:00,5,7263.18,126.96,98.71,0,94.41,519.9,641.21,81.06
2020-11-30 01:30:00,5,6248.47,108.18,86.37,0,74.39,463.88,562.84,56.74
2020-11-30 02:30:00,5,5447.39,88.51,76.08,0,58.65,419.38,502.51,39.01
2020-11-30 03:30:00,5,4699.71,68.84,70.6,0,47.21,377.58,449.55,29.64
2020-11-30 04:30:00,5,4112.24,54.09,69.23,0,38.15,337,399.7,24.32
2020-11-30 05:30:00,5,3631.59,47.39,69.23,0,31.47,303.61,358.95,19.25
2020-11-30 06:30:00,5,3417.97,46.49,70.6,0,36.72,279.12,329.89,25.08
2020-11-30 07:30:00,5,4432.68,80.47,74.71,0.02,51.98,338.53,407.97,36.48
2020-11-30 08:30:00,5,5554.2,125.17,74.71,1.48,64.85,393.76,479.03,47.12
2020-11-30 09:30:00,5,5821.23,125.17,87.74,7.15,76.29,406.58,494.57,54.21
2020-11-30 10:30:00,5,5874.63,90.3,123.38,23.25,90.6,434.27,525.87,58.77
2020-11-30 11:30:00,5,5607.61,43.36,153.54,73.67,103.95,460.28,548.96,53.7
2020-11-30 12:30:00,5,1976.01,8.16,65.12,164.51,97.28,196.45,226.33,20.77
2020-11-30 13:30:00,5,1495.36,4.69,45.93,188.83,84.88,165.43,187.62,15.07
2020-11-30 14:30:00,5,1388.55,3.41,42.84,200.27,83.92,158.8,178.9,14.19
2020-11-30 15:30:00,5,2643.59,8.72,100.08,134.47,91.55,221.87,263.85,28.37
2020-11-30 16:30:00,5,4806.52,27.72,180.96,39.34,96.32,326.66,403.12,45.09
2020-11-30 17:30:00,5,6675.72,85.83,205.64,1.81,97.28,402.96,504.58,57.76
2020-11-30 18:30:00,5,8331.3,143.05,200.15,0,106.81,483.31,610.09,76
2020-11-30 19:30:00,5,9292.6,157.36,180.96,0,107.77,563.64,718.37,90.18
2020-11-30 20:30:00,5,9292.6,146.63,156.28,0,97.28,613.4,784.89,91.2
2020-11-30 21:30:00,5,9292.6,134.11,137.09,0,84.88,656.52,833.6,73.97
2020-11-30 22:30:00,5,9399.41,135.9,120.64,0,78.2,703.33,887.84,57.25
2020-11-30 23:30:00,5,8758.55,128.75,102.82,0,61.99,669.44,844.63,37.49
2020-12-01 00:30:00,5,7049.56,106.39,87.74,0,41.96,557.39,699.05,20.01
2020-12-01 01:30:00,5,5767.82,83.15,74.71,0,34.81,475.65,585.64,14.57
2020-12-01 02:30:00,5,4966.74,67.06,64.43,0,32.42,426.25,516.68,13.05
2020-12-01 03:30:00,5,4379.27,55.43,57.58,0,31.47,390.57,467.97,12.16
2020-12-01 04:30:00,5,3952.03,46.05,53.47,0,29.56,361.58,426.87,10.77
2020-12-01 05:30:00,5,3631.59,41.57,51.41,0,29.56,338.08,394.05,10.51
2020-12-01 06:30:00,5,3524.78,43.36,54.84,0,36.72,328.71,380.96,13.81
2020-12-01 07:30:00,5,4539.49,76.89,61.69,0.01,51.98,387.82,458.69,21.53
2020-12-01 08:30:00,5,5554.2,119.81,65.12,0.94,63.9,438.32,523.15,27.87
2020-12-01 09:30:00,5,5714.42,119.81,80.88,5.72,74.39,454.62,542.24,33.95
2020-12-01 10:30:00,5,5821.23,90.3,117.9,20.21,88.69,486.37,576.78,43.57
2020-12-01 11:30:00,5,5821.23,44.7,154.91,67.95,104.9,530.13,618.68,43.57
2020-12-01 12:30:00,5,2403.26,7.04,72.66,200.27,122.07,303.78,336.66,18.75
2020-12-01 13:30:00,5,1895.9,3.91,50.04,231.74,99.18,255.16,280.88,14.69
2020-12-01 14:30:00,5,1762.39,2.57,42.5,248.91,89.65,239.93,263.1,14.57
2020-12-01 15:30:00,5,3097.53,7.04,105.56,161.65,91.55,313.47,359.45,29.64
2020-12-01 16:30:00,5,5287.17,21.46,191.93,45.42,95.37,431.12,510.61,46.1
2020-12-01 17:30:00,5,7263.18,79.57,216.6,1.42,102.04,512.77,618.34,61.3
2020-12-01 18:30:00,5,9078.98,139.48,216.6,0,119.21,605.14,739.6,84.1
2020-12-01 19:30:00,5,10147.09,150.2,213.86,0,117.3,700.36,866.48,97.28
2020-12-01 20:30:00,5,10040.28,130.53,197.41,0,97.28,752.66,937.4,88.16
2020-12-01 21:30:00,5,9613.04,107.29,178.22,0,80.11,780.98,967.56,61.3
2020-12-01 22:30:00,5,9399.41,101.03,157.65,0,71.53,816.21,1004.64,44.58
2020-12-01 23:30:00,5,8651.73,92.98,137.09,0,57.7,791.35,966.73,29.64
2020-12-02 00:30:00,5,7156.37,73.31,115.16,0,40.53,708.4,848.38,16.72
2020-12-02 01:30:00,5,6088.26,55.43,97.33,0,33.85,656.05,767.16,12.67
2020-12-02 02:30:00,5,5447.39,46.05,79.51,0,30.99,625.11,717.59,11.15
2020-12-02 03:30:00,5,4913.33,38.45,66.49,0,28.37,597.57,677.01,10.01
2020-12-02 04:30:00,5,4486.08,33.08,58.26,0,25.75,571.31,638.64,8.36
2020-12-02 05:30:00,5,4219.06,29.95,56.21,0.01,25.27,546.32,602.46,8.11
2020-12-02 06:30:00,5,4165.65,32.63,58.95,0.01,31.95,527.62,579.56,11.78
2020-12-02 07:30:00,5,4966.74,61.69,65.12,0.02,44.35,560.74,628.05,17.73
2020-12-02 08:30:00,5,5447.39,86.73,71.29,1.2,50.55,563.36,637.2,20.77
2020-12-02 09:30:00,5,4486.08,45.15,97.33,16.09,56.27,486.09,546.94,22.29
2020-12-02 10:30:00,5,4219.06,28.61,101.45,47.92,65.8,476.05,535.98,28.12
2020-12-02 11:30:00,5,3791.81,15.2,93.22,104.43,76.29,457.05,511.42,28.37
2020-12-02 12:30:00,5,1762.39,2.85,34.96,217.44,74.39,278.08,299.32,11.65
2020-12-02 13:30:00,5,1415.25,1.93,25.36,223.16,62.94,225.17,241.86,10.64
2020-12-02 14:30:00,5,1295.09,1.66,25.02,217.44,60.08,197.62,212.92,11.4
2020-12-02 15:30:00,5,1655.58,2.54,47.3,183.11,65.8,203.92,225.96,17.23
2020-12-02 16:30:00,5,2349.85,2.74,87.74,121.59,69.62,227.74,260.82,24.57
2020-12-02 17:30:00,5,2964.02,0.57,130.24,53.64,68.67,243.27,284.82,30.65
2020-12-02 18:30:00,5,3524.78,1.41,152.17,12.16,68.67,268.83,319.75,37.49
2020-12-02 19:30:00,5,3685,2.46,139.83,7.24,66.76,292.1,352.35,44.08
2020-12-02 20:30:00,5,3524.78,0.96,120.64,12.88,59.13,292.5,355.06,45.6
2020-12-02 21:30:00,5,3364.56,0.45,105.56,16.27,51.5,283.55,346.14,44.58
2020-12-02 22:30:00,5,3311.16,0.85,100.08,12.34,46.25,281.26,343.89,41.04
2020-12-02 23:30:00,5,3044.13,1.1,91.85,10.19,37.67,260.8,316.54,29.13
2020-12-03 00:30:00,5,2483.37,0.43,76.08,14.84,27.9,223.05,264.92,16.97
2020-12-03 01:30:00,5,2109.53,0.13,61.01,20.74,24.56,205.31,239.33,11.65
2020-12-03 02:30:00,5,1922.61,0.07,52.09,23.6,23.84,205.54,236.15,8.74
2020-12-03 03:30:00,5,1842.5,0.08,46.61,23.25,23.84,215.2,244.22,7.03
2020-12-03 04:30:00,5,1815.8,0.22,45.24,18.24,23.84,230.31,259.16,6.27
2020-12-03 05:30:00,5,1869.2,1.4,47.98,9.12,25.51,252.44,282.79,6.33
2020-12-03 06:30:00,5,2296.45,13.52,51.41,0.89,32.9,293.56,332.14,9.37
2020-12-03 07:30:00,5,3284.45,49.62,52.78,0.01,47.21,362.96,421.16,15.71
2020-12-03 08:30:00,5,4112.24,86.73,55.52,0.85,59.61,411.84,483.58,20.01
2020-12-03 09:30:00,5,4058.84,92.09,58.26,4.43,70.57,409.47,481.24,22.55
2020-12-03 10:30:00,5,4432.68,93.88,76.08,11,87.74,438.31,518.43,31.67
2020-12-03 11:30:00,5,4913.33,75.1,117.9,27.9,114.44,499.71,586.26,36.99
2020-12-03 12:30:00,5,2216.34,13.64,82.25,118.73,156.4,331.31,368.29,11.27
2020-12-03 13:30:00,5,1922.61,7.38,69.23,163.08,144.96,311.07,343.36,9.5
2020-12-03 14:30:00,5,1976.01,5.7,72.66,183.11,154.5,306.68,339.42,10.39
2020-12-03 15:30:00,5,3578.19,13.41,142.57,108.72,158.31,396.51,454.3,29.13
2020-12-03 16:30:00,5,6034.85,43.81,219.35,22.89,158.31,546.54,640.16,52.69
2020-12-03 17:30:00,5,8224.49,118.02,241.28,0.84,183.11,661.49,783.98,81.06
2020-12-03 18:30:00,5,10040.28,180.6,235.8,0,225.07,774.3,922.85,116.53
2020-12-03 19:30:00,5,11535.65,207.42,222.09,0,232.7,901.47,1083.52,137.81
2020-12-03 20:30:00,5,12710.57,216.37,208.38,0,200.27,1017.94,1227.9,131.73
2020-12-03 21:30:00,5,13885.5,218.15,200.15,0,160.22,1140.68,1363.66,118.55
2020-12-03 22:30:00,5,14526.37,209.21,191.93,0,141.14,1229.21,1465.21,106.39
2020-12-03 23:30:00,5,13137.82,168.09,171.36,0,113.49,1154.94,1392.78,72.96
2020-12-04 00:30:00,5,10360.72,110.87,143.95,0,73.43,968.36,1176.27,38
2020-12-04 01:30:00,5,7904.05,65.27,117.9,0,48.64,829.57,996.33,20.27
2020-12-04 02:30:00,5,6355.29,35.76,100.08,0.01,37.19,749.66,878.97,15.45
2020-12-04 03:30:00,5,5554.2,22.13,89.11,0.04,34.33,717.75,819.9,15.45
2020-12-04 04:30:00,5,5340.58,21.01,81.57,0.04,33.38,716.9,805.93,15.71
2020-12-04 05:30:00,5,5287.17,25.93,75.4,0.02,32.9,716.79,798.34,16.09
2020-12-04 06:30:00,5,5661.01,45.6,70.6,0,37.67,733.43,816.82,19
2020-12-04 07:30:00,5,7370,108.18,74.03,0.01,51.5,821.05,924.91,23.81
2020-12-04 08:30:00,5,8865.36,171.66,89.11,0.64,61.04,879.8,991.12,28.63
2020-12-04 09:30:00,5,6515.5,82.25,122.01,9.66,65.8,694.8,771.76,32.17
2020-12-04 10:30:00,5,5981.45,46.05,138.46,37.19,77.25,667.73,741.97,38
2020-12-04 11:30:00,5,5661.01,21.68,139.83,104.43,90.6,683.51,756.9,38
2020-12-04 12:30:00,5,2029.42,4.14,52.78,211.72,118.26,364.65,390.92,7.6
2020-12-04 13:30:00,5,1482.01,3.02,40.78,220.3,94.41,275.03,294.81,7.54
2020-12-04 14:30:00,5,1455.31,2.96,49.35,226.02,103,267.96,287.97,8.87
2020-12-04 15:30:00,5,2590.18,6.87,119.27,157.36,141.14,337.15,374.12,21.03
2020-12-04 16:30:00,5,4753.11,20.56,233.05,46.49,181.2,454.12,521.31,36.99
2020-12-04 17:30:00,5,6835.94,65.27,293.37,1.9,188.83,545.64,640.73,48.13
2020-12-04 18:30:00,5,7904.05,85.83,301.6,0,179.29,603.82,721.26,57.76
2020-12-04 19:30:00,5,7156.37,56.77,249.51,0,150.68,630.03,748.36,61.3
2020-12-04 20:30:00,5,5767.82,16.54,194.67,3.13,113.49,617.16,717.71,55.73
2020-12-04 21:30:00,5,3952.03,0,106.93,62.23,80.11,537.68,608.31,42.56
2020-12-04 22:30:00,5,3364.56,0,80.88,67.23,59.61,510.44,573.51,40.03
2020-12-04 23:30:00,5,2937.32,0,70.6,67.23,44.35,483.95,534.87,25.59
2020-12-05 00:30:00,5,2403.26,0,52.78,81.54,33.38,453.42,489.45,12.29
2020-12-05 01:30:00,5,2029.42,0,34.62,97.28,26.23,427.52,454.69,7.35
2020-12-05 02:30:00,5,1815.8,0,25.36,104.43,22.89,409.76,433.17,5.76
2020-12-05 03:30:00,5,1735.69,0,21.76,104.43,21.94,398.86,420.84,5.07
2020-12-05 04:30:00,5,1695.63,0,20.56,103,21.46,394.76,416,4.75
2020-12-05 05:30:00,5,1735.69,0,21.59,100.14,21.22,395.83,417.04,4.69
2020-12-05 06:30:00,5,1895.9,0,28.1,89.41,23.13,404.53,428.05,6.02
2020-12-05 07:30:00,5,2296.45,0.01,47.3,66.52,29.56,423.6,454.79,9.25
2020-12-05 08:30:00,5,2616.88,1.47,67.17,49.35,37.19,429.26,466.51,11.78
2020-12-05 09:30:00,5,2536.77,5.81,62.38,61.51,41.49,411.15,448.43,13.55
2020-12-05 10:30:00,5,2349.85,7.71,54.15,83.69,44.82,391.34,428.16,16.97
2020-12-05 11:30:00,5,2162.93,6.71,50.04,115.87,51.5,379.44,414.41,17.99
2020-12-05 12:30:00,5,1482.01,4.41,43.53,167.37,87.74,304.43,326.97,10.39
2020-12-05 13:30:00,5,1308.44,3.91,45.24,185.97,103.95,285.43,305.21,8.87
2020-12-05 14:30:00,5,1241.68,3.24,47.3,194.55,114.44,275.58,294.69,8.87
2020-12-05 15:30:00,5,1735.69,4.08,74.71,154.5,114.44,286.4,312.93,15.58
2020-12-05 16:30:00,5,2723.69,3.97,119.27,87.98,92.51,318.51,358.74,25.08
2020-12-05 17:30:00,5,3631.59,3.38,164.51,20.21,71.53,338.76,389.22,32.42
2020-12-05 18:30:00,5,4219.06,16.99,169.99,0.27,61.99,360.6,419.88,39.52
2020-12-05 19:30:00,5,4058.84,11.62,154.91,1.1,58.17,378.03,440.05,42.56
2020-12-05 20:30:00,5,3337.86,1.01,122.01,19.85,51.98,373.12,427.67,38.51
2020-12-05 21:30:00,5,2483.37,0,76.77,55.08,43.87,353.51,395.94,29.89
2020-12-05 22:30:00,5,2296.45,0,63.75,57.22,37.19,357.85,398.4,23.81
2020-12-05 23:30:00,5,2109.53,0,57.58,55.79,30.52,357.38,393.73,15.71
2020-12-06 00:30:00,5,1842.5,0,47.98,57.22,23.37,347.82,376.94,8.87
2020-12-06 01:30:00,5,1682.28,0,38.73,58.65,20.27,347.01,372.41,6.52
2020-12-06 02:30:00,5,1602.17,0,32.56,57.22,18.6,351.48,375.72,5.51
2020-12-06 03:30:00,5,1588.82,0,30.5,52.93,18.36,357.98,382.45,5.26
2020-12-06 04:30:00,5,1602.17,0,30.16,46.49,18.12,364.83,389.78,5.26
2020-12-06 05:30:00,5,1642.23,0.01,32.56,36.84,18.36,370.21,396.09,5.57
2020-12-06 06:30:00,5,1869.2,0.45,42.16,21.28,21.46,386.16,416.24,7.47
2020-12-06 07:30:00,5,2510.07,9.84,57.58,2.24,29.8,420.91,461.95,11.53
2020-12-06 08:30:00,5,3150.94,33.08,59.63,1.81,37.67,447.92,499.22,15.45
2020-12-06 09:30:00,5,3471.37,45.6,60.32,7.87,43.39,455.91,512.8,19.25
2020-12-06 10:30:00,5,3685,44.26,70.6,19.31,50.55,462.32,523.4,25.84
2020-12-06 11:30:00,5,3685,32.19,89.11,44.35,61.99,476.32,537.4,29.39
2020-12-06 12:30:00,5,2162.93,11.96,71.29,101.57,95.37,330.67,363.23,18.75
2020-12-06 13:30:00,5,1895.9,7.94,67.86,137.33,100.14,302.88,333.05,16.21
2020-12-06 14:30:00,5,1922.61,5.87,72.66,165.94,108.72,319.46,351.79,16.47
2020-12-06 15:30:00,5,2643.59,6.31,109.67,140.19,115.4,367.29,412.24,23.05
2020-12-06 16:30:00,5,3898.62,6.71,171.36,70.1,109.67,437.31,501.94,31.67
2020-12-06 17:30:00,5,4966.74,11.62,211.12,8.32,93.46,489.96,568.15,38
2020-12-06 18:30:00,5,5661.01,25.48,205.64,0.04,85.83,548.1,636.71,46.1
2020-12-06 19:30:00,5,5661.01,14.53,189.19,0.67,76.29,590.09,684.14,48.64
2020-12-06 20:30:00,5,5073.55,1.96,153.54,10.91,61.99,595.31,687.3,36.99
2020-12-06 21:30:00,5,4379.27,0.02,113.79,33.62,50.55,580.06,662.57,23.05
2020-12-06 22:30:00,5,3898.62,0,93.22,41.13,46.25,563.55,640.69,16.09
2020-12-06 23:30:00,5,3231.05,0,75.4,45.78,41.96,517.19,581.9,8.99
2020-12-07 00:30:00,5,2376.56,0,54.84,57.22,37.19,453.19,500.12,4.31
2020-12-07 01:30:00,5,2109.53,0,48.67,53.64,32.42,427.04,466.52,4.5
2020-12-07 02:30:00,5,2029.42,0,45.93,47.21,29.09,411.66,448.35,4.94
2020-12-07 03:30:00,5,2002.72,0,44.55,40.41,27.18,396.18,431.95,5.26
2020-12-07 04:30:00,5,2029.42,0.02,45.24,32.54,26.23,391.32,426.65,5.38
2020-12-07 05:30:00,5,2109.53,0.16,48.67,22.17,26.46,394.72,430.53,5.89
2020-12-07 06:30:00,5,2456.67,4.25,58.26,6.97,30.99,416.8,458.23,8.61
2020-12-07 07:30:00,5,3311.16,27.94,63.06,0.06,41.01,464.91,521.77,13.68
2020-12-07 08:30:00,5,3845.22,49.62,67.17,1.57,47.68,488.03,552.92,15.71
2020-12-07 09:30:00,5,3471.37,39.79,71.97,11.62,54.36,457.7,515.86,16.72
2020-12-07 10:30:00,5,3257.75,29.5,74.71,32.54,63.9,449.73,506.27,21.28
2020-12-07 11:30:00,5,2777.1,15.87,70.6,75.1,77.25,431.11,480.12,21.53
2020-12-07 12:30:00,5,1468.66,3.97,37.01,161.65,71.53,315.4,341.66,8.11
2020-12-07 13:30:00,5,1241.68,2.54,28.79,185.97,63.9,285.85,307.87,6.97
2020-12-07 14:30:00,5,1228.33,2.18,30.16,194.55,65.8,277.5,298.84,8.23
2020-12-07 15:30:00,5,2429.96,7.26,86.37,124.45,75.34,331.93,373.25,23.05
2020-12-07 16:30:00,5,4325.87,23.92,159.03,32.9,83.92,420.72,491.69,39.01
2020-12-07 17:30:00,5,5981.45,76.89,178.22,1.14,86.78,487.6,580.87,51.17
2020-12-07 18:30:00,5,7583.62,128.75,180.96,0,96.32,571.04,688.55,67.89
2020-12-07 19:30:00,5,8651.73,146.63,172.73,0,100.14,661.59,806.08,81.06
2020-12-07 20:30:00,5,8865.36,135.9,154.91,0,92.51,721.48,882.7,78.02
2020-12-07 21:30:00,5,8758.55,123.38,137.09,0,81.06,758.03,921.08,59.78
2020-12-07 22:30:00,5,8651.73,114.44,123.38,0,73.43,782.86,944.05,46.1
2020-12-07 23:30:00,5,7904.05,102.82,111.04,0,58.65,741.29,883.82,30.4
2020-12-08 00:30:00,5,6515.5,79.57,98.71,0,40.05,638.4,746.48,16.47
2020-12-08 01:30:00,5,5447.39,59.9,87.05,0,33.38,567.47,653.19,12.79
2020-12-08 02:30:00,5,4859.92,48.28,76.77,0,30.99,533.96,610.4,11.53
2020-12-08 03:30:00,5,4539.49,44.26,65.8,0,30.52,518.15,591.85,11.02
2020-12-08 04:30:00,5,4325.87,44.26,56.89,0,30.04,510.78,582.65,10.64
2020-12-08 05:30:00,5,4325.87,49.62,52.09,0,30.28,514.68,586.52,11.15
2020-12-08 06:30:00,5,4913.33,74.21,49.35,0,38.62,559.33,642.29,16.21
2020-12-08 07:30:00,5,7263.18,150.2,50.72,0,57.7,709.99,831.07,26.09
2020-12-08 08:30:00,5,9933.47,250.34,56.89,0.24,70.57,873.38,1027,29.89
2020-12-08 09:30:00,5,8544.92,194.91,80.88,2.48,80.11,777.04,898.01,32.93
2020-12-08 10:30:00,5,9719.85,180.6,131.61,9.03,96.32,870.73,1005.38,44.58
2020-12-08 11:30:00,5,9613.04,96.56,219.35,40.77,107.77,926.49,1066.38,50.66
2020-12-08 12:30:00,5,2670.29,11.4,98.71,150.2,144.96,389.01,430.99,15.07
2020-12-08 13:30:00,5,2056.12,7.15,80.2,177.38,139.24,334.7,371.74,11.53
2020-12-08 14:30:00,5,2029.42,5.76,85,191.69,152.59,337.58,376.1,12.41
2020-12-08 15:30:00,5,3685,13.08,157.65,108.72,164.03,422.95,487.55,34.96
2020-12-08 16:30:00,5,6355.29,49.17,241.28,19.85,205.99,563.32,666.13,76
2020-12-08 17:30:00,5,8972.17,141.26,257.73,0.67,259.4,685.96,818.6,119.57
2020-12-08 18:30:00,5,11108.4,211,244.02,0,305.18,781.52,942.13,160.1
2020-12-08 19:30:00,5,12283.33,221.73,227.57,0,331.88,866.51,1058.81,196.58
2020-12-08 20:30:00,5,12710.57,203.85,219.35,0,335.69,940.7,1162.8,218.87
2020-12-08 21:30:00,5,12710.57,185.97,200.15,0,274.66,985.84,1224.71,196.58
2020-12-08 22:30:00,5,12710.57,178.81,180.96,0,200.27,1025.87,1266.54,160.1
2020-12-08 23:30:00,5,12390.14,177.03,167.25,0,141.14,1019.63,1243.45,122.61
2020-12-09 00:30:00,5,11428.83,169.87,154.91,0,94.41,958.53,1145.06,83.09
2020-12-09 01:30:00,5,10787.96,164.51,145.32,0,73.43,939.47,1101.79,61.3
2020-12-09 02:30:00,5,10681.15,166.3,134.35,0,64.85,953.61,1102.95,50.16
2020-12-09 03:30:00,5,10681.15,168.09,127.49,0,66.76,975.28,1119.12,47.12
2020-12-09 04:30:00,5,10360.72,164.51,122.01,0,76.29,976.81,1120.71,50.16
2020-12-09 05:30:00,5,9826.66,159.14,117.9,0,99.18,954.15,1098.1,64.34
2020-12-09 06:30:00,5,9506.23,162.72,112.41,0,125.89,929.86,1081.33,85.12
2020-12-09 07:30:00,5,11001.59,223.52,104.19,0,123.98,1022.93,1204.31,73.97
2020-12-09 08:30:00,5,12924.19,311.14,101.45,0.28,114.44,1121.39,1325.28,52.18
2020-12-09 09:30:00,5,8544.92,196.7,104.19,2.71,133.51,792.51,922.24,34.96
2020-12-09 10:30:00,5,7904.05,148.42,135.72,10.37,141.14,746.67,872.73,42.05
2020-12-09 11:30:00,5,7476.81,78.68,197.41,39.7,148.77,744.51,868.8,43.57
2020-12-09 12:30:00,5,3070.83,13.52,113.79,138.76,169.75,423.17,477.05,17.23
2020-12-09 13:30:00,5,2376.56,6.48,85,191.69,146.87,379.41,423.28,12.67
2020-12-09 14:30:00,5,2243.04,4.36,80.2,220.3,144.96,374.74,417.59,12.79
2020-12-09 15:30:00,5,3685,9.28,146.69,130.18,135.42,433.52,500.47,31.41
2020-12-09 16:30:00,5,6141.66,39.79,219.35,22.35,125.89,527.2,630.39,53.2
2020-12-09 17:30:00,5,8438.11,121.59,224.83,0.67,135.42,594.61,725.7,74.98
2020-12-09 18:30:00,5,10253.91,189.54,216.6,0,164.03,663.48,822.52,104.37
2020-12-09 19:30:00,5,11642.46,221.73,200.15,0,162.13,753.22,943.83,118.55
2020-12-09 20:30:00,5,12603.76,239.61,174.11,0,139.24,850.49,1072.71,106.39
2020-12-09 21:30:00,5,13244.63,246.76,149.43,0,127.79,934.22,1175,92.21
2020-12-09 22:30:00,5,12924.19,236.03,131.61,0,150.68,947.82,1196.12,110.45
2020-12-09 23:30:00,5,11001.59,198.48,122.01,0,158.31,821.97,1049.86,113.49
2020-12-10 00:30:00,5,8224.49,139.48,116.53,0,129.7,624.8,804.39,85.12
2020-12-10 01:30:00,5,6034.85,86.73,102.82,0,90.6,492.25,625.38,51.68
2020-12-10 02:30:00,5,4539.49,47.83,89.11,0,53.88,408.38,504.35,23.56
2020-12-10 03:30:00,5,3044.13,14.53,74.03,0.33,30.99,323.3,382.97,8.74
2020-12-10 04:30:00,5,2616.88,6.71,63.75,0.86,27.18,302.79,352.63,7.73
2020-12-10 05:30:00,5,2643.59,10.28,57.58,0.34,28.61,310.49,359.71,8.36
2020-12-10 06:30:00,5,3097.53,25.71,54.15,0.02,36.24,338.34,394.34,12.54
2020-12-10 07:30:00,5,4165.65,63.48,52.78,0.01,50.07,390.45,465.28,19.76
2020-12-10 08:30:00,5,4806.52,97.45,52.09,0.58,59.61,407.18,492.98,24.83
2020-12-10 09:30:00,5,4539.49,93.88,54.84,3.62,66.76,369.32,450.45,29.39
2020-12-10 10:30:00,5,4646.3,84.94,74.03,11,79.16,366.14,450.89,38
2020-12-10 11:30:00,5,4272.46,54.54,101.45,30.76,94.41,343.03,421.18,39.52
2020-12-10 12:30:00,5,2162.93,21.91,76.77,62.23,120.16,186.38,227.37,23.31
2020-12-10 13:30:00,5,1842.5,15.42,72.66,80.11,119.21,166.42,201.89,21.28
2020-12-10 14:30:00,5,1789.09,12.07,72.66,85.12,125.89,161.41,195.75,22.29
2020-12-10 15:30:00,5,3204.35,31.29,111.04,39.34,125.89,224.33,281.95,35.97
2020-12-10 16:30:00,5,5447.39,89.41,145.32,7.06,118.26,326.19,419.17,51.68
2020-12-10 17:30:00,5,7476.81,169.87,150.8,0.36,118.26,408.47,530.87,67.89
2020-12-10 18:30:00,5,9292.6,232.46,145.32,0,137.33,495.28,649.04,94.24
2020-12-10 19:30:00,5,10253.91,253.92,130.24,0,144.96,577.05,764.1,114.5
2020-12-10 20:30:00,5,10467.53,243.19,113.79,0,133.51,625.57,834.81,112.47
2020-12-10 21:30:00,5,10360.72,223.52,101.45,0,116.35,654.4,872.88,90.18
2020-12-10 22:30:00,5,9826.66,198.48,93.22,0,100.14,649.63,862.48,65.86
2020-12-10 23:30:00,5,8224.49,159.14,86.37,0,74.39,551.47,736.37,40.03
2020-12-11 00:30:00,5,5928.04,109.97,78.83,0,47.21,391.6,531.81,19.76
2020-12-11 01:30:00,5,4325.87,69.74,71.97,0,36.24,289.37,395.13,13.55
2020-12-11 02:30:00,5,3311.16,42.02,64.43,0,31.95,228.47,306.32,11.02
2020-12-11 03:30:00,5,2616.88,24.81,57.58,0,30.04,189.96,248.36,9.63
2020-12-11 04:30:00,5,2429.96,20.79,52.09,0.01,30.28,181.45,232.61,9.12
2020-12-11 05:30:00,5,2536.77,24.36,49.35,0,32.9,190.77,240.4,9.88
2020-12-11 06:30:00,5,3044.13,38.89,50.04,0,41.49,225.5,282.53,14.19
2020-12-11 07:30:00,5,4325.87,77.78,56.89,0,61.04,304.14,380.76,22.8
2020-12-11 08:30:00,5,5393.98,119.81,67.17,0.57,81.06,356.73,444.99,29.39
2020-12-11 09:30:00,5,5554.2,126.96,80.88,3.4,103.95,360.93,447.57,34.96
2020-12-11 10:30:00,5,5981.45,125.17,106.93,6.53,129.7,382.67,472.96,45.09
2020-12-11 11:30:00,5,6195.07,109.08,139.83,7.96,156.4,384.68,476.66,48.64
2020-12-11 12:30:00,5,1922.61,50.07,124.75,17.17,305.18,148.67,179.88,16.47
2020-12-11 13:30:00,5,1348.5,29.5,104.19,36.84,226.97,122.64,144.94,11.65
2020-12-11 14:30:00,5,1161.58,19.22,84.31,53.64,165.94,113.8,132.76,10.64
2020-12-11 15:30:00,5,2670.29,47.39,106.93,23.25,127.79,173.99,215.96,28.63
2020-12-11 16:30:00,5,4913.33,116.23,119.27,3.35,104.9,262.91,336.11,48.64
2020-12-11 17:30:00,5,6515.5,184.18,113.79,0.17,102.04,319.73,411.66,66.88
2020-12-11 18:30:00,5,7904.05,232.46,115.16,0,110.63,379.64,490.26,87.14
2020-12-11 19:30:00,5,8438.11,228.88,113.79,0,97.28,441.81,561.73,89.17
2020-12-11 20:30:00,5,7370,169.87,108.3,0,73.43,437.37,545.02,73.97
2020-12-11 21:30:00,5,3311.16,30.85,100.08,0.05,46.25,271.83,324.82,36.99
2020-12-11 22:30:00,5,2536.77,8.38,90.48,1.16,40.53,270.33,315.76,28.12
2020-12-11 23:30:00,5,2136.23,2.1,74.71,6.97,33.38,280.47,318.35,18.75
2020-12-12 00:30:00,5,1789.09,0.32,57.58,14.48,23.6,274.62,302.66,10.89
2020-12-12 01:30:00,5,1668.93,0.16,46.61,16.09,17.88,265.54,288.66,7.66
2020-12-12 02:30:00,5,1642.23,0.23,41.47,13.77,16.69,254.01,275.09,6.78
2020-12-12 03:30:00,5,1628.88,0.48,40.1,9.74,17.41,237.24,257.51,6.33
2020-12-12 04:30:00,5,1522.06,0.71,37.7,7.78,16.93,206.76,225.31,5.64
2020-12-12 05:30:00,5,1321.79,0.8,34.96,8.23,16.45,162.23,178.38,5.38
2020-12-12 06:30:00,5,1188.28,1.33,35.3,9.03,18.6,123.97,139.84,6.65
2020-12-12 07:30:00,5,1588.82,11.4,42.84,0.88,26.94,129.64,153.64,10.13
2020-12-12 08:30:00,5,2189.64,34.87,44.55,0.66,39.1,152.07,185.62,14.19
2020-12-12 09:30:00,5,2456.67,46.94,47.98,3.04,54.84,164.87,202.14,16.72
2020-12-12 10:30:00,5,2777.1,58.12,54.15,5.99,75.34,185.24,228.56,19.76
2020-12-12 11:30:00,5,2937.32,61.69,70.6,10.19,109.67,209.38,256.89,23.31
2020-12-12 12:30:00,5,1762.39,33.08,78.14,26.11,137.33,158.76,186.26,13.43
2020-12-12 13:30:00,5,1335.14,21.46,76.08,40.05,133.51,137.8,159.74,8.61
2020-12-12 14:30:00,5,1134.87,16.99,76.08,45.42,144.96,126.49,147.03,6.21
2020-12-12 15:30:00,5,2243.04,38.45,93.22,21.1,115.4,169.78,208.46,21.03
2020-12-12 16:30:00,5,4272.46,91.2,105.56,4.38,95.37,258.36,325.44,42.05
2020-12-12 17:30:00,5,6301.88,159.14,116.53,0.29,114.44,350.75,443.9,67.89
2020-12-12 18:30:00,5,8117.68,209.21,130.24,0,156.4,445.61,570.42,105.38
2020-12-12 19:30:00,5,9399.41,223.52,135.72,0,188.83,551.98,714.05,141.86
2020-12-12 20:30:00,5,10360.72,221.73,137.09,0,211.72,658.85,858.18,168.2
2020-12-12 21:30:00,5,11001.59,218.15,134.35,0,205.99,752.29,975.84,164.15
2020-12-12 22:30:00,5,11001.59,205.64,126.12,0,141.14,789.39,1012.94,99.3
2020-12-12 23:30:00,5,9399.41,164.51,109.67,0,69.62,684.78,867.37,36.48
2020-12-13 00:30:00,5,6088.26,92.09,87.74,0,28.61,467.27,577.21,11.4
2020-12-13 01:30:00,5,3685,35.76,69.23,0.01,18.12,332.63,393.24,6.21
2020-12-13 02:30:00,5,2456.67,8.94,58.26,1.88,15.97,286.58,322.61,4.43
2020-12-13 03:30:00,5,1562.12,0.01,36.67,35.76,19.79,231.14,248.69,4.81
2020-12-13 04:30:00,5,1415.25,0.01,31.87,37.91,18.12,204.14,218.63,4.88
2020-12-13 05:30:00,5,1428.6,0.02,33.59,31.83,19.07,194.75,209.18,5.13
2020-12-13 06:30:00,5,1562.12,0.27,39.76,21.28,23.37,201.69,219.11,6.33
2020-12-13 07:30:00,5,1922.61,3.16,51.41,6.53,31.95,221.12,246.18,9.25
2020-12-13 08:30:00,5,2162.93,12.63,52.78,4.83,41.01,230.8,261.19,11.02
2020-12-13 09:30:00,5,2136.23,18.77,48.67,19.31,51.98,227.93,259.7,12.79
2020-12-13 10:30:00,5,2029.42,17.43,47.98,40.41,60.56,223.33,255.56,15.83
2020-12-13 11:30:00,5,1789.09,11.74,45.24,73.67,65.8,213.95,242.24,15.45
2020-12-13 12:30:00,5,974.66,3.21,20.39,127.32,38.62,118.17,130.18,6.84
2020-12-13 13:30:00,5,781.06,2.01,14.05,137.33,27.42,82.75,91.11,6.02
2020-12-13 14:30:00,5,707.63,1.73,13.54,135.9,25.27,65.49,72.78,6.14
2020-12-13 15:30:00,5,854.49,2.71,23.99,115.87,31.47,62.31,72.43,9.5
2020-12-13 16:30:00,5,1148.22,3.21,43.18,86.55,37.67,69.71,85.24,14.19
2020-12-13 17:30:00,5,1428.6,0.85,64.43,52.21,39.1,75.07,94.85,18.24
2020-12-13 18:30:00,5,1708.98,0.09,77.46,29.33,41.49,86.47,112.26,23.31
2020-12-13 19:30:00,5,1922.61,0.26,77.46,21.28,42.44,101.84,135.04,28.63
2020-12-13 20:30:00,5,1949.31,0.24,69.92,20.92,40.05,109.84,147.18,32.17
2020-12-13 21:30:00,5,1895.9,0.18,63.06,22.17,36.72,110.87,148.16,32.93
2020-12-13 22:30:00,5,1842.5,0.18,58.95,21.82,33.85,109.05,145.35,32.93
2020-12-13 23:30:00,5,1628.88,0.14,54.15,22.89,27.9,94.89,126.47,29.13
2020-12-14 00:30:00,5,1295.09,0.06,45.24,27.54,21.46,74.34,97.5,24.07
2020-12-14 01:30:00,5,1161.58,0.04,41.13,29.68,22.65,70.29,89.92,21.53
2020-12-14 02:30:00,5,1108.17,0.02,37.7,32.9,24.08,72.54,90.74,16.72
2020-12-14 03:30:00,5,1081.47,0.02,35.3,35.41,23.84,76.91,94.61,11.53
2020-12-14 04:30:00,5,1108.17,0.02,34.96,35.76,24.08,84.22,102.11,8.23
2020-12-14 05:30:00,5,1201.63,0.05,38.73,31.83,26.23,96.17,115.41,6.97
2020-12-14 06:30:00,5,1522.06,0.59,51.41,20.56,32.9,120.02,145.05,8.99
2020-12-14 07:30:00,5,2136.23,6.54,71.29,4.29,44.82,159.74,197.08,13.81
2020-12-14 08:30:00,5,2563.48,19.89,76.08,6.53,54.84,183.21,227.06,16.47
2020-12-14 09:30:00,5,2563.48,25.26,71.29,26.46,64.85,187.9,230.81,18.75
2020-12-14 10:30:00,5,2429.96,21.46,66.49,52.21,75.34,192.74,234.71,22.55
2020-12-14 11:30:00,5,2109.53,14.98,60.32,84.4,81.06,187.22,226.4,21.79
2020-12-14 12:30:00,5,1174.93,5.92,32.9,123.02,57.22,110.76,131.73,10.77
2020-12-14 13:30:00,5,974.66,4.36,27.08,133.04,50.55,93.41,110.27,9.25
2020-12-14 14:30:00,5,934.6,3.91,28.1,135.9,51.98,89.45,105.62,9.88
2020-12-14 15:30:00,5,2056.12,13.41,70.6,82.97,61.99,140.85,175.62,23.05
2020-12-14 16:30:00,5,3952.03,44.26,123.38,22.53,72.48,232.6,299,39.01
2020-12-14 17:30:00,5,5714.42,105.5,139.83,1.4,81.06,312.35,406.68,53.2
2020-12-14 18:30:00,5,7583.62,166.3,142.57,0,99.18,415.68,542.61,74.98
2020-12-14 19:30:00,5,8972.17,194.91,134.35,0,110.63,527.98,694.04,93.22
2020-12-14 20:30:00,5,9613.04,196.7,119.27,0,105.86,609.86,803.88,87.14
2020-12-14 21:30:00,5,9719.85,189.54,104.19,0,93.46,661.01,864.34,67.89
2020-12-14 22:30:00,5,9399.41,175.24,91.85,0,80.11,667.59,867.18,50.66
2020-12-14 23:30:00,5,8010.86,144.84,81.57,0,58.17,575.03,744.8,30.91
2020-12-15 00:30:00,5,5874.63,102.82,71.97,0,37.19,424.35,549.4,15.83
2020-12-15 01:30:00,5,4539.49,72.42,65.8,0,32.9,340.22,434.51,13.43
2020-12-15 02:30:00,5,3898.62,55.43,61.01,0,33.38,303.05,381.5,13.68
2020-12-15 03:30:00,5,3578.19,46.94,56.89,0,35.76,289.03,360.01,14.82
2020-12-15 04:30:00,5,3524.78,46.49,52.78,0,39.1,292.11,361.22,16.72
2020-12-15 05:30:00,5,3738.4,54.99,49.35,0,45.78,313.3,384.26,20.77
2020-12-15 06:30:00,5,4699.71,84.04,48.67,0,60.08,383.92,469.77,30.91
2020-12-15 07:30:00,5,7049.56,157.36,52.78,0,73.43,544.78,669.72,38.51
2020-12-15 08:30:00,5,9292.6,239.61,61.01,0.41,72.48,668.9,823.63,32.93
2020-12-15 09:30:00,5,4219.06,67.06,89.11,12.52,80.11,321.79,389.94,22.55
2020-12-15 10:30:00,5,3578.19,42.02,91.85,36.12,92.51,288.97,354.36,28.12
2020-12-15 11:30:00,5,2937.32,27.05,87.05,66.52,103,262.05,324.68,28.12
2020-12-15 12:30:00,5,1535.42,12.41,56.21,101.57,99.18,146.47,179.9,15.07
2020-12-15 13:30:00,5,1201.63,9.28,47.3,110.15,91.55,116.36,142.16,12.03
2020-12-15 14:30:00,5,1148.22,8.05,47.98,113.01,93.46,112.76,137.19,12.16
2020-12-15 15:30:00,5,1815.8,12.85,74.03,80.82,93.46,146.81,182.18,20.52
2020-12-15 16:30:00,5,3097.53,27.27,117.9,30.4,88.69,210.28,265.66,31.67
2020-12-15 17:30:00,5,4325.87,59.01,141.2,2.35,80.11,262.31,334.43,40.03
2020-12-15 18:30:00,5,5180.36,84.04,139.83,0,75.34,307.66,393.75,49.65
2020-12-15 19:30:00,5,5126.95,67.95,127.49,0,68.67,322.29,413.96,54.21
2020-12-15 20:30:00,5,4325.87,33.98,116.53,0.04,58.65,295.72,379.94,49.65
2020-12-15 21:30:00,5,3524.78,9.72,106.93,1.3,50.55,260.28,331.45,43.57
2020-12-15 22:30:00,5,3124.24,2.99,97.33,6.26,46.25,241.55,307.11,37.49
2020-12-15 23:30:00,5,2536.77,0.51,80.2,18.24,37.19,198.28,251.69,25.84
2020-12-16 00:30:00,5,1895.9,0.03,61.69,34.69,28.37,153.12,190.66,14.69
2020-12-16 01:30:00,5,1642.23,0.01,51.41,42.56,25.75,140.89,170.25,9.75
2020-12-16 02:30:00,5,1548.77,0,45.24,45.06,24.8,140.66,166.52,7.28
2020-12-16 03:30:00,5,1482.01,0,41.13,45.78,24.08,141.06,165.28,6.14
2020-12-16 04:30:00,5,1441.96,0.01,39.07,44.7,24.32,141.55,164.16,5.7
2020-12-16 05:30:00,5,1468.66,0.02,41.13,39.34,25.99,144.65,166.84,5.89
2020-12-16 06:30:00,5,1682.28,0.31,52.78,26.82,31.47,157.94,183.95,8.11
2020-12-16 07:30:00,5,2243.04,5.09,72.66,6.71,42.44,189.49,226.83,12.54
2020-12-16 08:30:00,5,2590.18,19.67,75.4,5.9,51.5,203.98,248.07,14.95
2020-12-16 09:30:00,5,2590.18,28.61,67.86,21.28,61.99,202.4,247.64,16.97
2020-12-16 10:30:00,5,2483.37,27.49,64.43,38.98,73.43,202.18,248.53,21.28
2020-12-16 11:30:00,5,2162.93,20.56,61.69,62.94,82.02,189.85,232.24,21.79
2020-12-16 12:30:00,5,1401.9,11.06,45.24,92.98,75.34,126.96,154.35,13.68
2020-12-16 13:30:00,5,1081.47,7.1,35.64,108.72,61.99,103.79,124.98,10.89
2020-12-16 14:30:00,5,974.66,4.86,31.19,121.59,53.88,100.1,118.96,10.64
2020-12-16 15:30:00,5,1295.09,5.81,44.55,105.86,51.5,118.46,142.42,15.58
2020-12-16 16:30:00,5,1976.01,7.71,76.08,62.94,53.88,152.13,186.52,23.05
2020-12-16 17:30:00,5,2590.18,8.94,111.04,12.52,53.88,175.19,218.38,29.13
2020-12-16 18:30:00,5,3044.13,23.25,108.3,0.08,55.31,194.67,246.19,36.48
2020-12-16 19:30:00,5,2964.02,18.11,97.33,0.31,53.41,197.15,252.35,40.53
2020-12-16 20:30:00,5,2429.96,4.25,84.31,6.8,47.21,172.78,222.84,39.01
2020-12-16 21:30:00,5,1949.31,0.18,64.43,24.68,41.96,145.09,186.81,35.47
2020-12-16 22:30:00,5,1762.39,0.04,55.52,33.98,38.15,133.44,171,33.44
2020-12-16 23:30:00,5,1455.31,0.01,47.3,42.92,31.47,115.05,144.88,27.87
2020-12-17 00:30:00,5,1121.52,0,36.33,55.79,25.51,94.84,114.71,20.27
2020-12-17 01:30:00,5,1001.36,0,28.79,65.8,24.08,90.22,105.46,16.47
2020-12-17 02:30:00,5,961.3,0,25.02,73.67,24.08,91.38,104.84,13.93
2020-12-17 03:30:00,5,974.66,0,23.31,77.96,24.08,95.27,107.96,11.91
2020-12-17 04:30:00,5,1001.36,0,23.31,79.39,24.8,101.54,113.87,10.13
2020-12-17 05:30:00,5,1041.41,0,25.02,77.25,26.7,108.59,121.28,8.87
2020-12-17 06:30:00,5,1174.93,0,31.87,70.1,30.99,118.49,133.97,9.5
2020-12-17 07:30:00,5,1468.66,0.01,46.61,55.08,37.67,133.47,155.49,12.29
2020-12-17 08:30:00,5,1642.23,1.98,55.52,49.35,43.39,140.4,166.4,13.55
2020-12-17 09:30:00,5,1562.12,6.93,45.93,63.66,49.11,136.77,162.53,14.06
2020-12-17 10:30:00,5,1468.66,8.61,38.73,77.96,55.31,135.03,160.09,15.45
2020-12-17 11:30:00,5,1281.74,7.49,33.24,95.84,55.79,123.93,145.68,14.31
2020-12-17 12:30:00,5,907.9,4.19,21.59,118.73,39.58,84.44,98.38,9.25
2020-12-17 13:30:00,5,787.74,3.19,18.51,128.75,34.33,73.93,85.12,7.98
2020-12-17 14:30:00,5,787.74,2.71,19.02,134.47,35.29,77.77,88.65,8.23
2020-12-17 15:30:00,5,1014.71,3.38,30.16,123.02,41.01,91.46,105.57,11.53
2020-12-17 16:30:00,5,1415.25,3.69,53.47,94.41,48.16,111.6,131.87,16.47
2020-12-17 17:30:00,5,1762.39,0.94,80.88,55.79,50.07,122.77,147.92,21.03
2020-12-17 18:30:00,5,2082.82,0.09,94.59,32.19,52.45,135.93,166.66,26.09
2020-12-17 19:30:00,5,2189.64,0.09,89.11,30.76,52.45,147.88,184.67,31.16
2020-12-17 20:30:00,5,2109.53,0.03,76.08,36.48,48.64,151.07,190.19,33.44
2020-12-17 21:30:00,5,1976.01,0.01,66.49,40.77,44.82,149.03,186.77,34.45
2020-12-17 22:30:00,5,1895.9,0.01,61.69,40.77,41.96,145.97,182.77,33.95
2020-12-17 23:30:00,5,1655.58,0.01,55.52,41.49,35.29,130.15,160.88,30.15
2020-12-18 00:30:00,5,1321.79,0.01,46.61,45.06,28.37,107.23,129.1,24.83
2020-12-18 01:30:00,5,1161.58,0,40.1,47.21,26.46,99.25,116.91,23.31
2020-12-18 02:30:00,5,1121.52,0,36.67,47.92,26.94,99.53,115.54,23.05
2020-12-18 03:30:00,5,1108.17,0,34.62,50.07,28.13,101.33,116.37,23.05
2020-12-18 04:30:00,5,1094.82,0,33.24,51.5,30.04,102.85,117.26,22.8
2020-12-18 05:30:00,5,1108.17,0,33.93,51.5,32.42,103.43,117.81,22.8
2020-12-18 06:30:00,5,1241.68,0.02,40.44,47.21,37.19,109.99,126.8,24.83
2020-12-18 07:30:00,5,1562.12,0.17,56.21,33.26,42.92,128,151.1,29.64
2020-12-18 08:30:00,5,1789.09,4.08,63.75,26.82,46.25,138.85,165.69,29.89
2020-12-18 09:30:00,5,1815.8,12.74,54.15,40.05,50.07,140.8,168.84,28.37
2020-12-18 10:30:00,5,1735.69,14.31,46.61,55.79,55.79,140.59,169.1,27.61
2020-12-18 11:30:00,5,1535.42,11.4,40.78,76.53,60.08,132.82,158.31,24.57
2020-12-18 12:30:00,5,988.01,5.36,26.05,113.01,49.59,92.47,107.55,14.69
2020-12-18 13:30:00,5,881.2,4.08,22.96,125.89,46.25,85.68,98.4,12.54
2020-12-18 14:30:00,5,867.84,3.52,23.99,131.61,46.73,84.09,96.32,12.41
2020-12-18 15:30:00,5,1174.93,4.92,38.73,113.01,49.59,96.66,113.42,15.96
2020-12-18 16:30:00,5,1708.98,6.54,69.23,71.53,53.41,120.86,145.99,21.53
2020-12-18 17:30:00,5,2216.34,5.36,105.56,18.95,52.93,134.68,165.62,26.35
2020-12-18 18:30:00,5,2590.18,16.09,111.04,0.42,53.41,150.94,188.39,32.17
2020-12-18 19:30:00,5,2643.59,13.97,102.82,0.59,52.93,161.72,204.29,36.48
2020-12-18 20:30:00,5,2376.56,4.58,90.48,4.92,48.64,158.07,200.17,37.49
2020-12-18 21:30:00,5,2136.23,0.8,78.14,14.13,44.82,151.07,191.3,36.48
2020-12-18 22:30:00,5,2082.82,0.42,72.66,18.06,42.44,151.66,191.88,36.48
2020-12-18 23:30:00,5,1895.9,0.27,67.17,20.74,36.24,139.22,174.79,32.42
2020-12-19 00:30:00,5,1535.42,0.08,56.21,27.54,27.9,116.92,143.64,26.35
2020-12-19 01:30:00,5,1281.74,0.01,43.87,36.12,22.17,106.7,127.13,23.31
2020-12-19 02:30:00,5,1174.93,0.01,37.36,40.77,20.74,108,125.4,21.53
2020-12-19 03:30:00,5,1148.22,0,33.59,45.06,20.74,114.56,130.55,19.25
2020-12-19 04:30:00,5,1148.22,0,31.87,47.92,20.98,121.01,136.05,16.47
2020-12-19 05:30:00,5,1174.93,0,32.56,47.21,22.17,126.52,141.55,14.44
2020-12-19 06:30:00,5,1308.44,0.03,38.73,40.41,25.75,136.62,154.44,14.82
2020-12-19 07:30:00,5,1615.52,0.34,54.15,25.39,31.95,153.23,177.36,17.99
2020-12-19 08:30:00,5,1789.09,4.86,59.63,19.31,35.29,155.51,182.73,19.51
2020-12-19 09:30:00,5,1708.98,12.85,47.98,34.33,37.67,144.33,170.92,20.52
2020-12-19 10:30:00,5,1602.17,13.52,40.78,50.78,41.96,136.21,162.13,21.53
2020-12-19 11:30:00,5,1441.96,10.06,35.64,75.1,46.73,130.22,153.82,19.51
2020-12-19 12:30:00,5,974.66,4.08,21.94,120.16,44.82,98.24,112.31,11.02
2020-12-19 13:30:00,5,834.47,2.82,17.99,135.9,41.49,89.47,100.7,8.87
2020-12-19 14:30:00,5,807.76,2.38,18.34,143.05,41.49,88.52,99.26,9.12
2020-12-19 15:30:00,5,1001.36,3.02,28.45,130.18,43.87,100.08,114.19,12.03
2020-12-19 16:30:00,5,1348.5,3.07,47.3,100.14,44.82,118,136.99,15.96
2020-12-19 17:30:00,5,1628.88,0.76,68.55,63.66,42.92,127.72,149.97,19.51
2020-12-19 18:30:00,5,1842.5,0.01,79.51,41.49,42.44,138.29,164.26,23.56
2020-12-19 19:30:00,5,1922.61,0.01,74.03,40.41,41.96,147.51,177.9,27.36
2020-12-19 20:30:00,5,1842.5,0,63.06,45.06,39.1,148.02,179.79,29.39
2020-12-19 21:30:00,5,1735.69,0,55.52,45.78,35.76,144.75,176.97,30.15
2020-12-19 22:30:00,5,1735.69,0.01,54.84,40.05,32.9,143.57,175.78,30.65
2020-12-19 23:30:00,5,1602.17,0.02,52.09,35.41,27.42,133.18,161.44,27.87
2020-12-20 00:30:00,5,1335.14,0.02,45.24,35.76,20.98,113.81,134.61,23.05
2020-12-20 01:30:00,5,1161.58,0.01,37.7,38.98,19.31,104.36,121.21,21.03
2020-12-20 02:30:00,5,1094.82,0,33.24,41.49,19.79,103.34,118.32,20.01
2020-12-20 03:30:00,5,1068.12,0,30.16,44.35,20.5,106.69,120.49,19.25
2020-12-20 04:30:00,5,1054.76,0,28.1,48.64,21.22,112.26,125.12,17.23
2020-12-20 05:30:00,5,1081.47,0,28.1,53.64,23.13,120.18,132.8,14.95
2020-12-20 06:30:00,5,1228.33,0,32.9,55.08,27.42,136.53,151.47,14.06
2020-12-20 07:30:00,5,1588.82,0.03,47.98,44.7,32.9,162.67,184.6,15.71
2020-12-20 08:30:00,5,1895.9,1.73,60.32,33.62,35.76,180.9,207.51,15.96
2020-12-20 09:30:00,5,1976.01,8.05,56.21,40.05,39.1,185.83,214.32,16.72
2020-12-20 10:30:00,5,1922.61,10.17,47.98,56.51,44.35,185.38,213.89,18.49
2020-12-20 11:30:00,5,1735.69,7.94,41.81,80.11,49.11,180.42,205.49,16.72
2020-12-20 12:30:00,5,1268.39,4.25,29.47,113.01,45.78,136.55,153,10.13
2020-12-20 13:30:00,5,1081.47,3.33,24.68,124.45,40.05,116.53,130.11,8.87
2020-12-20 14:30:00,5,1001.36,2.6,23.99,131.61,39.1,114.81,127.59,9.12
2020-12-20 15:30:00,5,1241.68,3.1,36.33,114.44,40.05,127.64,144.91,12.79
2020-12-20 16:30:00,5,1762.39,3.58,63.75,72.24,41.01,148.96,174.59,18.24
2020-12-20 17:30:00,5,2216.34,2.07,95.96,25.03,39.58,163.42,195.79,23.31
2020-12-20 18:30:00,5,2590.18,6.15,104.19,2.91,40.05,179.31,217.75,28.88
2020-12-20 19:30:00,5,2590.18,5.03,94.59,3.58,39.1,187.67,229.84,32.93
2020-12-20 20:30:00,5,2269.75,0.92,79.51,14.48,35.76,180.2,220.04,32.93
2020-12-20 21:30:00,5,1949.31,0.07,64.43,28.25,31.47,166.58,201.78,31.67
2020-12-20 22:30:00,5,1842.5,0.03,56.89,33.62,29.09,163.86,196.8,30.65
2020-12-20 23:30:00,5,1642.23,0.01,49.35,39.34,24.32,157.65,185.32,25.84
2020-12-21 00:30:00,5,1375.2,0,39.76,46.49,19.31,149.37,169.67,19
2020-12-21 01:30:00,5,1295.09,0,35.3,48.64,20.27,155.13,173.19,15.71
2020-12-21 02:30:00,5,1281.74,0,32.56,48.64,20.98,165.57,182.72,13.17
2020-12-21 03:30:00,5,1281.74,0,31.19,46.49,21.22,172.77,189.91,11.4
2020-12-21 04:30:00,5,1281.74,0.01,31.53,41.13,21.7,176.01,193.31,10.26
2020-12-21 05:30:00,5,1348.5,0.03,34.96,34.33,23.37,181.06,199.23,9.37
2020-12-21 06:30:00,5,1602.17,0.49,46.61,21.64,28.85,194.9,218.11,10.89
2020-12-21 07:30:00,5,2243.04,7.82,65.12,3.62,39.58,229.54,265.7,15.58
2020-12-21 08:30:00,5,2857.21,27.94,69.23,2.03,49.11,261.46,310.13,18.75
2020-12-21 09:30:00,5,3231.05,39.79,71.29,8.4,60.08,284.47,341.46,22.04
2020-12-21 10:30:00,5,3284.45,36.21,76.08,18.42,73.43,299.54,359.71,27.36
2020-12-21 11:30:00,5,3017.43,23.47,82.25,37.91,89.65,303.98,360.33,27.36
2020-12-21 12:30:00,5,2216.34,9.28,69.23,89.41,97.28,262.19,299.83,16.97
2020-12-21 13:30:00,5,1842.5,6.71,59.63,113.01,92.51,224.4,254.61,13.93
2020-12-21 14:30:00,5,1668.93,5.14,55.52,125.89,88.69,211.87,238.62,13.17
2020-12-21 15:30:00,5,3070.83,20.12,101.45,71.53,85.83,293.38,343.19,28.88
2020-12-21 16:30:00,5,5233.76,62.59,146.69,15.56,93.46,410.68,494.03,49.14
2020-12-21 17:30:00,5,7049.56,137.69,157.65,0.88,117.3,489.65,597.24,70.93
2020-12-21 18:30:00,5,8972.17,211,167.25,0,156.4,593.91,730.4,104.37
2020-12-21 19:30:00,5,10681.15,253.92,165.88,0,181.2,715.91,889.7,131.73
2020-12-21 20:30:00,5,11322.02,264.65,145.32,0,167.85,798.35,994.53,128.69
2020-12-21 21:30:00,5,11108.4,257.49,119.27,0,133.51,818.94,1018.92,103.35
2020-12-21 22:30:00,5,10787.96,243.19,98.71,0,114.44,834.24,1034.28,84.1
2020-12-21 23:30:00,5,9933.47,221.73,80.88,0,91.55,795.58,982.63,62.32
2020-12-22 00:30:00,5,8117.68,180.6,65.8,0,61.04,678.02,827.86,36.48
2020-12-22 01:30:00,5,6675.72,143.05,53.47,0,45.78,586.2,708.14,24.32
2020-12-22 02:30:00,5,5767.82,118.02,45.24,0,39.1,537.26,641.56,19
2020-12-22 03:30:00,5,5180.36,99.24,39.76,0,35.76,501.93,596.97,16.47
2020-12-22 04:30:00,5,4753.11,86.73,34.96,0,34.33,474.63,562.26,15.2
2020-12-22 05:30:00,5,4592.9,84.94,32.22,0,35.29,465.05,548.97,15.71
2020-12-22 06:30:00,5,5180.36,103.71,32.56,0,42.44,504.86,597.12,20.27
2020-12-22 07:30:00,5,7049.56,166.3,38.73,0,54.84,627.65,747.75,26.35
2020-12-22 08:30:00,5,8758.55,228.88,50.04,0.18,58.65,710.53,843.59,25.59
2020-12-22 09:30:00,5,7370,182.39,64.43,1.92,62.94,601.17,700.7,28.37
2020-12-22 10:30:00,5,8010.86,178.81,90.48,6.44,74.39,650.43,763,39.01
2020-12-22 11:30:00,5,8010.86,118.02,152.17,24.68,85.83,682.88,801.1,44.58
2020-12-22 12:30:00,5,2883.91,15.2,95.96,124.45,119.21,339.74,382.45,15.96
2020-12-22 13:30:00,5,2109.53,8.05,69.92,158.79,103.95,284.16,317.99,10.89
2020-12-22 14:30:00,5,1842.5,5.42,61.01,174.52,96.32,271.44,301.75,10.39
2020-12-22 15:30:00,5,3177.64,14.08,113.79,98.71,92.51,342.63,394.53,26.85
2020-12-22 16:30:00,5,5073.55,43.81,165.88,22.17,97.28,438.45,517.83,45.6
2020-12-22 17:30:00,5,6462.1,102.82,172.73,1.14,118.26,493.8,590.89,64.85
2020-12-22 18:30:00,5,8117.68,164.51,178.22,0,154.5,577.23,697.6,94.24
2020-12-22 19:30:00,5,9826.66,202.06,180.96,0,171.66,700.12,855.89,117.54
2020-12-22 20:30:00,5,11001.59,214.58,174.11,0,156.4,811.03,994.74,118.55
2020-12-22 21:30:00,5,11856.08,225.31,161.77,0,125.89,916.11,1112.84,105.38
2020-12-22 22:30:00,5,13244.63,246.76,150.8,0,103.95,1037.84,1243.91,89.17
2020-12-22 23:30:00,5,14099.12,264.65,137.09,0,80.11,1121.41,1321.88,61.3
2020-12-23 00:30:00,5,13565.06,257.49,123.38,0,53.41,1099.38,1275.65,31.41
2020-12-23 01:30:00,5,12603.76,236.03,111.04,0,46.25,1040.42,1196.24,20.77
2020-12-23 02:30:00,5,11428.83,209.21,101.45,0,52.93,984.35,1123.48,22.29
2020-12-23 03:30:00,5,10040.28,177.03,91.85,0,65.8,909.26,1033.54,28.12
2020-12-23 04:30:00,5,8651.73,144.84,80.88,0,65.8,827.96,936.45,27.61
2020-12-23 05:30:00,5,7476.81,121.59,69.92,0,59.61,760.6,855.16,24.32
2020-12-23 06:30:00,5,7263.18,126.96,61.69,0,57.7,750.8,849.11,25.59
2020-12-23 07:30:00,5,8972.17,191.33,58.95,0,61.99,857.67,987.64,28.63
2020-12-23 08:30:00,5,11001.59,275.37,61.01,0.18,61.04,964.17,1120.16,24.07
2020-12-23 09:30:00,5,9292.6,216.37,80.88,2.17,64.85,812.62,935.13,23.05
2020-12-23 10:30:00,5,10040.28,216.37,117.9,6.8,75.34,863.93,1001.31,34.45
2020-12-23 11:30:00,5,10360.72,153.78,205.64,23.6,88.69,931.24,1077.96,45.09
2020-12-23 12:30:00,5,3177.64,16.32,109.67,125.89,143.05,410.28,455.8,13.68
2020-12-23 13:30:00,5,2376.56,8.61,83.63,164.51,133.51,363.31,400.44,8.87
2020-12-23 14:30:00,5,2269.75,6.2,80.88,185.97,135.42,368.22,404.86,8.99
2020-12-23 15:30:00,5,3578.19,12.52,131.61,110.15,123.98,441.64,500.09,24.57
2020-12-23 16:30:00,5,5714.42,44.26,186.44,21.28,105.86,551.68,642.68,42.05
2020-12-23 17:30:00,5,7476.81,109.08,191.93,0.96,99.18,624.34,737.71,53.7
2020-12-23 18:30:00,5,8972.17,160.93,194.67,0,114.44,701.41,837.17,69.92
2020-12-23 19:30:00,5,10253.91,182.39,189.19,0,137.33,796.13,963.6,91.2
2020-12-23 20:30:00,5,10894.78,184.18,178.22,0,152.59,872.91,1072.06,110.45
2020-12-23 21:30:00,5,11322.02,184.18,165.88,0,154.5,933.81,1153.43,115.51
2020-12-23 22:30:00,5,11322.02,180.6,153.54,0,127.79,966.51,1195.41,91.2
2020-12-23 23:30:00,5,10253.91,160.93,138.46,0,87.74,893.87,1105.88,52.18
2020-12-24 00:30:00,5,8331.3,128.75,119.27,0,51.98,750.67,923.42,23.31
2020-12-24 01:30:00,5,6729.13,97.45,102.82,0,41.96,645.28,786.25,16.72
2020-12-24 02:30:00,5,5661.01,74.21,87.74,0,40.05,579.65,700.04,16.21
2020-12-24 03:30:00,5,4966.74,55.43,76.77,0,40.53,536.42,640.95,16.72
2020-12-24 04:30:00,5,4646.3,46.49,71.29,0,40.53,521.08,617.25,16.97
2020-12-24 05:30:00,5,4753.11,50.52,67.17,0,43.39,537.48,629.97,18.75
2020-12-24 06:30:00,5,5447.39,73.31,65.12,0,50.55,592.51,690.61,23.81
2020-12-24 07:30:00,5,7370,139.48,66.49,0,56.74,721.09,843.38,25.08
2020-12-24 08:30:00,5,9292.6,216.37,74.03,0.34,55.79,823.71,955.24,19.76
2020-12-24 09:30:00,5,6141.66,102.82,102.82,7.15,64.85,605.3,683.8,17.23
2020-12-24 10:30:00,5,5821.23,67.95,116.53,25.03,72.48,590.17,669.62,26.6
2020-12-24 11:30:00,5,5233.76,31.29,120.64,73.67,82.02,574.94,650.74,29.13
2020-12-24 12:30:00,5,2269.75,7.6,60.32,157.36,101.09,285.13,316.4,13.55
2020-12-24 13:30:00,5,1708.98,5.42,45.24,165.94,82.02,204.31,228.75,11.02
2020-12-24 14:30:00,5,1415.25,4.3,39.41,158.79,71.53,169.44,190.78,10.77
2020-12-24 15:30:00,5,2109.53,8.16,68.55,113.01,71.53,193.04,226.46,19.25
2020-12-24 16:30:00,5,3417.97,20.34,119.27,41.49,73.43,250.85,306.15,30.65
2020-12-24 17:30:00,5,4592.9,56.33,138.46,2.95,72.48,295.08,368.98,40.03
2020-12-24 18:30:00,5,5500.79,93.88,127.49,0,74.39,342,434.53,51.17
2020-12-24 19:30:00,5,5874.63,99.24,115.16,0,74.39,384.81,495.98,60.8
2020-12-24 20:30:00,5,5821.23,85.83,108.3,0,69.62,409.54,531.9,59.28
2020-12-24 21:30:00,5,5554.2,69.74,105.56,0,63.9,414.12,538.36,48.13
2020-12-24 22:30:00,5,5180.36,57.22,101.45,0,56.74,399.29,518.87,39.01
2020-12-24 23:30:00,5,4325.87,42.02,93.22,0,43.87,336.84,438.69,25.59
2020-12-25 00:30:00,5,3204.35,23.47,82.94,0.05,30.99,262.86,337.66,13.68
2020-12-25 01:30:00,5,2670.29,10.28,74.71,0.81,27.66,238.54,296.06,9.88
2020-12-25 02:30:00,5,2456.67,3.3,68.55,4.02,26.94,236.66,284.35,8.49
2020-12-25 03:30:00,5,2323.15,1.01,61.01,9.74,26.23,241.63,284.6,7.85
2020-12-25 04:30:00,5,2296.45,0.69,57.58,12.16,25.75,250.68,290.79,7.41
2020-12-25 05:30:00,5,2429.96,2.21,60.32,7.24,26.7,264.72,304.8,7.73
2020-12-25 06:30:00,5,2937.32,14.98,66.49,1.06,33.38,300.53,347.59,11.4
2020-12-25 07:30:00,5,4165.65,52.3,71.97,0,45.78,375.67,441.82,17.73
2020-12-25 08:30:00,5,4966.74,83.15,77.46,0.85,53.88,421.5,496.04,19.76
2020-12-25 09:30:00,5,5126.95,84.94,85.68,6.71,62.94,438.58,514.05,23.56
2020-12-25 10:30:00,5,5180.36,66.16,101.45,21.46,75.34,462.82,542.92,31.92
2020-12-25 11:30:00,5,4592.9,33.98,108.3,61.51,86.78,459.53,534.97,30.65
2020-12-25 12:30:00,5,1575.47,5.03,39.41,151.63,71.53,201.94,226.24,9.63
2020-12-25 13:30:00,5,1174.93,3.07,25.71,163.08,53.88,158.56,176.37,8.11
2020-12-25 14:30:00,5,1068.12,2.43,23.31,164.51,48.64,145.66,161.43,8.36
2020-12-25 15:30:00,5,1762.39,5.81,56.21,121.59,56.74,186.72,214.03,16.72
2020-12-25 16:30:00,5,3044.13,14.53,111.04,47.92,63.9,248.82,295,27.61
2020-12-25 17:30:00,5,4112.24,44.26,138.46,3.31,64.85,284.95,345.07,35.97
2020-12-25 18:30:00,5,5020.14,79.57,131.61,0,68.67,328.88,402.96,46.1
2020-12-25 19:30:00,5,5233.76,74.21,117.9,0,69.62,366.23,451.51,52.18
2020-12-25 20:30:00,5,4859.92,48.73,106.93,0,62.94,374.1,461.29,50.16
2020-12-25 21:30:00,5,4859.92,41.57,100.08,0,58.17,403.51,497.21,47.12
2020-12-25 22:30:00,5,5607.61,57.22,93.22,0,54.84,472.32,584.61,38.51
2020-12-25 23:30:00,5,5607.61,65.27,86.37,0,43.87,477.66,590.87,23.31
2020-12-26 00:30:00,5,4699.71,56.33,75.4,0,29.8,418.04,510.72,11.65
2020-12-26 01:30:00,5,3738.4,37.1,65.12,0.01,21.46,364.37,431.82,7.47
2020-12-26 02:30:00,5,3070.83,21.68,57.58,0.07,18.84,328.41,377.61,6.27
2020-12-26 03:30:00,5,2616.88,11.74,52.09,0.32,17.88,304.5,343.39,6.02
2020-12-26 04:30:00,5,2429.96,8.72,48.67,0.48,17.41,292.45,327.13,6.02
2020-12-26 05:30:00,5,2376.56,9.72,47.98,0.3,18.12,286.23,318.57,6.59
2020-12-26 06:30:00,5,2590.18,17.43,49.35,0.07,22.41,295.63,330.68,8.61
2020-12-26 07:30:00,5,3284.45,38.89,52.78,0,29.8,331.62,377.74,11.78
2020-12-26 08:30:00,5,3738.4,56.77,58.95,1.04,34.33,351.5,403.57,13.81
2020-12-26 09:30:00,5,3524.78,49.62,61.69,9.03,38.15,334.62,381.95,16.21
2020-12-26 10:30:00,5,3417.97,39.79,66.49,25.39,43.87,333.05,380.34,20.77
2020-12-26 11:30:00,5,3017.43,22.58,67.17,60.8,50.55,324.86,366.51,21.28
2020-12-26 12:30:00,5,1348.5,4.58,30.85,135.9,50.55,190.49,206.48,7.73
2020-12-26 13:30:00,5,1108.17,2.85,23.65,153.07,47.68,171.21,184.14,6.02
2020-12-26 14:30:00,5,1081.47,2.24,23.65,160.22,49.11,169.92,182.72,6.59
2020-12-26 15:30:00,5,2109.53,8.49,69.92,92.98,54.84,223.96,253.83,18.49
2020-12-26 16:30:00,5,3524.78,28.39,113.79,22.89,61.99,296.97,348.24,31.41
2020-12-26 17:30:00,5,4859.92,78.68,123.38,1.24,78.2,354.47,422.96,46.1
2020-12-26 18:30:00,5,6515.5,137.69,130.24,0,108.72,441.96,533.74,69.92
2020-12-26 19:30:00,5,8117.68,169.87,131.61,0,117.3,555.83,671.82,83.09
2020-12-26 20:30:00,5,9078.98,178.81,130.24,0,102.04,657.01,787.89,81.06
2020-12-26 21:30:00,5,10040.28,182.39,127.49,0,86.78,751.14,885.72,74.98
2020-12-26 22:30:00,5,10787.96,184.18,123.38,0,76.29,847.05,989.07,66.88
2020-12-26 23:30:00,5,10253.91,162.72,111.04,0,59.61,818.57,964.3,39.52
2020-12-27 00:30:00,5,8331.3,123.38,95.96,0,40.53,684.04,816.72,20.77
2020-12-27 01:30:00,5,7049.56,96.56,85.68,0,30.52,596,709.12,13.05
2020-12-27 02:30:00,5,6248.47,78.68,79.51,0,24.8,552.06,643.75,10.13
2020-12-27 03:30:00,5,5661.01,65.27,75.4,0,23.6,525.64,599.63,9.63
2020-12-27 04:30:00,5,5073.55,51.86,71.97,0,26.46,492.81,554.69,11.27
2020-12-27 05:30:00,5,4539.49,40.23,69.23,0,31.95,458.83,512.79,14.31
2020-12-27 06:30:00,5,4486.08,44.26,67.86,0,41.49,451.9,510.04,21.28
2020-12-27 07:30:00,5,5874.63,92.98,69.92,0,53.41,538.07,620.42,28.63
2020-12-27 08:30:00,5,8117.68,175.24,75.4,0.29,59.13,668.24,776.67,27.87
2020-12-27 09:30:00,5,7583.62,160.93,83.63,3.04,58.17,611.52,708.78,24.83
2020-12-27 10:30:00,5,6622.31,114.44,98.71,11.09,56.74,535.92,620.13,31.92
2020-12-27 11:30:00,5,5340.58,55.88,113.79,36.48,52.45,467,532.58,28.88
2020-12-27 12:30:00,5,1121.52,4.75,30.85,118.73,52.93,177.57,190.62,1.46
2020-12-27 13:30:00,5,867.84,2.35,19.54,140.19,41.49,162.07,172.56,1.79
2020-12-27 14:30:00,5,847.82,1.73,18.85,147.34,41.96,166.58,176.82,2.85
2020-12-27 15:30:00,5,974.66,1.65,27.76,137.33,48.64,179.38,191.34,5.7
2020-12-27 16:30:00,5,1228.33,0.96,40.1,117.3,49.59,197.71,212.93,10.01
2020-12-27 17:30:00,5,1428.6,0.13,48.67,100.14,41.96,204.84,222.28,13.68
2020-12-27 18:30:00,5,1562.12,0,54.84,86.55,37.19,207.44,227.21,17.23
2020-12-27 19:30:00,5,1562.12,0,53.47,80.82,36.24,211.68,233.99,20.01
2020-12-27 20:30:00,5,1508.71,0,50.04,75.1,40.05,221.88,245.57,21.79
2020-12-27 21:30:00,5,2109.53,0.05,69.23,42.56,40.05,265.9,300.21,28.88
2020-12-27 22:30:00,5,2990.72,4.41,91.85,6.35,37.67,325.08,376.56,29.89
2020-12-27 23:30:00,5,3337.86,16.54,89.11,0.18,33.38,343.07,400.12,19.25
2020-12-28 00:30:00,5,3044.13,16.99,84.31,0.13,28.61,322.44,372.01,13.05
2020-12-28 01:30:00,5,3044.13,16.76,82.25,0.12,29.8,328.36,374.33,13.43
2020-12-28 02:30:00,5,2910.61,8.61,82.94,1.06,33.38,335.31,376.19,15.83
2020-12-28 03:30:00,5,2269.75,0.5,69.23,10.82,35.76,313.8,351.78,14.69
2020-12-28 04:30:00,5,2029.42,0.71,56.89,9.92,28.85,309.79,348.2,12.92
2020-12-28 05:30:00,5,2002.72,2.46,52.09,4.83,28.13,316.12,355.15,11.78
2020-12-28 06:30:00,5,2349.85,12.07,52.09,0.6,33.85,347.24,392.32,13.55
2020-12-28 07:30:00,5,3124.24,34.87,54.84,0.01,46.73,403.23,462.97,20.52
2020-12-28 08:30:00,5,3685,53.2,61.69,1.35,59.13,434.03,501.98,24.32
2020-12-28 09:30:00,5,3578.19,49.62,69.92,10.82,76.29,427.63,493.29,28.37
2020-12-28 10:30:00,5,3231.05,37.1,73.34,31.11,89.65,412.86,476.27,30.15
2020-12-28 11:30:00,5,2563.48,21.91,67.86,62.94,95.37,372.01,425.99,24.07
2020-12-28 12:30:00,5,1054.76,7.38,34.27,101.57,65.8,156.16,181.61,7.47
2020-12-28 13:30:00,5,827.79,5.87,28.45,105.86,61.99,113.41,132.97,5.95
2020-12-28 14:30:00,5,794.41,5.31,29.13,104.43,65.8,104.02,120.67,6.14
2020-12-28 15:30:00,5,1815.8,17.21,63.75,60.08,78.2,150.94,183.25,19.25
2020-12-28 16:30:00,5,3524.78,52.75,100.08,15.74,87.74,233.14,295.6,34.45
2020-12-28 17:30:00,5,5073.55,107.29,115.16,1.38,91.55,298.72,387.43,45.6
2020-12-28 18:30:00,5,6301.88,148.42,119.27,0,101.09,366.52,476.94,58.77
2020-12-28 19:30:00,5,6515.5,139.48,112.41,0,101.09,405.82,523.81,64.34
2020-12-28 20:30:00,5,5233.76,84.94,100.08,0,91.55,358.02,454.59,54.72
2020-12-28 21:30:00,5,3311.16,22.13,91.85,0.18,73.43,251.44,315.18,39.01
2020-12-28 22:30:00,5,2964.02,7.26,85.68,2.66,54.84,235.28,294.94,36.99
2020-12-28 23:30:00,5,2563.48,1.43,77.46,11.44,39.1,205.21,257.2,30.65
2020-12-29 00:30:00,5,2002.72,0.17,65.8,22.17,29.09,163.98,204.2,22.8
2020-12-29 01:30:00,5,1735.69,0.09,58.26,24.68,27.18,147.38,182.54,20.52
2020-12-29 02:30:00,5,1628.88,0.11,54.15,23.25,26.94,141.83,175.07,19.51
2020-12-29 03:30:00,5,1562.12,0.13,51.41,22.17,26.46,141,172.9,16.97
2020-12-29 04:30:00,5,1535.42,0.17,50.04,21.1,25.75,143.57,174.01,14.19
2020-12-29 05:30:00,5,1588.82,0.43,52.09,16.99,26.46,151.73,181.77,12.29
2020-12-29 06:30:00,5,1895.9,3.52,61.01,7.51,31.95,173.03,207.37,14.06
2020-12-29 07:30:00,5,2616.88,20.34,69.92,0.3,41.96,216.39,264.06,20.01
2020-12-29 08:30:00,5,3044.13,37.55,71.97,2.82,49.11,231.23,287.35,22.29
2020-12-29 09:30:00,5,2510.07,29.06,68.55,20.92,59.13,188.6,237.43,22.04
2020-12-29 10:30:00,5,2136.23,24.81,58.95,39.34,64.85,166.62,212.78,23.81
2020-12-29 11:30:00,5,1695.63,17.88,49.35,59.37,66.76,137.82,176.99,21.28
2020-12-29 12:30:00,5,881.2,5.64,25.02,103,42.92,80.65,110.46,10.26
2020-12-29 13:30:00,5,754.36,3.74,19.88,118.73,36.24,76.21,102.64,8.74
2020-12-29 14:30:00,5,754.36,3.13,20.05,125.89,37.19,80.29,104.39,8.74
2020-12-29 15:30:00,5,1041.41,4.3,33.59,110.15,46.25,100.46,128.17,12.67
2020-12-29 16:30:00,5,1522.06,5.2,58.95,77.25,52.93,129.06,164.11,18.24
2020-12-29 17:30:00,5,1949.31,2.1,89.11,36.12,52.93,149.38,189.78,23.31
2020-12-29 18:30:00,5,2296.45,1.41,102.82,12.52,53.88,169.74,215.38,28.63
2020-12-29 19:30:00,5,2403.26,0.96,93.22,14.66,51.5,183.71,234.36,32.93
2020-12-29 20:30:00,5,2243.04,0.19,76.77,26.11,44.82,180.32,230.79,32.93
2020-12-29 21:30:00,5,2109.53,0.07,67.17,31.47,40.05,171.38,219.81,29.39
2020-12-29 22:30:00,5,2136.23,0.14,66.49,26.82,37.19,170.75,218.19,24.32
2020-12-29 23:30:00,5,1976.01,0.17,64.43,24.68,31.95,156.73,198.79,16.09
2020-12-30 00:30:00,5,1602.17,0.06,54.84,31.11,25.75,130.23,161.81,9.63
2020-12-30 01:30:00,5,1321.79,0.01,42.84,40.77,23.6,115.85,140.1,7.35
2020-12-30 02:30:00,5,1148.22,0,34.27,47.92,22.41,109.26,129.14,6.02
2020-12-30 03:30:00,5,1068.12,0,29.47,50.78,21.22,108.44,126.05,5.13
2020-12-30 04:30:00,5,1081.47,0,29.13,50.07,21.94,115.27,132.57,5
2020-12-30 05:30:00,5,1174.93,0.01,32.9,46.49,25.03,129.63,148.53,5.45
2020-12-30 06:30:00,5,1468.66,0.11,45.24,35.41,31.47,156.13,180.31,7.66
2020-12-30 07:30:00,5,2029.42,1.87,67.86,14.48,41.01,197.53,232.92,11.53
2020-12-30 08:30:00,5,2403.26,10.62,75.4,7.06,47.68,222.19,263.37,13.43
2020-12-30 09:30:00,5,2429.96,19.89,65.12,23.96,55.79,226.04,266.96,14.69
2020-12-30 10:30:00,5,2376.56,21.23,58.95,44.35,64.85,227.2,268.44,17.99
2020-12-30 11:30:00,5,2109.53,16.32,54.84,70.81,72.48,213.98,251.94,19
2020-12-30 12:30:00,5,1335.14,7.6,36.67,111.58,59.13,136.93,159.9,11.78
2020-12-30 13:30:00,5,1161.58,5.59,32.22,128.75,54.84,124.91,144.88,10.51
2020-12-30 14:30:00,5,1148.22,4.75,33.93,137.33,57.7,128.93,148.67,11.27
2020-12-30 15:30:00,5,1815.8,8.83,61.01,103,61.04,164.86,195.52,19
2020-12-30 16:30:00,5,3070.83,20.79,109.67,40.77,62.94,231.19,282.34,29.89
2020-12-30 17:30:00,5,4325.87,50.96,137.09,3.58,62.94,285.16,354.03,39.01
2020-12-30 18:30:00,5,5233.76,79.57,137.09,0,66.76,338.12,422.87,47.12
2020-12-30 19:30:00,5,5287.17,67.06,126.12,0,62.94,361.39,455.5,42.56
2020-12-30 20:30:00,5,4539.49,37.1,116.53,0.02,54.36,341.26,431.74,30.91
2020-12-30 21:30:00,5,4272.46,25.71,109.67,0.05,49.11,341.44,432.91,23.56
2020-12-30 22:30:00,5,4753.11,38,101.45,0,47.68,390.19,497.53,21.28
2020-12-30 23:30:00,5,4699.71,44.26,91.85,0,41.96,390.95,500.22,17.99
2020-12-31 00:30:00,5,4058.84,38,82.94,0,32.42,341.46,433.07,12.03
2020-12-31 01:30:00,5,3391.27,26.6,72.66,0.02,26.46,306.12,376.26,8.61
2020-12-31 02:30:00,5,2883.91,17.43,63.06,0.09,23.6,277.2,328.63,6.84
2020-12-31 03:30:00,5,2483.37,11.18,54.84,0.33,21.94,252.96,292.17,6.27
2020-12-31 04:30:00,5,2323.15,7.38,52.78,0.95,21.7,240.18,273.74,6.21
2020-12-31 05:30:00,5,2296.45,4.41,56.21,2.86,23.37,238.59,269.76,6.52
2020-12-31 06:30:00,5,2429.96,3.05,64.43,6.8,29.09,252.43,286.33,8.49
2020-12-31 07:30:00,5,3097.53,13.97,78.83,1.12,38.15,297.79,344.67,12.79
2020-12-31 08:30:00,5,3578.19,29.06,84.31,3.04,45.3,320.1,374.38,14.95
2020-12-31 09:30:00,5,3471.37,31.74,82.94,20.56,55.31,312.25,364.64,15.83
2020-12-31 10:30:00,5,3337.86,27.94,80.2,45.42,66.76,309.99,361.9,19.25
2020-12-31 11:30:00,5,2937.32,19.45,75.4,78.68,81.06,297.18,344.4,21.79
2020-12-31 12:30:00,5,1655.58,7.26,48.67,131.61,78.2,189.97,215.64,12.29
2020-12-31 13:30:00,5,1388.55,4.75,41.81,145.91,72.48,169.88,191.56,10.51
2020-12-31 14:30:00,5,1375.2,3.52,44.55,150.2,76.29,174.75,195.95,11.15
2020-12-31 15:30:00,5,2670.29,12.74,100.08,74.39,76.29,244.63,286.98,25.08
2020-12-31 16:30:00,5,4806.52,60.8,143.95,10.91,74.39,352.87,426.89,41.04
2020-12-31 17:30:00,5,6782.53,139.48,152.17,0.76,82.02,440.28,537.59,54.72
2020-12-31 18:30:00,5,8758.55,214.58,154.91,0,106.81,552.9,678.15,73.97
2020-12-31 19:30:00,5,10467.53,261.07,138.46,0,118.26,684.11,844.75,84.1
2020-12-31 20:30:00,5,10894.78,271.8,111.04,0,109.67,768.07,954.79,78.02
2020-12-31 21:30:00,5,10574.34,253.92,91.85,0,94.41,791.15,983.47,65.86
2020-12-31 22:30:00,5,10147.09,239.61,87.74,0,83.92,787.84,970.84,55.73
2020-12-31 23:30:00,5,8972.17,207.42,89.11,0,64.85,715.31,868.5,38.51
2021-01-01 00:30:00,5,6942.75,155.57,91.85,0,61.04,567.36,677.71,34.96
2021-01-01 01:30:00,5,5554.2,113.55,95.96,0,72.48,467.18,551.44,44.08
2021-01-01 02:30:00,5,4699.71,82.25,98.71,0,81.06,417.16,488.36,52.69
2021-01-01 03:30:00,5,4272.46,63.48,101.45,0,92.51,396.65,462.25,63.84
2021-01-01 04:30:00,5,4325.87,58.12,102.82,0,111.58,410.57,477.08,78.02
2021-01-01 05:30:00,5,4806.52,67.95,102.82,0,137.33,460.56,531.69,92.21
2021-01-01 06:30:00,5,6248.47,107.29,102.82,0,160.22,578.52,667.32,102.34
2021-01-01 07:30:00,5,9078.98,198.48,105.56,0,158.31,793.39,924.06,98.29
2021-01-01 08:30:00,5,12283.33,314.71,113.79,0.05,133.51,990.36,1148.95,77.01
2021-01-01 09:30:00,5,12176.51,321.87,119.27,0.55,115.4,972.37,1106.7,51.68
2021-01-01 10:30:00,5,12496.95,314.71,137.09,3,111.58,999.18,1137.23,43.06
2021-01-01 11:30:00,5,12176.51,239.61,202.89,12.88,112.53,993.08,1123.66,46.61
2021-01-01 12:30:00,5,3791.81,101.92,186.44,33.26,465.39,467.21,517.63,8.04
2021-01-01 13:30:00,5,2696.99,108.18,189.19,30.76,564.58,391.62,434.57,0.33
2021-01-01 14:30:00,5,2323.15,90.3,186.44,29.68,534.06,351.61,391.76,0.36
2021-01-01 15:30:00,5,3845.22,110.87,175.48,15.56,354.77,424.39,485.96,20.52
2021-01-01 16:30:00,5,6729.13,173.45,180.96,3.93,200.27,541.73,638.68,47.12
2021-01-01 17:30:00,5,9399.41,246.76,191.93,0.4,154.5,636.69,761.58,71.94
2021-01-01 18:30:00,5,11428.83,296.83,197.41,0,152.59,715.45,870.14,103.35
2021-01-01 19:30:00,5,12176.51,300.41,178.22,0,125.89,788.44,965.47,114.5
2021-01-01 20:30:00,5,11322.02,239.61,152.17,0,93.46,794.57,967.87,98.29
2021-01-01 21:30:00,5,5714.42,59.01,134.35,0,60.08,504.18,594.59,47.62
2021-01-01 22:30:00,5,4219.06,23.92,119.27,0.06,48.64,418.56,492.2,35.47
2021-01-01 23:30:00,5,3391.27,11.4,105.56,0.83,39.58,360.6,420.27,24.07
2021-01-02 00:30:00,5,2670.29,2.1,89.11,7.51,29.09,314.54,357.9,13.93
2021-01-02 01:30:00,5,2296.45,0.1,67.86,22.71,22.89,292.37,326.41,9.5
2021-01-02 02:30:00,5,2109.53,0.01,53.47,31.83,21.46,286.22,315.83,8.23
2021-01-02 03:30:00,5,2056.12,0.01,46.61,35.05,22.41,286.18,313.7,7.54
2021-01-02 04:30:00,5,1949.31,0,41.47,40.41,23.13,280.96,304.99,6.46
2021-01-02 05:30:00,5,1815.8,0,37.7,49.35,24.56,265.27,284.41,5.89
2021-01-02 06:30:00,5,1735.69,0,40.44,55.79,29.33,247.37,265.11,7.03
2021-01-02 07:30:00,5,2136.23,0.07,62.38,37.91,37.67,260.34,286,11.15
2021-01-02 08:30:00,5,2723.69,3.55,90.48,13.77,45.78,285.02,320.47,15.07
2021-01-02 09:30:00,5,3070.83,14.75,91.85,15.02,49.11,298.6,341.05,18.49
2021-01-02 10:30:00,5,2990.72,17.43,84.31,28.61,51.02,299.83,343.68,22.29
2021-01-02 11:30:00,5,2590.18,13.08,74.03,50.07,56.74,293.54,331.36,21.53
2021-01-02 12:30:00,5,1682.28,6.04,62.38,91.55,90.6,252.64,272.35,11.78
2021-01-02 13:30:00,5,1575.47,4.19,60.32,95.84,89.65,260.02,276.45,10.13
2021-01-02 14:30:00,5,1495.36,2.24,56.21,94.41,82.02,262.68,276.87,8.87
2021-01-02 15:30:00,5,1615.52,2.1,61.69,81.54,71.53,270.04,287.61,11.65
2021-01-02 16:30:00,5,2029.42,2.57,78.14,55.79,58.65,289.87,315.14,16.21
2021-01-02 17:30:00,5,2456.67,1.79,100.08,22.89,48.16,304.84,337.11,19.76
2021-01-02 18:30:00,5,2750.4,3.69,105.56,4.92,42.92,318.95,356.81,21.28
2021-01-02 19:30:00,5,2616.88,2.85,91.85,5.9,39.1,324.3,364.49,19
2021-01-02 20:30:00,5,2323.15,0.8,76.08,12.88,36.72,326.47,362.92,14.31
2021-01-02 21:30:00,5,2056.12,0.29,64.43,17.7,34.33,334.33,365.17,9.88
2021-01-02 22:30:00,5,2002.72,0.57,62.38,13.59,32.42,350.81,380.72,7.79
2021-01-02 23:30:00,5,1922.61,0.92,61.01,9.66,28.13,351.93,379.51,6.02
2021-01-03 00:30:00,5,1695.63,0.67,54.84,10.1,22.65,338.85,360.62,4.24
2021-01-03 01:30:00,5,1562.12,0.44,47.98,11.09,20.27,329.74,348.01,3.93
2021-01-03 02:30:00,5,1468.66,0.44,43.53,10.37,19.79,319.36,335.99,3.83
2021-01-03 03:30:00,5,1388.55,0.48,39.76,9.92,21.7,296.36,311.35,3.55
2021-01-03 04:30:00,5,1268.39,0.33,35.99,12.88,22.89,264.26,277.39,3.33
2021-01-03 05:30:00,5,1148.22,0.17,33.24,18.24,22.41,230.5,242.23,3.55
2021-01-03 06:30:00,5,1161.58,0.2,35.64,21.64,23.84,202.6,215.49,4.75
2021-01-03 07:30:00,5,1415.25,0.84,47.3,14.84,28.13,193.18,210.96,6.65
2021-01-03 08:30:00,5,1548.77,2.82,55.52,11.8,32.42,185.19,203.89,6.71
2021-01-03 09:30:00,5,1308.44,5.31,43.87,29.33,33.85,164.17,178.8,6.08
2021-01-03 10:30:00,5,1161.58,7.26,35.64,43.27,34.81,148.74,161.6,7.28
2021-01-03 11:30:00,5,1001.36,6.93,31.53,59.37,39.1,129.81,140.1,7.54
2021-01-03 12:30:00,5,707.63,4.81,25.36,85.12,40.53,88.28,94.26,5.32
2021-01-03 13:30:00,5,620.84,3.74,21.08,95.84,35.76,77.11,81.99,5.19
2021-01-03 14:30:00,5,600.82,2.82,18.51,101.57,31.95,77.33,81.62,5.26
2021-01-03 15:30:00,5,654.22,2.1,21.25,98.71,31.47,82.44,87.02,5.83
2021-01-03 16:30:00,5,761.03,1.02,29.13,85.12,31.47,87.93,93.79,7.28
2021-01-03 17:30:00,5,881.2,0.12,38.04,67.95,31.47,90.78,98.03,8.23
2021-01-03 18:30:00,5,974.66,0,44.55,53.64,32.9,89.49,99.19,9.12
2021-01-03 19:30:00,5,1028.06,0,44.55,45.78,32.9,84.53,97.03,9.37
2021-01-03 20:30:00,5,1014.71,0.01,42.84,42.56,31.95,78.11,92.47,8.61
2021-01-03 21:30:00,5,961.3,0,38.39,42.56,30.04,70.58,85.05,7.41
2021-01-03 22:30:00,5,921.25,0.01,34.96,41.84,27.66,64.55,78.31,6.65
2021-01-03 23:30:00,5,841.14,0,32.56,41.49,25.03,58.95,70.5,5.38
2021-01-04 00:30:00,5,781.06,0,29.82,41.13,22.17,56.31,65.65,4.43
2021-01-04 01:30:00,5,827.79,0.01,30.16,36.12,22.89,61.83,71.76,4.81
2021-01-04 02:30:00,5,847.82,0.01,29.47,33.62,22.89,67.16,77.67,4.88
2021-01-04 03:30:00,5,921.25,0.03,30.5,27.54,22.89,74.66,86.56,5.19
2021-01-04 04:30:00,5,1014.71,0.17,32.56,18.24,22.65,82.75,96.98,5.57
2021-01-04 05:30:00,5,1134.87,0.88,35.64,9.66,23.6,91.02,107.58,6.21
2021-01-04 06:30:00,5,1415.25,6.43,39.07,2.12,27.42,106.05,127.49,8.36
2021-01-04 07:30:00,5,2109.53,26.6,41.47,0.02,37.19,140.65,173.26,12.29
2021-01-04 08:30:00,5,2910.61,50.96,49.35,0.22,47.21,175.54,214.21,14.82
2021-01-04 09:30:00,5,3070.83,54.54,52.78,1.81,54.36,176.12,215.24,14.31
2021-01-04 10:30:00,5,2696.99,44.7,47.98,5.72,56.74,158.32,197.91,13.55
2021-01-04 11:30:00,5,2189.64,30.85,45.24,13.77,60.56,136.7,169.3,12.41
2021-01-04 12:30:00,5,1455.31,15.2,54.84,34.69,85.83,96.76,116.55,9.5
2021-01-04 13:30:00,5,1201.63,8.61,58.26,41.13,84.88,76.84,92.45,9.5
2021-01-04 14:30:00,5,1014.71,3.02,57.58,45.06,75.34,60.78,72.79,9.63
2021-01-04 15:30:00,5,2056.12,20.34,81.57,9.21,64.85,99.12,124.51,20.01
2021-01-04 16:30:00,5,4058.84,90.3,83.63,0.26,62.94,179.45,227.43,27.36
2021-01-04 17:30:00,5,6195.07,171.66,93.22,0.02,70.57,273.56,341.57,27.11
2021-01-04 18:30:00,5,7904.05,211,111.04,0,82.02,376.5,462.2,30.91
2021-01-04 19:30:00,5,8224.49,193.12,108.3,0,83.92,444.29,543.03,30.4
2021-01-04 20:30:00,5,7263.18,143.05,93.22,0,76.29,432.78,530.59,25.33
2021-01-04 21:30:00,5,4859.92,69.74,76.08,0,63.9,304.52,379.04,18.24
2021-01-04 22:30:00,5,3791.81,40.68,62.38,0,50.55,244.61,313.54,14.69
2021-01-04 23:30:00,5,2777.1,21.01,56.21,0.06,38.62,180.51,235,9.5
2021-01-05 00:30:00,5,2002.72,5.87,53.47,1.33,29.56,127.7,167.75,6.02
2021-01-05 01:30:00,5,1695.63,1.48,46.61,5.81,25.99,107.73,140.33,5.51
2021-01-05 02:30:00,5,1522.06,0.42,39.76,11.44,24.32,98.74,125.99,5.45
2021-01-05 03:30:00,5,1388.55,0.15,35.99,17.35,25.27,89.7,111.82,5.26
2021-01-05 04:30:00,5,1308.44,0.16,35.64,17.88,26.23,84.57,103.66,5.13
2021-01-05 05:30:00,5,1295.09,0.42,36.67,13.59,25.51,81.61,100.47,5.57
2021-01-05 06:30:00,5,1441.96,3.13,40.78,5.72,27.66,87.3,107.79,7.28
2021-01-05 07:30:00,5,2002.72,19.45,45.24,0.14,38.15,115.12,143.53,11.27
2021-01-05 08:30:00,5,2590.18,44.7,47.3,0.25,51.5,143.68,177.68,14.06
2021-01-05 09:30:00,5,2723.69,54.09,45.93,1.43,61.99,154.08,187.61,14.82
2021-01-05 10:30:00,5,2643.59,50.96,45.24,2.68,66.76,155.01,186.68,15.58
2021-01-05 11:30:00,5,2323.15,41.13,47.98,5.32,71.53,145.32,172.33,15.2
2021-01-05 12:30:00,5,1735.69,23.69,54.84,11.27,80.11,120.66,138.83,12.41
2021-01-05 13:30:00,5,1588.82,23.02,57.58,20.74,92.51,111.03,127.81,12.54
2021-01-05 14:30:00,5,1468.66,23.02,62.38,28.61,113.49,102.28,118.36,12.16
2021-01-05 15:30:00,5,1455.31,19.89,71.29,28.97,125.89,105.49,122.27,12.67
2021-01-05 16:30:00,5,1668.93,14.31,82.94,16.81,105.86,122.48,142.51,15.07
2021-01-05 17:30:00,5,1922.61,10.84,90.48,3.31,79.16,136.95,159.32,16.21
2021-01-05 18:30:00,5,2056.12,10.62,84.31,0.74,61.99,150.07,175.22,16.47
2021-01-05 19:30:00,5,2162.93,8.38,78.14,1.14,55.79,169.31,198.19,16.72
2021-01-05 20:30:00,5,2243.04,5.64,75.4,2.19,51.5,183.94,215.15,15.45
2021-01-05 21:30:00,5,2082.82,1.75,67.86,7.78,42.44,179.81,208.46,12.67
2021-01-05 22:30:00,5,1895.9,0.48,58.95,14.84,35.76,172.19,197.57,10.39
2021-01-05 23:30:00,5,1668.93,0.16,51.41,21.1,30.52,163.78,183.34,7.47
2021-01-06 00:30:00,5,1441.96,0.04,42.5,28.25,25.75,158.16,171.21,5.07
2021-01-06 01:30:00,5,1388.55,0.02,36.67,30.76,24.8,167.24,178.78,4.75
2021-01-06 02:30:00,5,1375.2,0.02,33.59,30.4,25.03,178.59,190.47,5
2021-01-06 03:30:00,5,1388.55,0.03,33.59,26.46,27.42,191.08,204.25,5.26
2021-01-06 04:30:00,5,1388.55,0.1,34.27,20.56,28.85,201.34,215.43,5.26
2021-01-06 05:30:00,5,1401.9,0.5,36.33,12.88,29.56,207.96,222.75,5.57
2021-01-06 06:30:00,5,1602.17,4.64,40.78,3.76,33.38,221.7,240.34,7.6
2021-01-06 07:30:00,5,2216.34,24.14,43.87,0.03,44.82,257.48,286.83,11.91
2021-01-06 08:30:00,5,2910.61,50.07,47.3,0.31,58.65,290.25,329.84,14.69
2021-01-06 09:30:00,5,3097.53,58.12,47.3,2.03,66.76,289.38,333.16,15.45
2021-01-06 10:30:00,5,2830.51,51.41,45.93,5.45,68.67,261.03,303.88,15.83
2021-01-06 11:30:00,5,2349.85,37.1,47.98,11.8,73.43,227.54,262,15.45
2021-01-06 12:30:00,5,1348.5,14.53,51.41,38.27,85.83,167.8,182.49,6.65
2021-01-06 13:30:00,5,1108.17,8.27,50.72,56.51,76.29,145.99,156.61,4.94
2021-01-06 14:30:00,5,1054.76,5.76,52.78,62.94,75.34,137.31,147.24,5.51
2021-01-06 15:30:00,5,2723.69,41.13,87.74,16.09,77.25,209.06,245.42,24.07
2021-01-06 16:30:00,5,5661.01,144.84,97.33,1.74,83.92,339.17,417.43,43.57
2021-01-06 17:30:00,5,8972.17,278.95,106.93,0.16,111.58,494.42,613.67,63.33
2021-01-06 18:30:00,5,12283.33,393.39,127.49,0,179.29,691.49,859.16,110.45
2021-01-06 19:30:00,5,14953.61,454.19,150.8,0,270.84,931.15,1152.84,178.34
2021-01-06 20:30:00,5,16448.97,457.76,165.88,0,339.51,1119.62,1384.15,231.03
2021-01-06 21:30:00,5,15808.11,404.12,160.4,0,335.69,1161.25,1433.23,239.13
2021-01-06 22:30:00,5,13671.88,321.87,128.87,0,255.59,1070.1,1319.72,186.44
2021-01-06 23:30:00,5,9933.47,219.94,89.11,0,133.51,824.69,1001.66,92.21
2021-01-07 00:30:00,5,3524.78,50.52,67.86,0,41.49,333.39,376.71,14.57
2021-01-07 01:30:00,5,2189.64,19.67,50.72,0.01,26.94,224.43,247.26,6.52
2021-01-07 02:30:00,5,1735.69,11.4,41.13,0.05,25.75,181.8,196.47,5.26
2021-01-07 03:30:00,5,1535.42,9.05,37.01,0.11,26.94,160.77,171.95,5.19
2021-01-07 04:30:00,5,1401.9,7.38,36.67,0.27,28.61,142.73,151.93,5.32
2021-01-07 05:30:00,5,1308.44,5.98,38.73,0.76,33.85,123.66,131.93,5.89
2021-01-07 06:30:00,5,1308.44,6.59,42.84,1.12,43.87,111.54,121.43,7.41
2021-01-07 07:30:00,5,1562.12,14.98,43.87,0.18,50.55,116.9,132.73,10.39
2021-01-07 08:30:00,5,1735.69,23.69,43.53,0.02,53.41,121.29,141.78,11.78
2021-01-07 09:30:00,5,1708.98,25.03,42.5,0.66,58.65,121.11,144.17,11.65
2021-01-07 10:30:00,5,1642.23,25.26,40.44,3.53,67.71,124.93,150.08,11.78
2021-01-07 11:30:00,5,1535.42,26.15,39.41,7.51,76.29,126,150.91,12.03
2021-01-07 12:30:00,5,1148.22,12.52,36.33,29.33,60.08,113.15,131.59,5.95
2021-01-07 13:30:00,5,1028.06,8.27,33.59,49.35,52.45,110.02,125.25,4.94
2021-01-07 14:30:00,5,1054.76,7.49,36.33,61.51,56.74,113.75,128.8,6.08
2021-01-07 15:30:00,5,1895.9,19.89,62.38,40.77,62.94,159.8,188.81,16.21
2021-01-07 16:30:00,5,3391.27,54.99,90.48,11.62,64.85,232.5,284.78,28.12
2021-01-07 17:30:00,5,4699.71,110.87,95.96,1.12,64.85,287.93,356.95,32.42
2021-01-07 18:30:00,5,6141.66,173.45,89.11,0,71.53,363.69,453.19,38.51
2021-01-07 19:30:00,5,7583.62,216.37,79.51,0,77.25,473.74,592.11,43.57
2021-01-07 20:30:00,5,8010.86,218.15,69.23,0,74.39,548.99,685.04,40.03
2021-01-07 21:30:00,5,7904.05,196.7,62.38,0,62.94,575.41,711.47,31.16
2021-01-07 22:30:00,5,7476.81,168.09,58.26,0,52.93,574.01,700.77,22.29
2021-01-07 23:30:00,5,6141.66,114.44,56.21,0,39.1,482.48,579.45,13.3
2021-01-08 00:30:00,5,4058.84,55.88,56.89,0,27.66,332.8,395.31,7.92
2021-01-08 01:30:00,5,3364.56,37.55,54.84,0,25.75,285.06,340.58,8.04
2021-01-08 02:30:00,5,3097.53,33.08,50.72,0,27.42,273.6,328.2,9.25
2021-01-08 03:30:00,5,2990.72,32.63,45.93,0,29.8,271.65,326.26,10.77
2021-01-08 04:30:00,5,2964.02,33.98,42.5,0,30.99,277.29,330.53,11.4
2021-01-08 05:30:00,5,3097.53,40.23,41.13,0,33.85,292.8,343.25,12.67
2021-01-08 06:30:00,5,3738.4,60.8,42.84,0,42.92,342.12,393.97,17.73
2021-01-08 07:30:00,5,5340.58,109.08,48.67,0,59.13,444.76,508.22,26.09
2021-01-08 08:30:00,5,6462.1,150.2,58.26,0.06,73.43,502.85,570.97,29.13
2021-01-08 09:30:00,5,5073.55,100.14,78.83,1.04,103,410.19,463.91,24.83
2021-01-08 10:30:00,5,4913.33,87.62,86.37,4.87,125.89,402.15,462.86,26.6
2021-01-08 11:30:00,5,4325.87,64.37,95.96,14.66,143.05,374.67,434.46,27.87
2021-01-08 12:30:00,5,2616.88,28.16,83.63,42.92,143.05,268.82,308.58,16.21
2021-01-08 13:30:00,5,2162.93,17.88,76.77,57.94,125.89,234.93,270.49,14.31
2021-01-08 14:30:00,5,1976.01,14.31,77.46,61.51,122.07,220.02,255.57,13.68
2021-01-08 15:30:00,5,2403.26,20.12,90.48,37.19,114.44,242.05,287.38,18.75
2021-01-08 16:30:00,5,3417.97,46.94,105.56,8.85,102.04,293.54,356.1,27.87
2021-01-08 17:30:00,5,4486.08,92.09,106.93,0.72,95.37,337.5,414.96,32.42
2021-01-08 18:30:00,5,5554.2,130.53,105.56,0,93.46,395.23,489.44,35.97
2021-01-08 19:30:00,5,6462.1,148.42,100.08,0,89.65,465.79,583.28,36.99
2021-01-08 20:30:00,5,6835.94,146.63,93.22,0,82.02,516.32,652.43,32.93
2021-01-08 21:30:00,5,6835.94,137.69,86.37,0,75.34,537.89,675.87,28.12
2021-01-08 22:30:00,5,6622.31,126.96,80.2,0,68.67,543.48,677.72,23.31
2021-01-08 23:30:00,5,5928.04,109.97,72.66,0,55.79,503.48,619.09,15.33
2021-01-09 00:30:00,5,4646.3,76.89,64.43,0,39.58,417.18,500.19,7.35
2021-01-09 01:30:00,5,3337.86,35.76,58.95,0,28.85,332.33,387.39,4.43
2021-01-09 02:30:00,5,2376.56,8.05,54.84,2.19,23.84,265.15,301.58,3.99
2021-01-09 03:30:00,5,1468.66,0,31.53,47.92,21.7,183.76,203.42,3.99
2021-01-09 04:30:00,5,1228.33,0,25.36,58.65,20.5,157.98,173.45,4.43
2021-01-09 05:30:00,5,1214.98,0,27.42,58.65,23.37,154.84,169.39,5.26
2021-01-09 06:30:00,5,1361.85,0,35.64,50.78,28.61,164.9,181.78,7.47
2021-01-09 07:30:00,5,1735.69,0.11,52.78,32.54,35.76,189.19,213.75,11.27
2021-01-09 08:30:00,5,2029.42,2.12,65.8,17.88,41.96,203.75,234.13,13.3
2021-01-09 09:30:00,5,2082.82,8.72,61.01,24.32,49.11,205.89,238.6,14.82
2021-01-09 10:30:00,5,1976.01,12.52,52.78,36.84,54.36,199.17,232.81,16.72
2021-01-09 11:30:00,5,1682.28,11.51,45.93,52.93,57.7,176.01,205.92,16.21
2021-01-09 12:30:00,5,1081.47,6.59,33.93,82.97,56.27,118.48,136.3,9.88
2021-01-09 13:30:00,5,867.84,4.58,27.08,97.28,47.68,92.44,105.61,7.85
2021-01-09 14:30:00,5,794.41,3.41,23.65,103,40.05,80.37,91.9,8.11
2021-01-09 15:30:00,5,814.44,2.91,25.36,95.84,35.76,75.99,87.74,10.01
2021-01-09 16:30:00,5,934.6,2.49,33.24,77.25,34.81,77.25,90.61,12.79
2021-01-09 17:30:00,5,1068.12,0.75,43.87,55.79,32.9,77.75,92.27,14.44
2021-01-09 18:30:00,5,1214.98,0.02,50.72,40.05,32.9,83.86,101.17,15.83
2021-01-09 19:30:00,5,1375.2,0.03,51.41,32.9,32.42,95.75,117.95,16.72
2021-01-09 20:30:00,5,1428.6,0.03,47.98,32.19,30.28,105.4,130.85,15.96
2021-01-09 21:30:00,5,1428.6,0.02,43.87,33.26,28.61,113.37,139.52,14.31
2021-01-09 22:30:00,5,1375.2,0.02,40.1,35.41,27.18,118.26,143.24,12.67
2021-01-09 23:30:00,5,1201.63,0.01,34.27,39.34,23.6,114.67,135.46,10.01
2021-01-10 00:30:00,5,1014.71,0,27.08,47.21,20.03,113.35,128.08,7.16
2021-01-10 01:30:00,5,974.66,0,22.28,55.79,19.55,129.46,141.53,5.76
2021-01-10 02:30:00,5,1001.36,0,20.22,62.23,20.03,151.98,163.13,4.94
2021-01-10 03:30:00,5,1041.41,0,19.36,64.37,20.03,164.84,175.43,4.5
2021-01-10 04:30:00,5,1068.12,0,19.88,63.66,20.74,164.54,174.56,4.37
2021-01-10 05:30:00,5,1094.82,0,22.28,60.08,22.65,158.05,168.1,4.62
2021-01-10 06:30:00,5,1201.63,0,28.45,53.64,26.7,156,168.06,5.89
2021-01-10 07:30:00,5,1428.6,0.03,40.1,42.2,31.95,161.93,179.14,8.36
2021-01-10 08:30:00,5,1602.17,1.38,47.3,37.19,35.29,163.34,184.29,9.88
2021-01-10 09:30:00,5,1602.17,6.2,41.47,50.78,39.58,157.07,178.75,10.77
2021-01-10 10:30:00,5,1535.42,7.6,35.64,73.67,44.35,155.8,177.52,11.78
2021-01-10 11:30:00,5,1455.31,6.26,31.87,104.43,48.16,165.41,185.78,11.53
2021-01-10 12:30:00,5,1268.39,4.02,24.68,137.33,43.39,153.62,170.12,9.25
2021-01-10 13:30:00,5,1094.82,2.85,19.88,151.63,37.19,137.94,151.34,7.85
2021-01-10 14:30:00,5,1041.41,2.4,19.02,154.5,36.72,135.96,148.41,7.85
2021-01-10 15:30:00,5,1108.17,2.68,24.33,140.19,38.62,135.91,149.15,9.75
2021-01-10 16:30:00,5,1228.33,2.63,35.3,113.01,39.58,132.86,147.82,12.54
2021-01-10 17:30:00,5,1321.79,0.89,47.98,81.54,37.67,121.12,137.09,14.95
2021-01-10 18:30:00,5,1441.96,0,54.84,58.65,36.24,117.26,136.24,18.49
2021-01-10 19:30:00,5,1562.12,0,54.84,48.64,34.33,124.13,147.76,21.28
2021-01-10 20:30:00,5,1588.82,0.01,51.41,45.42,30.99,130.77,157.41,20.52
2021-01-10 21:30:00,5,1588.82,0.01,47.3,45.78,28.37,137.11,164.42,17.23
2021-01-10 22:30:00,5,1575.47,0,44.55,46.49,26.94,143.29,170.8,12.92
2021-01-10 23:30:00,5,1468.66,0,40.44,47.92,23.13,141.33,165.32,8.23
2021-01-11 00:30:00,5,1268.39,0,34.62,50.07,19.55,133.37,151.76,5.07
2021-01-11 01:30:00,5,1228.33,0,32.9,48.64,21.22,137.18,153.92,4.94
2021-01-11 02:30:00,5,1228.33,0,31.53,45.78,21.94,142.58,158.61,4.88
2021-01-11 03:30:00,5,1228.33,0.01,30.5,42.2,22.17,145.51,161.05,4.94
2021-01-11 04:30:00,5,1214.98,0.02,30.16,38.27,22.41,146.58,161.53,4.94
2021-01-11 05:30:00,5,1241.68,0.04,32.22,33.98,24.08,146.96,161.89,5.13
2021-01-11 06:30:00,5,1375.2,0.18,39.41,27.18,29.09,151.85,169.69,6.65
2021-01-11 07:30:00,5,1708.98,0.82,54.15,17.35,37.19,163.76,188.8,9.37
2021-01-11 08:30:00,5,1789.09,2.54,58.95,23.6,43.39,159.79,186.68,9.88
2021-01-11 09:30:00,5,1495.36,5.31,42.84,60.8,49.59,140.66,163.1,8.61
2021-01-11 10:30:00,5,1375.2,6.87,34.96,80.11,53.41,137.77,159.74,9.25
2021-01-11 11:30:00,5,1228.33,5.81,28.79,103,52.93,132.94,152.36,8.99
2021-01-11 12:30:00,5,947.95,3.19,18.68,131.61,40.05,103.75,117.17,6.21
2021-01-11 13:30:00,5,841.14,2.63,16.62,140.19,34.33,87.3,98.55,6.27
2021-01-11 14:30:00,5,801.09,2.52,17.48,138.76,33.85,80.91,91.59,7.03
2021-01-11 15:30:00,5,934.6,3.19,25.71,125.89,38.15,86.85,99.99,9.88
2021-01-11 16:30:00,5,1201.63,3.49,41.81,101.57,42.92,100.33,117.78,14.06
2021-01-11 17:30:00,5,1468.66,1.26,61.01,71.53,43.39,110.05,130.77,17.48
2021-01-11 18:30:00,5,1762.39,0.01,73.34,47.92,44.35,126.46,152.55,19.76
2021-01-11 19:30:00,5,2002.72,0.03,74.71,36.48,42.44,145.54,178.87,20.27
2021-01-11 20:30:00,5,2002.72,0.04,67.17,33.98,37.19,152.03,188.64,17.48
2021-01-11 21:30:00,5,1922.61,0.04,60.32,33.26,32.9,149.32,185.97,14.31
2021-01-11 22:30:00,5,1869.2,0.04,56.89,32.54,30.99,146,181.78,12.16
2021-01-11 23:30:00,5,1668.93,0.03,52.09,35.05,26.46,136.12,165.9,8.87
2021-01-12 00:30:00,5,1348.5,0.01,42.84,42.92,21.7,123.27,144.24,5.57
2021-01-12 01:30:00,5,1201.63,0,35.99,47.92,20.98,126.4,143.88,4.81
2021-01-12 02:30:00,5,1174.93,0,32.9,46.49,21.7,134.03,150.33,4.62
2021-01-12 03:30:00,5,1174.93,0.01,31.53,43.27,21.94,140.36,156.17,4.56
2021-01-12 04:30:00,5,1174.93,0.01,30.85,40.05,22.65,148.23,163.44,4.56
2021-01-12 05:30:00,5,1214.98,0.02,32.9,37.19,24.32,158.72,173.94,4.75
2021-01-12 06:30:00,5,1415.25,0.23,41.81,27.54,28.85,175.75,194.39,6.46
2021-01-12 07:30:00,5,1922.61,5.09,58.95,6.88,36.24,205.25,233.96,10.13
2021-01-12 08:30:00,5,2456.67,25.26,59.63,2.15,41.96,228.4,266.3,12.92
2021-01-12 09:30:00,5,2723.69,41.13,54.84,10.19,48.64,237.96,281.15,15.07
2021-01-12 10:30:00,5,2616.88,37.55,52.78,22.89,54.84,230.17,273.61,17.99
2021-01-12 11:30:00,5,2189.64,24.59,51.41,45.42,60.56,206.38,243.07,19
2021-01-12 12:30:00,5,1174.93,6.15,30.5,115.87,51.98,139.84,157.39,9.37
2021-01-12 13:30:00,5,974.66,3.63,22.96,141.62,44.35,124.75,138.68,7.92
2021-01-12 14:30:00,5,921.25,2.79,21.42,150.2,41.49,115.81,128.34,8.23
2021-01-12 15:30:00,5,1121.52,3.55,31.87,135.9,42.92,122.84,138.35,11.53
2021-01-12 16:30:00,5,1495.36,4.14,52.78,101.57,45.3,144.06,165.51,16.47
2021-01-12 17:30:00,5,1842.5,1.69,78.14,60.08,44.35,153.89,179.98,20.77
2021-01-12 18:30:00,5,2162.93,0.13,94.59,29.68,45.3,171.03,203.64,25.33
2021-01-12 19:30:00,5,2323.15,0.25,90.48,22.89,44.35,188.89,228.53,26.6
2021-01-12 20:30:00,5,2269.75,0.16,79.51,25.75,40.53,194.1,236.22,23.56
2021-01-12 21:30:00,5,2189.64,0.1,71.97,27.9,36.72,195.31,238.14,19
2021-01-12 22:30:00,5,2243.04,0.14,71.29,25.39,35.29,204.25,249.13,15.2
2021-01-12 23:30:00,5,2136.23,0.16,67.86,24.32,30.52,198.68,240.4,10.39
2021-01-13 00:30:00,5,1735.69,0.07,56.89,29.33,24.08,174.7,206.27,6.14
2021-01-13 01:30:00,5,1455.31,0.02,45.24,35.41,22.17,162.9,188.24,5.13
2021-01-13 02:30:00,5,1348.5,0.01,38.73,36.84,22.17,163.21,185.95,4.94
2021-01-13 03:30:00,5,1308.44,0.02,35.3,34.69,21.94,168.59,189.48,4.88
2021-01-13 04:30:00,5,1308.44,0.04,34.27,32.19,21.7,174.8,194.49,4.94
2021-01-13 05:30:00,5,1348.5,0.07,35.99,29.33,23.13,182.46,201.68,5.26
2021-01-13 06:30:00,5,1575.47,0.55,45.24,20.74,27.9,201.16,223.93,6.97
2021-01-13 07:30:00,5,2162.93,6.76,62.38,4.38,36.24,240.28,273.61,10.64
2021-01-13 08:30:00,5,2696.99,24.14,65.8,2.26,43.39,270.51,311.63,12.67
2021-01-13 09:30:00,5,2857.21,33.98,63.06,13.23,50.07,283.36,327.17,13.93
2021-01-13 10:30:00,5,2723.69,29.06,60.32,32.19,59.13,284.55,327.35,17.23
2021-01-13 11:30:00,5,2349.85,18.11,56.89,65.8,68.67,275.72,312.41,18.24
2021-01-13 12:30:00,5,1375.2,5.87,34.62,134.47,61.99,197.65,217.3,8.61
2021-01-13 13:30:00,5,1108.17,3.86,27.08,155.93,54.84,170.45,185.63,6.52
2021-01-13 14:30:00,5,1041.41,3.13,25.71,163.08,52.45,162.56,176.76,6.78
2021-01-13 15:30:00,5,1401.9,5.09,42.84,135.9,52.93,176.4,196.62,12.16
2021-01-13 16:30:00,5,2136.23,8.61,77.46,82.97,54.36,214.29,246.12,20.01
2021-01-13 17:30:00,5,2830.51,11.06,120.64,22.71,52.93,241.06,281.72,26.6
2021-01-13 18:30:00,5,3685,35.76,126.12,0.09,53.88,280.67,335.27,33.95
2021-01-13 19:30:00,5,4432.68,57.22,112.41,0,54.84,338.05,411.73,34.96
2021-01-13 20:30:00,5,4753.11,59.01,101.45,0,51.5,377.46,464.18,28.37
2021-01-13 21:30:00,5,5287.17,68.84,94.59,0,49.59,429.43,531.99,24.32
2021-01-13 22:30:00,5,6301.88,92.09,87.74,0,51.5,508.31,633.27,25.84
2021-01-13 23:30:00,5,6675.72,108.18,80.2,0,47.68,532.98,663.65,23.31
2021-01-14 00:30:00,5,6141.66,109.08,69.92,0,38.15,490.86,604.95,16.21
2021-01-14 01:30:00,5,6088.26,112.65,61.69,0,32.42,497.82,598.1,11.65
2021-01-14 02:30:00,5,6622.31,119.81,58.95,0,30.52,562.94,656.72,9.37
2021-01-14 03:30:00,5,7156.37,123.38,61.01,0,31.47,639.49,730.38,8.99
2021-01-14 04:30:00,5,7370,125.17,61.01,0,34.33,695.28,786.99,11.27
2021-01-14 05:30:00,5,7476.81,128.75,57.58,0,41.96,730.8,827.97,17.23
2021-01-14 06:30:00,5,7583.62,141.26,52.09,0,53.88,746.05,833.79,27.11
2021-01-14 07:30:00,5,9185.79,203.85,52.78,0,59.61,838.01,931.28,29.39
2021-01-14 08:30:00,5,10894.78,282.53,61.01,0.06,59.13,914.55,993.84,23.05
2021-01-14 09:30:00,5,8865.36,219.94,70.6,0.77,61.99,748.87,812.35,18.75
2021-01-14 10:30:00,5,8972.17,207.42,86.37,3.04,64.85,743.55,822.89,25.84
2021-01-14 11:30:00,5,8544.92,151.99,135.72,11.98,75.34,724.23,808.24,34.96
2021-01-14 12:30:00,5,2269.75,39.79,123.38,68.67,244.14,313.02,340.45,2.72
2021-01-14 13:30:00,5,1869.2,28.61,112.41,87.26,225.07,276.49,300.26,1.39
2021-01-14 14:30:00,5,1869.2,19.22,102.82,103,194.55,269.29,292.13,2.31
2021-01-14 15:30:00,5,3578.19,45.6,142.57,51.5,167.85,366.06,416.83,24.83
2021-01-14 16:30:00,5,6462.1,125.17,191.93,11.98,190.74,532.75,631.02,62.32
2021-01-14 17:30:00,5,9292.6,227.09,219.35,1.22,236.51,683.32,827.24,101.33
2021-01-14 18:30:00,5,12390.14,311.14,252.25,0.01,305.18,882.45,1080.4,151.99
2021-01-14 19:30:00,5,14739.99,343.32,271.44,0,362.4,1118.16,1368.29,200.63
2021-01-14 20:30:00,5,15594.48,321.87,254.99,0,335.69,1273.2,1549.41,198.6
2021-01-14 21:30:00,5,14739.99,271.8,205.64,0,188.83,1284.44,1564.34,100.32
2021-01-14 22:30:00,5,13565.06,236.03,156.28,0,122.07,1237.05,1513.17,64.85
2021-01-14 23:30:00,5,12069.7,205.64,120.64,0,95.37,1122.86,1380.31,51.17
2021-01-15 00:30:00,5,10253.91,175.24,101.45,0,72.48,978.08,1192.64,34.96
2021-01-15 01:30:00,5,8758.55,143.05,90.48,0,60.08,867.58,1042.99,27.87
2021-01-15 02:30:00,5,7263.18,108.18,82.94,0,52.93,779.62,921.47,25.33
2021-01-15 03:30:00,5,6301.88,80.47,78.83,0,52.45,724.05,840.73,25.33
2021-01-15 04:30:00,5,5821.23,65.27,76.77,0,54.84,703.44,803.34,25.84
2021-01-15 05:30:00,5,5661.01,61.69,74.71,0,58.65,704.4,794.97,26.85
2021-01-15 06:30:00,5,6355.29,84.04,74.71,0,67.71,759.06,858.01,33.44
2021-01-15 07:30:00,5,9078.98,171.66,78.14,0,82.02,955.52,1086.12,43.57
2021-01-15 08:30:00,5,12603.76,293.26,87.05,0.03,87.74,1178.85,1303.85,42.05
2021-01-15 09:30:00,5,10787.96,239.61,109.67,0.54,93.46,1027.58,1121.85,30.4
2021-01-15 10:30:00,5,11856.08,261.07,126.12,3,89.65,1063.91,1183.34,31.67
2021-01-15 11:30:00,5,11642.46,198.48,186.44,14.66,85.83,1043.26,1173.87,34.96
2021-01-15 12:30:00,5,3364.56,29.5,139.83,95.84,207.9,533.81,580.78,0.25
2021-01-15 13:30:00,5,2536.77,14.53,112.41,151.63,181.2,463.9,501.55,0.18
2021-01-15 14:30:00,5,2376.56,9.28,105.56,185.97,171.66,456.02,490.85,0.34
2021-01-15 15:30:00,5,4165.65,24.36,178.22,97.28,171.66,596.44,658.26,20.27
2021-01-15 16:30:00,5,7476.81,90.3,268.7,18.42,221.25,793.56,900.09,61.81
2021-01-15 17:30:00,5,10787.96,205.64,312.57,1.59,297.55,959.1,1112.2,105.38
2021-01-15 18:30:00,5,13885.5,300.41,356.44,0.01,396.73,1117.32,1326.31,154.02
2021-01-15 19:30:00,5,15594.48,329.02,394.82,0,495.91,1308,1576.63,202.66
2021-01-15 20:30:00,5,16021.73,303.98,389.34,0,518.8,1469.26,1778.89,229
2021-01-15 21:30:00,5,15380.86,264.65,323.53,0,358.58,1500.13,1817.21,168.2
2021-01-15 22:30:00,5,14312.74,228.88,244.02,0,181.2,1438.42,1740.59,78.02
2021-01-15 23:30:00,5,12390.14,193.12,178.22,0,87.74,1294.56,1555.73,31.41
2021-01-16 00:30:00,5,10147.09,159.14,131.61,0,44.35,1111.45,1312.99,12.41
2021-01-16 01:30:00,5,8438.11,130.53,100.08,0,29.8,982.07,1144.5,8.61
2021-01-16 02:30:00,5,7156.37,110.87,78.83,0,27.42,900.44,1040.51,8.99
2021-01-16 03:30:00,5,6248.47,96.56,64.43,0,29.09,840.17,965.34,10.39
2021-01-16 04:30:00,5,5607.61,86.73,57.58,0,30.04,801.79,910.17,10.51
2021-01-16 05:30:00,5,5287.17,82.25,55.52,0,31.47,791.05,871.43,10.51
2021-01-16 06:30:00,5,5393.98,90.3,54.84,0,38.15,801.61,855.84,14.44
2021-01-16 07:30:00,5,6568.91,134.11,56.89,0,51.5,874.27,934.96,23.31
2021-01-16 08:30:00,5,7904.05,193.12,60.32,0.04,62.94,936.41,1008.25,26.35
2021-01-16 09:30:00,5,6301.88,148.42,66.49,0.43,85.83,780.95,843.47,19
2021-01-16 10:30:00,5,5447.39,112.65,69.92,2.91,79.16,681.35,746.65,16.21
2021-01-16 11:30:00,5,4592.9,71.53,78.14,11.8,70.57,577.17,635.94,12.67
2021-01-16 12:30:00,5,2082.82,14.98,65.12,70.81,80.11,313.86,341.91,3.45
2021-01-16 13:30:00,5,1575.47,10.06,52.09,97.28,72.48,253.03,275.74,4.75
2021-01-16 14:30:00,5,1401.9,8.38,47.3,110.15,69.62,229.24,250.09,6.84
2021-01-16 15:30:00,5,1708.98,10.39,56.89,91.55,57.7,232.55,259.44,12.67
2021-01-16 16:30:00,5,2510.07,17.66,85.68,47.21,47.21,264.35,304.04,20.01
2021-01-16 17:30:00,5,3364.56,34.42,112.41,8.32,44.35,294.71,345.57,23.05
2021-01-16 18:30:00,5,4165.65,60.8,113.79,0.03,48.16,336.11,399.54,25.33
2021-01-16 19:30:00,5,4699.71,72.42,97.33,0,48.64,381.48,458.88,24.57
2021-01-16 20:30:00,5,4806.52,70.63,78.14,0,42.92,408.94,494.71,20.52
2021-01-16 21:30:00,5,5180.36,78.68,64.43,0,38.62,458.69,555.64,18.75
2021-01-16 22:30:00,5,6088.26,101.92,55.52,0,39.58,538.29,653.86,20.27
2021-01-16 23:30:00,5,6408.69,116.23,50.04,0,37.19,568.47,685.9,18.75
2021-01-17 00:30:00,5,5981.45,116.23,45.24,0,28.85,537.94,638.6,12.79
2021-01-17 01:30:00,5,5714.42,111.76,43.53,0,23.84,526.73,595.71,9.12
2021-01-17 02:30:00,5,5500.79,102.82,46.61,0,22.89,523.99,560.37,7.98
2021-01-17 03:30:00,5,4432.68,66.16,57.58,0,29.56,448.78,464.89,9.25
2021-01-17 04:30:00,5,4219.06,59.01,57.58,0,30.28,442.03,456.75,9.63
2021-01-17 05:30:00,5,4005.43,53.2,56.21,0,33.38,431.72,448.8,11.65
2021-01-17 06:30:00,5,3391.27,39.34,56.89,0,40.05,397.38,420.55,15.58
2021-01-17 07:30:00,5,3364.56,40.23,60.32,0,47.68,396.93,427.82,19.51
2021-01-17 08:30:00,5,3578.19,48.73,67.17,0.05,52.45,408.7,440.04,20.01
2021-01-17 09:30:00,5,2510.07,17.43,82.94,7.33,71.53,326,348.27,11.02
2021-01-17 10:30:00,5,2002.72,14.98,65.8,32.19,63.9,267.83,290.35,8.74
2021-01-17 11:30:00,5,1575.47,13.41,49.35,60.8,62.94,221,239.78,6.52
2021-01-17 12:30:00,5,1108.17,10.73,40.1,84.4,75.34,187.16,199.77,1.01
2021-01-17 13:30:00,5,947.95,7.82,35.99,104.43,81.06,182.12,193.09,0.34
2021-01-17 14:30:00,5,961.3,4.47,33.24,140.19,83.92,223.62,234.47,0.61
2021-01-17 15:30:00,5,1121.52,3.16,36.67,151.63,81.06,269.77,282.82,2.19
2021-01-17 16:30:00,5,1308.44,1.93,43.18,134.47,65.8,292.04,308.69,5.38
2021-01-17 17:30:00,5,1482.01,0.42,52.09,113.01,59.61,314.7,335.07,6.84
2021-01-17 18:30:00,5,1615.52,0,55.52,104.43,60.56,352.5,376.82,7.16
2021-01-17 19:30:00,5,1628.88,0,51.41,107.29,57.22,383.26,410.85,6.71
2021-01-17 20:30:00,5,1588.82,0,44.55,110.15,51.02,400.47,429.23,5.38
2021-01-17 21:30:00,5,1495.36,0,37.36,111.58,43.87,405.19,432.78,3.99
2021-01-17 22:30:00,5,1415.25,0,32.56,110.15,39.1,398.78,424.74,3.93
2021-01-17 23:30:00,5,1308.44,0,29.13,104.43,33.85,375.44,397.89,3.29
2021-01-18 00:30:00,5,1188.28,0,25.36,98.71,30.04,342.59,360.37,2.79
2021-01-18 01:30:00,5,1148.22,0,25.02,86.55,30.28,317.9,334.26,3.52
2021-01-18 02:30:00,5,1108.17,0,23.99,76.53,29.56,293.62,309.28,3.86
2021-01-18 03:30:00,5,1108.17,0,24.68,68.67,30.99,279.33,294.75,4.18
2021-01-18 04:30:00,5,1108.17,0,26.05,63.66,32.42,275.79,291.45,4.37
2021-01-18 05:30:00,5,1161.58,0,28.79,57.94,35.29,281.32,297.68,4.62
2021-01-18 06:30:00,5,1321.79,0.01,37.36,47.92,41.49,293.17,310.92,5.57
2021-01-18 07:30:00,5,1682.28,0.3,56.21,27.18,50.55,315.26,337.66,7.92
2021-01-18 08:30:00,5,2029.42,3.86,72.66,8.4,57.7,327.53,353.89,9.25
2021-01-18 09:30:00,5,2082.82,9.61,69.92,9.12,60.08,319.05,345.17,9.37
2021-01-18 10:30:00,5,2002.72,11.51,67.17,14.48,66.76,305.2,329.68,9.75
2021-01-18 11:30:00,5,1815.8,11.85,70.6,17.17,83.92,287.42,308.87,10.01
2021-01-18 12:30:00,5,1441.96,9.61,74.03,28.61,105.86,229.77,244.94,8.36
2021-01-18 13:30:00,5,1321.79,12.85,77.46,33.62,123.98,204.11,217.88,8.23
2021-01-18 14:30:00,5,1281.74,15.65,83.63,33.26,150.68,205.89,220.01,8.61
2021-01-18 15:30:00,5,1815.8,24.36,94.59,21.99,146.87,249.38,273.4,15.07
2021-01-18 16:30:00,5,2990.72,46.05,104.19,7.24,114.44,325.74,368.15,23.05
2021-01-18 17:30:00,5,4219.06,79.57,109.67,0.96,97.28,390.55,449.26,27.36
2021-01-18 18:30:00,5,5393.98,108.18,109.67,0.01,90.6,461.08,542.14,32.93
2021-01-18 19:30:00,5,6408.69,119.81,101.45,0,82.97,548.44,660.23,35.97
2021-01-18 20:30:00,5,7049.56,121.59,89.11,0,77.25,616.88,758.47,33.95
2021-01-18 21:30:00,5,7583.62,126.96,75.4,0,69.62,684.01,857.27,32.17
2021-01-18 22:30:00,5,8544.92,144.84,62.38,0,67.71,772.84,975.9,33.95
2021-01-18 23:30:00,5,8438.11,150.2,52.78,0,60.56,767.98,969.17,29.13
2021-01-19 00:30:00,5,7263.18,135.9,46.61,0,48.16,686.66,856.19,19.51
2021-01-19 01:30:00,5,6355.29,121.59,43.18,0,43.39,629.9,771.49,15.96
2021-01-19 02:30:00,5,5767.82,109.97,40.44,0,41.01,590.26,709.5,14.69
2021-01-19 03:30:00,5,5180.36,100.14,38.73,0,39.58,559.84,658.59,14.69
2021-01-19 04:30:00,5,4806.52,93.88,36.33,0,35.76,532.61,608.07,14.06
2021-01-19 05:30:00,5,4646.3,93.88,33.59,0,32.42,523.92,570.98,12.29
2021-01-19 06:30:00,5,5020.14,108.18,31.19,0,35.76,544.53,586.93,13.81
2021-01-19 07:30:00,5,6622.31,160.93,30.85,0,46.73,631.67,690.83,19.25
2021-01-19 08:30:00,5,7690.43,205.64,33.24,0.12,51.5,664.8,738.38,19.76
2021-01-19 09:30:00,5,4165.65,84.04,48.67,3.31,56.27,415.25,461.37,14.31
2021-01-19 10:30:00,5,3845.22,62.59,55.52,11.8,61.99,398.1,448.42,15.96
2021-01-19 11:30:00,5,3204.35,38.45,64.43,31.11,69.62,375.97,424.89,15.33
2021-01-19 12:30:00,5,1668.93,11.85,45.93,80.82,73.43,274.76,300.86,5.57
2021-01-19 13:30:00,5,1375.2,6.71,37.01,111.58,61.99,243.55,264.77,5.45
2021-01-19 14:30:00,5,1281.74,4.75,34.62,128.75,58.17,227.68,247.04,6.84
2021-01-19 15:30:00,5,1495.36,4.92,44.55,118.73,56.74,234.36,256.98,11.4
2021-01-19 16:30:00,5,1949.31,5.53,67.17,82.97,54.36,260.11,288.79,16.72
2021-01-19 17:30:00,5,2296.45,3.05,94.59,36.84,49.59,272.72,305.35,17.99
2021-01-19 18:30:00,5,2563.48,2.68,105.56,7.69,47.21,285.65,322.47,17.23
2021-01-19 19:30:00,5,2643.59,3.33,94.59,5.19,44.35,299.68,341.62,15.58
2021-01-19 20:30:00,5,2510.07,1.31,79.51,10.82,38.62,306.3,349.17,12.67
2021-01-19 21:30:00,5,2349.85,0.33,67.86,18.6,34.33,305.26,346.73,11.02
2021-01-19 22:30:00,5,2243.04,0.18,61.01,21.99,32.42,304.64,345.19,10.26
2021-01-19 23:30:00,5,2029.42,0.12,53.47,24.32,27.66,291.52,326.48,8.04
2021-01-20 00:30:00,5,1668.93,0.04,42.84,29.68,22.17,270.47,296.35,5.38
2021-01-20 01:30:00,5,1482.01,0.01,34.96,34.69,21.22,265.02,286.24,4.56
2021-01-20 02:30:00,5,1401.9,0.01,30.5,37.55,21.7,268.79,287.46,4.18
2021-01-20 03:30:00,5,1348.5,0.01,28.1,38.27,22.89,272.28,289.55,4.02
2021-01-20 04:30:00,5,1295.09,0.01,27.08,38.98,24.8,274.43,290.31,3.83
2021-01-20 05:30:00,5,1268.39,0.01,28.1,40.41,27.9,274.08,289.26,3.93
2021-01-20 06:30:00,5,1388.55,0.02,34.62,40.05,33.38,278.79,295.6,5.26
2021-01-20 07:30:00,5,1695.63,0.08,47.98,33.98,40.05,291.39,313.08,7.41
2021-01-20 08:30:00,5,1842.5,0.92,53.47,39.7,45.3,294.21,316.84,7.35
2021-01-20 09:30:00,5,1708.98,3.91,43.53,65.09,51.5,281.02,301.79,6.08
2021-01-20 10:30:00,5,1615.52,5.53,35.99,87.98,56.74,281.64,301.95,6.14
2021-01-20 11:30:00,5,1482.01,5.14,31.53,114.44,59.61,279.93,298.84,6.02
2021-01-20 12:30:00,5,1121.52,3.44,22.62,135.9,50.07,225.09,239.34,3.77
2021-01-20 13:30:00,5,1001.36,2.79,19.88,145.91,46.25,209.39,221.79,3.33
2021-01-20 14:30:00,5,1001.36,2.54,20.91,148.77,46.73,213.34,225.61,3.9
2021-01-20 15:30:00,5,1108.17,2.6,27.08,143.05,49.59,226.95,240.63,5.76
2021-01-20 16:30:00,5,1321.79,2.26,39.07,124.45,50.55,249.43,265.79,8.61
2021-01-20 17:30:00,5,1508.71,0.66,52.09,101.57,47.21,263.15,281.6,10.89
2021-01-20 18:30:00,5,1682.28,0.01,58.95,83.69,45.3,277.84,299.55,12.41
2021-01-20 19:30:00,5,1762.39,0,56.21,78.68,41.01,290.01,315.46,12.29
2021-01-20 20:30:00,5,1708.98,0,47.98,78.68,34.81,292.84,319.25,10.13
2021-01-20 21:30:00,5,1655.58,0,42.5,77.25,30.52,290.95,316.71,8.36
2021-01-20 22:30:00,5,1628.88,0,39.76,73.67,28.37,291.88,317.01,7.47
2021-01-20 23:30:00,5,1522.06,0,35.99,72.24,24.56,286.26,307.48,5.76
2021-01-21 00:30:00,5,1321.79,0,29.13,75.1,20.74,274.69,290.37,3.96
2021-01-21 01:30:00,5,1228.33,0,23.99,78.68,20.03,273.35,286.63,3.67
2021-01-21 02:30:00,5,1214.98,0,21.59,80.82,20.27,277.91,290.05,3.71
2021-01-21 03:30:00,5,1214.98,0,20.39,81.54,20.74,282.95,294.51,3.86
2021-01-21 04:30:00,5,1214.98,0,20.39,77.96,21.46,283.58,294.9,4.02
2021-01-21 05:30:00,5,1228.33,0,22.28,71.53,22.89,276.03,287.35,4.24
2021-01-21 06:30:00,5,1321.79,0,28.45,61.51,26.7,269.57,282.98,5.38
2021-01-21 07:30:00,5,1535.42,0.03,41.13,44.7,31.47,268.89,286.99,7.28
2021-01-21 08:30:00,5,1655.58,1.37,47.98,33.98,34.33,261.6,281.91,7.92
2021-01-21 09:30:00,5,1602.17,6.54,40.78,44.35,37.19,248.56,268.87,8.36
2021-01-21 10:30:00,5,1522.06,8.16,34.27,65.09,41.96,233.65,253.68,10.26
2021-01-21 11:30:00,5,1375.2,6.82,30.16,91.55,45.3,214.11,232.77,10.77
2021-01-21 12:30:00,5,1094.82,4.19,23.31,127.32,41.01,166.87,182.83,8.61
2021-01-21 13:30:00,5,974.66,3.19,20.91,145.91,39.1,147.27,162.53,7.98
2021-01-21 14:30:00,5,947.95,2.79,21.08,151.63,37.67,139.47,154.85,8.61
2021-01-21 15:30:00,5,1201.63,4.19,33.59,131.61,39.58,149.09,169.13,12.67
2021-01-21 16:30:00,5,1655.58,6.04,56.89,92.98,41.96,170.83,197.79,17.73
2021-01-21 17:30:00,5,2082.82,4.14,87.74,44.7,41.96,186.86,219.46,22.29
2021-01-21 18:30:00,5,2643.59,7.71,112.41,4.78,44.82,217.83,260.04,29.13
2021-01-21 19:30:00,5,3204.35,23.92,104.19,0.05,46.73,263.34,319.52,34.45
2021-01-21 20:30:00,5,3391.27,26.82,95.96,0.02,43.87,295.24,358.87,30.4
2021-01-21 21:30:00,5,3524.78,29.06,90.48,0.01,40.53,321.73,391.06,24.07
2021-01-21 22:30:00,5,3898.62,39.79,83.63,0,39.58,361.12,440.98,20.01
2021-01-21 23:30:00,5,3952.03,46.94,76.77,0,34.33,373.03,451.62,14.19
2021-01-22 00:30:00,5,3791.81,52.75,67.17,0,25.75,365.86,438.56,8.99
2021-01-22 01:30:00,5,4058.84,62.59,58.95,0,25.27,399.97,473.2,8.36
2021-01-22 02:30:00,5,4646.3,73.31,54.84,0,27.9,460.41,536.78,8.87
2021-01-22 03:30:00,5,5287.17,84.04,54.15,0,31.47,530.17,610.38,9.5
2021-01-22 04:30:00,5,5821.23,92.09,56.21,0,34.81,581.23,661.44,10.13
2021-01-22 05:30:00,5,6248.47,103.71,61.69,0,40.05,630.66,710.99,11.78
2021-01-22 06:30:00,5,7156.37,130.53,67.17,0,48.16,693.01,785.33,16.97
2021-01-22 07:30:00,5,9399.41,207.42,69.23,0,56.74,832.54,958.04,21.53
2021-01-22 08:30:00,5,11535.65,300.41,73.34,0.18,59.61,940.07,1086.88,20.01
2021-01-22 09:30:00,5,7263.18,159.14,89.11,3.58,74.39,620.61,711.42,15.96
2021-01-22 10:30:00,5,6408.69,109.08,104.19,13.77,68.67,564.96,651.22,21.79
2021-01-22 11:30:00,5,5821.23,54.09,132.98,50.78,65.8,550.19,630.05,25.08
2021-01-22 12:30:00,5,2243.04,13.86,80.2,123.02,144.96,319.03,352.75,6.21
2021-01-22 13:30:00,5,1695.63,9.05,66.49,154.5,146.87,291.57,318.48,3.29
2021-01-22 14:30:00,5,1548.77,5.81,58.95,185.97,139.24,298.55,324.3,3.36
2021-01-22 15:30:00,5,1655.58,4.58,63.06,185.97,127.79,303.57,330.95,7.09
2021-01-22 16:30:00,5,1976.01,3.19,74.03,155.93,97.28,307.35,338.63,13.3
2021-01-22 17:30:00,5,2269.75,0.94,89.11,113.01,71.53,303.25,337.21,18.49
2021-01-22 18:30:00,5,2483.37,0.02,97.33,74.39,58.17,303.98,341.49,23.56
2021-01-22 19:30:00,5,2536.77,0,91.85,60.08,50.55,311.97,353.55,27.11
2021-01-22 20:30:00,5,2483.37,0,81.57,55.79,44.35,318.55,362.36,23.81
2021-01-22 21:30:00,5,2323.15,0,67.86,57.94,37.67,316.47,358.89,16.97
2021-01-22 22:30:00,5,2189.64,0,58.26,60.8,33.38,319.12,358.89,12.67
2021-01-22 23:30:00,5,2002.72,0,50.72,65.8,28.61,316.79,350.71,8.36
2021-01-23 00:30:00,5,1695.63,0,38.39,74.39,22.17,300.65,325.34,4.94
2021-01-23 01:30:00,5,1455.31,0,25.71,84.4,18.36,284.49,303.71,3.48
2021-01-23 02:30:00,5,1308.44,0,20.22,87.26,20.5,282.93,299.94,2.44
2021-01-23 03:30:00,5,1214.98,0,19.36,81.54,25.75,295.61,311.68,1.39
2021-01-23 04:30:00,5,1161.58,0,20.39,71.53,28.85,315.19,331.02,0.86
2021-01-23 05:30:00,5,1161.58,0,22.96,60.08,30.99,340.44,356.68,0.75
2021-01-23 06:30:00,5,1281.74,0.02,29.47,44.7,35.76,377.43,396.49,1.5
2021-01-23 07:30:00,5,1575.47,0.45,43.53,22.53,44.35,416.37,441.08,3.39
2021-01-23 08:30:00,5,1842.5,5.42,52.09,8.4,49.59,443.58,472.55,5.07
2021-01-23 09:30:00,5,1895.9,13.41,44.55,16.27,48.16,444.23,474.42,6.71
2021-01-23 10:30:00,5,1789.09,14.08,37.7,31.83,44.82,426.18,455.28,9.25
2021-01-23 11:30:00,5,1615.52,9.95,33.93,59.37,42.44,390.83,416.63,10.13
2021-01-23 12:30:00,5,1148.22,3.58,23.99,133.04,44.35,287.76,306.12,5.7
2021-01-23 13:30:00,5,1054.76,2.43,20.74,160.22,45.3,263.77,281.02,5.38
2021-01-23 14:30:00,5,1054.76,2.01,20.91,170.23,47.21,260.62,277.75,6.27
2021-01-23 15:30:00,5,1241.68,2.35,30.85,154.5,47.21,263.34,283.09,9.63
2021-01-23 16:30:00,5,1588.82,2.12,45.93,123.02,41.01,277.86,301.86,14.31
2021-01-23 17:30:00,5,1922.61,0.75,65.12,87.98,37.67,291.21,319,18.24
2021-01-23 18:30:00,5,2216.34,0.02,79.51,62.23,37.67,310.49,343.23,21.79
2021-01-23 19:30:00,5,2296.45,0,78.14,55.79,37.19,331.63,368.7,21.79
2021-01-23 20:30:00,5,2189.64,0,66.49,55.79,34.81,344.89,382.83,18.24
2021-01-23 21:30:00,5,1949.31,0,52.09,57.94,29.8,340.38,374.92,14.44
2021-01-23 22:30:00,5,1842.5,0,45.24,57.94,25.99,331.54,363.77,12.54
2021-01-23 23:30:00,5,1708.98,0,40.44,59.37,22.41,316.97,345.02,9.75
2021-01-24 00:30:00,5,1682.28,0,41.47,51.5,17.88,310.34,335.21,6.33
2021-01-24 01:30:00,5,1842.5,0.01,45.24,35.76,17.88,323.5,349.67,5.51
2021-01-24 02:30:00,5,2029.42,0.08,50.04,22.53,20.5,345.5,374.71,5.51
2021-01-24 03:30:00,5,2296.45,0.59,59.63,10.37,23.6,378.88,413.08,6.02
2021-01-24 04:30:00,5,2643.59,3.49,65.12,2.19,25.99,416.11,456.38,6.59
2021-01-24 05:30:00,5,3044.13,11.06,63.75,0.11,28.85,451.49,497.22,7.92
2021-01-24 06:30:00,5,3578.19,25.48,58.95,0.01,34.81,490.24,540.1,11.78
2021-01-24 07:30:00,5,4272.46,51.86,53.47,0,41.96,527.43,588.99,16.47
2021-01-24 08:30:00,5,4379.27,67.95,47.98,0.4,42.92,516.4,581.76,16.47
2021-01-24 09:30:00,5,3231.05,42.92,45.24,4.47,45.78,434.36,485.8,14.06
2021-01-24 10:30:00,5,2777.1,31.74,44.55,14.66,52.45,406.81,453.49,13.93
2021-01-24 11:30:00,5,2349.85,19.67,45.93,36.84,60.08,387.38,427.95,13.43
2021-01-24 12:30:00,5,1361.85,4.97,29.13,108.72,59.13,312.49,340.36,2.82
2021-01-24 13:30:00,5,1081.47,2.46,18.51,137.33,38.62,251.31,277.56,3.2
2021-01-24 14:30:00,5,988.01,1.84,16.11,144.48,31.95,216.3,238.69,4.56
2021-01-24 15:30:00,5,1121.52,2.68,25.02,127.32,35.76,200.39,222.54,8.36
2021-01-24 16:30:00,5,1415.25,3.33,41.13,98.71,40.53,208.68,233.98,12.67
2021-01-24 17:30:00,5,1682.28,1.38,58.26,68.67,40.53,221.17,248.27,15.71
2021-01-24 18:30:00,5,2296.45,0.46,83.63,28.25,40.53,256.7,292.07,22.8
2021-01-24 19:30:00,5,3070.83,7.82,93.22,2.66,41.49,315.26,366.97,30.91
2021-01-24 20:30:00,5,3524.78,16.99,82.94,0.24,40.05,357.34,422.68,28.12
2021-01-24 21:30:00,5,3631.59,20.12,74.03,0.09,37.19,374.84,447.19,21.53
2021-01-24 22:30:00,5,3471.37,18.77,68.55,0.11,33.38,366.33,437.53,16.47
2021-01-24 23:30:00,5,2964.02,12.52,63.06,0.49,26.46,323.16,382.72,10.51
2021-01-25 00:30:00,5,2323.15,4.25,56.89,3,20.5,274.31,318.62,6.4
2021-01-25 01:30:00,5,2082.82,1.9,51.41,6.26,21.7,262.12,299.7,6.21
2021-01-25 02:30:00,5,2002.72,0.96,45.93,9.57,22.17,261.36,295.66,6.14
2021-01-25 03:30:00,5,1922.61,0.72,42.5,11.27,21.94,259.76,292.77,6.08
2021-01-25 04:30:00,5,1895.9,0.89,41.13,10.28,22.41,256.42,289.03,6.27
2021-01-25 05:30:00,5,1949.31,2.38,43.18,5.81,24.32,255.03,288.1,7.09
2021-01-25 06:30:00,5,2269.75,11.74,46.61,1,30.28,270.51,308.36,10.26
2021-01-25 07:30:00,5,3044.13,37.1,49.35,0.01,40.53,308.5,358.86,15.45
2021-01-25 08:30:00,5,3471.37,58.12,52.09,1.2,46.73,315.65,371.02,17.23
2021-01-25 09:30:00,5,3364.56,58.12,53.47,8.05,54.36,290.78,344.55,17.99
2021-01-25 10:30:00,5,3284.45,49.62,61.01,20.74,67.71,284.75,339.77,21.79
2021-01-25 11:30:00,5,2937.32,33.08,69.23,45.06,83.92,269.25,320.92,24.07
2021-01-25 12:30:00,5,1482.01,9.39,43.18,108.72,72.48,155.54,181.41,11.02
2021-01-25 13:30:00,5,1174.93,5.87,34.62,133.04,67.71,137.09,158.19,7.92
2021-01-25 14:30:00,5,1108.17,4.97,34.96,143.05,73.43,134.32,155.03,7.66
2021-01-25 15:30:00,5,2162.93,14.75,73.34,87.26,77.25,190.14,228.99,20.77
2021-01-25 16:30:00,5,4112.24,49.17,116.53,23.96,79.16,289.31,359.68,37.49
2021-01-25 17:30:00,5,6034.85,114.44,130.24,2.75,84.88,371.13,470.22,48.13
2021-01-25 18:30:00,5,7690.43,171.66,134.35,0.03,99.18,461.08,588.89,57.76
2021-01-25 19:30:00,5,8651.73,187.76,126.12,0,94.41,544.97,696.89,52.69
2021-01-25 20:30:00,5,8651.73,169.87,105.56,0,75.34,577.28,738.44,37.49
2021-01-25 21:30:00,5,7904.05,143.05,82.25,0,58.65,569.1,720.96,26.6
2021-01-25 22:30:00,5,6942.75,114.44,67.17,0,48.64,525.73,660.9,21.03
2021-01-25 23:30:00,5,5287.17,78.68,59.63,0,36.24,412.3,515.97,13.43
2021-01-26 00:30:00,5,3364.56,38.45,56.89,0,25.75,274.71,339.54,8.04
2021-01-26 01:30:00,5,2616.88,21.68,54.15,0.03,23.13,225.28,273.9,6.84
2021-01-26 02:30:00,5,2243.04,11.96,52.09,0.26,22.41,204.2,244.43,6.46
2021-01-26 03:30:00,5,2002.72,5.14,50.04,1.83,21.94,191.66,226.76,6.21
2021-01-26 04:30:00,5,1842.5,1.75,46.61,6.08,21.94,184.12,215.56,6.02
2021-01-26 05:30:00,5,1815.8,1.24,45.93,8.67,23.37,182.39,212.16,6.4
2021-01-26 06:30:00,5,2056.12,4.92,52.78,4.74,29.09,199.24,233.42,8.87
2021-01-26 07:30:00,5,2777.1,24.81,61.01,0.12,39.58,243.23,292.08,13.55
2021-01-26 08:30:00,5,3364.56,49.17,65.8,1.92,47.21,269.36,327.26,15.83
2021-01-26 09:30:00,5,3524.78,59.01,67.86,10.82,53.88,273.02,332.9,18.49
2021-01-26 10:30:00,5,3578.19,52.75,75.4,25.75,63.9,282.76,344.47,25.08
2021-01-26 11:30:00,5,3231.05,33.08,80.88,57.22,78.2,279.73,335.33,27.36
2021-01-26 12:30:00,5,1134.87,6.54,33.59,125.89,62.94,110.99,130.31,8.49
2021-01-26 13:30:00,5,867.84,3.97,23.31,140.19,51.98,89.56,104.43,5.83
2021-01-26 14:30:00,5,807.76,3.24,21.76,145.91,51.5,89.54,103.72,5.64
2021-01-26 15:30:00,5,1148.22,5.2,37.36,124.45,58.17,113.59,133.65,10.51
2021-01-26 16:30:00,5,1815.8,8.05,67.86,86.55,65.8,159.99,191.13,17.73
2021-01-26 17:30:00,5,2403.26,6.2,105.56,37.91,66.76,193.55,233.41,23.81
2021-01-26 18:30:00,5,3391.27,21.01,126.12,1.68,66.76,248.34,305.73,33.95
2021-01-26 19:30:00,5,4592.9,53.2,112.41,0,65.8,335.28,420.45,39.52
2021-01-26 20:30:00,5,5287.17,67.06,97.33,0,61.04,406.42,512.89,32.93
2021-01-26 21:30:00,5,5447.39,70.63,83.63,0,54.84,441.77,556.48,26.6
2021-01-26 22:30:00,5,5233.76,67.95,73.34,0,48.16,440.75,551.5,21.53
2021-01-26 23:30:00,5,4486.08,57.22,66.49,0,36.72,383.05,475.87,13.93
2021-01-27 00:30:00,5,3337.86,37.1,60.32,0,25.75,293.61,358.48,7.98
2021-01-27 01:30:00,5,2510.07,19.45,54.84,0.05,22.65,235.74,283.24,6.52
2021-01-27 02:30:00,5,2002.72,7.49,52.09,1.04,22.17,203.98,241.82,5.95
2021-01-27 03:30:00,5,1708.98,1.37,47.3,7.87,21.7,188.12,219.59,5.57
2021-01-27 04:30:00,5,1588.82,0.31,42.16,16.81,21.7,185.06,213.21,5.38
2021-01-27 05:30:00,5,1588.82,0.18,42.16,22.35,23.6,188.91,216.15,5.64
2021-01-28 06:30:00,5,3738.4,46.49,50.04,0,36.24,458.73,528.24,14.44
2021-01-28 07:30:00,5,5447.39,103.71,54.15,0,50.07,571.8,668.72,21.28
2021-01-28 08:30:00,5,6675.72,153.78,59.63,0.49,57.22,633.45,742.01,22.04
2021-01-28 09:30:00,5,6622.31,150.2,71.29,3.89,64.85,622.41,725.03,23.56
2021-01-28 10:30:00,5,7156.37,134.11,105.56,13.23,78.2,673.92,784.67,33.95
2021-01-28 11:30:00,5,7156.37,74.21,160.4,50.07,95.37,719.71,829.23,39.52
2021-01-28 12:30:00,5,2349.85,11.51,78.83,158.79,127.79,297.1,332.93,14.69
2021-01-28 13:30:00,5,1642.23,6.99,54.15,178.81,103,217.46,245.96,10.64
2021-01-28 14:30:00,5,1428.6,5.09,45.93,188.83,92.51,197.5,225.22,9.63
2021-01-28 15:30:00,5,2216.34,9.28,76.08,138.76,85.83,239.9,281.81,19.25
2021-01-28 16:30:00,5,3845.22,23.02,132.98,60.08,82.97,329.58,398.1,32.42
2021-01-28 17:30:00,5,5340.58,54.54,172.73,9.21,82.02,402.07,491.15,42.05
2021-01-28 18:30:00,5,6782.53,96.56,180.96,0.11,88.69,487.92,599.47,53.7
2021-01-28 19:30:00,5,8010.86,121.59,168.62,0,88.69,587.78,727.36,55.22
2021-01-28 20:30:00,5,8331.3,125.17,145.32,0,80.11,652.59,810.83,44.08
2021-01-28 21:30:00,5,8331.3,119.81,123.38,0,67.71,688.54,852.37,33.44
2021-01-28 22:30:00,5,8224.49,114.44,105.56,0,60.08,701.73,865.61,28.37
2021-01-28 23:30:00,5,7370,101.92,91.85,0,46.25,647.83,793.22,19.51
2021-01-29 00:30:00,5,5821.23,76.89,81.57,0,30.04,538.64,646.02,10.26
2021-01-29 01:30:00,5,4592.9,47.83,76.77,0,23.6,456.91,533.75,7.22
2021-01-29 02:30:00,5,3631.59,20.34,76.77,0.59,21.7,391.03,447.21,6.02
2021-01-29 03:30:00,5,2536.77,0.56,63.75,17.52,23.6,306.05,344.62,6.21
2021-01-29 04:30:00,5,2269.75,0.09,53.47,24.68,23.13,281.74,316.59,6.14
2021-01-29 05:30:00,5,2189.64,0.22,54.15,21.46,24.56,275.44,309.79,6.46
2021-01-29 06:30:00,5,2456.67,3.19,65.8,10.19,30.52,293.34,333.63,9.12
2021-01-29 07:30:00,5,3311.16,25.71,76.77,0.21,41.49,344.19,401.47,14.31
2021-01-29 08:30:00,5,4005.43,53.2,82.25,1.86,49.11,376.38,443.61,17.48
2021-01-29 09:30:00,5,3898.62,54.99,82.94,12.16,55.31,366.82,432.42,20.01
2021-01-29 10:30:00,5,3791.81,47.83,82.94,28.61,61.99,367.02,434.49,25.59
2021-01-29 11:30:00,5,3257.75,28.61,78.83,61.51,70.57,347.21,407.17,25.84
2021-01-29 12:30:00,5,1188.28,4.92,30.5,145.91,64.85,169.52,189.97,8.61
2021-01-29 13:30:00,5,907.9,3.02,20.74,157.36,56.74,142.33,157.36,6.33
2021-01-29 14:30:00,5,854.49,2.49,19.36,161.65,58.65,142.92,157.17,6.14
2021-01-29 15:30:00,5,1041.41,3.41,29.82,145.91,63.9,153.81,170.91,9.5
2021-01-29 16:30:00,5,1361.85,4.19,48.67,115.87,64.85,166.71,189.15,14.31
2021-01-29 17:30:00,5,1655.58,2.07,71.29,80.82,61.04,172.14,198.51,18.49
2021-01-29 18:30:00,5,2002.72,0.07,87.05,50.78,57.7,185.39,217.76,24.32
2021-01-29 19:30:00,5,2269.75,0.03,87.74,36.48,52.45,206.24,247.38,30.15
2021-01-29 20:30:00,5,2323.15,0.04,80.2,33.62,45.3,216.48,262.18,29.39
2021-01-29 21:30:00,5,2296.45,0.05,73.34,32.9,40.05,216.7,262.29,24.07
2021-01-29 22:30:00,5,2216.34,0.06,68.55,31.11,36.72,212.17,256.75,19.76
2021-01-29 23:30:00,5,1949.31,0.05,61.01,31.83,30.28,193.23,231.73,13.81
2021-01-30 00:30:00,5,1548.77,0.02,48.67,37.91,22.89,164.83,192.61,8.11
2021-01-30 01:30:00,5,1268.39,0,35.99,45.78,18.36,150.63,171.92,5.89
2021-01-30 02:30:00,5,1174.93,0,30.16,48.64,17.64,150.25,168.98,5.13
2021-01-30 03:30:00,5,1148.22,0,27.42,49.35,17.88,156.17,173.48,4.81
2021-01-30 04:30:00,5,1134.87,0,26.05,48.64,18.36,160.68,177.05,4.69
2021-01-30 05:30:00,5,1148.22,0.01,27.42,44.7,19.79,163.43,179.91,4.81
2021-01-30 06:30:00,5,1268.39,0.05,34.62,36.48,23.6,170.58,189.77,6.14
2021-01-30 07:30:00,5,1588.82,0.59,50.72,20.74,29.8,186,211.85,8.99
2021-01-30 08:30:00,5,1789.09,5.48,58.26,15.56,34.33,188.89,217.85,10.77
2021-01-30 09:30:00,5,1695.63,12.52,47.3,34.69,39.58,179.25,207.29,12.41
2021-01-30 10:30:00,5,1602.17,12.85,39.76,55.08,45.3,175.3,202.82,14.95
2021-01-30 11:30:00,5,1441.96,8.94,34.27,87.26,50.55,172.58,197.4,14.57
2021-01-30 12:30:00,5,1001.36,3.35,19.88,144.48,43.87,136.38,151.44,8.99
2021-01-30 13:30:00,5,881.2,2.38,16.11,161.65,39.58,126.49,139.07,8.23
2021-01-30 14:30:00,5,847.82,2.1,15.94,167.37,38.62,122.28,134.22,8.61
2021-01-30 15:30:00,5,1054.76,3.24,26.39,148.77,40.53,130.3,145.47,11.53
2021-01-30 16:30:00,5,1401.9,4.58,44.55,114.44,41.96,146.44,166.96,15.2
2021-01-30 17:30:00,5,1708.98,3.05,68.55,73.67,40.53,153.79,178.48,18.75
2021-01-30 18:30:00,5,2162.93,0.35,93.22,30.04,41.01,171.2,203.57,24.57
2021-01-30 19:30:00,5,2563.48,2.99,98.71,6.97,40.05,199.39,242.48,30.65
2021-01-30 20:30:00,5,2643.59,6.54,87.74,2.08,35.76,212.84,261.09,30.15
2021-01-30 21:30:00,5,2590.18,6.82,79.51,1.79,31.47,214.26,262.6,24.57
2021-01-30 22:30:00,5,2536.77,6.09,76.08,2.19,29.33,213.94,261.51,22.29
2021-01-30 23:30:00,5,2323.15,3.58,71.29,4.56,24.56,197.71,238.5,17.48
2021-01-31 00:30:00,5,1922.61,1.01,62.38,10.37,18.36,169.07,199.81,11.27
2021-01-31 01:30:00,5,1762.39,0.47,53.47,13.41,17.17,162.38,190.22,8.61
2021-01-31 02:30:00,5,1762.39,0.53,49.35,12.16,17.41,167.96,197.02,7.47
2021-01-31 03:30:00,5,1789.09,1.17,47.3,7.42,17.64,175.37,207.23,7.03
2021-01-31 04:30:00,5,1815.8,3.24,44.55,2.77,18.12,181.65,214.51,6.97
2021-01-31 05:30:00,5,1895.9,8.61,42.5,0.57,19.79,189.81,222.38,7.66
2021-01-31 06:30:00,5,2269.75,22.13,41.81,0.06,25.27,214.42,252.38,10.89
2021-01-31 07:30:00,5,3124.24,51.41,46.61,0,34.33,265.53,317.23,16.09
2021-01-31 08:30:00,5,3791.81,81.36,49.35,1.12,38.62,293.82,353.17,19
2021-01-31 09:30:00,5,3952.03,90.3,56.89,6.71,41.01,295.62,356.48,23.31
2021-01-31 10:30:00,5,4165.65,83.15,77.46,17.88,47.68,307.32,373.33,29.64
2021-01-31 11:30:00,5,3952.03,54.54,101.45,45.42,54.84,310.4,374.66,28.88
2021-01-31 12:30:00,5,1348.5,9.05,45.93,127.32,68.67,158.75,180.38,10.64
2021-01-31 13:30:00,5,1041.41,5.53,33.59,147.34,55.31,137.35,154.24,8.36
2021-01-31 14:30:00,5,1014.71,4.53,32.9,158.79,54.84,136.82,153.09,8.49
2021-01-31 15:30:00,5,2082.82,14.19,74.03,98.71,61.04,191.14,225.11,19.76
2021-01-31 16:30:00,5,3524.78,36.66,116.53,36.48,67.71,262.93,317.41,31.67
2021-01-31 17:30:00,5,4753.11,76.89,134.35,5.99,83.92,310.37,377.95,46.1
2021-01-31 18:30:00,5,6462.1,132.32,141.2,0.09,121.12,409.48,499.47,72.96
2021-01-31 19:30:00,5,8651.73,169.87,154.91,0,160.22,590.39,713.93,105.38
2021-01-31 20:30:00,5,10253.91,180.6,169.99,0,181.2,771.09,924.38,123.62
2021-01-31 21:30:00,5,10894.78,169.87,172.73,0,169.75,878.65,1055.98,118.55
2021-01-31 22:30:00,5,10574.34,155.57,153.54,0,133.51,898.09,1090.12,93.22
2021-01-31 23:30:00,5,9613.04,143.05,128.87,0,90.6,847.2,1033.47,58.26
2021-02-01 00:30:00,5,8224.49,123.38,112.41,0,54.36,751.67,911.75,29.89
2021-02-01 01:30:00,5,7263.18,104.61,102.82,0,43.87,694.34,828.25,21.28
2021-02-01 02:30:00,5,6568.91,85.83,95.96,0,41.96,662.13,774.51,20.52
2021-02-01 03:30:00,5,6301.88,74.21,94.59,0,44.35,657.95,753.46,22.04
2021-02-01 04:30:00,5,6355.29,72.42,91.85,0,46.25,680.52,769.45,21.53
2021-02-01 05:30:00,5,6729.13,83.15,90.48,0,49.11,724.65,815.4,22.55
2021-02-01 06:30:00,5,8010.86,119.81,84.31,0,61.04,831.48,941.74,31.41
2021-02-01 07:30:00,5,11108.4,218.15,82.25,0,79.16,1059.71,1215.57,40.53
2021-02-01 08:30:00,5,14312.74,332.59,91.85,0.31,85.83,1285.4,1472.93,33.95
2021-02-01 09:30:00,5,11108.4,239.61,127.49,3.93,98.23,1032,1171.29,30.15
2021-02-01 10:30:00,5,11215.21,196.7,191.93,15.2,101.09,1057.21,1200.35,43.57
2021-02-01 11:30:00,5,11322.02,102.82,301.6,63.66,108.72,1143.42,1290.45,48.13
2021-02-01 12:30:00,5,3097.53,19.89,117.9,131.61,150.68,363.96,406.19,16.09
2021-02-01 13:30:00,5,2136.23,11.4,83.63,164.51,117.3,266.66,298.33,12.54
2021-02-01 14:30:00,5,2056.12,8.72,82.25,185.97,120.16,269.6,301.21,12.54
2021-02-01 15:30:00,5,3952.03,18.33,143.95,121.59,135.42,439.95,502.5,28.12
2021-02-01 16:30:00,5,7049.56,43.81,224.83,43.99,135.42,723.68,832.8,46.1
2021-02-01 17:30:00,5,9719.85,91.2,268.7,6.35,143.05,960.55,1107.9,62.82
2021-02-01 18:30:00,5,11749.27,132.32,285.15,0.13,175.48,1135.32,1318.12,86.13
2021-02-01 19:30:00,5,12603.76,135.9,279.67,0,186.92,1212.68,1428.98,98.29
2021-02-01 20:30:00,5,12283.33,118.02,260.47,0,171.66,1187.61,1420.55,94.24
2021-02-01 21:30:00,5,11642.46,107.29,235.8,0,148.77,1123.07,1354.02,81.06
2021-02-01 22:30:00,5,11322.02,110.87,205.64,0,125.89,1063.52,1290.59,69.92
2021-02-01 23:30:00,5,10147.09,110.87,169.99,0,97.28,936.56,1144.87,50.66
2021-02-02 00:30:00,5,8331.3,100.14,138.46,0,66.76,771.65,946.4,29.13
2021-02-02 01:30:00,5,7156.37,90.3,112.41,0,54.84,681.47,835.81,23.31
2021-02-02 02:30:00,5,6568.91,81.36,93.22,0,52.93,648.51,793.7,24.07
2021-02-02 03:30:00,5,5767.82,66.16,75.4,0,52.45,609.64,736.39,26.09
2021-02-02 04:30:00,5,4913.33,51.86,60.32,0,44.35,561.69,661.69,22.29
2021-02-02 05:30:00,5,4432.68,46.94,53.47,0,38.15,529.84,611.5,16.72
2021-02-02 06:30:00,5,4806.52,65.27,52.09,0,41.01,542.72,623.74,16.72
2021-02-02 07:30:00,5,6835.94,135.9,54.84,0,53.88,662.7,774.69,22.04
2021-02-02 08:30:00,5,8758.55,211,61.69,0.41,60.08,749.16,882.72,22.04
2021-02-02 09:30:00,5,7370,164.51,80.2,4.07,66.76,629.44,739.98,23.56
2021-02-02 10:30:00,5,8010.86,153.78,119.27,12.88,78.2,679.7,806.07,36.99
2021-02-02 11:30:00,5,7904.05,88.51,186.44,47.92,92.51,712.51,839.05,42.05
2021-02-02 12:30:00,5,3204.35,21.68,119.27,125.89,148.77,330.13,380.89,23.05
2021-02-02 13:30:00,5,2830.51,15.65,108.3,157.36,162.13,301.69,348.72,19
2021-02-02 14:30:00,5,2964.02,11.85,106.93,177.38,185.01,324.79,374.5,18.24
2021-02-02 15:30:00,5,4913.33,27.27,175.48,105.86,188.83,463.29,544.49,35.47
2021-02-02 16:30:00,5,8331.3,79.57,257.73,29.33,179.29,697.01,827.98,57.25
2021-02-02 17:30:00,5,11962.89,175.24,290.63,3.53,181.2,911.63,1094.17,81.06
2021-02-02 18:30:00,5,14312.74,236.03,304.34,0.08,194.55,1045.13,1282.74,111.46
2021-02-02 19:30:00,5,14953.61,227.09,298.86,0,169.75,1119.97,1399.78,113.49
2021-02-02 20:30:00,5,13885.5,184.18,274.18,0,127.79,1143.91,1423.37,73.97
2021-02-02 21:30:00,5,9719.85,75.1,227.57,0,103.95,939.37,1137.22,33.95
2021-02-02 22:30:00,5,6942.75,38.45,168.62,0,83.92,759.66,907.74,24.83
2021-02-02 23:30:00,5,5126.95,26.38,126.12,0.03,62.94,594.09,706.2,16.09
2021-02-03 00:30:00,5,3631.59,9.72,101.45,1.16,45.78,462.86,539.63,8.61
2021-02-03 01:30:00,5,2830.51,0.76,78.14,14.13,38.15,403.89,459.36,6.52
2021-02-03 02:30:00,5,2296.45,0.01,52.78,38.98,37.19,370.85,413.29,5.32
2021-02-03 03:30:00,5,1869.2,0,38.73,55.79,40.53,337.62,372.31,4.5
2021-02-03 04:30:00,5,1668.93,0,34.62,54.36,38.15,318.58,350.3,4.5
2021-02-03 05:30:00,5,1562.12,0,33.93,50.78,35.29,309.03,339.18,4.94
2021-02-03 06:30:00,5,1682.28,0.04,42.16,40.41,36.24,309.65,342.89,7.22
2021-02-03 07:30:00,5,2216.34,1.87,65.8,15.2,43.39,333.78,376.8,12.03
2021-02-03 08:30:00,5,2696.99,14.31,76.77,5.19,51.5,353.85,403.91,15.33
2021-02-03 09:30:00,5,2563.48,18.55,67.17,22.53,56.27,347,393.22,16.97
2021-02-03 10:30:00,5,2376.56,18.33,58.26,42.56,58.65,343.12,387.42,20.52
2021-02-03 11:30:00,5,2136.23,13.97,55.52,71.53,65.8,338.31,378.48,20.27
2021-02-03 12:30:00,5,1428.6,6.82,45.24,124.45,80.11,267.35,294.19,12.79
2021-02-03 13:30:00,5,1255.04,5.03,45.24,147.34,86.78,251.34,275.5,11.4
2021-02-03 14:30:00,5,1228.33,3.97,50.04,158.79,96.32,255.57,279.91,11.78
2021-02-03 15:30:00,5,1655.58,4.08,74.03,131.61,103.95,279.7,310.73,16.97
2021-02-03 16:30:00,5,2403.26,4.75,101.45,88.69,88.69,318.48,359.99,24.07
2021-02-03 17:30:00,5,3017.43,3.41,127.49,41.84,69.62,340.54,388.98,28.63
2021-02-03 18:30:00,5,3417.97,1.96,143.95,10.46,62.94,364.38,420.33,32.93
2021-02-03 19:30:00,5,3284.45,0.75,126.12,15.02,61.04,391.58,453.17,30.4
2021-02-03 20:30:00,5,2857.21,0.02,95.96,36.48,56.74,406.37,466.45,21.53
2021-02-03 21:30:00,5,2269.75,0,65.8,59.37,49.59,391.7,443.63,13.81
2021-02-03 22:30:00,5,1976.01,0,54.15,65.09,46.25,375.95,422.69,10.77
2021-02-03 23:30:00,5,1708.98,0,46.61,69.38,46.25,368.62,409.02,6.97
2021-02-04 00:30:00,5,1495.36,0,39.76,70.81,46.25,375.22,409.33,3.99
2021-02-04 01:30:00,5,1468.66,0,36.33,61.51,44.35,392.78,426.49,3.9
2021-02-04 02:30:00,5,1508.71,0,34.96,46.49,39.1,390.65,425.06,4.5
2021-02-04 03:30:00,5,1615.52,0.04,37.7,29.33,34.33,357.55,393.18,5.45
2021-02-04 04:30:00,5,1682.28,0.29,43.87,16.81,32.42,308.02,344.13,6.33
2021-02-04 05:30:00,5,1735.69,1.57,50.04,8.05,33.85,255.43,292.89,7.66
2021-02-04 06:30:00,5,1976.01,9.95,54.15,1.59,39.1,214.67,256.1,11.53
2021-02-04 07:30:00,5,2803.8,36.21,56.89,0.01,51.98,227.73,283.71,18.24
2021-02-04 08:30:00,5,3257.75,52.3,65.8,0.91,64.85,246.39,308.48,20.77
2021-02-04 09:30:00,5,2510.07,29.95,74.03,9.84,78.2,236.34,285.85,18.24
2021-02-04 10:30:00,5,2243.04,22.8,74.71,27.18,88.69,254.34,300.42,19.25
2021-02-04 11:30:00,5,2002.72,17.43,74.71,49.35,102.04,268.27,309.28,17.23
2021-02-04 12:30:00,5,1388.55,9.72,66.49,85.12,108.72,223.69,249.16,9.63
2021-02-04 13:30:00,5,1428.6,9.39,69.92,92.98,109.67,226.19,249.15,10.01
2021-02-04 14:30:00,5,1628.88,9.72,80.2,91.55,115.4,250.53,275.58,11.4
2021-02-04 15:30:00,5,1895.9,8.38,100.08,88.69,125.89,284.57,313.14,11.02
2021-02-04 16:30:00,5,2216.34,5.25,126.12,75.1,146.87,316.13,348.28,9.12
2021-02-04 17:30:00,5,2109.53,1.09,116.53,65.09,127.79,291.88,322.78,6.59
2021-02-04 18:30:00,5,2056.12,0.27,104.19,32.54,91.55,236.45,268,8.61
2021-02-04 19:30:00,5,2456.67,4.64,102.82,4.56,82.97,240.83,279.42,13.17
2021-02-04 20:30:00,5,2803.8,10.17,93.22,0.86,81.06,256.15,302.01,16.09
2021-02-04 21:30:00,5,4379.27,47.83,82.25,0.02,95.37,357.02,437.69,43.06
2021-02-04 22:30:00,5,6942.75,103.71,81.57,0,146.87,536.74,667.68,93.22
2021-02-04 23:30:00,5,8544.92,139.48,83.63,0,183.11,660.77,817.79,120.58
2021-02-05 00:30:00,5,8544.92,144.84,86.37,0,183.11,671.68,798.86,114.5
2021-02-05 01:30:00,5,7690.43,130.53,79.51,0,165.94,625.03,718.65,98.29
2021-02-05 02:30:00,5,6408.69,103.71,63.06,0,122.07,525.03,586.03,65.86
2021-02-05 03:30:00,5,4165.65,59.01,47.98,0,51.98,346.43,376.63,16.47
2021-02-05 04:30:00,5,3177.64,41.13,42.5,0,39.58,268.83,291.3,10.77
2021-02-05 05:30:00,5,2964.02,38.89,42.5,0,43.39,251.63,273.15,12.29
2021-02-05 06:30:00,5,3231.05,46.94,47.98,0,54.36,266.61,293.46,17.73
2021-02-05 07:30:00,5,4272.46,77.78,57.58,0,69.62,329.45,368.82,24.83
2021-02-05 08:30:00,5,4913.33,103.71,65.12,0.02,78.2,356.21,400.66,25.08
2021-02-05 09:30:00,5,4913.33,106.39,67.17,1.25,83.92,348.1,399.05,24.57
2021-02-05 10:30:00,5,4859.92,98.35,71.97,6.88,86.78,340.36,408.54,24.83
2021-02-05 11:30:00,5,4058.84,63.48,85,26.46,87.74,301.88,374.69,24.83
2021-02-05 12:30:00,5,1642.23,16.54,54.84,79.39,85.83,146.84,180.58,11.65
2021-02-05 13:30:00,5,1201.63,8.61,42.84,105.86,71.53,121.63,148.17,8.99
2021-02-05 14:30:00,5,1108.17,5.7,40.1,123.02,69.62,122.04,146.71,8.99
2021-02-05 15:30:00,5,1268.39,5.53,47.98,114.44,72.48,133.6,159.44,11.91
2021-02-05 16:30:00,5,1602.17,7.94,69.92,73.67,86.78,153.08,182.89,15.07
2021-02-05 17:30:00,5,1922.61,11.06,102.82,22.71,107.77,168.8,202.59,17.23
2021-02-05 18:30:00,5,2376.56,25.48,113.79,0.61,110.63,196.39,239.51,22.8
2021-02-05 19:30:00,5,2883.91,35.32,104.19,0,87.74,237.17,295.22,26.85
2021-02-05 20:30:00,5,3070.83,28.61,93.22,0.02,62.94,268.18,335.59,22.8
2021-02-05 21:30:00,5,3150.94,22.8,83.63,0.04,50.55,289.34,360.5,18.49
2021-02-05 22:30:00,5,3284.45,23.02,76.77,0.04,46.25,303.22,379.01,16.72
2021-02-05 23:30:00,5,3070.83,21.91,70.6,0.04,38.62,282.29,353.4,12.67
2021-02-06 00:30:00,5,2429.96,13.97,63.75,0.23,28.85,229.71,285.49,7.92
2021-02-06 01:30:00,5,1895.9,4.36,55.52,2.21,22.89,191.67,233.55,5.83
2021-02-06 02:30:00,5,1615.52,1.3,47.3,6.53,20.74,172.46,205.57,5.19
2021-02-06 03:30:00,5,1482.01,0.79,40.78,8.85,20.03,161.82,190.3,5
2021-02-06 04:30:00,5,1415.25,0.98,37.7,7.87,19.79,157.18,183.1,5
2021-02-06 05:30:00,5,1428.6,2.24,37.36,4.47,20.5,159.05,184.05,5.38
2021-02-06 06:30:00,5,1655.58,8.83,38.73,0.98,24.32,172.82,201.09,7.35
2021-02-06 07:30:00,5,2216.34,26.38,40.78,0.03,31.95,204.37,243.13,11.15
2021-02-06 08:30:00,5,2536.77,40.68,43.53,2.17,37.19,217.98,261.85,12.79
2021-02-06 09:30:00,5,2403.26,37.55,45.24,13.05,42.92,208.39,249.49,13.93
2021-02-06 10:30:00,5,2216.34,28.39,46.61,31.47,50.07,200.29,240.03,17.23
2021-02-06 11:30:00,5,1815.8,17.21,43.53,60.8,55.31,180.57,215.23,17.48
2021-02-06 12:30:00,5,761.03,4.02,19.54,123.02,35.76,74.36,88.35,6.78
2021-02-06 13:30:00,5,614.17,2.65,14.74,137.33,30.04,57.81,68.4,5.89
2021-02-06 14:30:00,5,594.14,2.38,14.57,141.62,29.8,56.15,66.06,6.52
2021-02-06 15:30:00,5,707.63,3.1,21.25,131.61,35.76,61.51,73.11,8.99
2021-02-06 16:30:00,5,894.55,3.69,32.22,111.58,40.05,69.26,83.72,12.29
2021-02-06 17:30:00,5,1054.76,2.15,45.24,87.26,39.58,73.44,90.17,15.2
2021-02-06 18:30:00,5,1255.04,0.1,54.15,63.66,39.1,82.63,103.08,19.25
2021-02-06 19:30:00,5,1455.31,0,54.15,52.93,37.19,98.86,125.1,23.81
2021-02-06 20:30:00,5,1535.42,0,49.35,50.78,33.85,112.69,142.36,23.05
2021-02-06 21:30:00,5,1548.77,0,45.93,50.78,31.47,121.01,151.82,19.25
2021-02-06 22:30:00,5,1548.77,0,43.87,50.07,30.04,123.82,155.1,17.73
2021-02-06 23:30:00,5,1401.9,0,40.1,50.78,25.99,112.9,140.47,14.69
2021-02-07 00:30:00,5,1121.52,0,32.9,55.79,20.98,96.26,116.64,10.51
2021-02-07 01:30:00,5,988.01,0,27.08,60.8,19.55,92.21,108.65,8.36
2021-02-07 02:30:00,5,947.95,0,23.99,62.94,19.07,95.79,110.87,6.84
2021-02-07 03:30:00,5,947.95,0,22.62,63.66,18.6,101.96,116.7,5.7
2021-02-07 04:30:00,5,961.3,0,22.62,62.94,18.6,108.82,123.12,5.07
2021-02-07 05:30:00,5,1001.36,0,24.68,57.94,19.31,115.88,130.21,4.88
2021-02-07 06:30:00,5,1174.93,0.01,32.56,46.49,22.41,129.74,147.24,6.27
2021-02-07 07:30:00,5,1588.82,0.33,51.41,26.11,29.09,155.14,180.83,9.75
2021-02-07 08:30:00,5,1895.9,4.81,61.01,20.56,34.81,171.76,202.17,12.29
2021-02-07 09:30:00,5,1842.5,9.95,52.78,47.92,41.49,174.02,203.38,14.19
2021-02-07 10:30:00,5,1735.69,9.28,43.87,80.11,47.68,175.67,203.76,16.21
2021-02-07 11:30:00,5,1468.66,6.04,34.27,123.02,51.5,169.34,193.51,14.69
2021-02-07 12:30:00,5,881.2,1.9,14.57,171.66,36.24,120.02,133.22,8.11
2021-02-07 13:30:00,5,801.09,1.41,11.65,181.68,33.38,115.92,127.51,7.66
2021-02-07 14:30:00,5,794.41,1.34,12.17,181.68,33.85,116.3,127.77,8.11
2021-02-07 15:30:00,5,1028.06,2.49,23.99,158.79,39.1,129.54,145.04,11.53
2021-02-07 16:30:00,5,1415.25,3.49,43.87,123.02,43.87,150.35,172.45,15.58
2021-02-07 17:30:00,5,1789.09,2.1,68.55,81.54,45.78,166.81,194.69,19.51
2021-02-07 18:30:00,5,2643.59,2.91,106.93,19.85,50.07,210.56,253.26,28.37
2021-02-07 19:30:00,5,3738.4,26.6,104.19,0.08,52.45,281.95,347.86,35.97
2021-02-07 20:30:00,5,4325.87,43.36,86.37,0,49.59,337.66,419.39,30.4
2021-02-07 21:30:00,5,4859.92,58.12,73.34,0,47.21,392.77,486.59,24.57
2021-02-07 22:30:00,5,5607.61,77.78,64.43,0,45.78,458.57,565.43,22.04
2021-02-07 23:30:00,5,5607.61,86.73,57.58,0,37.67,461.37,564.55,15.96
2021-02-08 00:30:00,5,4806.52,78.68,50.72,0,27.66,402.2,485.85,10.01
2021-02-08 01:30:00,5,4165.65,65.27,47.3,0,27.18,362.77,434.34,9.25
2021-02-08 02:30:00,5,3524.78,47.83,45.24,0,26.7,328.21,390.48,8.61
2021-02-08 03:30:00,5,2937.32,29.06,44.55,0.01,26.7,293.59,348.92,8.87
2021-02-08 04:30:00,5,2910.61,32.19,37.36,0,26.46,301.37,359.52,9.12
2021-02-08 05:30:00,5,3124.24,43.36,32.22,0,29.09,320.93,383.32,10.64
2021-02-08 06:30:00,5,3952.03,72.42,31.53,0,39.1,379.02,456.39,16.47
2021-02-08 07:30:00,5,6088.26,143.05,35.64,0,56.27,513.14,626.91,24.83
2021-02-08 08:30:00,5,7583.62,211,44.55,0.35,64.85,583.74,714.37,27.61
2021-02-08 09:30:00,5,6622.31,175.24,61.01,3.13,69.62,496.69,604.15,30.65
2021-02-08 10:30:00,5,7049.56,159.14,101.45,11,79.16,523.34,640.11,40.53
2021-02-08 11:30:00,5,6675.72,89.41,161.77,43.63,88.69,540.68,652.85,43.06
2021-02-08 12:30:00,5,1708.98,8.72,58.26,158.79,94.41,197.78,227.27,15.45
2021-02-08 13:30:00,5,1188.28,4.25,33.93,183.11,71.53,160.14,181.8,11.78
2021-02-08 14:30:00,5,1054.76,2.99,28.1,194.55,63.9,148.92,168.48,11.4
2021-02-08 15:30:00,5,1401.9,4.53,44.55,164.51,64.85,162.53,188.56,16.47
2021-02-08 16:30:00,5,2136.23,7.15,78.14,111.58,68.67,201.17,240.17,23.56
2021-02-08 17:30:00,5,2857.21,6.99,117.9,47.21,69.62,230.65,280.34,29.89
2021-02-08 18:30:00,5,3898.62,25.48,137.09,2.08,73.43,284.85,353.6,40.53
2021-02-08 19:30:00,5,5180.36,63.48,113.79,0,74.39,370.34,468.83,46.1
2021-02-08 20:30:00,5,5714.42,77.78,91.85,0,68.67,433.37,550.55,36.99
2021-02-08 21:30:00,5,6301.88,90.3,77.46,0,63.9,498.66,630.86,29.64
2021-02-08 22:30:00,5,7156.37,109.08,69.23,0,61.99,577.13,726.27,28.37
2021-02-08 23:30:00,5,6942.75,111.76,64.43,0,52.45,573.05,715.09,22.29
2021-02-09 00:30:00,5,5821.23,95.67,57.58,0,36.72,487,599.59,13.05
2021-02-09 01:30:00,5,4753.11,72.42,52.09,0,29.8,417.37,504.17,9.63
2021-02-09 02:30:00,5,3845.22,49.62,47.98,0,27.42,363.18,433.5,8.49
2021-02-09 03:30:00,5,2964.02,25.48,47.3,0.03,27.18,307.37,364.13,8.61
2021-02-09 04:30:00,5,2616.88,18.33,43.87,0.07,26.46,286.04,337.51,9.12
2021-02-09 05:30:00,5,2483.37,19.22,41.47,0.05,27.18,275.35,323.55,10.26
2021-02-09 06:30:00,5,2750.4,31.29,42.5,0.01,33.38,289.09,342.01,13.55
2021-02-09 07:30:00,5,3738.4,67.95,45.93,0.01,45.3,340.26,411.05,18.75
2021-02-09 08:30:00,5,4486.08,103.71,54.15,0.91,51.02,363.21,444.24,21.28
2021-02-09 09:30:00,5,4005.43,81.36,69.92,8.14,53.41,315.86,388.16,23.56
2021-02-09 10:30:00,5,3898.62,64.37,85,23.96,61.99,314,388.4,30.4
2021-02-09 11:30:00,5,3631.59,36.66,100.08,65.09,73.43,321.51,394.27,31.16
2021-02-09 12:30:00,5,1441.96,7.26,46.61,155.93,76.29,194.31,230.65,11.53
2021-02-09 13:30:00,5,1121.52,4.47,33.59,178.81,66.76,176.55,208.11,8.49
2021-02-09 14:30:00,5,1054.76,3.58,31.53,188.83,64.85,170.06,201.51,8.87
2021-02-09 15:30:00,5,2456.67,14.75,85.68,113.01,73.43,236.48,290.5,24.57
2021-02-09 16:30:00,5,4165.65,38.89,134.35,45.78,82.97,314.84,392.38,38.51
2021-02-09 17:30:00,5,5714.42,92.98,153.54,8.94,102.04,369.44,466.31,55.22
2021-02-09 18:30:00,5,8117.68,184.18,163.14,0.11,156.4,499.88,628.65,93.22
2021-02-09 19:30:00,5,11215.21,250.34,183.7,0,221.25,747.42,919.73,141.86
2021-02-09 20:30:00,5,13671.88,268.22,208.38,0,267.03,993.42,1199.02,174.28
2021-02-09 21:30:00,5,14099.12,239.61,213.86,0,251.77,1082.81,1306.8,164.15
2021-02-09 22:30:00,5,13244.63,203.85,202.89,0,185.01,1053.59,1286.43,113.49
2021-02-09 23:30:00,5,11642.46,177.03,186.44,0,115.4,966.76,1181.2,61.3
2021-02-10 00:30:00,5,9399.41,141.26,157.65,0,61.99,828.56,994.57,25.59
2021-02-10 01:30:00,5,7370,97.45,124.75,0,43.87,715.49,843.79,16.09
2021-02-10 02:30:00,5,5874.63,61.69,97.33,0,37.67,640.71,746.43,12.79
2021-02-10 03:30:00,5,4966.74,40.68,81.57,0,36.72,610.79,705.1,11.27
2021-02-10 04:30:00,5,4646.3,33.08,72.66,0,38.62,610.61,700.96,12.29
2021-02-10 05:30:00,5,4592.9,36.21,66.49,0,44.35,627.53,718.46,16.21
2021-02-10 06:30:00,5,5500.79,65.27,63.06,0,58.17,700.28,807.51,26.09
2021-02-10 07:30:00,5,8117.68,151.99,65.12,0,74.39,875.21,1022.6,34.96
2021-02-10 08:30:00,5,11215.21,268.22,74.03,0.37,82.02,1045.94,1220.11,34.45
2021-02-10 09:30:00,5,7476.81,139.48,108.3,6.17,84.88,764.23,877.16,21.28
2021-02-10 10:30:00,5,6942.75,86.73,142.57,25.75,89.65,732.82,843.31,30.4
2021-02-10 11:30:00,5,6622.31,39.34,172.73,90.12,101.09,764.72,873.93,31.41
2021-02-10 12:30:00,5,2483.37,15.2,101.45,141.62,164.03,397.08,442.38,3.07
2021-02-10 13:30:00,5,2269.75,11.62,94.59,173.09,165.94,380.01,423.68,2.91
2021-02-10 14:30:00,5,2483.37,10.51,106.93,188.83,198.36,413.42,461.16,3.17
2021-02-10 15:30:00,5,3097.53,12.07,135.72,154.5,211.72,475.23,537.18,9.12
2021-02-10 16:30:00,5,4005.43,14.31,168.62,95.84,186.92,524.08,608.61,20.01
2021-02-10 17:30:00,5,4646.3,15.87,197.41,31.47,148.77,516.96,619.89,29.64
2021-02-10 18:30:00,5,6568.91,81.36,183.7,0.53,118.26,577.19,717.37,52.69
2021-02-10 19:30:00,5,8972.17,153.78,148.06,0,107.77,711.21,903.77,71.94
2021-02-10 20:30:00,5,10147.09,180.6,117.9,0,107.77,816.72,1048.98,66.88
2021-02-10 21:30:00,5,10467.53,189.54,97.33,0,108.72,886,1137.47,59.78
2021-02-10 22:30:00,5,10253.91,184.18,84.31,0,98.23,909.06,1153.67,44.58
2021-02-10 23:30:00,5,8544.92,151.99,78.14,0,75.34,821.17,1028.86,24.83
2021-02-11 00:30:00,5,6248.47,101.92,76.77,0,51.98,672.08,826,11.15
2021-02-11 01:30:00,5,5233.76,72.42,74.71,0,41.96,610.84,736.7,9.5
2021-02-11 02:30:00,5,4753.11,54.09,72.66,0,39.1,589.09,697.95,10.13
2021-02-11 03:30:00,5,4539.49,44.7,70.6,0,40.05,582.98,682.53,11.53
2021-02-11 04:30:00,5,4432.68,41.13,70.6,0,41.96,585.11,681.86,13.43
2021-02-11 05:30:00,5,4592.9,45.6,71.97,0,47.21,602.73,703.44,17.99
2021-02-11 06:30:00,5,5393.98,71.53,74.03,0,60.08,662.07,778.73,28.88
2021-02-11 07:30:00,5,7904.05,151.99,74.71,0.01,75.34,825.32,980.98,35.97
2021-02-11 08:30:00,5,10787.96,261.07,77.46,0.37,79.16,985.47,1172.68,32.17
2021-02-11 09:30:00,5,8651.73,182.39,106.93,4.25,88.69,818.74,961.48,29.13
2021-02-11 10:30:00,5,9719.85,160.93,157.65,14.66,99.18,903.47,1060.88,41.04
2021-02-11 11:30:00,5,10253.91,81.36,244.02,66.52,110.63,1004.93,1171.53,47.12
2021-02-11 12:30:00,5,2349.85,9.95,82.25,177.38,160.22,380.14,429.76,9.5
2021-02-11 13:30:00,5,1668.93,4.81,50.72,220.3,113.49,312.83,351.5,7.22
2021-02-11 14:30:00,5,1508.71,3.07,40.44,243.19,97.28,300.11,336.35,7.66
2021-02-11 15:30:00,5,1976.01,4.47,61.69,200.27,85.83,315.15,359.3,15.71
2021-02-11 16:30:00,5,2964.02,7.94,108.3,120.16,82.97,358.56,418.43,25.84
2021-02-11 17:30:00,5,3952.03,11.29,160.4,38.27,83.92,395.28,468.3,32.93
2021-02-11 18:30:00,5,6408.69,85.83,167.25,0.51,92.51,512.6,622.76,53.2
2021-02-11 19:30:00,5,9078.98,169.87,142.57,0,101.09,685.71,846.39,69.92
2021-02-11 20:30:00,5,9933.47,193.12,120.64,0,101.09,788.85,973.97,64.34
2021-02-11 21:30:00,5,10040.28,185.97,104.19,0,98.23,842.28,1035.09,59.28
2021-02-11 22:30:00,5,10253.91,185.97,93.22,0,93.46,899.21,1097.38,53.2
2021-02-11 23:30:00,5,9933.47,177.03,81.57,0,77.25,891.49,1079.99,39.01
2021-02-12 00:30:00,5,8331.3,151.99,70.6,0,53.41,786.74,944.91,22.55
2021-02-12 01:30:00,5,6835.94,116.23,63.06,0,42.44,682.55,814.13,16.72
2021-02-12 02:30:00,5,5714.42,86.73,58.95,0,38.15,605.88,717.5,14.69
2021-02-12 03:30:00,5,4806.52,62.59,54.15,0,35.29,542.45,638.01,13.43
2021-02-12 04:30:00,5,4272.46,51.41,47.98,0,33.38,509.91,595.11,12.29
2021-02-12 05:30:00,5,4219.06,54.54,41.13,0,33.85,507.28,589.57,12.54
2021-02-12 06:30:00,5,4913.33,81.36,38.04,0,41.96,555.66,650.88,17.73
2021-02-12 07:30:00,5,7263.18,162.72,41.81,0,61.04,701.82,837.78,27.11
2021-02-12 08:30:00,5,9613.04,257.49,53.47,0.1,71.53,824.83,990.48,29.39
2021-02-12 09:30:00,5,7049.56,175.24,75.4,1.39,74.39,628.58,739.11,27.11
2021-02-12 10:30:00,5,7049.56,159.14,101.45,4.29,83.92,617.6,728.89,35.47
2021-02-12 11:30:00,5,7156.37,126.96,150.8,17.35,99.18,640.68,752.73,42.05
2021-02-12 12:30:00,5,2323.15,17.66,97.33,124.45,123.98,314.94,353.63,14.69
2021-02-12 13:30:00,5,1762.39,8.72,68.55,177.38,100.14,273.53,305,10.13
2021-02-12 14:30:00,5,1735.69,5.7,62.38,217.44,101.09,292.74,324.91,9.5
2021-02-12 15:30:00,5,2243.04,5.36,78.14,217.44,104.9,341.92,382.59,15.45
2021-02-12 16:30:00,5,3124.24,5.7,113.79,168.8,103.95,401.8,456.49,24.07
2021-02-12 17:30:00,5,3898.62,3.49,156.28,95.84,98.23,437,503.33,30.4
2021-02-12 18:30:00,5,5073.55,10.84,191.93,13.23,94.41,498.57,586.32,42.05
2021-02-12 19:30:00,5,6462.1,52.3,161.77,0,88.69,598.6,720.75,50.66
2021-02-12 20:30:00,5,7049.56,71.53,132.98,0,77.25,676.45,824.73,38
2021-02-12 21:30:00,5,7049.56,73.31,115.16,0,68.67,729.15,890.47,28.12
2021-02-12 22:30:00,5,6942.75,72.42,105.56,0,63.9,768.17,929.59,24.32
2021-02-12 23:30:00,5,6408.69,67.06,95.96,0,53.41,759.51,904.29,17.23
2021-02-13 00:30:00,5,5928.04,63.48,87.74,0,38.62,739.71,871.45,10.26
2021-02-13 01:30:00,5,5714.42,58.12,79.51,0,31.47,742.77,863.5,9.12
2021-02-13 02:30:00,5,5340.58,46.05,76.08,0,32.42,735.98,842.97,11.02
2021-02-13 03:30:00,5,4966.74,30.85,77.46,0.01,36.72,728.99,821.25,14.31
2021-02-13 04:30:00,5,4699.71,21.23,76.77,0.05,39.1,731.33,812.64,16.47
2021-02-13 05:30:00,5,4646.3,21.91,70.6,0.03,42.92,745.37,809.69,19.51
2021-02-13 06:30:00,5,5126.95,41.13,64.43,0,51.02,785.27,841.73,27.11
2021-02-13 07:30:00,5,6729.13,98.35,66.49,0,59.61,876.35,940.54,32.93
2021-02-13 08:30:00,5,8331.3,166.3,81.57,0.08,60.08,939,997.43,27.61
2021-02-13 09:30:00,5,5393.98,48.73,146.69,5.32,62.94,729.83,775.58,14.31
2021-02-13 10:30:00,5,5500.79,43.36,139.83,24.68,69.62,740.3,800.31,15.71
2021-02-13 11:30:00,5,6195.07,38,163.14,72.24,86.78,823.46,893.55,21.79
2021-02-13 12:30:00,5,2643.59,8.94,87.05,214.58,139.24,497.25,533.6,5.76
2021-02-13 13:30:00,5,2216.34,5.36,65.8,263.21,123.98,418.68,451.13,5
2021-02-13 14:30:00,5,2082.82,3.49,54.84,297.55,118.26,388.27,419.8,5.38
2021-02-13 15:30:00,5,2403.26,3.13,62.38,283.24,113.49,416.38,454.83,10.64
2021-02-13 16:30:00,5,3097.53,3.16,86.37,237.47,106.81,477.18,529.6,18.24
2021-02-13 17:30:00,5,3685,1.63,115.16,170.23,98.23,507.23,571.35,24.07
2021-02-13 18:30:00,5,5500.79,6.87,186.44,33.62,91.55,597.42,694.48,41.54
2021-02-13 19:30:00,5,7690.43,59.01,180.96,0,91.55,738.25,874.37,60.29
2021-02-13 20:30:00,5,8972.17,92.09,157.65,0,87.74,840.83,997.55,67.89
2021-02-13 21:30:00,5,9719.85,104.61,148.06,0,81.06,925.61,1086.29,63.84
2021-02-13 22:30:00,5,10574.34,119.81,139.83,0,76.29,1017.51,1180.29,51.17
2021-02-13 23:30:00,5,11001.59,132.32,128.87,0,63.9,1063.18,1224.33,34.45
2021-02-14 00:30:00,5,10681.15,137.69,116.53,0,44.82,1053.1,1197.77,18.49
2021-02-14 01:30:00,5,10253.91,132.32,108.3,0,34.81,1038.58,1164.8,12.16
2021-02-14 02:30:00,5,9506.23,116.23,104.19,0,31.47,1000.24,1109.92,10.13
2021-02-14 03:30:00,5,8758.55,98.35,104.19,0,31.47,964.82,1057.98,8.74
2021-02-14 04:30:00,5,8117.68,83.15,105.56,0,36.24,934.3,1016.69,8.87
2021-02-14 05:30:00,5,7476.81,70.63,108.3,0,47.21,906.06,984.03,11.4
2021-02-14 06:30:00,5,7583.62,77.78,109.67,0,65.8,922.61,1007.92,19.51
2021-02-14 07:30:00,5,9399.41,137.69,104.19,0.01,80.11,1062.04,1179.6,28.63
2021-02-14 08:30:00,5,11642.46,225.31,100.08,0.49,84.88,1221.88,1374.19,28.37
2021-02-14 09:30:00,5,10040.28,180.6,116.53,3.93,95.37,1095.04,1228.03,21.03
2021-02-14 10:30:00,5,9933.47,143.05,175.48,16.63,103.95,1112.18,1246.57,29.13
2021-02-14 11:30:00,5,9933.47,61.69,265.96,90.12,115.4,1195.58,1325.83,30.91
2021-02-14 12:30:00,5,2616.88,12.29,106.93,183.11,209.81,496.98,535.06,2.31
2021-02-14 13:30:00,5,1842.5,5.98,65.8,234.6,148.77,395.14,425.12,2.82
2021-02-14 14:30:00,5,1708.98,3.69,54.15,274.66,131.61,378.73,407.14,3.29
2021-02-14 15:30:00,5,2403.26,4.47,76.08,243.19,123.98,427.5,467.13,10.64
2021-02-14 16:30:00,5,3738.4,6.2,126.12,170.23,117.3,528.03,589.02,21.28
2021-02-14 17:30:00,5,5073.55,4.75,183.7,90.12,112.53,619.14,699.4,29.64
2021-02-14 18:30:00,5,6942.75,16.99,233.05,9.3,110.63,762.1,874.44,46.1
2021-02-14 19:30:00,5,8972.17,62.59,216.6,0,107.77,929.12,1083.89,66.88
2021-02-14 20:30:00,5,9826.66,82.25,191.93,0,102.04,1019.11,1200.48,64.34
2021-02-14 21:30:00,5,9719.85,83.15,169.99,0,88.69,1026.1,1219.06,50.16
2021-02-14 22:30:00,5,9506.23,88.51,142.57,0,74.39,1003.9,1200.81,40.03
2021-02-14 23:30:00,5,8972.17,97.45,115.16,0,54.36,955.02,1140.69,27.11
2021-02-15 00:30:00,5,8224.49,101.92,94.59,0,36.72,898.67,1058.15,15.07
2021-02-15 01:30:00,5,7797.24,98.35,85.68,0,36.24,872.6,1007.8,14.19
2021-02-15 02:30:00,5,7156.37,84.04,87.05,0,39.1,846.82,961.58,14.44
2021-02-15 03:30:00,5,6675.72,66.16,94.59,0,42.92,825.43,923.49,14.57
2021-02-15 04:30:00,5,6515.5,58.12,100.08,0,46.73,832.28,921.9,14.57
2021-02-15 05:30:00,5,6729.13,63.48,102.82,0,51.98,862.49,952.99,16.47
2021-02-15 06:30:00,5,7690.43,92.98,100.08,0,63.9,944.96,1052.97,24.57
2021-02-15 07:30:00,5,10467.53,182.39,98.71,0.01,82.97,1149.97,1301.41,36.48
2021-02-15 08:30:00,5,13565.06,296.83,105.56,0.5,99.18,1354.61,1540.97,39.01
2021-02-15 09:30:00,5,9078.98,166.3,149.43,6.88,135.42,1044.71,1167.23,28.37
2021-02-15 10:30:00,5,8438.11,99.24,200.15,31.11,131.61,1027.53,1143.99,35.97
2021-02-15 11:30:00,5,8010.86,37.1,227.57,120.16,135.42,1071.2,1180.67,34.45
2021-02-15 12:30:00,5,2136.23,7.26,69.92,185.97,125.89,388.42,419.38,4.24
2021-02-15 13:30:00,5,1482.01,2.82,38.73,228.88,92.51,320.35,344.04,3.04
2021-02-15 14:30:00,5,1388.55,1.84,35.99,248.91,88.69,314.16,337,3.67
2021-02-15 15:30:00,5,2269.75,3.27,79.51,194.55,104.9,376.13,413.2,13.05
2021-02-15 16:30:00,5,3952.03,6.26,159.03,94.41,120.16,479.23,542.12,27.61
2021-02-15 17:30:00,5,5661.01,21.23,224.83,14.31,127.79,570.18,658.06,39.52
2021-02-15 18:30:00,5,8544.92,90.3,244.02,0.21,143.05,765.1,900.43,62.82
2021-02-15 19:30:00,5,12390.14,169.87,252.25,0,154.5,1113.44,1317.6,92.21
2021-02-15 20:30:00,5,14739.99,200.27,246.76,0,143.05,1428.62,1681.17,84.1
2021-02-15 21:30:00,5,14526.37,173.45,219.35,0,117.3,1512.16,1779.78,51.68
2021-02-15 22:30:00,5,12390.14,132.32,168.62,0,90.6,1366.56,1623.33,33.95
2021-02-15 23:30:00,5,8972.17,88.51,117.9,0,61.99,1050.14,1262.49,18.75
2021-02-16 00:30:00,5,5180.36,36.21,85.68,0.01,42.92,699.09,833.32,8.74
2021-02-16 01:30:00,5,3631.59,12.74,69.23,0.53,37.19,546.08,642.25,7.28
2021-02-16 02:30:00,5,2964.02,2.77,58.26,5.19,34.33,473.9,548.93,6.9
2021-02-16 03:30:00,5,2857.21,1.44,53.47,7.24,31.47,452.03,518.97,7.41
2021-02-16 04:30:00,5,3177.64,7.38,52.78,1.17,31.47,469.08,538.11,8.61
2021-02-16 05:30:00,5,3631.59,21.91,50.72,0.05,36.24,502.34,576.44,11.15
2021-02-16 06:30:00,5,4699.71,53.64,50.72,0,48.64,569.14,658.54,18.75
2021-02-16 07:30:00,5,7156.37,132.32,56.21,0.01,71.53,722.99,849.88,30.91
2021-02-16 08:30:00,5,9399.41,212.79,69.23,0.51,87.74,835.11,986.21,36.48
2021-02-16 09:30:00,5,7049.56,132.32,101.45,5.63,96.32,629.25,736.47,34.96
2021-02-16 10:30:00,5,7263.18,98.35,138.46,20.03,106.81,635.59,750.96,43.06
2021-02-16 11:30:00,5,7583.62,51.86,194.67,73.67,116.35,703.89,832.12,46.1
2021-02-16 12:30:00,5,2696.99,22.13,134.35,123.02,274.66,414.98,462.14,6.08
2021-02-16 13:30:00,5,2243.04,14.08,123.38,168.8,274.66,413.09,454.25,1.93
2021-02-16 14:30:00,5,2269.75,10.62,127.49,200.27,289.92,432.4,477.23,2.09
2021-02-16 15:30:00,5,2243.04,7.26,115.16,197.41,251.77,420.47,470.25,4.69
2021-02-16 16:30:00,5,2243.04,4.36,98.71,168.8,169.75,363.78,417.56,12.41
2021-02-16 17:30:00,5,2243.04,1.7,93.22,120.16,109.67,302.25,356.15,20.52
2021-02-16 18:30:00,5,4432.68,30.85,153.54,12.16,112.53,389.42,480.11,55.73
2021-02-16 19:30:00,5,7904.05,126.96,153.54,0,177.38,605.78,769.98,119.57
2021-02-16 20:30:00,5,10894.78,200.27,159.03,0,251.77,844.34,1086.71,180.36
2021-02-16 21:30:00,5,13031.01,239.61,168.62,0,305.18,1032.54,1326.94,222.92
2021-02-16 22:30:00,5,14526.37,275.37,168.62,0,335.69,1192.58,1527.88,249.27
2021-02-16 23:30:00,5,14099.12,275.37,146.69,0,297.55,1178.08,1505.75,218.87
2021-02-17 00:30:00,5,10894.78,202.06,111.04,0,137.33,959.79,1190.43,80.05
2021-02-17 01:30:00,5,7797.24,118.02,93.22,0,61.99,764.19,907.32,27.11
2021-02-17 02:30:00,5,5554.2,54.54,87.74,0,41.49,633.53,727.7,13.81
2021-02-17 03:30:00,5,3524.78,4.97,87.05,3.8,37.19,504.32,567.06,8.74
2021-02-17 04:30:00,5,3284.45,3.69,76.08,3.26,33.38,497.17,560.84,8.87
2021-02-17 05:30:00,5,3685,14.53,69.92,0.3,39.1,534.08,604.67,12.29
2021-02-17 06:30:00,5,4592.9,43.36,65.12,0.01,52.93,601.4,686.89,20.77
2021-02-17 07:30:00,5,6729.13,112.65,65.8,0.01,72.48,739.23,856.15,30.4
2021-02-17 08:30:00,5,8010.86,169.87,70.6,0.74,82.02,798.34,930.69,30.91
2021-02-17 09:30:00,5,5767.82,91.2,91.85,8.67,87.74,618.24,711.76,29.89
2021-02-17 10:30:00,5,6088.26,68.84,124.75,30.4,98.23,649.1,757.14,40.03
2021-02-17 11:30:00,5,6088.26,34.42,154.91,97.28,110.63,693.81,811.84,42.05
2021-02-17 12:30:00,5,1922.61,7.15,58.95,188.83,104.9,293.25,329.76,15.33
2021-02-17 13:30:00,5,1455.31,3.91,38.73,220.3,78.2,250.86,278.4,12.79
2021-02-17 14:30:00,5,1388.55,2.74,34.27,243.19,71.53,250.43,275.93,13.17
2021-02-17 15:30:00,5,1708.98,3.47,51.41,223.16,79.16,271.31,301.8,17.99
2021-02-17 16:30:00,5,2376.56,4.53,87.05,167.37,91.55,312.75,354.53,24.57
2021-02-17 17:30:00,5,2990.72,3.16,126.12,98.71,96.32,336.81,387.79,29.89
2021-02-17 18:30:00,5,4058.84,4.19,167.25,20.39,96.32,387.67,458.12,40.53
2021-02-17 19:30:00,5,5287.17,31.29,149.43,0.02,90.6,463.38,561.7,51.68
2021-02-17 20:30:00,5,5661.01,42.92,123.38,0,78.2,509.61,623.8,50.16
2021-02-17 21:30:00,5,6462.1,61.69,108.3,0,70.57,585.41,722.94,38
2021-02-17 22:30:00,5,7690.43,89.41,102.82,0,67.71,695.99,863.47,31.41
2021-02-17 23:30:00,5,7690.43,95.67,100.08,0,56.74,708.34,879.82,23.05
2021-02-18 00:30:00,5,6729.13,84.94,93.22,0,41.96,637.82,789.1,14.31
2021-02-18 01:30:00,5,5928.04,71.53,85,0,37.67,590.98,721.97,12.54
2021-02-18 02:30:00,5,5393.98,59.9,78.14,0,38.15,573.42,685.96,12.16
2021-02-18 03:30:00,5,5020.14,49.17,73.34,0,39.58,558.98,657.7,12.41
2021-02-18 04:30:00,5,4806.52,44.7,69.23,0,42.92,561.36,653.67,14.06
2021-02-18 05:30:00,5,4966.74,51.86,65.12,0,50.07,584.04,676.41,17.99
2021-02-18 06:30:00,5,5928.04,84.94,63.75,0,65.8,660.44,763.84,29.13
2021-02-18 07:30:00,5,8544.92,169.87,67.86,0.01,89.65,841.65,980.24,44.58
2021-02-18 08:30:00,5,11322.02,275.37,80.88,0.23,100.14,1007.4,1149.3,46.61
2021-02-18 09:30:00,5,8224.49,168.09,116.53,2.62,107.77,797.98,891.35,30.4
2021-02-18 10:30:00,5,8117.68,125.17,152.17,14.13,115.4,812.91,913.61,35.97
2021-02-18 11:30:00,5,8010.86,54.99,208.38,79.39,127.79,867.5,970.87,41.04
2021-02-18 12:30:00,5,2536.77,16.32,105.56,147.34,211.72,424.71,465.95,5.57
2021-02-18 13:30:00,5,1895.9,8.38,74.03,203.13,158.31,355.36,390.99,3.77
2021-02-18 14:30:00,5,1708.98,4.58,57.58,254.63,131.61,345.14,380.65,4.5
2021-02-18 15:30:00,5,1869.2,3.38,57.58,263.21,111.58,350,390.86,9.75
2021-02-18 16:30:00,5,2296.45,3.3,74.71,223.16,105.86,366.64,415.59,16.97
2021-02-18 17:30:00,5,2616.88,2.04,98.71,157.36,109.67,371.63,424.51,20.77
2021-02-18 18:30:00,5,4646.3,16.99,171.36,22.89,114.44,468.07,555.53,41.04
2021-02-18 19:30:00,5,7263.18,89.41,156.28,0,116.35,635.19,778.22,65.86
2021-02-18 20:30:00,5,8438.11,126.96,131.61,0,115.4,745.81,923.96,66.88
2021-02-18 21:30:00,5,8758.55,132.32,122.01,0,114.44,807.71,998.67,49.14
2021-02-18 22:30:00,5,8544.92,125.17,117.9,0,103,829.49,1020.26,35.47
2021-02-18 23:30:00,5,7370,98.35,111.04,0,74.39,762.34,932.47,20.01
2021-02-19 00:30:00,5,5607.61,57.22,104.19,0,44.82,633.07,760.26,9.25
2021-02-19 01:30:00,5,4272.46,25.03,93.22,0.08,34.33,543.3,637.84,7.98
2021-02-19 02:30:00,5,3417.97,8.16,77.46,1.29,30.52,476.27,548.42,7.85
2021-02-19 03:30:00,5,3097.53,7.26,60.32,1.08,28.85,444.59,510.19,8.49
2021-02-19 04:30:00,5,3311.16,19.22,47.3,0.04,31.47,457.61,527.86,10.77
2021-02-19 05:30:00,5,3791.81,38,40.44,0,40.53,492.36,570.08,15.71
2021-02-19 06:30:00,5,4966.74,78.68,37.7,0,60.08,576.85,674.15,28.12
2021-02-19 07:30:00,5,7797.24,173.45,40.78,0.01,83.92,757.97,900,43.57
2021-02-19 08:30:00,5,10681.15,289.68,50.72,0.2,93.46,917.22,1094.65,45.09
2021-02-19 09:30:00,5,7797.24,191.33,79.51,2.41,94.41,697.45,814.34,32.93
2021-02-19 10:30:00,5,7583.62,146.63,117.9,11.18,102.04,681.36,794.51,38.51
2021-02-19 11:30:00,5,7263.18,70.63,180.96,60.08,109.67,704.51,815.78,41.54
2021-02-19 12:30:00,5,2376.56,12.07,87.05,174.52,144.96,342.66,380.75,13.68
2021-02-19 13:30:00,5,1588.82,5.03,49.35,228.88,106.81,279.96,307.33,8.74
2021-02-19 14:30:00,5,1268.39,2.71,32.22,248.91,79.16,237.58,259.33,8.99
2021-02-19 15:30:00,5,1228.33,2.6,33.93,226.02,65.8,204.56,225.37,12.41
2021-02-19 16:30:00,5,1468.66,3.41,52.78,183.11,69.62,201.43,226.89,17.48
2021-02-19 17:30:00,5,1695.63,2.35,74.03,134.47,70.57,190.83,220.66,20.77
2021-02-19 18:30:00,5,3524.78,14.31,148.06,22.35,80.11,267.24,329.85,38.51
2021-02-19 19:30:00,5,5928.04,76.89,139.83,0,87.74,408.39,522.2,60.29
2021-02-19 20:30:00,5,7156.37,106.39,116.53,0,82.97,512.52,659.85,59.28
2021-02-19 21:30:00,5,7690.43,116.23,101.45,0,77.25,585.14,747.41,42.56
2021-02-19 22:30:00,5,8117.68,125.17,89.11,0,71.53,644.89,816.5,34.96
2021-02-19 23:30:00,5,7583.62,123.38,74.71,0,57.22,637.67,800.01,24.57
2021-02-20 00:30:00,5,6248.47,106.39,59.63,0,37.19,553.31,680.28,12.92
2021-02-20 01:30:00,5,4753.11,75.1,47.98,0,24.56,472.46,563.15,7.6
2021-02-20 02:30:00,5,3578.19,45.6,41.81,0,20.27,406.26,469.06,6.14
2021-02-20 03:30:00,5,2616.88,18.77,39.76,0.09,19.31,348.46,391.76,6.21
2021-02-20 04:30:00,5,2323.15,10.06,37.36,0.32,19.55,332.24,370.44,6.52
2021-02-20 05:30:00,5,2349.85,11.51,36.67,0.25,21.7,338.7,377.43,7.6
2021-02-20 06:30:00,5,2750.4,23.25,39.07,0.05,28.61,371.18,417.62,11.4
2021-02-20 07:30:00,5,3738.4,52.75,45.24,0.03,40.05,433.96,498.7,16.97
2021-02-20 08:30:00,5,4379.27,76,53.47,1.26,46.73,467.14,539.25,19.25
2021-02-20 09:30:00,5,4005.43,55.88,70.6,10.91,51.02,446.17,508.76,19
2021-02-20 10:30:00,5,3898.62,37.1,85,37.55,57.7,451.42,513.31,23.56
2021-02-20 11:30:00,5,3738.4,18.77,89.11,101.57,65.8,468.39,527.73,25.08
2021-02-20 12:30:00,5,1361.85,3.19,29.13,205.99,55.31,252.55,274.01,11.15
2021-02-20 13:30:00,5,1094.82,1.9,18.85,223.16,44.35,223.8,241.21,10.51
2021-02-20 14:30:00,5,1028.06,1.58,17.48,223.16,42.44,214.27,230.81,11.02
2021-02-20 15:30:00,5,1188.28,2.07,26.39,211.72,51.02,231.08,250.73,13.55
2021-02-20 16:30:00,5,1441.96,2.4,40.1,181.68,59.13,258.48,282.32,16.47
2021-02-20 17:30:00,5,1642.23,1.36,53.47,143.05,59.13,266.29,292.69,19
2021-02-20 18:30:00,5,2990.72,2.88,116.53,37.55,62.94,334.14,382.93,31.67
2021-02-20 19:30:00,5,4859.92,37.1,124.75,0.02,68.67,451.11,536.62,48.64
2021-02-20 20:30:00,5,5874.63,58.12,111.04,0,69.62,540.77,652.48,56.74
2021-02-20 21:30:00,5,6248.47,63.48,104.19,0,66.76,597.81,720.84,51.17
2021-02-20 22:30:00,5,6088.26,54.99,101.45,0,57.7,610.28,729.64,39.52
2021-02-20 23:30:00,5,5020.14,30.4,98.71,0.11,41.96,556.65,650.75,24.07
2021-02-21 00:30:00,5,3417.97,2.77,84.31,10.28,28.37,462.74,522.21,12.03
2021-02-21 01:30:00,5,2616.88,0.01,54.84,36.48,24.56,423.33,466.76,8.87
2021-02-21 02:30:00,5,2243.04,0,40.1,52.93,23.37,406.5,442.3,7.54
2021-02-21 03:30:00,5,2029.42,0,34.27,57.22,22.65,399.89,432.08,6.71
2021-02-21 04:30:00,5,1976.01,0,32.9,50.78,21.94,400.28,430.75,6.08
2021-02-21 05:30:00,5,1976.01,0.01,36.33,40.41,22.41,402.83,432.98,6.08
2021-02-21 06:30:00,5,2216.34,0.43,48.67,23.6,26.7,418.5,453.04,8.36
2021-02-21 07:30:00,5,2857.21,9.05,67.17,3.04,35.76,454.11,501.72,13.81
2021-02-21 08:30:00,5,3257.75,22.8,74.71,6.53,42.92,470.28,524.93,17.23
2021-02-21 09:30:00,5,3017.43,16.32,76.08,37.19,50.07,456.89,506.43,19.25
2021-02-21 10:30:00,5,2857.21,13.52,67.86,75.1,57.7,451.94,499.47,21.79
2021-02-21 11:30:00,5,2456.67,7.82,54.15,135.9,64.85,436.47,475.96,19.51
2021-02-21 12:30:00,5,1228.33,2.18,20.91,200.27,42.92,273.67,292.68,9.88
2021-02-21 13:30:00,5,1028.06,1.54,15.25,205.99,34.81,237.35,253.62,9.37
2021-02-21 14:30:00,5,974.66,1.38,14.74,200.27,33.38,222.79,238.6,9.88
2021-02-21 15:30:00,5,1121.52,1.96,23.65,180.24,40.53,230.68,248.87,12.54
2021-02-21 16:30:00,5,1375.2,2.35,38.73,148.77,49.11,246.99,268.79,15.96
2021-02-21 17:30:00,5,1575.47,1.31,54.15,113.01,51.98,248.61,273.26,18.24
2021-02-21 18:30:00,5,2029.42,0.13,76.08,65.8,53.88,264.55,297.64,23.81
2021-02-21 19:30:00,5,2616.88,0.06,89.11,28.97,53.41,297.29,344.12,31.16
2021-02-21 20:30:00,5,2830.51,0.37,84.31,16.81,49.11,321.36,376.1,33.95
2021-02-21 21:30:00,5,3044.13,1.98,80.88,8.4,45.3,347.23,408.44,32.17
2021-02-21 22:30:00,5,3391.27,8.94,77.46,1.08,42.92,376.98,446.04,27.61
2021-02-21 23:30:00,5,3284.45,14.75,69.92,0.2,35.29,373.89,442.08,18.49
2021-02-22 00:30:00,5,2910.61,18.11,58.95,0.07,26.7,350.77,411.57,10.89
2021-02-22 01:30:00,5,2964.02,27.27,48.67,0,28.85,359.58,422.87,10.64
2021-02-22 02:30:00,5,3097.53,34.87,40.1,0,31.47,377.93,445.65,11.53
2021-02-22 03:30:00,5,3177.64,41.57,32.22,0,33.85,392.34,463.08,12.41
2021-02-22 04:30:00,5,3150.94,45.6,26.39,0,31.47,395.58,464.64,10.77
2021-02-22 05:30:00,5,3017.43,47.83,24.68,0,30.28,386.93,449.99,10.01
2021-02-22 06:30:00,5,3097.53,54.99,28.45,0,36.72,378.42,439.27,13.93
2021-02-22 07:30:00,5,4058.84,92.09,32.22,0.03,49.11,420.11,498.59,21.03
2021-02-22 08:30:00,5,4646.3,119.81,39.41,0.93,54.84,428.12,513.12,25.33
2021-02-22 09:30:00,5,3578.19,69.74,62.38,8.76,57.7,360.05,424.57,26.85
2021-02-22 10:30:00,5,3417.97,48.28,76.08,27.9,64.85,359.88,425.27,32.17
2021-02-22 11:30:00,5,3017.43,24.36,79.51,73.67,72.48,355.66,414.76,30.15
2021-02-22 12:30:00,5,1148.22,4.41,30.16,158.79,60.08,202.73,230.11,11.27
2021-02-22 13:30:00,5,894.55,2.57,20.56,178.81,49.11,174.37,198.14,9.37
2021-02-22 14:30:00,5,821.11,2.04,18.68,185.97,45.3,159.23,181.36,9.63
2021-02-22 15:30:00,5,961.3,2.77,28.1,173.09,52.93,158.92,182.68,12.54
2021-02-22 16:30:00,5,1214.98,3.38,43.87,147.34,60.56,168.85,196.22,16.21
2021-02-22 17:30:00,5,1428.6,2.12,61.01,111.58,59.61,164.72,194.53,19.25
2021-02-22 18:30:00,5,2296.45,0.91,104.19,38.27,62.94,191.95,236.9,29.39
2021-02-22 19:30:00,5,3471.37,18.55,115.16,0.49,69.62,256.59,327.27,43.57
2021-02-22 20:30:00,5,4112.24,34.87,98.71,0,68.67,308.14,395.81,51.68
2021-02-22 21:30:00,5,4646.3,44.7,90.48,0,67.71,360.17,461.34,56.74
2021-02-22 22:30:00,5,5393.98,58.12,86.37,0,67.71,423.19,540.67,59.78
2021-02-22 23:30:00,5,5340.58,62.59,81.57,0,57.22,426.19,543.43,46.61
2021-02-23 00:30:00,5,4486.08,54.54,71.29,0,40.53,370.94,469.21,27.36
2021-02-23 01:30:00,5,3738.4,43.36,60.32,0,33.38,332.19,412.3,20.01
2021-02-23 02:30:00,5,3150.94,32.63,51.41,0,30.28,302.65,368.43,16.21
2021-02-23 03:30:00,5,2803.8,29.95,42.84,0,28.13,285.86,346.06,14.06
2021-02-23 04:30:00,5,2857.21,36.66,35.64,0,27.66,292.5,354.32,12.67
2021-02-23 05:30:00,5,3017.43,46.49,32.9,0,30.04,304.54,369.16,13.05
2021-02-23 06:30:00,5,3845.22,73.31,34.96,0,41.01,357.18,434.6,20.01
2021-02-23 07:30:00,5,5874.63,143.05,42.5,0.03,62.94,481.07,594,37.49
2021-02-23 08:30:00,5,7476.81,209.21,56.89,0.89,75.34,548.48,681.2,51.68
2021-02-23 09:30:00,5,5287.17,123.38,85.68,7.78,76.29,400,497.69,45.6
2021-02-23 10:30:00,5,4859.92,80.47,113.79,26.82,84.88,377.13,471.44,43.06
2021-02-23 11:30:00,5,4165.65,37.55,128.87,80.82,88.69,357.43,441.84,35.47
2021-02-23 12:30:00,5,1188.28,6.2,41.81,158.79,62.94,137.98,167.33,11.91
2021-02-23 13:30:00,5,867.84,3.52,27.76,178.81,48.16,115.06,138.94,10.64
2021-02-23 14:30:00,5,814.44,2.82,26.05,188.83,46.73,112.28,135.11,11.4
2021-02-23 15:30:00,5,2056.12,11.06,78.83,130.18,67.71,172.37,214.64,25.08
2021-02-23 16:30:00,5,3898.62,30.85,145.32,57.22,92.51,267.79,338,38
2021-02-23 17:30:00,5,5661.01,78.68,178.22,10.64,108.72,339.38,431.71,49.65
2021-02-23 18:30:00,5,8010.86,160.93,175.48,0.35,135.42,464.83,590.69,70.93
2021-02-23 19:30:00,5,10787.96,227.09,172.73,0,169.75,668.87,838.85,98.29
2021-02-23 20:30:00,5,12924.19,253.92,175.48,0,194.55,880.5,1078.65,119.57
2021-02-23 21:30:00,5,14099.12,243.19,183.7,0,225.07,1025.73,1239.13,143.89
2021-02-23 22:30:00,5,14953.61,253.92,194.67,0,286.1,1144.17,1374.45,188.47
2021-02-23 23:30:00,5,16021.73,286.1,211.12,0,324.25,1236.53,1466.69,216.84
2021-02-24 00:30:00,5,15380.86,282.53,219.35,0,297.55,1201.51,1393.72,192.52
2021-02-24 01:30:00,5,14312.74,253.92,213.86,0,263.21,1130.71,1298.01,170.23
2021-02-24 02:30:00,5,13885.5,239.61,200.15,0,238.42,1114.49,1285.29,162.13
2021-02-24 03:30:00,5,13671.88,232.46,180.96,0,171.66,1140.73,1322.7,126.66
2021-02-24 04:30:00,5,13458.25,228.88,156.28,0,110.63,1166.54,1344.43,85.12
2021-02-24 05:30:00,5,13565.06,239.61,138.46,0,76.29,1218.25,1386.36,61.3
2021-02-24 06:30:00,5,14312.74,268.22,123.38,0,68.67,1296.3,1467.68,51.68
2021-02-24 07:30:00,5,16662.6,361.2,115.16,0.02,87.74,1482.74,1677.92,61.81
2021-02-24 08:30:00,5,18157.96,450.61,117.9,0.57,100.14,1535.68,1741.28,63.33
2021-02-24 09:30:00,5,12176.51,282.53,149.43,5.28,116.35,995.9,1129.79,62.32
2021-02-24 10:30:00,5,10147.09,169.87,216.6,23.96,107.77,812.72,940.03,60.8
2021-02-24 11:30:00,5,8224.49,56.77,241.28,103,103.95,712.35,826.15,50.16
2021-02-24 12:30:00,5,1789.09,7.71,60.32,180.24,95.37,205.29,234.64,20.27
2021-02-24 13:30:00,5,1148.22,3.58,32.56,205.99,64.85,149.13,171.55,16.09
2021-02-24 14:30:00,5,934.6,2.54,26.05,211.72,54.84,123.64,144.38,14.69
2021-02-24 15:30:00,5,1495.36,5.25,51.41,177.38,62.94,144.24,175.86,21.03
2021-02-24 16:30:00,5,2429.96,9.72,93.22,124.45,73.43,187.09,234.72,28.37
2021-02-24 17:30:00,5,3231.05,12.85,135.72,57.94,77.25,213.66,272.58,33.44
2021-02-24 18:30:00,5,5554.2,75.1,154.91,2.21,96.32,314.28,410.11,52.18
2021-02-24 19:30:00,5,8010.86,150.2,130.24,0,112.53,465.87,608.61,73.97
2021-02-24 20:30:00,5,8651.73,155.57,116.53,0,112.53,550.32,717.74,85.12
2021-02-24 21:30:00,5,8758.55,139.48,112.41,0,106.81,598.17,777,88.16
2021-02-24 22:30:00,5,9185.79,139.48,109.67,0,96.32,658.42,847.95,83.09
2021-02-24 23:30:00,5,8758.55,125.17,105.56,0,70.57,638.27,819.65,53.2
2021-02-25 00:30:00,5,6942.75,93.88,100.08,0,44.35,529.89,677.4,24.32
2021-02-25 01:30:00,5,5661.01,68.84,89.11,0,40.53,455.3,575.92,19.76
2021-02-25 02:30:00,5,4646.3,44.7,84.31,0,45.78,405,503.62,21.79
2021-02-25 03:30:00,5,3952.03,27.05,82.25,0.02,55.79,370.88,455.41,25.84
2021-02-25 04:30:00,5,3845.22,25.03,79.51,0.02,67.71,372.05,451.58,31.92
2021-02-25 05:30:00,5,4165.65,37.55,76.08,0,82.97,405.02,487.34,45.09
2021-02-25 06:30:00,5,5126.95,69.74,74.71,0,99.18,472.03,569.6,63.33
2021-02-25 07:30:00,5,7263.18,148.42,73.34,0.03,103.95,594.56,727.99,70.93
2021-02-25 08:30:00,5,8972.17,236.03,74.71,0.81,92.51,650.77,805.04,56.24
2021-02-25 09:30:00,5,4859.92,103.71,87.74,9.39,74.39,356.79,440.62,37.49
2021-02-25 10:30:00,5,4219.06,60.8,101.45,31.11,79.16,325.85,402.7,41.04
2021-02-25 11:30:00,5,3791.81,27.27,108.3,90.84,83.92,331.83,401.99,38
2021-02-25 12:30:00,5,1094.82,4.58,33.93,170.23,59.61,126.63,150.46,14.19
2021-02-25 13:30:00,5,807.76,2.52,21.59,191.69,44.35,110.42,128.32,12.54
2021-02-25 14:30:00,5,727.65,1.96,18.85,194.55,39.58,99.87,115.84,12.41
2021-02-25 15:30:00,5,1028.06,3.35,34.62,178.81,52.45,114.99,135.62,17.23
2021-02-25 16:30:00,5,1441.96,4.53,56.89,150.2,62.94,132.8,159.6,22.04
2021-02-25 17:30:00,5,1735.69,3.27,78.83,108.72,63.9,137.34,168.16,24.57
2021-02-25 18:30:00,5,2376.56,0.44,109.67,52.93,66.76,159.77,201.61,30.91
2021-02-25 19:30:00,5,3070.83,1.19,120.64,12.7,67.71,199.31,257.93,39.52
2021-02-25 20:30:00,5,3257.75,4.19,106.93,3.49,61.99,223.67,291.85,43.57
2021-02-25 21:30:00,5,3231.05,4.14,94.59,3.31,57.22,235.78,306.45,43.57
2021-02-25 22:30:00,5,3204.35,3.91,89.11,3.58,53.41,242.48,314.16,40.53
2021-02-25 23:30:00,5,2883.91,2.79,81.57,5.28,43.39,226.36,290.68,31.67
2021-02-26 00:30:00,5,2349.85,0.95,69.23,10.19,31.95,194.44,244.54,21.53
2021-02-26 01:30:00,5,2029.42,0.41,58.26,13.77,27.9,181.82,224.91,17.73
2021-02-26 02:30:00,5,1922.61,0.46,52.09,12.52,27.18,183.74,225.53,14.95
2021-02-26 03:30:00,5,1895.9,1.26,47.98,7.33,26.46,189.04,230.92,12.79
2021-02-26 04:30:00,5,1922.61,3.74,43.87,2.62,26.46,194,235.49,11.65
2021-02-26 05:30:00,5,2029.42,10.06,41.47,0.43,28.61,204.63,246.68,11.27
2021-02-26 06:30:00,5,2456.67,24.59,43.18,0.03,36.72,232.7,281.68,15.33
2021-02-26 07:30:00,5,3471.37,58.12,47.98,0.05,50.07,285.73,352.02,25.59
2021-02-26 08:30:00,5,4112.24,84.04,56.21,2.28,56.74,305.65,379.4,32.17
2021-02-26 09:30:00,5,3150.94,46.05,72.66,19.31,58.65,245.54,303.73,30.91
2021-02-26 10:30:00,5,2643.59,25.48,71.97,53.64,63.9,223.72,276.75,30.4
2021-02-26 11:30:00,5,1976.01,12.18,58.26,108.72,66.76,195.62,239.09,26.09
2021-02-26 12:30:00,5,821.11,2.88,21.42,171.66,42.44,110.36,136.59,12.16
2021-02-26 13:30:00,5,674.25,1.96,15.94,181.68,35.29,95.41,121.57,10.89
2021-02-26 14:30:00,5,634.19,1.75,15.42,180.24,33.38,90.9,117.85,10.13
2021-02-26 15:30:00,5,1562.12,7.26,55.52,138.76,50.55,137.34,178.89,20.01
2021-02-26 16:30:00,5,3017.43,18.33,112.41,76.53,68.67,208.32,271.69,30.91
2021-02-26 17:30:00,5,4379.27,40.23,159.03,20.74,84.88,265.05,345.87,39.52
2021-02-26 18:30:00,5,6675.72,110.87,175.48,0.78,121.12,375.29,489.14,64.85
2021-02-26 19:30:00,5,9613.04,196.7,183.7,0,185.01,564.13,721.98,112.47
2021-02-26 20:30:00,5,11856.08,246.76,205.64,0,247.96,744.52,934.51,156.04
2021-02-26 21:30:00,5,12817.38,243.19,219.35,0,244.14,814.05,1011.72,158.07
2021-02-26 22:30:00,5,12176.51,205.64,211.12,0,179.29,790.49,969.29,120.58
2021-02-26 23:30:00,5,9719.85,144.84,183.7,0,111.58,661.47,787.08,73.97
2021-02-27 00:30:00,5,4165.65,22.13,130.24,0.23,71.53,350.94,404.5,27.61
2021-02-27 01:30:00,5,2696.99,1.79,90.48,5.1,39.1,248.28,290.9,23.31
2021-02-27 02:30:00,5,2029.42,0.16,59.63,15.02,26.7,191.97,232.13,23.31
2021-02-27 03:30:00,5,1815.8,0.45,49.35,11.8,24.32,165.22,204.14,22.55
2021-02-27 04:30:00,5,1842.5,4.3,44.55,1.92,25.51,158.18,200.36,22.55
2021-02-27 05:30:00,5,2002.72,15.42,38.73,0.06,31.47,159.47,206.8,25.08
2021-02-27 06:30:00,5,2643.59,39.34,38.73,0,50.55,189.48,250.95,36.48
2021-02-27 07:30:00,5,4325.87,100.14,42.84,0.04,70.57,274.3,369.31,53.2
2021-02-27 08:30:00,5,6088.26,171.66,51.41,1.3,80.11,347.79,473.11,58.26
2021-02-27 09:30:00,5,3231.05,68.84,67.86,13.05,74.39,184.18,276.65,37.49
2021-02-27 10:30:00,5,3070.83,45.6,79.51,35.76,79.16,191.21,288.74,38
2021-02-27 11:30:00,5,2590.18,20.56,76.08,87.98,80.11,193.68,291.63,33.44
2021-02-27 12:30:00,5,667.57,3.3,18.17,128.75,37.19,64.94,143.59,11.27
2021-02-27 13:30:00,5,507.36,1.93,11.82,140.19,26.23,54.63,127.23,8.61
2021-02-27 14:30:00,5,487.33,1.69,11.48,145.91,25.51,53.53,120.03,8.23
2021-02-27 15:30:00,5,1161.58,6.76,40.1,114.44,40.05,85.49,167.45,15.83
2021-02-27 16:30:00,5,2323.15,15.87,83.63,70.81,60.56,141.95,247.9,25.08
2021-02-27 17:30:00,5,3578.19,29.95,126.12,23.25,81.06,197.51,319.78,34.45
2021-02-27 18:30:00,5,4913.33,56.77,138.46,1.17,100.14,267.1,405.24,46.61
2021-02-27 19:30:00,5,6088.26,79.57,127.49,0,106.81,350.2,510.74,59.78
2021-02-27 20:30:00,5,6942.75,92.09,112.41,0,102.04,426.25,607.78,67.89
2021-02-27 21:30:00,5,7156.37,91.2,100.08,0,89.65,459.4,649.8,67.89
2021-02-27 22:30:00,5,7049.56,87.62,97.33,0,83.92,465.62,643,62.82
2021-02-27 23:30:00,5,6195.07,74.21,100.08,0,76.29,423.92,567.54,47.62
2021-02-28 00:30:00,5,5554.2,60.8,111.04,0,62.94,385.5,500.49,31.67
2021-02-28 01:30:00,5,5928.04,70.63,112.41,0,51.02,426.71,539.58,26.85
2021-02-28 02:30:00,5,6462.1,85.83,102.82,0,41.49,476.47,593.26,25.33
2021-02-28 03:30:00,5,6729.13,97.45,90.48,0,41.96,511,632.42,26.35
2021-02-28 04:30:00,5,6942.75,108.18,82.94,0,59.13,545.02,669.91,33.95
2021-02-28 05:30:00,5,7690.43,130.53,82.25,0,91.55,622.69,752.93,48.64
2021-02-28 06:30:00,5,9078.98,164.51,89.11,0,143.05,750.65,898.61,79.04
2021-02-28 07:30:00,5,10894.78,221.73,90.48,0.02,181.2,901.78,1082.81,116.53
2021-02-28 08:30:00,5,12176.51,275.37,89.11,0.69,162.13,970.2,1170.1,116.53
2021-02-28 09:30:00,5,6088.26,88.51,122.01,12.52,127.79,521.88,623.33,52.18
2021-02-28 10:30:00,5,4539.49,35.76,124.75,59.37,119.21,429.06,521.21,41.54
2021-02-28 11:30:00,5,3284.45,13.3,94.59,150.2,117.3,371.25,451.09,31.16
2021-02-28 12:30:00,5,894.55,3.8,27.08,163.08,65.8,104.17,149.41,8.61
2021-02-28 13:30:00,5,660.9,2.15,17.65,183.11,47.21,79.89,123.54,6.4
2021-02-28 14:30:00,5,640.87,1.44,14.91,208.86,39.1,84.35,126.7,5.45
2021-02-28 15:30:00,5,1922.61,9.39,70.6,144.48,57.7,147.1,209.69,19
2021-02-28 16:30:00,5,3952.03,29.5,142.57,65.8,85.83,251.86,346.59,32.42
2021-02-28 17:30:00,5,6088.26,69.74,191.93,16.45,111.58,361.5,484.17,45.09
2021-02-28 18:30:00,5,8117.68,121.59,208.38,0.91,141.14,487.4,638.49,64.85
2021-02-28 19:30:00,5,9292.6,148.42,180.96,0,146.87,596.18,774.28,73.97
2021-02-28 20:30:00,5,8758.55,132.32,137.09,0,125.89,591.61,770.64,70.93
2021-02-28 21:30:00,5,4913.33,40.23,104.19,0,82.02,348.83,474.53,50.66
2021-02-28 22:30:00,5,4646.3,47.83,74.03,0,69.62,330.98,463.4,55.22
2021-02-28 23:30:00,5,4272.46,50.52,61.69,0,57.22,306.97,438.92,49.65
2021-03-01 00:30:00,5,3578.19,41.57,57.58,0,45.78,264.29,383.19,39.01
2021-03-01 01:30:00,5,3124.24,32.19,56.21,0,44.35,247.3,354.09,35.97
2021-03-01 02:30:00,5,2696.99,21.91,52.78,0.03,41.01,228.81,321.63,33.95
2021-03-01 03:30:00,5,2323.15,15.42,48.67,0.07,38.62,205.57,283.48,32.93
2021-03-01 04:30:00,5,2162.93,15.87,45.24,0.04,37.67,192.5,261.78,32.17
2021-03-01 05:30:00,5,2189.64,20.56,44.55,0.01,39.58,187.44,251.35,32.93
2021-03-01 06:30:00,5,2563.48,32.19,45.93,0,45.3,198.46,264.43,38
2021-03-01 07:30:00,5,3524.78,59.01,51.41,0.12,59.13,241.14,322.35,49.65
2021-03-01 08:30:00,5,4058.84,76,61.69,4.2,68.67,255.84,346.12,51.68
2021-03-01 09:30:00,5,3257.75,42.47,79.51,27.18,86.78,209.45,282.4,41.04
2021-03-01 10:30:00,5,2857.21,26.15,82.25,67.95,109.67,209.18,278.46,34.45
2021-03-01 11:30:00,5,2082.82,12.63,66.49,130.18,123.98,194.38,249.12,23.56
2021-03-01 12:30:00,5,594.14,2.65,17.65,167.37,50.55,52.74,72.46,7.6
2021-03-01 13:30:00,4,460.63,1.47,10.63,173.09,29.56,38.57,53.05,6.65
2021-03-01 14:30:00,4,427.25,1.3,9.6,165.94,22.65,33.29,45.02,6.46
2021-03-01 15:30:00,4,494,1.73,13.54,154.5,24.8,35.2,46.41,8.23
2021-03-01 16:30:00,4,620.84,2.24,21.08,140.19,30.52,41.78,53.98,10.77
2021-03-01 17:30:00,4,747.68,1.62,29.47,123.02,33.38,47.42,61.18,12.92
2021-03-01 18:30:00,5,1188.28,0.27,51.41,85.12,43.39,69.55,91.41,20.01
2021-03-01 19:30:00,5,1668.93,0,63.06,55.08,50.07,98.81,131.79,27.87
2021-03-01 20:30:00,5,1869.2,0,62.38,43.27,50.55,117.18,156.91,32.17
2021-03-01 21:30:00,5,1949.31,0,60.32,38.98,50.07,127.69,169.51,33.95
2021-03-01 22:30:00,5,1895.9,0.01,56.21,37.91,47.21,128.19,169.38,33.44
2021-03-01 23:30:00,5,1615.52,0,49.35,39.7,38.15,111.34,145.95,29.13
2021-03-02 00:30:00,5,1228.33,0,38.39,44.7,28.85,88.45,112.6,23.56
2021-03-02 01:30:00,5,1028.06,0,30.85,50.78,26.7,80.53,99.59,21.79
2021-03-02 02:30:00,5,947.95,0,26.73,59.37,27.18,81.97,99.02,21.28
2021-03-02 03:30:00,5,921.25,0,23.65,68.67,27.42,87,102.83,21.03
2021-03-02 04:30:00,5,907.9,0,21.94,78.68,28.37,93.85,108.9,21.03
2021-03-02 05:30:00,5,934.6,0,22.96,87.98,31.47,104.06,118.97,21.53
2021-03-02 06:30:00,5,1068.12,0,28.45,91.55,37.19,118.85,136.17,23.31
2021-03-02 07:30:00,5,1348.5,0.1,41.13,80.82,43.87,134.69,157.51,26.85
2021-03-02 08:30:00,5,1428.6,2.82,45.24,78.68,45.78,131.32,156.07,26.09
2021-03-02 09:30:00,5,1255.04,5.36,36.33,95.84,45.78,113.82,136.24,22.29
2021-03-02 10:30:00,5,1094.82,4.92,29.13,121.59,45.78,104.71,124.92,19.76
2021-03-02 11:30:00,5,934.6,3.21,21.59,157.36,42.92,97.62,114.36,16.97
2021-03-02 12:30:00,5,634.19,1.27,9.94,180.24,24.32,64.05,74.64,12.29
2021-03-02 13:30:00,5,594.14,1.13,8.74,178.81,21.7,55.4,65.09,11.91
2021-03-02 14:30:00,5,587.46,1.1,9.17,178.81,23.37,53.29,62.86,11.91
2021-03-02 15:30:00,5,627.52,1.24,12,178.81,28.37,57.57,67.84,12.41
2021-03-02 16:30:00,5,720.98,1.4,18.34,174.52,34.33,64.55,76.31,14.06
2021-03-02 17:30:00,5,807.76,0.92,25.71,161.65,37.19,67.02,79.96,15.2
2021-03-02 18:30:00,5,1268.39,0.14,49.35,117.3,49.11,87.71,109.01,21.79
2021-03-02 19:30:00,5,1735.69,0,61.69,79.39,55.79,114.21,146.36,29.13
2021-03-02 20:30:00,5,1922.61,0,61.69,65.09,55.31,131.46,169.87,32.93
2021-03-02 21:30:00,5,2029.42,0,59.63,58.65,54.36,141.22,182.22,35.47
2021-03-02 22:30:00,5,1976.01,0,56.89,54.36,51.5,141.27,182.12,34.96
2021-03-02 23:30:00,5,1708.98,0,50.72,52.93,42.92,124.99,159.27,30.65
2021-03-03 00:30:00,5,1348.5,0,40.44,56.51,33.38,102.77,127.56,24.57
2021-03-03 01:30:00,5,1161.58,0,32.56,60.8,30.04,96.1,116.58,22.8
2021-03-03 02:30:00,5,1094.82,0,28.45,64.37,28.85,97.68,116.88,22.55
2021-03-03 03:30:00,5,1068.12,0,26.05,66.52,27.66,102.07,120.89,22.8
2021-03-03 04:30:00,5,1068.12,0,25.71,65.09,27.42,106.95,125.36,23.31
2021-03-03 05:30:00,5,1121.52,0,28.79,59.37,29.09,112.66,131.8,24.07
2021-03-03 06:30:00,5,1348.5,0.01,39.76,45.78,34.81,126.22,149.84,27.61
2021-03-03 07:30:00,5,1842.5,0.87,62.38,23.96,45.78,152.34,186.35,34.45
2021-03-03 08:30:00,5,2162.93,9.95,68.55,25.75,54.84,166.66,206.5,36.48
2021-03-03 09:30:00,5,2109.53,13.97,61.69,56.51,62.94,167.27,206.52,34.45
2021-03-03 10:30:00,5,1895.9,10.28,53.47,103,69.62,167.16,204.96,30.91
2021-03-03 11:30:00,5,1548.77,5.64,40.78,165.94,70.57,160.26,192.25,25.08
2021-03-03 12:30:00,5,827.79,1.87,16.62,203.13,42.44,101.45,122.79,15.83
2021-03-03 13:30:00,5,714.3,1.48,13.54,205.99,35.76,87.06,107.58,14.82
2021-03-03 14:30:00,5,674.25,1.43,13.71,203.13,34.81,77.36,98.23,14.44
2021-03-03 15:30:00,5,947.95,2.79,28.45,185.97,44.82,88.24,113.77,17.23
2021-03-03 16:30:00,5,1388.55,4.14,50.72,160.22,55.79,106.92,139.79,21.03
2021-03-03 17:30:00,5,1789.09,3.44,76.77,120.16,63.9,119.19,158.1,24.32
2021-03-03 18:30:00,5,3898.62,23.47,149.43,15.2,89.65,209.95,282.16,42.56
2021-03-03 19:30:00,5,6515.5,86.73,142.57,0,116.35,361.52,482.04,64.85
2021-03-03 20:30:00,5,8117.68,118.02,128.87,0,125.89,483.63,639.19,79.04
2021-03-03 21:30:00,5,9292.6,135.9,120.64,0,131.61,593.14,771.64,89.17
2021-03-03 22:30:00,5,10787.96,169.87,113.79,0,137.33,734.08,933.18,94.24
2021-03-03 23:30:00,5,12069.7,209.21,106.93,0,127.79,855.9,1064.2,82.08
2021-03-04 00:30:00,5,12390.14,225.31,102.82,0,103,900.27,1093.55,59.78
2021-03-04 01:30:00,5,12283.33,227.09,95.96,0,88.69,915.95,1094.44,47.62
2021-03-04 02:30:00,5,11749.27,219.94,86.37,0,81.06,902.95,1070.5,43.06
2021-03-04 03:30:00,5,11108.4,203.85,80.2,0,79.16,868.62,1021.51,40.53
2021-03-04 04:30:00,5,10787.96,198.48,73.34,0,72.48,870.04,1011.74,38
2021-03-04 05:30:00,5,10574.34,202.06,69.92,0,66.76,893.35,1029.46,37.49
2021-03-04 06:30:00,5,10787.96,214.58,68.55,0,74.39,920.28,1067.57,49.14
2021-03-04 07:30:00,5,12603.76,282.53,72.66,0.03,99.18,1041.55,1224.23,73.97
2021-03-04 08:30:00,5,15380.86,382.66,90.48,0.86,120.16,1204.57,1411.7,87.14
2021-03-04 09:30:00,5,9613.04,162.72,172.73,13.95,146.87,741.32,854.62,64.34
2021-03-04 10:30:00,5,9826.66,62.59,287.89,100.14,150.68,837.1,956.56,60.8
2021-03-04 11:30:00,5,9933.47,16.99,274.18,366.21,156.4,1032.18,1158.75,49.65
2021-03-04 12:30:00,5,2403.26,8.49,97.33,263.21,202.18,309.96,353.87,12.41
2021-03-04 13:30:00,5,1602.17,4.08,56.21,306.13,144.96,240.98,276.87,8.87
2021-03-04 14:30:00,5,1495.36,2.26,42.5,357.63,129.7,254.65,291.47,8.74
2021-03-04 15:30:00,5,2136.23,2.29,62.38,371.93,154.5,344.54,391.84,14.06
2021-03-04 16:30:00,5,3257.75,2.15,98.71,366.21,188.83,481.84,546.36,21.03
2021-03-04 17:30:00,5,4165.65,0.98,130.24,334.74,202.18,571.2,650.97,25.84
2021-03-04 18:30:00,5,6622.31,0.16,219.35,134.47,192.64,689.03,816.53,47.12
2021-03-04 19:30:00,5,9506.23,22.35,276.92,2.95,177.38,819.45,1009.59,76
2021-03-04 20:30:00,5,10894.78,67.06,238.54,0,162.13,870.54,1100.6,95.25
2021-03-04 21:30:00,5,10787.96,83.15,200.15,0,143.05,834.49,1073.41,100.32
2021-03-04 22:30:00,5,10360.72,90.3,169.99,0,127.79,785.55,1016.09,93.22
2021-03-04 23:30:00,5,9399.41,87.62,153.54,0,108.72,701.78,901.35,71.94
2021-03-05 00:30:00,5,7370,59.01,143.95,0,83.92,555.69,705.91,44.08
2021-03-05 01:30:00,5,6462.1,52.75,119.27,0,63.9,501.27,637.75,35.47
2021-03-05 02:30:00,5,5393.98,44.7,90.48,0,47.68,438.94,562.15,29.39
2021-03-05 03:30:00,5,4272.46,32.19,71.97,0,37.67,366.58,470.93,19.76
2021-03-05 04:30:00,5,3524.78,23.47,64.43,0.03,33.38,317.02,405.3,15.2
2021-03-05 05:30:00,5,3070.83,18.33,62.38,0.16,32.9,285.33,359.41,14.19
2021-03-05 06:30:00,5,2750.4,7.82,74.03,2.41,41.01,254.35,317.72,20.01
2021-03-05 07:30:00,5,3391.27,27.27,80.2,0.49,53.41,277.08,350.58,34.96
2021-03-05 08:30:00,5,3631.59,44.7,75.4,8.32,57.22,270.12,344.31,39.52
2021-03-05 09:30:00,5,1949.31,11.4,58.26,68.67,57.7,162.64,206.34,26.85
2021-03-05 10:30:00,5,1575.47,7.71,42.5,110.15,57.22,142.61,180.95,24.57
2021-03-05 11:30:00,5,1255.04,4.25,30.5,161.65,52.45,127.73,160.49,21.28
2021-03-05 12:30:00,5,540.73,1.29,9.68,167.37,22.17,56.74,89.1,9.88
2021-03-05 13:30:00,4,460.63,1.12,8.14,163.08,17.88,48.98,80.64,8.61
2021-03-05 14:30:00,4,447.27,1.1,8.31,160.22,17.17,46.09,74.77,8.49
2021-03-05 15:30:00,4,487.33,1.36,11.31,155.93,20.27,48.48,76.29,9.5
2021-03-05 16:30:00,5,580.79,1.65,17.48,148.77,25.03,53.54,81.11,11.27
2021-03-05 17:30:00,5,667.57,1.19,24.68,134.47,27.42,56.91,83.67,12.67
2021-03-05 18:30:00,5,934.6,0.19,39.76,108.72,36.72,69.42,99.9,17.48
2021-03-05 19:30:00,5,1214.98,0,45.93,87.26,42.92,85.89,121.83,23.05
2021-03-05 20:30:00,5,1308.44,0,43.87,82.25,42.92,95.19,133.22,26.09
2021-03-05 21:30:00,5,1335.14,0,41.47,81.54,42.92,101.42,138.41,27.87
2021-03-05 22:30:00,5,1308.44,0,38.73,84.4,42.44,105.03,139.68,28.12
2021-03-05 23:30:00,5,1148.22,0,33.24,92.98,37.19,101.11,129.69,25.33
2021-03-06 00:30:00,5,921.25,0,25.36,103,30.28,92.05,113.05,21.03
2021-03-06 01:30:00,5,794.41,0,18.85,107.29,25.03,88.26,105.42,19
2021-03-06 02:30:00,5,767.71,0,16.97,104.43,23.6,88.45,104.62,18.49
2021-03-06 03:30:00,5,794.41,0,17.48,95.84,23.13,91.56,107.96,18.49
2021-03-06 04:30:00,5,854.49,0,19.54,82.97,23.13,97.62,114.96,19.25
2021-03-06 05:30:00,5,961.3,0,23.99,67.95,23.84,106.42,125.67,20.52
2021-03-06 06:30:00,5,1201.63,0.01,35.64,47.92,27.66,122.78,147.28,24.57
2021-03-06 07:30:00,5,1695.63,1.3,56.89,21.99,34.81,147.98,182.37,31.16
2021-03-06 08:30:00,5,1842.5,9.95,56.21,27.18,38.15,153.68,190.4,32.42
2021-03-06 09:30:00,5,1455.31,8.83,41.81,65.8,41.01,134.06,163.69,27.61
2021-03-06 10:30:00,5,1308.44,6.93,35.3,103,46.25,129.53,158.58,24.57
2021-03-06 11:30:00,5,1094.82,4.08,27.42,154.5,49.11,120.99,148.53,20.52
2021-03-06 12:30:00,5,660.9,1.43,12,191.69,30.52,85.29,109.02,14.19
2021-03-06 13:30:00,5,594.14,1.1,9.85,194.55,25.75,76.63,98.27,13.3
2021-03-06 14:30:00,5,567.44,1.03,9.77,191.69,24.32,72.48,92.77,12.79
2021-03-06 15:30:00,5,761.03,1.93,20.05,183.11,34.33,84.4,108.01,15.07
2021-03-06 16:30:00,5,1068.12,2.6,35.3,168.8,46.73,102.89,131.74,18.24
2021-03-06 17:30:00,5,1348.5,1.87,53.47,143.05,56.74,113.9,146.94,21.03
2021-03-06 18:30:00,5,2296.45,0.34,97.33,69.38,72.48,152.98,201.74,30.15
2021-03-06 19:30:00,5,3631.59,4.64,131.61,7.24,87.74,226.84,302.14,43.57
2021-03-06 20:30:00,5,4539.49,21.01,122.01,0.07,92.51,293.27,390.69,53.2
2021-03-06 21:30:00,5,5020.14,33.08,106.93,0,86.78,341.44,455.97,57.25
2021-03-06 22:30:00,5,5821.23,51.86,100.08,0,86.78,399.82,526.8,59.78
2021-03-06 23:30:00,5,6034.85,60.8,102.82,0,74.39,415.73,536.19,49.65
2021-03-07 00:30:00,5,5180.36,44.26,102.82,0,51.02,353.75,446.16,33.95
2021-03-07 01:30:00,5,4219.06,26.82,90.48,0.01,38.62,294.23,367.55,29.13
2021-03-07 02:30:00,5,3337.86,15.87,72.66,0.12,32.42,246.18,308.9,27.61
2021-03-07 03:30:00,5,2723.69,10.95,58.26,0.2,30.28,218.92,275.82,27.36
2021-03-07 04:30:00,5,2723.69,16.54,49.35,0.03,29.8,227.87,288.6,28.63
2021-03-07 05:30:00,5,2857.21,25.93,42.16,0,31.47,244.39,311.52,29.89
2021-03-07 06:30:00,5,3311.16,44.26,37.7,0,39.1,277.45,358.08,35.97
2021-03-07 07:30:00,5,4806.52,92.98,38.73,0.06,58.17,359.59,467.23,50.66
2021-03-07 08:30:00,5,6462.1,150.2,46.61,1.34,73.43,431.53,555.93,58.26
2021-03-07 09:30:00,5,3364.56,41.13,70.6,24.68,61.04,251.41,311.09,43.06
2021-03-07 10:30:00,5,2696.99,15.42,69.23,89.41,59.13,230.26,283.07,37.49
2021-03-07 11:30:00,5,2216.34,5.81,50.72,194.55,58.65,237.15,283.79,31.92
2021-03-07 12:30:00,5,921.25,2.52,24.68,217.44,61.04,119.98,159.81,15.45
2021-03-07 13:30:00,5,714.3,1.9,20.05,231.74,56.27,101.24,143.09,12.41
2021-03-07 14:30:00,5,667.57,1.62,19.71,243.19,56.27,99.06,140.57,11.53
2021-03-07 15:30:00,5,594.14,1.44,19.36,223.16,51.5,87.97,128.04,10.26
2021-03-07 16:30:00,5,587.46,1.37,23.99,197.41,52.45,80.89,120.43,10.26
2021-03-07 17:30:00,5,607.49,0.78,28.45,165.94,49.59,75.89,116,10.89
2021-03-07 18:30:00,5,821.11,0.09,39.07,131.61,51.98,83.5,126.53,14.82
2021-03-07 19:30:00,5,1054.76,0,39.76,113.01,44.35,101.62,147.3,20.27
2021-03-07 20:30:00,5,1094.82,0,35.99,105.86,39.1,110.75,156.57,23.05
2021-03-07 21:30:00,5,1028.06,0,30.5,100.14,34.81,110.98,153.92,23.81
2021-03-07 22:30:00,5,974.66,0,27.08,90.84,30.52,109.3,148.67,24.57
2021-03-07 23:30:00,5,907.9,0,24.33,84.4,26.23,104.47,139.37,23.81
2021-03-08 00:30:00,5,807.76,0,21.59,81.54,23.37,98.1,128.79,22.55
2021-03-08 01:30:00,5,801.09,0,21.25,76.53,24.8,98.01,128.12,23.05
2021-03-08 02:30:00,5,794.41,0,20.22,75.1,24.8,98.95,129.63,23.31
2021-03-08 03:30:00,5,814.44,0,20.74,74.39,27.42,103.21,134.59,23.31
2021-03-08 04:30:00,5,847.82,0,22.28,68.67,31.95,112.83,144.9,23.31
2021-03-08 05:30:00,5,907.9,0,25.71,57.94,40.05,134.43,166.01,24.07
2021-03-08 06:30:00,5,1068.12,0,34.27,47.92,50.55,173.47,204.43,26.35
2021-03-08 07:30:00,5,1388.55,0.22,47.3,42.2,52.45,189.51,222.31,31.16
2021-03-08 08:30:00,5,1495.36,3.19,50.04,52.93,53.88,174.11,207.48,30.91
2021-03-08 09:30:00,5,1108.17,4.53,39.07,94.41,69.62,149.19,180.05,23.05
2021-03-08 10:30:00,5,1014.71,5.09,34.96,121.59,76.29,146.65,176.59,21.28
2021-03-08 11:30:00,5,961.3,4.69,32.9,153.07,82.97,150.74,180.37,19.76
2021-03-08 12:30:00,5,807.76,3.3,26.39,183.11,75.34,140.53,170.53,16.47
2021-03-08 13:30:00,5,814.44,2.65,24.68,208.86,74.39,148.34,177.25,16.47
2021-03-08 14:30:00,5,827.79,2.29,25.36,220.3,74.39,152.33,180.03,16.97
2021-03-08 15:30:00,5,807.76,1.98,27.08,211.72,71.53,146.18,175.74,16.97
2021-03-08 16:30:00,5,827.79,1.48,32.22,197.41,68.67,144.84,175.11,17.23
2021-03-08 17:30:00,5,867.84,0.62,35.64,178.81,62.94,137.61,168.69,17.23
2021-03-08 18:30:00,5,1161.58,0.06,47.3,144.48,62.94,143.47,178.73,21.03
2021-03-08 19:30:00,5,1482.01,0,50.04,121.59,57.7,162.21,201.78,26.35
2021-03-08 20:30:00,5,1602.17,0,50.04,113.01,57.22,181.74,223.69,28.63
2021-03-08 21:30:00,5,1815.8,0,54.84,94.41,54.36,204.99,253.91,32.42
2021-03-08 22:30:00,5,2162.93,0,63.75,65.8,51.02,231.21,289.32,36.99
2021-03-08 23:30:00,5,2269.75,0,67.86,47.92,45.78,240.46,301.01,33.95
2021-03-09 00:30:00,5,2056.12,0,61.69,42.56,38.15,231.2,285.35,23.31
2021-03-09 01:30:00,5,1842.5,0,50.72,44.35,34.33,223.89,271.75,15.83
2021-03-09 02:30:00,5,1682.28,0,39.76,48.64,31.95,218.51,261.59,11.4
2021-03-09 03:30:00,5,1628.88,0,35.64,48.64,31.47,214.79,255.9,9.25
2021-03-09 04:30:00,5,1682.28,0,37.7,38.27,30.99,214.46,256.63,8.99
2021-03-09 05:30:00,5,1815.8,0.23,45.24,20.92,31.95,214.51,258.89,9.88
2021-03-09 06:30:00,5,2216.34,8.72,52.78,3.22,37.19,222.11,273.94,14.44
2021-03-09 07:30:00,5,3150.94,42.47,51.41,0.13,49.59,248.03,315.81,25.08
2021-03-09 08:30:00,5,3845.22,72.42,54.15,2.08,61.04,249.42,325.6,33.44
2021-03-09 09:30:00,5,2510.07,33.53,64.43,18.77,73.43,153.7,206.87,27.11
2021-03-09 10:30:00,5,2216.34,19.22,67.86,58.65,78.2,141.26,192.22,26.6
2021-03-09 11:30:00,5,1895.9,9.5,63.06,138.76,89.65,148.68,195.33,23.81
2021-03-09 12:30:00,5,921.25,4.14,38.04,183.11,103,131.11,181.34,9.63
2021-03-09 13:30:00,5,747.68,2.29,31.19,191.69,84.88,116.47,178.82,8.36
2021-03-09 14:30:00,5,707.63,1.44,32.56,183.11,78.2,109.14,178.07,8.11
2021-03-09 15:30:00,5,734.33,1.1,38.39,164.51,76.29,104.03,178.25,8.99
2021-03-09 16:30:00,5,921.25,1.1,54.15,151.63,90.6,114.25,190.61,11.65
2021-03-09 17:30:00,5,1201.63,0.5,71.97,144.48,108.72,138.28,213.7,14.69
2021-03-09 18:30:00,5,3471.37,9.84,167.25,31.11,122.07,248.18,354.66,36.99
2021-03-09 19:30:00,5,6782.53,80.47,194.67,0,139.24,441.59,611.34,67.89
2021-03-09 20:30:00,5,9826.66,157.36,191.93,0,158.31,658.62,882.86,96.26
2021-03-09 21:30:00,5,11856.08,203.85,194.67,0,179.29,817.69,1070.85,117.54
2021-03-09 22:30:00,5,13885.5,243.19,202.89,0,185.01,1016.8,1288.12,125.65
2021-03-09 23:30:00,5,14953.61,250.34,183.7,0,150.68,1159.2,1429.51,95.25
2021-03-10 00:30:00,5,12817.38,209.21,135.72,0,88.69,1034.92,1275.8,45.09
2021-03-10 01:30:00,5,9933.47,150.2,93.22,0,53.88,828.81,1034.7,21.53
2021-03-10 02:30:00,5,7263.18,100.14,66.49,0,40.05,642.14,814.46,13.17
2021-03-10 03:30:00,5,4913.33,58.12,50.72,0,34.81,476.48,618.02,10.64
2021-03-10 04:30:00,5,4058.84,48.73,38.73,0,33.38,413.75,543.13,10.64
2021-03-10 05:30:00,5,3791.81,50.52,33.59,0,36.72,392.4,513.38,12.92
2021-03-10 06:30:00,5,4379.27,70.63,35.99,0,48.64,421.75,545.97,19.76
2021-03-10 07:30:00,5,6301.88,132.32,45.24,0.06,70.57,530.28,681.96,31.16
2021-03-10 08:30:00,5,8117.68,194.91,65.8,1.15,84.88,613.79,786.41,38
2021-03-10 09:30:00,5,3524.78,33.98,116.53,36.12,144.96,356.7,447.18,24.07
2021-03-10 10:30:00,5,3471.37,20.56,123.38,94.41,165.94,376.79,468.61,27.36
2021-03-10 11:30:00,5,3524.78,10.95,113.79,203.13,171.66,421.77,517.73,27.61
2021-03-10 12:30:00,5,1241.68,2.96,37.01,228.88,131.61,219.45,283.42,5.07
2021-03-10 13:30:00,5,907.9,1.23,20.56,243.19,93.46,174.33,227.63,4.94
2021-03-10 14:30:00,5,801.09,0.92,19.36,226.02,75.34,143.45,190.88,6.08
2021-03-10 15:30:00,5,827.79,1.15,25.71,205.99,74.39,130.12,177.49,7.79
2021-03-10 16:30:00,5,974.66,1.54,38.04,194.55,91.55,138.74,190.52,9.88
2021-03-10 17:30:00,5,1041.41,0.94,45.93,174.52,102.04,137.33,192.45,10.89
2021-03-10 18:30:00,5,1735.69,0.15,69.23,111.58,95.37,157.53,222.78,20.27
2021-03-10 19:30:00,5,2830.51,0,91.85,52.93,87.74,219.42,308.32,35.97
2021-03-10 20:30:00,5,3685,0.18,105.56,21.82,90.6,283.58,393.85,47.12
2021-03-10 21:30:00,5,5126.95,17.66,115.16,1.4,96.32,392.89,538.05,63.33
2021-03-10 22:30:00,5,6675.72,48.28,106.93,0,95.37,506.3,688.24,72.96
2021-03-10 23:30:00,5,6622.31,57.22,97.33,0,80.11,510.92,698.9,59.28
2021-03-11 00:30:00,5,5554.2,49.62,89.11,0,58.65,444.38,613.74,34.45
2021-03-11 01:30:00,5,5020.14,45.15,78.83,0,47.21,413.8,566.39,23.31
2021-03-11 02:30:00,5,4806.52,45.15,68.55,0,41.01,412.1,555.84,17.99
2021-03-11 03:30:00,5,4913.33,49.62,63.06,0,40.05,432,572.02,16.21
2021-03-11 04:30:00,5,5393.98,61.69,61.69,0,48.16,483.58,618.94,20.01
2021-03-11 05:30:00,5,5821.23,66.16,70.6,0,62.94,537.18,663.24,27.61
2021-03-11 06:30:00,5,6301.88,76.89,82.94,0,85.83,575.78,698.57,41.54
2021-03-11 07:30:00,5,8117.68,137.69,90.48,0.15,100.14,679.68,826.22,52.18
2021-03-11 08:30:00,5,10467.53,228.88,106.93,2.15,108.72,801.23,974.78,57.25
2021-03-11 09:30:00,5,4539.49,63.48,150.8,32.19,202.18,398.04,490.21,30.65
2021-03-11 10:30:00,5,4539.49,41.13,183.7,89.41,251.77,424.14,518.18,33.44
2021-03-11 11:30:00,5,4859.92,21.01,191.93,217.44,289.92,526.65,628.62,32.17
2021-03-11 12:30:00,5,1602.17,15.42,102.82,161.65,270.84,191.04,257.23,12.41
2021-03-11 13:30:00,5,1041.41,7.6,60.32,188.83,179.29,136.07,198.25,10.51
2021-03-11 14:30:00,5,881.2,4.75,46.61,205.99,150.68,123.96,185.41,9.5
2021-03-11 15:30:00,5,934.6,3.97,49.35,200.27,141.14,123.38,186.2,11.27
2021-03-11 16:30:00,5,1188.28,3.91,67.86,174.52,148.77,128.21,194.03,15.58
2021-03-11 17:30:00,5,1401.9,2.38,89.11,131.61,158.31,125.92,193.59,18.49
2021-03-11 18:30:00,5,2483.37,0.48,128.87,53.64,152.59,160.75,245.88,30.15
2021-03-11 19:30:00,5,3952.03,8.94,142.57,2.91,133.51,237.58,354.85,47.62
2021-03-11 20:30:00,5,4859.92,25.71,123.38,0.02,118.26,305,446.01,58.77
2021-03-11 21:30:00,5,4859.92,29.06,109.67,0.01,100.14,321.06,464.88,59.28
2021-03-11 22:30:00,5,4325.87,26.38,100.08,0.01,83.92,293.15,421.17,54.21
2021-03-11 23:30:00,5,3417.97,18.33,90.48,0.09,63.9,237.1,337.71,43.06
2021-03-12 00:30:00,5,2830.51,16.54,80.88,0.09,46.73,198,277.24,31.67
2021-03-12 01:30:00,5,2830.51,21.23,69.23,0.01,41.49,203.41,278.26,29.89
2021-03-12 02:30:00,5,2910.61,22.35,60.32,0.01,40.05,219.53,299.02,30.4
2021-03-12 03:30:00,5,3017.43,24.59,51.41,0,40.05,244.67,334.14,30.91
2021-03-12 04:30:00,5,3070.83,28.16,44.55,0,39.1,263.72,353.42,30.65
2021-03-12 05:30:00,5,2937.32,26.38,45.93,0.02,37.67,261.33,339.62,30.4
2021-03-12 06:30:00,5,2269.75,6.04,63.06,2.48,41.49,218.07,281.04,28.88
2021-03-12 07:30:00,5,3070.83,22.35,78.83,0.32,58.17,253.3,330.25,39.01
2021-03-12 08:30:00,5,3952.03,44.7,91.85,2.48,73.43,289.84,383.33,44.58
2021-03-12 09:30:00,5,2964.02,21.91,95.96,17.88,83.92,225.24,305.24,32.42
2021-03-12 10:30:00,5,2323.15,14.53,86.37,42.56,86.78,186.21,257.61,26.85
2021-03-12 11:30:00,5,1522.06,7.38,65.8,85.83,82.02,148.5,200.58,18.75
2021-03-12 12:30:00,5,614.17,2.24,27.76,127.32,48.64,59.2,78.22,6.9
2021-03-12 13:30:00,4,507.36,1.47,19.02,131.61,34.33,38.17,49.7,5.26
2021-03-12 14:30:00,4,487.33,1.24,17.48,131.61,31.47,38.12,48.24,4.62
2021-03-12 15:30:00,4,554.09,1.1,22.62,130.18,37.67,47.72,59.57,5.95
2021-03-12 16:30:00,5,694.28,0.75,35.64,115.87,52.45,61.28,76.88,8.49
2021-03-12 17:30:00,5,821.11,0.16,47.98,95.84,64.85,68.09,86.81,10.64
2021-03-12 18:30:00,5,1201.63,0.01,67.86,65.09,73.43,79.88,103.45,16.47
2021-03-12 19:30:00,5,1548.77,0,75.4,42.56,67.71,94.27,122.25,22.55
2021-03-12 20:30:00,5,1575.47,0.02,74.71,32.19,68.67,100.05,128.3,23.56
2021-03-12 21:30:00,5,1455.31,0.01,66.49,32.9,66.76,103.81,130.7,20.01
2021-03-12 22:30:00,5,1415.25,0,58.26,41.49,55.31,108.55,135.79,17.99
2021-03-12 23:30:00,5,1375.2,0,52.78,50.07,44.35,103.78,129.13,15.58
2021-03-13 00:30:00,5,1295.09,0,48.67,51.5,33.38,96.49,118.83,12.92
2021-03-13 01:30:00,5,1281.74,0,43.53,46.49,25.99,95.97,117.84,11.53
2021-03-13 02:30:00,5,1308.44,0,41.81,38.98,24.32,99.86,122.64,10.89
2021-03-13 03:30:00,5,1468.66,0.04,45.93,25.75,25.99,113.43,140.31,10.64
2021-03-13 04:30:00,5,1735.69,0.75,52.78,9.84,28.61,133.99,166.11,9.88
2021-03-13 05:30:00,5,2029.42,6.99,54.84,0.78,32.42,156.54,193.69,10.13
2021-03-13 06:30:00,5,2616.88,23.92,54.84,0.01,41.96,192.81,238.19,14.31
2021-03-13 07:30:00,5,3685,56.77,61.01,0.31,60.08,256.04,316.24,23.81
2021-03-13 08:30:00,5,4753.11,94.77,70.6,3.8,78.2,319.9,392.84,32.93
2021-03-13 09:30:00,5,3044.13,48.73,101.45,29.33,156.4,246.14,288.47,26.6
2021-03-13 10:30:00,5,2990.72,33.98,120.64,75.1,175.48,274.73,318.83,25.33
2021-03-13 11:30:00,5,2696.99,16.99,115.16,170.23,179.29,308.42,353.48,19.51
2021-03-13 12:30:00,5,1121.52,2.71,36.67,188.83,70.57,132.82,154.37,9.25
2021-03-13 13:30:00,5,767.71,1.3,16.79,191.69,41.49,92.91,108.25,6.97
2021-03-13 14:30:00,5,674.25,1.03,13.2,194.55,35.29,86.11,99.47,5.89
2021-03-13 15:30:00,5,634.19,0.96,13.88,183.11,33.38,79.53,92.17,5.7
2021-03-13 16:30:00,5,667.57,0.89,19.19,164.51,35.76,77.67,90.94,6.59
2021-03-13 17:30:00,5,727.65,0.49,25.71,144.48,37.67,75.57,89.71,7.66
2021-03-13 18:30:00,5,1682.28,0.41,75.4,72.24,51.02,112.83,144.3,19.51
2021-03-13 19:30:00,5,2910.61,2.57,115.16,9.74,63.9,175.2,231.75,33.95
2021-03-13 20:30:00,5,3417.97,11.4,104.19,0.48,62.94,215.15,284.38,40.03
2021-03-13 21:30:00,5,3524.78,13.86,91.85,0.24,58.65,233.95,304.25,42.05
2021-03-13 22:30:00,5,3524.78,13.97,83.63,0.23,53.88,238.44,307.92,40.53
2021-03-13 23:30:00,5,3150.94,11.51,75.4,0.42,42.44,210.51,271.23,32.93
2021-03-14 00:30:00,5,2403.26,5.76,64.43,1.5,29.09,159.54,205.85,22.55
2021-03-14 01:30:00,5,1976.01,2.77,54.15,2.91,25.03,133.08,171.65,20.01
2021-03-14 02:30:00,5,1815.8,2.71,47.98,2.57,25.03,125.35,162.02,20.01
2021-03-14 03:30:00,5,1735.69,4.25,42.84,1.24,25.27,124.55,161.69,20.77
2021-03-14 04:30:00,5,1682.28,7.38,37.36,0.36,24.8,124.03,160.01,21.28
2021-03-14 05:30:00,5,1682.28,12.41,33.24,0.07,24.8,124.99,159.46,22.04
2021-03-14 06:30:00,5,1949.31,23.47,32.9,0.01,30.28,139.21,177.05,26.85
2021-03-14 07:30:00,5,2723.69,48.28,36.67,0.32,42.44,176.61,227.84,36.48
2021-03-14 08:30:00,5,3231.05,66.16,43.53,4.29,50.55,197.14,255.75,41.04
2021-03-14 09:30:00,5,1789.09,14.53,56.21,58.65,61.04,126.59,159.81,29.13
2021-03-14 10:30:00,5,1602.17,9.05,46.61,110.15,64.85,129.07,160.89,26.6
2021-03-14 11:30:00,5,1308.44,4.64,33.93,174.52,61.99,128.87,156.72,22.55
2021-03-14 12:30:00,5,587.46,1.31,10.28,177.38,25.03,59.98,77.35,9.25
2021-03-14 13:30:00,5,487.33,0.96,7.54,174.52,18.6,54.72,70.47,6.9
2021-03-14 14:30:00,5,473.98,0.92,7.63,173.09,17.88,54.92,70.52,6.65
2021-03-14 15:30:00,5,494,0.99,9.43,167.37,19.07,56.46,72.53,6.9
2021-03-14 16:30:00,5,560.76,1.1,14.05,161.65,22.65,59.83,77,7.85
2021-03-14 17:30:00,5,620.84,0.71,19.71,150.2,25.75,62.24,80.64,8.74
2021-03-14 18:30:00,5,1081.47,0.14,44.55,108.72,41.49,80.16,106.68,15.83
2021-03-14 19:30:00,5,1588.82,0,60.32,69.38,52.45,103.78,142.26,24.07
2021-03-14 20:30:00,5,1762.39,0,57.58,57.22,51.02,116.19,161.39,27.87
2021-03-14 21:30:00,5,1922.61,0,56.89,50.78,50.07,128.25,178.56,30.65
2021-03-14 22:30:00,5,2136.23,0,61.69,37.91,49.11,144.32,201.71,32.93
2021-03-14 23:30:00,5,2056.12,0.02,61.01,28.97,41.49,138.77,196.38,29.39
2021-03-15 00:30:00,5,1869.2,0.31,58.95,17.7,33.38,127.39,180.45,23.56
2021-03-15 01:30:00,5,2029.42,3.35,58.26,3.44,35.76,141.2,196.21,24.83
2021-03-15 02:30:00,5,2216.34,9.61,51.41,0.34,38.15,157.95,215.62,26.35
2021-03-15 03:30:00,5,2296.45,13.97,45.93,0.09,38.62,169.4,229.16,27.11
2021-03-15 04:30:00,5,2296.45,15.65,43.87,0.06,37.19,175.29,234.45,26.35
2021-03-15 05:30:00,5,2296.45,18.33,43.53,0.04,37.67,176.69,233.28,27.61
2021-03-15 06:30:00,5,2563.48,29.95,45.24,0.01,45.78,189.27,248.65,34.96
2021-03-15 07:30:00,5,3524.78,63.48,46.61,0.24,60.56,235.93,312.64,47.62
2021-03-15 08:30:00,5,3898.62,81.36,53.47,3.84,66.76,241.88,321.74,50.16
2021-03-15 09:30:00,5,1976.01,17.66,61.01,48.64,71.53,146.95,190.6,33.44
2021-03-15 10:30:00,5,1682.28,10.39,50.72,98.71,74.39,145.27,185.2,29.89
2021-03-15 11:30:00,5,1441.96,5.76,40.78,167.37,74.39,150.95,187.04,26.35
2021-03-15 12:30:00,5,781.06,1.9,15.77,188.83,35.29,87.99,121.8,15.2
2021-03-15 13:30:00,5,634.19,1.38,11.48,183.11,25.99,73.01,109.81,12.54
2021-03-15 14:30:00,5,587.46,1.3,11.31,174.52,23.6,65.74,106.14,11.65
2021-03-15 15:30:00,5,594.14,1.19,14.4,153.07,24.32,59.27,103.3,11.53
2021-03-15 16:30:00,5,667.57,1.09,22.28,127.32,28.61,56.74,102.46,12.67
2021-03-15 17:30:00,5,754.36,0.43,29.82,108.72,31.95,56.97,103.03,14.06
2021-03-15 18:30:00,5,1321.79,0.05,57.58,67.95,48.16,80.02,132.32,22.55
2021-03-15 19:30:00,5,1949.31,0,75.4,35.76,59.61,113.86,178.25,32.17
2021-03-15 20:30:00,5,2189.64,0.02,72.66,27.18,59.61,137.14,214.33,36.99
2021-03-15 21:30:00,5,2269.75,0.04,69.23,25.39,58.65,150.86,234.1,39.01
2021-03-15 22:30:00,5,2189.64,0.03,63.75,25.75,53.88,152.36,232.78,38
2021-03-15 23:30:00,5,1869.2,0.02,54.84,30.04,43.39,133.79,199.74,32.42
2021-03-16 00:30:00,5,1415.25,0,42.84,40.05,32.9,108.62,157.78,25.33
2021-03-16 01:30:00,5,1228.33,0,35.99,43.63,31.95,103.44,145.13,23.81
2021-03-16 02:30:00,5,1201.63,0,34.62,37.19,32.42,108.01,150.15,24.57
2021-03-16 03:30:00,5,1281.74,0.08,36.67,22.89,31.95,115.26,161.8,25.59
2021-03-16 04:30:00,5,1455.31,0.92,41.47,9.39,33.38,126.51,177.93,26.6
2021-03-16 05:30:00,5,1735.69,5.81,45.93,1.65,37.67,140.46,196.06,28.37
2021-03-16 06:30:00,5,2349.85,22.8,49.35,0.05,49.59,173.43,237.85,35.47
2021-03-16 07:30:00,5,3364.56,52.75,56.89,0.39,66.76,221.8,302.49,47.12
2021-03-16 08:30:00,5,3524.78,59.01,67.17,6.88,75.34,213.57,293.42,46.61
2021-03-16 09:30:00,5,2189.64,23.02,65.12,40.05,82.02,137.91,194.8,34.45
2021-03-16 10:30:00,5,1922.61,14.19,58.26,85.83,80.11,132.03,189.14,31.41
2021-03-16 11:30:00,5,1562.12,6.82,44.55,154.5,74.39,123.08,179.02,26.35
2021-03-16 12:30:00,5,687.6,2.04,15.08,170.23,33.38,73.21,175.65,12.54
2021-03-16 13:30:00,5,560.76,1.44,10.97,170.23,24.32,70,180.56,10.13
2021-03-16 14:30:00,5,520.71,1.26,10.11,165.94,21.22,66.6,177.88,9.75
2021-03-16 15:30:00,5,540.73,1.4,12.51,155.93,21.94,65.44,178.71,10.26
2021-03-16 16:30:00,5,647.54,1.65,19.71,145.91,27.18,67.74,180.64,12.03
2021-03-16 17:30:00,5,754.36,1.05,28.1,130.18,30.99,68.27,174.5,13.93
2021-03-16 18:30:00,5,1602.17,0.29,69.92,74.39,49.59,99.15,202.17,24.83
2021-03-16 19:30:00,5,2510.07,0.12,97.33,25.39,64.85,143.83,250.29,36.99
2021-03-16 20:30:00,5,2937.32,1.9,95.96,7.42,68.67,175.46,282.8,44.08
2021-03-16 21:30:00,5,3311.16,7.82,91.85,1.5,71.53,205.46,313.23,49.14
2021-03-16 22:30:00,5,3631.59,15.65,86.37,0.17,70.57,230.62,339.77,51.17
2021-03-16 23:30:00,5,3391.27,16.99,81.57,0.13,58.17,218.05,319.04,43.57
2021-03-17 00:30:00,5,2670.29,9.05,74.03,0.97,41.96,174.97,259.89,31.16
2021-03-17 01:30:00,5,2082.82,1.7,62.38,6.62,36.72,146.31,222.85,26.6
2021-03-17 02:30:00,5,1695.63,0.2,50.04,16.09,35.76,127.67,197.22,25.33
2021-03-17 03:30:00,5,1655.58,0.4,46.61,13.77,35.29,128.68,194.96,25.08
2021-03-17 04:30:00,5,1922.61,3.49,49.35,3.17,35.76,149.04,221.35,25.08
2021-03-17 05:30:00,5,2296.45,14.98,47.3,0.12,37.67,177.28,260.77,26.6
2021-03-17 06:30:00,5,3150.94,42.47,45.24,0,48.16,229.44,334.34,35.97
2021-03-17 07:30:00,5,5073.55,106.39,45.93,0.21,71.53,331.58,471.87,55.73
2021-03-17 08:30:00,5,6195.07,151.99,56.89,2.12,84.88,376.06,529.39,62.82
2021-03-17 09:30:00,5,3391.27,46.94,83.63,25.39,82.02,224.34,333.46,45.6
2021-03-17 10:30:00,5,3017.43,21.91,90.48,84.4,93.46,227.31,337.84,42.05
2021-03-17 11:30:00,5,2510.07,9.16,74.03,183.11,100.14,231.32,344.19,34.96
2021-03-17 12:30:00,5,781.06,2.1,19.19,180.24,40.53,93.52,198.09,12.92
2021-03-17 13:30:00,5,600.82,1.29,14.4,171.66,29.8,82.55,186.72,10.01
2021-03-17 14:30:00,5,567.44,1.26,15.25,163.08,28.61,78.53,182.86,9.63
2021-03-17 15:30:00,5,580.79,0.51,19.71,141.62,29.33,74.83,179.53,9.88
2021-03-17 16:30:00,5,640.87,0.34,26.73,114.44,32.9,72.75,177.92,10.89
2021-03-17 17:30:00,5,707.63,0.16,32.56,95.84,34.81,71.45,176.29,11.91
2021-03-17 18:30:00,5,1642.23,0.62,80.2,32.9,54.84,102.82,217.41,24.57
2021-03-17 19:30:00,5,2750.4,13.75,100.08,0.54,75.34,156.81,286.25,40.03
2021-03-17 20:30:00,5,3311.16,24.81,90.48,0.01,84.88,200.66,339.82,48.64
2021-03-17 21:30:00,5,3685,30.4,84.31,0,89.65,240.96,387.04,54.72
2021-03-17 22:30:00,5,4165.65,40.68,79.51,0,88.69,279.8,434.22,58.26
2021-03-17 23:30:00,5,3952.03,43.36,72.66,0,70.57,271.14,421.34,50.16
2021-03-18 00:30:00,5,3177.64,35.32,64.43,0,49.59,224.3,356.79,35.97
2021-03-18 01:30:00,5,2696.99,28.39,54.84,0,41.96,198.82,313.61,31.16
2021-03-18 02:30:00,5,2403.26,23.47,47.98,0,39.58,186.01,286.35,30.15
2021-03-18 03:30:00,5,2269.75,20.79,44.55,0.01,38.62,179.11,269.65,29.89
2021-03-18 04:30:00,5,2349.85,22.35,43.53,0.01,40.05,184.04,268.99,30.15
2021-03-18 05:30:00,5,2590.18,27.94,45.93,0,44.82,197.39,280,31.92
2021-03-18 06:30:00,5,3311.16,46.94,50.72,0,57.7,237.22,327.97,41.54
2021-03-18 07:30:00,5,4966.74,96.56,59.63,0.24,79.16,323.94,440.75,60.8
2021-03-18 08:30:00,5,5874.63,128.75,72.66,3.09,88.69,355.06,486.98,64.85
2021-03-18 09:30:00,5,3177.64,35.76,89.11,37.55,97.28,221.21,308.4,42.05
2021-03-18 10:30:00,5,2990.72,20.34,95.96,100.14,117.3,241.88,331.4,40.53
2021-03-18 11:30:00,5,3044.13,10.95,95.96,211.72,137.33,299.03,393.44,38
2021-03-18 12:30:00,5,1241.68,1.15,50.72,157.36,87.74,116.01,176.54,16.72
2021-03-18 13:30:00,5,921.25,0.52,37.7,140.19,64.85,83.06,139.95,13.3
2021-03-18 14:30:00,5,847.82,0.42,34.62,141.62,60.08,80.44,137.35,12.54
2021-03-18 15:30:00,5,854.49,0.36,34.96,147.34,59.61,83.77,140.91,12.92
2021-03-18 16:30:00,5,934.6,0.32,40.44,147.34,59.61,89.03,145.45,14.19
2021-03-18 17:30:00,5,947.95,0.16,43.53,141.62,49.59,87.02,142.51,14.31
2021-03-18 18:30:00,5,2670.29,5.7,142.57,33.98,69.62,152.45,231.9,30.91
2021-03-18 19:30:00,5,4966.74,54.09,186.44,0,94.41,262.89,382.35,51.17
2021-03-18 20:30:00,5,6462.1,92.98,172.73,0,98.23,348.98,496.34,63.84
2021-03-18 21:30:00,5,7370,123.38,146.69,0,94.41,414.46,576.95,71.94
2021-03-18 22:30:00,5,7583.62,137.69,120.64,0,86.78,436.62,600.48,72.96
2021-03-18 23:30:00,5,6675.72,130.53,100.08,0,66.76,385.65,530.66,58.77
2021-03-19 00:30:00,5,5073.55,100.14,87.74,0,44.35,285.42,395.27,39.52
2021-03-19 01:30:00,5,4272.46,77.78,79.51,0,38.62,250.43,343.76,32.42
2021-03-19 02:30:00,5,4112.24,64.37,69.92,0,37.19,261.14,349.82,28.37
2021-03-19 03:30:00,5,3845.22,50.52,59.63,0,35.29,261.01,349.69,24.32
2021-03-19 04:30:00,5,3391.27,40.23,50.04,0,34.81,243.1,334.57,21.28
2021-03-19 05:30:00,5,3231.05,42.02,42.84,0,37.19,235.88,332.5,21.28
2021-03-19 06:30:00,5,3738.4,63.48,39.76,0,48.16,265.25,375.39,30.65
2021-03-19 07:30:00,5,5500.79,126.96,41.81,0.11,72.48,356.17,496.59,55.73
2021-03-19 08:30:00,5,6835.94,180.6,52.78,1.21,89.65,405.99,556.19,66.88
2021-03-19 09:30:00,5,3150.94,46.94,95.96,24.68,121.12,220.93,290.75,40.53
2021-03-19 10:30:00,5,3070.83,29.06,117.9,75.1,154.5,244.87,311.87,39.01
2021-03-19 11:30:00,5,2937.32,16.09,119.27,167.37,173.57,278.69,344.28,33.44
2021-03-19 12:30:00,5,801.09,1.27,34.27,133.04,54.84,68.98,103.47,10.26
2021-03-19 13:30:00,4,527.38,0.54,20.05,115.87,28.37,42.19,71.79,7.09
2021-03-19 14:30:00,4,473.98,0.28,17.31,107.29,20.5,35.8,60.33,6.46
2021-03-19 15:30:00,4,514.03,0.16,20.74,98.71,21.22,35.96,57.46,7.28
2021-03-19 16:30:00,4,600.82,0.11,28.45,86.55,24.56,38.22,61.19,8.99
2021-03-19 17:30:00,4,680.92,0.05,34.27,75.82,25.27,39.04,65.4,10.13
2021-03-19 18:30:00,5,1241.68,0.75,69.92,35.41,35.29,56.51,93.48,17.48
2021-03-19 19:30:00,5,1842.5,4.64,91.85,3.53,43.39,80.72,131.22,26.09
2021-03-19 20:30:00,5,2029.42,9.39,84.31,0.59,42.44,94.67,152.63,30.15
2021-03-19 21:30:00,5,2136.23,11.06,78.83,0.36,41.96,106.16,167.63,32.42
2021-03-19 22:30:00,5,2269.75,15.2,74.03,0.1,41.96,118.87,184.77,34.45
2021-03-19 23:30:00,5,2216.34,17.66,69.23,0.04,37.19,117.76,179.91,31.92
2021-03-20 00:30:00,5,1815.8,12.96,61.69,0.12,27.42,97.76,147.78,25.33
2021-03-20 01:30:00,5,1482.01,5.64,54.84,0.7,21.46,84.3,124.98,22.55
2021-03-20 02:30:00,5,1321.79,2.38,47.98,2.41,20.27,78.42,113.6,21.79
2021-03-20 03:30:00,5,1228.33,1.2,41.47,4.69,20.03,74.6,106.6,20.77
2021-03-20 04:30:00,5,1214.98,1.51,37.7,3.93,20.27,74.18,104.66,19.76
2021-03-20 05:30:00,5,1255.04,3.63,35.99,1.45,21.22,76.89,107.71,19.51
2021-03-20 06:30:00,5,1482.01,11.29,36.67,0.16,26.46,88.6,124.31,22.55
2021-03-20 07:30:00,5,2082.82,29.95,39.76,0.77,37.67,116.64,166.21,30.15
2021-03-20 08:30:00,5,2536.77,44.7,46.61,8.05,46.25,136.25,195.02,34.96
2021-03-20 09:30:00,5,1815.8,17.21,52.78,50.78,54.36,114.1,161,29.39
2021-03-20 10:30:00,5,1628.88,9.28,45.93,107.29,57.7,118.93,164.9,27.36
2021-03-20 11:30:00,5,1401.9,4.25,33.24,183.11,54.84,122.99,167.56,24.32
2021-03-20 12:30:00,4,560.76,1.12,8.48,161.65,19.07,45.81,75.92,9.88
2021-03-20 13:30:00,4,473.98,0.82,6.6,153.07,13.83,38.67,68.96,8.36
2021-03-20 14:30:00,4,453.95,0.73,6.77,147.34,13.11,38.1,70.11,8.23
2021-03-20 15:30:00,4,473.98,0.81,8.23,141.62,13.95,39.02,71.82,8.49
2021-03-20 16:30:00,4,520.71,0.99,11.82,137.33,16.93,40.97,73.35,9.25
2021-03-20 17:30:00,4,560.76,0.76,16.28,127.32,19.07,41.41,73.37,10.01
2021-03-20 18:30:00,5,2082.82,6.43,90.48,31.11,47.68,96.58,149.54,25.84
2021-03-20 19:30:00,5,3952.03,42.92,104.19,0,79.16,188.15,273.7,42.56
2021-03-20 20:30:00,5,4913.33,60.8,97.33,0,92.51,254.97,361.7,51.17
2021-03-20 21:30:00,5,5500.79,67.95,95.96,0,101.09,302.21,417.32,57.25
2021-03-20 22:30:00,5,5821.23,71.53,94.59,0,103.95,331.83,453.92,58.77
2021-03-20 23:30:00,5,5554.2,66.16,91.85,0,92.51,317.16,433.67,51.17
2021-03-21 00:30:00,5,4646.3,51.86,81.57,0,69.62,268.4,364.18,35.47
2021-03-21 01:30:00,5,3898.62,40.68,65.12,0,52.45,237.62,316.17,26.35
2021-03-21 02:30:00,5,3364.56,35.76,48.67,0,40.53,218.52,287.99,22.8
2021-03-21 03:30:00,5,2883.91,32.63,38.04,0,32.42,196.02,261.76,21.79
2021-03-21 04:30:00,5,2510.07,30.4,33.24,0,28.61,173.82,235.84,23.31
2021-03-21 05:30:00,5,2216.34,27.49,33.24,0,26.46,151.4,208.77,27.11
2021-03-21 06:30:00,5,2136.23,28.16,37.36,0,31.47,140.1,196.56,32.93
2021-03-21 07:30:00,5,2830.51,49.62,45.24,0.58,46.73,170.19,239.69,40.53
2021-03-21 08:30:00,5,3631.59,73.31,59.63,5.72,61.99,202.1,282.32,44.58
2021-03-21 09:30:00,5,3017.43,34.87,91.85,41.49,78.2,180.14,248.02,36.48
2021-03-21 10:30:00,5,2830.51,18.77,98.71,113.01,92.51,194.42,260.19,32.93
2021-03-21 11:30:00,5,2349.85,7.6,72.66,226.02,87.74,198.72,257.27,26.6
2021-03-21 12:30:00,5,720.98,1.4,14.05,203.13,30.04,72.54,107.6,12.16
2021-03-21 13:30:00,5,520.71,0.8,8.82,180.24,18.6,55.82,89.86,8.99
2021-03-21 14:30:00,5,494,0.73,10.2,168.8,18.84,51.86,86.4,8.49
2021-03-21 15:30:00,5,527.38,0.8,14.22,154.5,22.89,51.89,87.44,8.87
2021-03-21 16:30:00,5,634.19,0.83,21.59,148.77,31.95,58.4,95.63,10.64
2021-03-21 17:30:00,5,741.01,0.43,27.42,141.62,33.85,65.75,105.42,13.05
2021-03-21 18:30:00,5,988.01,0.06,37.36,110.15,41.49,81.1,126.23,19.25
2021-03-21 19:30:00,5,1148.22,0,39.41,85.83,57.7,93.11,140.77,23.81
2021-03-21 20:30:00,5,1161.58,0,36.33,85.12,54.84,95.66,142.36,25.08
2021-03-21 21:30:00,5,1161.58,0,31.19,85.83,41.96,94.77,140.53,25.84
2021-03-21 22:30:00,5,1241.68,0,31.87,77.25,36.24,96,142.43,27.11
2021-03-21 23:30:00,5,1214.98,0,31.87,69.38,32.9,92.18,136.97,25.59
2021-03-22 00:30:00,5,1148.22,0,32.56,61.51,31.47,89.11,130.62,22.8
2021-03-22 01:30:00,5,1255.04,0,35.64,49.35,35.76,98.24,140.45,24.07
2021-03-22 02:30:00,5,1321.79,0,36.33,42.2,38.15,107.55,150.92,24.83
2021-03-22 03:30:00,5,1441.96,0.01,39.41,33.98,41.01,121.24,167.63,25.33
2021-03-22 04:30:00,5,1735.69,0.14,49.35,19.85,46.25,143.42,195.4,26.35
2021-03-22 05:30:00,5,2162.93,3.86,62.38,4.07,52.93,175.31,236.84,28.63
2021-03-22 06:30:00,5,3017.43,25.48,65.8,0.02,65.8,228.22,307.21,37.49
2021-03-22 07:30:00,5,4432.68,67.06,65.8,0.24,88.69,306.14,410.04,55.73
2021-03-22 08:30:00,5,4592.9,78.68,66.49,2.15,94.41,300.58,405.17,58.26
2021-03-22 09:30:00,5,1842.5,12.74,58.26,43.63,83.92,142.4,196.71,31.41
2021-03-22 10:30:00,5,1214.98,7.04,40.1,87.26,72.48,94.34,143.09,22.04
2021-03-22 11:30:00,5,947.95,5.31,32.22,123.02,72.48,80.17,123.15,16.97
2021-03-22 12:30:00,5,567.44,2.88,25.71,130.18,63.9,53.75,84.33,8.87
2021-03-22 13:30:00,5,560.76,2.6,35.99,121.59,75.34,52.92,81.77,8.49
2021-03-22 14:30:00,5,627.52,1.03,41.81,121.59,73.43,58.46,86.61,9.12
2021-03-22 15:30:00,5,694.28,0.3,35.99,127.32,56.74,62.81,87.94,9.12
2021-03-22 16:30:00,5,854.49,0.85,47.3,114.44,65.8,69.62,96.05,11.53
2021-03-22 17:30:00,5,1161.58,1.23,81.57,84.4,104.9,82.37,114.26,16.47
2021-03-22 18:30:00,5,1375.2,0.55,104.19,50.07,133.51,89.53,130.96,21.79
2021-03-22 19:30:00,5,1482.01,0,84.31,35.76,103.95,89.8,138.45,26.6
2021-03-22 20:30:00,5,1455.31,0.01,63.75,32.54,74.39,86.34,132.04,28.88
2021-03-22 21:30:00,5,1455.31,0.03,54.84,28.25,56.27,85.17,126.73,30.15
2021-03-22 22:30:00,5,1642.23,0.09,56.89,22.53,47.68,95.52,140.03,32.17
2021-03-22 23:30:00,5,1655.58,0.11,58.95,20.92,41.49,96.85,141.18,29.64
2021-03-23 00:30:00,5,1976.01,5.14,67.86,4.47,36.72,111.9,159.49,27.87
2021-03-23 01:30:00,5,2510.07,18.33,64.43,0.04,39.58,144.54,201.2,32.17
2021-03-23 02:30:00,5,2910.61,26.38,62.38,0,47.21,177.45,242.15,38
2021-03-23 03:30:00,5,3337.86,33.53,62.38,0,58.17,216.89,286.71,41.04
2021-03-23 04:30:00,5,3631.59,40.23,62.38,0,61.04,249.24,320.46,40.03
2021-03-23 05:30:00,5,3685,42.47,63.06,0,57.22,258.7,326.67,36.48
2021-03-23 06:30:00,5,4219.06,59.01,65.8,0,59.61,293.84,367.4,39.52
2021-03-23 07:30:00,5,6301.88,119.81,75.4,0.16,79.16,434.78,530.23,51.68
2021-03-23 08:30:00,5,6195.07,119.81,81.57,2.66,82.97,412.4,503.42,43.06
2021-03-23 09:30:00,5,961.3,3.55,37.36,94.41,50.07,88.4,112.78,8.36
2021-03-23 10:30:00,5,734.33,2.88,22.28,115.87,38.15,59.82,82.35,9.37
2021-03-23 11:30:00,5,667.57,3.21,20.91,131.61,45.78,52.41,76.72,8.87
2021-03-23 12:30:00,4,560.76,2.77,20.22,137.33,51.5,48.55,77.84,6.71
2021-03-23 13:30:00,5,580.79,2.38,27.76,138.76,66.76,52.86,83.34,6.71
2021-03-23 14:30:00,5,614.17,1.47,39.76,128.75,82.02,55.46,85.35,6.71
2021-03-23 15:30:00,5,894.55,1.15,61.01,103,87.74,66,96.82,10.77
2021-03-23 16:30:00,5,1214.98,1.79,72.66,83.69,79.16,79.04,112.32,14.19
2021-03-23 17:30:00,5,1308.44,1.26,69.92,73.67,61.04,79.41,112.81,14.44
2021-03-23 18:30:00,5,1949.31,3.07,94.59,23.96,58.17,100.59,143.78,22.55
2021-03-23 19:30:00,5,3150.94,26.15,105.56,0.02,77.25,159.96,221.54,38
2021-03-23 20:30:00,5,4699.71,50.96,122.01,0,103,249.53,330.87,54.72
2021-03-23 21:30:00,5,5554.2,54.99,141.2,0,110.63,307.36,404.34,58.77
2021-03-23 22:30:00,5,4806.52,42.92,128.87,0,94.41,287.7,389.86,54.21
2021-03-23 23:30:00,5,3791.81,29.06,105.56,0.01,71.53,244.49,335.36,45.6
2021-03-24 00:30:00,5,2750.4,12.52,87.74,0.19,51.02,191.79,258.18,32.93
2021-03-24 01:30:00,5,2429.96,9.61,73.34,0.27,41.01,177.5,233.46,27.87
2021-03-24 02:30:00,5,2296.45,8.38,62.38,0.38,35.76,175.79,228.66,23.31
2021-03-24 03:30:00,5,2483.37,13.97,54.84,0.07,35.29,194.99,251.84,20.27
2021-03-24 04:30:00,5,3017.43,27.49,50.72,0,38.15,236.68,301.82,19.25
2021-03-24 05:30:00,5,3738.4,47.83,47.98,0,42.92,293.44,367.03,20.52
2021-03-24 06:30:00,5,5126.95,87.62,47.3,0,58.17,389.59,482.9,31.92
2021-03-24 07:30:00,5,7904.05,175.24,50.72,0.21,89.65,574.48,710.92,63.84
2021-03-24 08:30:00,5,10467.53,257.49,71.97,2.03,113.49,719.69,893.73,81.06
2021-03-24 09:30:00,5,3631.59,55.88,104.19,31.47,160.22,270.45,334.92,45.09
2021-03-24 10:30:00,5,3204.35,27.27,119.27,98.71,162.13,272.22,339.89,41.54
2021-03-24 11:30:00,5,2696.99,12.18,101.45,211.72,160.22,282.32,348.64,32.42
2021-03-24 12:30:00,5,1041.41,2.93,29.47,226.02,72.48,133.07,171.76,11.02
2021-03-24 13:30:00,5,747.68,1.26,16.45,223.16,46.73,102.21,137.39,8.61
2021-03-24 14:30:00,5,640.87,0.86,14.22,205.99,38.62,89.49,123.56,7.41
2021-03-24 15:30:00,5,534.06,0.67,13.2,165.94,29.8,67.66,104.62,6.4
2021-03-24 16:30:00,5,500.68,0.59,14.74,140.19,27.18,54.86,92.63,6.33
2021-03-24 17:30:00,4,494,0.3,16.45,127.32,25.75,47.7,84.38,6.4
2021-03-24 18:30:00,5,781.06,0.08,33.24,108.72,42.92,67.69,112.06,11.4
2021-03-24 19:30:00,5,1068.12,0,41.13,97.28,53.41,89.79,138.79,17.23
2021-03-24 20:30:00,5,1201.63,0,41.81,82.97,51.5,95.86,147.8,21.53
2021-03-24 21:30:00,5,1214.98,0,41.13,65.8,49.11,89.86,144.91,24.83
2021-03-24 22:30:00,5,1148.22,0,39.76,56.51,46.25,79.31,129.7,25.84
2021-03-24 23:30:00,5,961.3,0,36.67,55.08,41.96,63.2,100.8,24.07
2021-03-25 00:30:00,4,781.06,0,32.56,55.08,37.19,48.04,73.06,21.53
2021-03-25 01:30:00,4,734.33,0,30.16,53.64,35.76,42.91,61.74,21.28
2021-03-25 02:30:00,4,727.65,0,28.1,52.93,34.33,40.27,56.41,21.03
2021-03-25 03:30:00,4,714.3,0,26.39,52.21,31.95,37.49,52.05,20.52
2021-03-25 04:30:00,4,720.98,0,25.71,51.5,30.99,35.76,49.77,20.52
2021-03-25 05:30:00,4,761.03,0,27.76,47.92,31.47,36.88,51.84,21.03
2021-03-25 06:30:00,4,947.95,0.02,36.33,39.34,36.24,45.47,64.85,24.07
2021-03-25 07:30:00,5,1321.79,2.96,50.72,27.9,44.82,63.06,91.11,29.13
2021-03-25 08:30:00,5,1441.96,11.29,48.67,40.41,48.64,67.67,97.64,28.88
2021-03-25 09:30:00,5,1121.52,9.16,36.67,72.96,49.11,57.68,81.65,23.31
2021-03-25 10:30:00,5,1001.36,6.93,30.85,104.43,49.59,60.06,82.23,22.04
2021-03-25 11:30:00,5,867.84,4.19,24.33,147.34,45.78,64.28,84.06,20.27
2021-03-25 12:30:00,4,507.36,1.41,9.17,158.79,19.79,40.68,54.89,10.39
2021-03-25 13:30:00,4,447.27,1.2,7.71,154.5,15.97,34.39,49.06,8.23
2021-03-25 14:30:00,4,433.92,1.19,7.88,150.2,15.5,31.87,48.15,7.6
2021-03-25 15:30:00,4,440.6,1.29,9.43,145.91,16.45,31.29,49.43,7.6
2021-03-25 16:30:00,4,494,1.48,13.37,138.76,19.55,32.64,51.24,8.36
2021-03-25 17:30:00,4,560.76,1.15,18.51,131.61,21.94,33.89,51.79,9.12
2021-03-25 18:30:00,4,947.95,0.4,39.76,100.14,34.33,48.9,72.68,14.95
2021-03-25 19:30:00,5,1401.9,0,52.78,71.53,44.82,72.05,107.22,22.55
2021-03-25 20:30:00,5,1642.23,0,54.84,61.51,49.59,91.17,133.33,27.87
2021-03-25 21:30:00,5,1762.39,0,55.52,59.37,53.41,106.91,151.75,31.41
2021-03-25 22:30:00,5,1762.39,0,52.78,63.66,52.93,113.45,157.71,31.41
2021-03-25 23:30:00,5,1522.06,0,45.93,71.53,45.3,104.25,142.92,27.36
2021-03-26 00:30:00,5,1174.93,0,36.67,77.25,35.29,86.09,116.38,22.04
2021-03-26 01:30:00,5,1028.06,0,30.85,73.67,31.95,79.35,106.73,21.03
2021-03-26 02:30:00,5,1001.36,0,28.79,65.09,31.47,77.95,104.74,21.53
2021-03-26 03:30:00,5,988.01,0,28.1,57.22,30.52,77.45,103.54,22.55
2021-03-26 04:30:00,5,988.01,0,28.45,52.21,29.56,77.62,102.43,23.31
2021-03-26 05:30:00,5,1028.06,0,30.5,47.92,29.8,81.42,105.29,24.32
2021-03-26 06:30:00,5,1241.68,0.06,40.1,37.91,34.33,93.69,120.48,27.61
2021-03-26 07:30:00,5,1708.98,4.25,57.58,24.68,44.35,119.11,154.57,33.95
2021-03-26 08:30:00,5,1949.31,13.3,60.32,39.7,51.5,130.4,169.52,33.95
2021-03-26 09:30:00,5,1348.5,7.82,43.18,94.41,54.36,101.89,133.92,23.31
2021-03-26 10:30:00,5,1201.63,6.26,34.96,130.18,55.79,101.11,133.02,21.53
2021-03-26 11:30:00,5,1054.76,3.86,26.73,174.52,51.98,101.31,131.59,19.25
2021-03-26 12:30:00,5,634.19,1.52,10.97,175.95,24.08,56.09,79.04,11.78
2021-03-26 13:30:00,4,554.09,1.3,9.34,171.66,19.31,47.53,69.45,10.13
2021-03-26 14:30:00,4,527.38,1.27,9.51,167.37,18.6,44.02,66.82,9.5
2021-03-26 15:30:00,4,527.38,1.4,11.31,161.65,19.55,42.86,66.78,9.5
2021-03-26 16:30:00,4,580.79,1.62,16.11,151.63,22.65,44.46,69.54,10.26
2021-03-26 17:30:00,4,647.54,1.29,22.28,137.33,25.51,45.94,71.84,11.27
2021-03-26 18:30:00,5,1468.66,0.66,65.8,77.96,42.92,76.61,115.32,21.53
2021-03-26 19:30:00,5,2483.37,0.34,98.71,22.35,60.56,127.5,187.74,34.45
2021-03-26 20:30:00,5,3070.83,5.09,100.08,3.22,68.67,168.05,244.36,43.06
2021-03-26 21:30:00,5,3791.81,20.79,94.59,0.15,77.25,221.82,314.07,52.69
2021-03-26 22:30:00,5,4646.3,38.89,93.22,0,82.97,280.36,391.58,58.77
2021-03-26 23:30:00,5,4539.49,42.47,90.48,0,70.57,274.29,383.64,50.66
2021-03-27 00:30:00,5,3578.19,31.29,82.25,0.01,48.64,215.54,304.64,34.45
2021-03-27 01:30:00,5,2883.91,18.77,70.6,0.04,36.24,180.84,254.34,26.09
2021-03-27 02:30:00,5,2536.77,14.98,58.95,0.07,31.95,170.51,237.25,23.31
2021-03-27 03:30:00,5,2403.26,15.42,48.67,0.04,30.28,170.56,234.73,22.8
2021-03-27 04:30:00,5,2403.26,20.12,40.78,0.01,29.33,177.83,240.03,23.56
2021-03-27 05:30:00,5,2510.07,27.05,37.01,0,29.56,187.17,247.86,25.33
2021-03-27 06:30:00,5,2990.72,45.6,37.7,0,36.24,214.49,281.46,31.92
2021-03-27 07:30:00,5,4432.68,95.67,42.84,0.4,53.88,286.52,377.24,45.6
2021-03-27 08:30:00,5,5767.82,146.63,61.01,3.35,67.71,335.97,441.71,51.17
2021-03-27 09:30:00,5,1815.8,13.52,78.83,94.41,101.09,148.25,188.21,25.59
2021-03-27 10:30:00,5,1682.28,10.17,70.6,151.63,103.95,155.75,195.35,23.56
2021-03-27 11:30:00,5,1628.88,6.04,57.58,234.6,98.23,176.95,216.9,20.77
2021-03-27 12:30:00,5,834.47,1.66,17.31,240.33,40.53,93.27,124.04,13.68
2021-03-27 13:30:00,5,640.87,1.01,10.45,228.88,28.37,76.24,106.33,11.53
2021-03-27 14:30:00,5,627.52,0.98,10.88,226.02,28.85,75.65,107.28,11.53
2021-03-27 15:30:00,5,627.52,1.05,12.51,211.72,28.61,73.46,108.49,11.78
2021-03-27 16:30:00,5,667.57,1.12,16.79,197.41,30.28,72.55,110.84,12.41
2021-03-27 17:30:00,5,727.65,0.8,22.96,173.09,31.95,71.63,112.84,13.43
2021-03-27 18:30:00,5,1762.39,0.38,75.4,92.98,51.02,112.08,170.16,24.57
2021-03-27 19:30:00,5,3311.16,2.01,126.12,14.84,76.29,192.33,279.27,41.04
2021-03-27 20:30:00,5,4379.27,16.76,123.38,0.16,87.74,267.21,379.29,52.18
2021-03-27 21:30:00,5,5287.17,34.42,108.3,0,91.55,343.28,479.1,60.8
2021-03-27 22:30:00,5,6301.88,55.88,100.08,0,94.41,425.64,582.4,65.86
2021-03-27 23:30:00,5,6782.53,71.53,98.71,0,87.74,467.52,622.18,60.29
2021-03-28 00:30:00,5,6675.72,75.1,100.08,0,71.53,462.88,597.74,44.58
2021-03-28 01:30:00,5,6408.69,67.95,101.45,0,60.08,451.46,568.16,33.95
2021-03-28 02:30:00,5,5874.63,53.64,101.45,0,56.27,425.48,526.81,28.63
2021-03-28 03:30:00,5,5340.58,38.89,102.82,0,58.65,401.69,491.84,26.09
2021-03-28 04:30:00,5,5874.63,49.17,104.19,0,61.99,457.73,556.04,29.13
2021-03-28 05:30:00,5,6835.94,71.53,106.93,0,74.39,546.33,662.57,39.52
2021-03-28 06:30:00,5,8010.86,104.61,104.19,0,90.6,641.51,784.99,55.22
2021-03-28 07:30:00,5,9826.66,168.09,98.71,0.41,105.86,764.92,940.53,69.92
2021-03-28 08:30:00,5,11642.46,221.73,127.49,3.84,117.3,864.51,1051.54,73.97
2021-03-28 09:30:00,5,4806.52,35.76,165.88,73.67,209.81,439.84,523.5,36.99
2021-03-28 10:30:00,5,3952.03,16.09,152.17,197.41,225.07,442.59,520.91,28.37
2021-03-28 11:30:00,5,3204.35,6.15,98.71,377.66,198.36,465.22,538.18,19.51
2021-03-28 12:30:00,5,1054.76,1.38,19.71,297.55,75.34,169.28,228.6,12.79
2021-03-28 13:30:00,5,694.28,0.85,10.63,257.49,41.49,109,172.81,11.02
2021-03-28 14:30:00,5,640.87,0.91,11.48,246.05,37.19,100.01,167.71,10.01
2021-03-28 15:30:00,5,694.28,1.16,16.28,231.74,38.62,97.87,168.03,10.89
2021-03-28 16:30:00,5,814.44,1.4,25.02,217.44,45.3,100.67,172.71,12.67
2021-03-28 17:30:00,5,921.25,1.05,35.99,188.83,51.5,100.64,174.21,14.06
2021-03-28 18:30:00,5,1602.17,0.24,69.92,143.05,73.43,131.11,214.09,22.29
2021-03-28 19:30:00,5,2723.69,0,100.08,108.72,103,214.33,314.74,34.45
2021-03-28 20:30:00,5,3337.86,0,89.11,123.02,105.86,325.65,439.5,37.49
2021-03-28 21:30:00,5,2937.32,0,56.89,153.07,88.69,368.58,477.25,33.95
2021-03-28 22:30:00,5,2429.96,0,47.3,138.76,81.06,335.99,429.27,32.17
2021-03-28 23:30:00,5,2029.42,0,45.24,113.01,67.71,285.4,363.77,28.63
2021-03-29 00:30:00,5,1575.47,0,37.36,95.84,47.21,227.02,287.43,25.08
2021-03-29 01:30:00,5,1335.14,0,31.19,82.25,33.38,179.01,227.76,25.59
2021-03-29 02:30:00,5,1148.22,0,25.71,77.25,26.94,148.44,192.53,25.08
2021-03-29 03:30:00,5,1054.76,0,22.96,80.82,27.18,139.62,182.78,23.81
2021-03-29 04:30:00,5,1041.41,0,22.62,77.96,28.13,145.03,187.73,24.07
2021-03-29 05:30:00,5,1108.17,0,25.36,69.38,28.37,155.71,198.64,25.33
2021-03-29 06:30:00,5,1348.5,0,34.96,51.5,31.47,169.73,216.39,29.64
2021-03-29 07:30:00,5,1869.2,2.85,55.52,26.11,41.49,189.93,246.6,36.48
2021-03-29 08:30:00,5,2323.15,15.42,62.38,29.33,52.93,203.34,267.47,40.03
2021-03-29 09:30:00,5,2216.34,13.64,61.69,70.81,64.85,201.76,265.94,38
2021-03-29 10:30:00,5,2349.85,9.72,67.86,145.91,83.92,232.63,301.27,39.01
2021-03-29 11:30:00,5,2670.29,6.2,76.77,283.24,119.21,315.24,389.98,39.52
2021-03-29 12:30:00,5,1014.71,2.68,28.45,234.6,62.94,127.03,184.75,17.48
2021-03-29 13:30:00,5,687.6,1.57,16.79,231.74,39.58,98.53,152.19,11.4
2021-03-29 14:30:00,5,574.11,1.29,14.22,223.16,31.47,83.42,134.45,9.5
2021-03-29 15:30:00,5,567.44,1.43,17.14,208.86,30.99,76.94,126.77,10.01
2021-03-29 16:30:00,5,754.36,1.84,29.82,203.13,44.82,85.08,136.49,13.17
2021-03-29 17:30:00,5,1108.17,1.5,52.78,188.83,71.53,102.05,157.72,17.48
2021-03-29 18:30:00,5,2964.02,0.5,135.72,105.86,111.58,181.78,270.47,34.45
2021-03-29 19:30:00,5,4913.33,2.4,202.89,15.74,135.42,284.35,415.36,54.72
2021-03-29 20:30:00,5,5554.2,21.91,180.96,0.04,135.42,338.62,488.66,64.34
2021-03-29 21:30:00,5,5020.14,27.27,132.98,0.01,109.67,319.53,464.83,62.32
2021-03-29 22:30:00,5,4379.27,24.59,105.56,0.01,88.69,287.08,417.38,57.25
2021-03-29 23:30:00,5,3791.81,20.79,95.96,0.01,71.53,250.39,360.59,48.13
2021-03-30 00:30:00,5,3417.97,23.92,85.68,0.01,57.22,228.35,322.22,36.48
2021-03-30 01:30:00,5,3578.19,33.08,74.71,0,52.93,245.99,345.87,33.44
2021-03-30 02:30:00,5,3791.81,39.34,65.12,0,51.02,278.23,391.98,34.96
2021-03-30 03:30:00,5,3845.22,41.57,54.15,0,50.55,307.54,429.53,36.48
2021-03-30 04:30:00,5,3738.4,42.92,45.93,0,47.21,313,430.25,34.45
2021-03-30 05:30:00,5,3417.97,40.23,42.16,0,42.92,292.39,393.81,33.44
2021-03-30 06:30:00,5,2830.51,28.39,46.61,0,44.35,239.81,321.72,40.03
2021-03-30 07:30:00,5,3471.37,54.09,50.04,0.81,58.65,256.43,349.59,49.65
2021-03-30 08:30:00,5,3738.4,75.1,56.89,5.9,61.04,231.2,335.24,48.64
2021-03-30 09:30:00,5,1255.04,14.08,40.1,47.92,35.76,87.55,167.8,25.84
2021-03-30 10:30:00,5,754.36,5.53,25.36,95.84,30.99,73.1,169.76,19.25
2021-03-30 11:30:00,5,560.76,2.49,15.94,141.62,26.7,84.53,227.01,15.83
2021-03-30 12:30:00,5,460.63,0.73,6.08,174.52,16.69,95.26,224.13,13.3
2021-03-30 13:30:00,5,447.27,0.68,5.91,185.97,16.93,83.41,173.33,11.53
2021-03-30 14:30:00,5,417.23,0.67,5.83,173.09,13.11,68.19,150.75,9.5
2021-03-30 15:30:00,5,447.27,0.69,7.2,177.38,14.9,69.65,154.09,9.5
2021-03-30 16:30:00,5,520.71,0.66,10.45,191.69,19.55,81.42,161.08,11.4
2021-03-30 17:30:00,5,587.46,0.44,14.22,180.24,21.7,86.38,155.72,13.05
2021-03-30 18:30:00,5,774.38,0.08,21.94,155.93,29.56,104.75,174.11,17.73
2021-03-30 19:30:00,5,1001.36,0,24.68,147.34,35.76,144.75,223.7,24.57
2021-03-30 20:30:00,5,1148.22,0,24.33,158.79,39.58,186.17,280.48,28.37
2021-03-30 21:30:00,5,1174.93,0,23.65,165.94,43.87,202.94,301.08,28.37
2021-03-30 22:30:00,5,1094.82,0,21.59,161.65,42.92,193.11,283.98,27.61
2021-03-30 23:30:00,5,934.6,0,19.02,153.07,36.72,167.1,240.43,25.08
2021-03-31 00:30:00,5,794.41,0,16.11,145.91,31.47,135.87,192.24,22.29
2021-03-31 01:30:00,5,741.01,0,14.74,140.19,30.28,120.01,169.31,22.04
2021-03-31 02:30:00,5,720.98,0,14.4,135.9,29.8,111.87,157.54,22.55
2021-03-31 03:30:00,5,707.63,0,14.4,125.89,28.37,100.44,139.57,22.8
2021-03-31 04:30:00,5,700.95,0,15.59,113.01,28.13,89.63,122.56,22.55
2021-03-31 05:30:00,5,727.65,0,18.17,100.14,29.33,83.85,112.91,23.05
2021-03-31 06:30:00,5,841.14,0,24.68,87.26,33.38,83.23,111.8,25.33
2021-03-31 07:30:00,5,1054.76,0.98,34.96,75.82,39.58,82.82,113.46,28.12
2021-03-31 08:30:00,5,1148.22,4.64,36.67,80.82,42.44,76.43,107.27,28.12
2021-03-31 09:30:00,5,1041.41,5.31,31.19,107.29,42.92,67.02,95.74,25.33
2021-03-31 10:30:00,5,947.95,3.97,25.36,143.05,42.92,66.04,92.65,23.31
2021-03-31 11:30:00,5,827.79,2.54,19.54,181.68,39.1,65.06,88.04,20.27
2021-03-31 12:30:00,4,467.3,1.03,7.97,177.38,15.74,29.56,41.05,8.87
2021-03-31 13:30:00,3,417.23,0.92,6.94,174.52,12.64,22.85,31.83,7.09
2021-03-31 14:30:00,3,413.9,0.89,7.03,175.95,12.28,22.07,30.34,7.03
2021-03-31 15:30:00,3,433.92,0.94,8.23,174.52,13.11,23.43,31.65,7.66
2021-03-31 16:30:00,3,467.3,1.03,11.14,170.23,15.5,24.21,32.14,8.49
2021-03-31 17:30:00,3,494,0.8,14.74,165.94,18.12,24.27,31.73,8.99
2021-03-31 18:30:00,4,634.19,0.24,23.99,155.93,29.09,31.38,41.13,11.91
2021-03-31 19:30:00,4,761.03,0,26.05,148.77,34.81,40.1,53.41,15.96
2021-03-31 20:30:00,4,821.11,0,26.05,144.48,35.76,45.67,61.15,19
2021-03-31 21:30:00,4,821.11,0,25.71,135.9,36.72,46.08,61.93,20.27
2021-03-31 22:30:00,4,774.38,0,24.68,124.45,35.76,41.11,56.13,20.27
2021-03-31 23:30:00,4,654.22,0,22.28,114.44,31.47,32.08,44.25,18.75
2021-04-01 00:30:00,3,540.73,0,18.85,114.44,26.94,24.61,33.42,16.97
2021-04-01 01:30:00,3,520.71,0,17.14,115.87,26.7,23.47,31.38,17.48
2021-04-01 02:30:00,3,527.38,0,16.62,114.44,27.42,24.13,31.85,18.75
2021-04-01 03:30:00,4,534.06,0,16.28,113.01,27.42,25.33,32.93,20.01
2021-04-01 04:30:00,4,540.73,0,16.28,110.15,27.66,26.89,34.39,21.03
2021-04-01 05:30:00,4,560.76,0,17.82,105.86,30.52,29.42,37.05,21.28
2021-04-01 06:30:00,4,654.22,0,22.96,95.84,37.19,34.33,43.66,22.29
2021-04-01 07:30:00,4,807.76,0.95,30.5,85.83,43.87,39.46,52.25,24.32
2021-04-01 08:30:00,4,841.14,3.86,29.47,87.26,43.87,37.63,51.21,23.31
2021-04-01 09:30:00,4,720.98,4.14,22.62,104.43,38.15,29.67,41.36,20.01
2021-04-01 10:30:00,4,647.54,3.1,17.82,131.61,35.29,28.93,39.6,17.73
2021-04-01 11:30:00,4,574.11,1.93,13.37,164.51,31.47,31.54,40.96,15.96
2021-04-01 12:30:00,3,420.57,1.13,7.97,165.94,19.07,21.47,27.62,9.63
2021-04-01 13:30:00,3,380.52,1.01,7.11,163.08,16.21,18.83,24.2,7.92
2021-04-01 14:30:00,3,370.5,0.92,7.03,165.94,15.5,18.94,24.23,7.73
2021-04-01 15:30:00,3,380.52,1.03,8.74,163.08,16.93,18.71,24.37,7.6
2021-04-01 16:30:00,3,427.25,1.27,12.85,157.36,20.03,19.13,25.74,8.04
2021-04-01 17:30:00,3,494,1.06,18.17,150.2,23.13,20.51,28.14,9.12
2021-04-01 18:30:00,4,881.2,0.43,39.07,118.73,34.81,33.58,48.37,15.33
2021-04-01 19:30:00,5,1321.79,0,50.04,85.12,45.3,52.93,78.83,23.81
2021-04-01 20:30:00,5,1548.77,0,52.78,67.23,50.55,68.07,102.01,30.15
2021-04-01 21:30:00,5,1682.28,0,54.15,57.22,55.31,78.63,117.22,33.95
2021-04-01 22:30:00,5,1628.88,0,51.41,55.08,54.84,78.35,116.52,34.45
2021-04-01 23:30:00,5,1335.14,0,44.55,60.8,47.21,63.3,94.29,29.64
2021-04-02 00:30:00,4,1028.06,0,37.01,67.23,39.58,47.7,69.59,24.07
2021-04-02 01:30:00,4,974.66,0,33.93,63.66,38.62,47.41,66.91,23.31
2021-04-02 02:30:00,5,1001.36,0,33.24,57.94,40.53,51.44,71.34,23.81
2021-04-02 03:30:00,5,1014.71,0,32.9,50.78,40.53,54.77,75.31,24.83
2021-04-02 04:30:00,5,1014.71,0,32.56,46.49,39.58,55.27,75.11,26.09
2021-04-02 05:30:00,5,1028.06,0,34.62,42.56,40.53,56.25,74.96,27.36
2021-04-02 06:30:00,5,1214.98,0.06,45.24,33.62,47.21,65.04,86.83,30.91
2021-04-02 07:30:00,5,1708.98,6.65,61.69,21.82,61.99,86.72,118.41,37.49
2021-04-02 08:30:00,5,1976.01,18.77,63.75,38.27,73.43,95.97,131.98,38.51
2021-04-02 09:30:00,5,1735.69,15.42,60.32,75.82,82.02,88.95,120.4,33.95
2021-04-02 10:30:00,5,1615.52,10.17,55.52,131.61,87.74,97.22,127.71,31.16
2021-04-02 11:30:00,5,1375.2,5.48,43.87,205.99,85.83,102.97,128.97,26.35
2021-04-02 12:30:00,4,594.14,2.01,15.08,185.97,33.85,35.32,46.07,10.64
2021-04-02 13:30:00,4,467.3,1.57,11.48,180.24,24.32,25.9,34.35,7.79
2021-04-02 14:30:00,3,440.6,1.45,11.31,175.95,22.65,22.45,30.85,7.28
2021-04-02 15:30:00,3,460.63,1.61,13.37,168.8,23.6,21.29,30.82,7.73
2021-04-02 16:30:00,3,547.41,1.93,19.54,161.65,28.13,23.56,34.69,9.12
2021-04-02 17:30:00,4,640.87,1.63,27.08,147.34,31.95,25.26,37.96,10.51
2021-04-02 18:30:00,5,2002.72,1.59,97.33,69.38,61.04,76.77,112.69,26.85
2021-04-02 19:30:00,5,3738.4,10.84,142.57,3.22,96.32,164.92,237.04,47.12
2021-04-02 20:30:00,5,4646.3,34.42,120.64,0,114.44,227.29,329.13,58.77
2021-04-02 21:30:00,5,4859.92,45.15,104.19,0,121.12,255.98,372.87,63.84
2021-04-02 22:30:00,5,4486.08,43.81,91.85,0,116.35,245.18,359.33,60.29
2021-04-02 23:30:00,5,3631.59,33.08,84.31,0,99.18,194.88,290.21,48.13
2021-04-03 00:30:00,5,2643.59,16.76,78.83,0.13,79.16,137.83,208.68,33.44
2021-04-03 01:30:00,5,1949.31,3.8,68.55,3.26,65.8,104.13,155.13,25.59
2021-04-03 02:30:00,5,1615.52,0.23,53.47,15.74,58.65,90.5,128.54,23.81
2021-04-03 03:30:00,5,1522.06,0.03,43.87,25.03,53.88,90.46,122.54,24.07
2021-04-03 04:30:00,5,1628.88,0.09,44.55,20.74,51.5,101.07,133.81,24.07
2021-04-03 05:30:00,5,1842.5,1.1,51.41,9.84,51.5,117.58,153.87,25.59
2021-04-03 06:30:00,5,2456.67,13.75,58.95,0.94,61.04,152.33,199.21,33.44
2021-04-03 07:30:00,5,3952.03,55.43,65.8,2.48,88.69,229.98,302.88,49.65
2021-04-03 08:30:00,5,4806.52,71.53,93.22,15.91,104.9,271.08,359.8,54.21
2021-04-03 09:30:00,5,2483.37,16.54,80.88,92.98,95.37,154.47,198.99,36.48
2021-04-03 10:30:00,5,2323.15,9.16,74.03,188.83,106.81,174.37,220.75,33.44
2021-04-03 11:30:00,5,1976.01,4.41,54.15,303.27,110.63,183.62,227.68,27.61
2021-04-03 12:30:00,5,741.01,2.01,19.54,234.6,55.79,57.05,74.46,10.51
2021-04-03 13:30:00,4,514.03,1.34,12.34,220.3,37.67,39.58,52.46,6.59
2021-04-03 14:30:00,4,453.95,1.13,10.88,211.72,31.47,32.99,44.82,5.83
2021-04-03 15:30:00,4,460.63,1.2,12.17,197.41,27.18,27.65,40.42,6.14
2021-04-03 16:30:00,4,520.71,1.38,16.62,181.68,27.42,26.23,40.46,7.28
2021-04-03 17:30:00,4,594.14,1.13,22.28,163.08,28.13,25.86,41.19,8.49
2021-04-03 18:30:00,5,1415.25,0.56,61.69,117.3,46.25,56.13,85.66,18.75
2021-04-03 19:30:00,5,2349.85,0,89.11,64.37,65.8,100.82,150.02,30.91
2021-04-03 20:30:00,5,2590.18,0,85.68,44.35,69.62,120.69,179.67,35.97
2021-04-03 21:30:00,5,3524.78,3.33,102.82,10.91,88.69,180.55,262.29,47.12
2021-04-03 22:30:00,5,4325.87,17.88,105.56,0.1,103.95,235.57,335.84,53.7
2021-04-03 23:30:00,5,4165.65,19.89,104.19,0.07,93.46,224.04,322.74,48.13
2021-04-04 00:30:00,5,3364.56,9.84,101.45,0.68,74.39,178.41,261.54,36.99
2021-04-04 01:30:00,5,2857.21,4.08,89.11,2.03,63.9,157.14,229.04,29.64
2021-04-04 02:30:00,5,2563.48,4.14,71.97,1.59,55.79,149.54,212.24,26.35
2021-04-04 03:30:00,5,2296.45,6.09,57.58,0.74,48.16,140.95,194.45,25.33
2021-04-04 04:30:00,5,2109.53,8.16,50.04,0.43,45.3,134.02,181.97,24.83
2021-04-04 05:30:00,5,2136.23,11.74,49.35,0.22,47.21,135.79,182.61,25.59
2021-04-04 06:30:00,5,2670.29,25.71,52.78,0.04,58.65,162.34,217.74,32.42
2021-04-04 07:30:00,5,4112.24,66.16,63.06,1.92,85.83,236.39,318.24,47.62
2021-04-04 08:30:00,5,5233.76,91.2,91.85,11.98,102.04,284.48,381.85,52.69
2021-04-04 09:30:00,5,2243.04,14.75,78.14,100.14,91.55,130.02,170.29,30.91
2021-04-04 10:30:00,5,2056.12,7.49,64.43,197.41,95.37,148.5,187.03,29.39
2021-04-04 11:30:00,5,1762.39,3.07,41.81,317.57,88.69,162.59,196.37,26.6
2021-04-04 12:30:00,5,620.84,1.15,12.17,234.6,32.9,52.67,69.35,10.77
2021-04-04 13:30:00,4,473.98,0.94,9,214.58,21.22,37.5,51.85,8.49
2021-04-04 14:30:00,4,447.27,0.89,8.82,208.86,19.07,33.58,47.52,8.23
2021-04-04 15:30:00,4,473.98,1.02,11.31,200.27,20.27,33.36,47.77,8.74
2021-04-04 16:30:00,4,560.76,1.29,16.97,194.55,24.08,35.82,51.22,10.13
2021-04-04 17:30:00,4,640.87,1.24,23.65,175.95,26.46,36.63,52.96,11.15
2021-04-04 18:30:00,5,2216.34,0.95,108.3,67.23,53.88,92.22,134.04,26.85
2021-04-04 19:30:00,5,4058.84,15.2,148.06,1.1,87.74,180.8,256.74,44.58
2021-04-04 20:30:00,5,4913.33,31.74,126.12,0,103.95,239.52,337.11,54.72
2021-04-04 21:30:00,5,5393.98,38.89,115.16,0,113.49,283.11,392.11,61.3
2021-04-04 22:30:00,5,5981.45,50.96,111.04,0,123.98,334.49,454.6,61.81
2021-04-04 23:30:00,5,5981.45,56.33,105.56,0,119.21,340.39,456.6,50.16
2021-04-05 00:30:00,5,4325.87,28.16,98.71,0.01,88.69,242.58,328.87,31.92
2021-04-05 01:30:00,5,3524.78,17.66,89.11,0.03,79.16,205.06,282.57,30.15
2021-04-05 02:30:00,5,2777.1,12.85,67.86,0.1,67.71,169.67,234.78,30.4
2021-04-05 03:30:00,5,2056.12,6.54,50.04,1,54.84,130.61,178.58,30.15
2021-04-05 04:30:00,5,1682.28,1.47,43.53,6.71,49.59,109.64,146.18,29.13
2021-04-05 05:30:00,5,1548.77,0.17,42.5,18.77,50.07,102.26,134.66,28.12
2021-04-05 06:30:00,5,1682.28,0.23,51.41,23.6,57.7,106.17,140.53,30.91
2021-04-05 07:30:00,5,2510.07,9.61,78.14,9.92,81.06,144.03,192.53,41.54
2021-04-05 08:30:00,5,3311.16,25.71,102.82,25.39,108.72,182.67,240.77,47.12
2021-04-05 09:30:00,5,2964.02,15.87,109.67,86.55,121.12,178.7,228.49,39.52
2021-04-05 10:30:00,5,2723.69,7.6,93.22,194.55,117.3,189.16,236.93,35.97
2021-04-05 11:30:00,5,2483.37,3.1,63.75,351.91,107.77,217.5,262.65,34.45
2021-04-05 12:30:00,5,894.55,2.12,29.47,294.69,79.16,96.29,115.37,12.41
2021-04-05 13:30:00,5,674.25,1.84,23.65,283.24,63.9,83.82,101,8.87
2021-04-05 14:30:00,5,640.87,2.15,28.1,274.66,74.39,80.56,98.21,8.49
2021-04-05 15:30:00,5,640.87,2.52,35.64,251.77,90.6,74.78,94.44,8.61
2021-04-05 16:30:00,5,687.6,2.85,49.35,200.27,111.58,65.99,88.45,9.88
2021-04-05 17:30:00,5,714.3,1.68,52.78,150.2,105.86,56.01,80.69,11.27
2021-04-05 18:30:00,5,1028.06,0.26,54.84,105.86,81.06,60.87,93.47,18.24
2021-04-05 19:30:00,5,1228.33,0,48.67,84.4,64.85,69.99,109.93,24.07
2021-04-05 20:30:00,5,1281.74,0,44.55,76.53,60.08,75.74,119.06,26.6
2021-04-05 21:30:00,5,1201.63,0,39.07,72.96,53.41,74.48,117.45,26.85
2021-04-05 22:30:00,5,1174.93,0,36.67,67.23,49.11,74.13,117.35,27.36
2021-04-05 23:30:00,5,1094.82,0,35.99,57.94,45.3,70.24,111.14,25.84
2021-04-06 00:30:00,5,934.6,0,32.22,52.93,41.01,62.75,98.77,22.29
2021-04-06 01:30:00,5,847.82,0,27.08,55.08,38.62,64.86,97.38,21.79
2021-04-06 02:30:00,5,867.84,0,22.62,67.23,35.29,78.22,107.58,24.07
2021-04-06 03:30:00,5,961.3,0,21.42,77.96,34.33,97.78,124.33,26.35
2021-04-06 04:30:00,5,1041.41,0,21.76,80.82,34.33,111.95,136.39,27.11
2021-04-06 05:30:00,5,1081.47,0,24.33,75.1,38.62,123.6,147.21,25.84
2021-04-06 06:30:00,5,1201.63,0.01,33.93,59.37,51.5,141.83,168.1,25.08
2021-04-06 07:30:00,5,1535.42,1.69,53.47,41.49,70.57,167.49,200.74,27.61
2021-04-06 08:30:00,5,1762.39,7.71,63.75,61.51,90.6,180.5,218.41,29.39
2021-04-06 09:30:00,5,1642.23,7.82,63.75,125.89,112.53,178.67,215.65,28.12
2021-04-06 10:30:00,5,1615.52,5.76,61.01,217.44,129.7,195.03,232.59,28.37
2021-04-06 11:30:00,5,1602.17,3.97,56.89,331.88,150.68,230.88,269.51,27.11
2021-04-06 12:30:00,5,1161.58,2.21,52.09,317.57,146.87,190.73,238.87,19.76
2021-04-06 13:30:00,5,1054.76,1.84,45.93,323.3,127.79,180.32,236.11,17.23
2021-04-06 14:30:00,5,1028.06,1.4,35.64,354.77,103.95,185.6,249.47,15.96
2021-04-06 15:30:00,5,907.9,0.89,25.02,337.6,69.62,167.71,241.34,13.3
2021-04-06 16:30:00,5,821.11,0.82,27.42,286.1,57.7,142.06,220.19,11.78
2021-04-06 17:30:00,5,854.49,0.68,42.16,243.19,72.48,131.61,212.62,12.54
2021-04-06 18:30:00,5,1361.85,0.17,94.59,208.86,160.22,167.45,250.67,20.27
2021-04-06 19:30:00,5,1789.09,0,108.3,154.5,217.44,190.88,275.52,28.37
2021-04-06 20:30:00,5,1655.58,0,69.23,128.75,131.61,172.48,250.55,30.65
2021-04-06 21:30:00,5,1415.25,0,39.41,118.73,59.61,154.16,214.33,30.91
2021-04-06 22:30:00,5,1281.74,0,33.93,110.15,47.21,141.06,191.1,30.15
2021-04-06 23:30:00,5,1134.87,0,30.16,115.87,41.96,128.6,168.3,26.85
2021-04-07 00:30:00,5,961.3,0,23.99,127.32,38.15,118.34,148.06,23.31
2021-04-07 01:30:00,5,854.49,0,18.51,131.61,37.19,112.07,135.68,22.04
2021-04-07 02:30:00,5,814.44,0,15.25,127.32,36.24,105.82,126.41,21.28
2021-04-07 03:30:00,5,881.2,0,16.11,113.01,38.15,109.36,129.73,22.04
2021-04-07 04:30:00,5,1041.41,0,21.59,95.84,44.82,118.87,141.7,24.07
2021-04-07 05:30:00,5,1214.98,0,29.82,85.12,58.17,126.6,152.85,25.33
2021-04-07 06:30:00,5,1268.39,0,37.7,66.52,57.7,110.52,143.21,27.11
2021-04-07 07:30:00,5,1615.52,0.96,55.52,53.64,61.04,114.96,164.98,31.67
2021-04-07 08:30:00,5,2002.72,6.65,68.55,58.65,71.53,136.42,201.91,33.95
2021-04-07 09:30:00,5,1482.01,6.48,54.84,108.72,86.78,121.76,183.8,25.84
2021-04-07 10:30:00,5,1495.36,6.09,53.47,164.51,104.9,135.32,201.1,26.6
2021-04-07 11:30:00,5,1455.31,4.14,47.3,251.77,118.26,155.93,223.1,25.59
2021-04-07 12:30:00,5,1001.36,1.9,25.36,288.96,86.78,136.22,186.84,17.48
2021-04-07 13:30:00,5,867.84,1.12,16.62,303.27,61.99,129.37,174.42,14.69
2021-04-07 14:30:00,5,787.74,0.92,14.4,291.82,47.21,116.06,161.67,13.3
2021-04-07 15:30:00,5,674.25,0.96,14.4,246.05,34.81,95.52,146.16,11.4
2021-04-07 16:30:00,5,660.9,1.12,18.51,214.58,32.9,84.56,134.95,10.89
2021-04-07 17:30:00,5,687.6,0.83,23.99,185.97,34.33,79.45,128.05,11.02
2021-04-07 18:30:00,5,1228.33,0.26,51.41,147.34,56.27,101.4,156.59,18.75
2021-04-07 19:30:00,5,1735.69,0,60.32,113.01,70.57,128.94,193.4,26.85
2021-04-07 20:30:00,5,1842.5,0,55.52,105.86,69.62,146.24,212.52,31.67
2021-04-07 21:30:00,5,2056.12,0,57.58,94.41,68.67,164.49,231.9,36.48
2021-04-07 22:30:00,5,2376.56,0,65.12,70.81,71.53,186.54,258.8,40.53
2021-04-07 23:30:00,5,2349.85,0,65.8,52.21,64.85,183.08,254.14,36.99
2021-04-08 00:30:00,5,1895.9,0,54.84,44.7,50.55,153.04,212.19,29.39
2021-04-08 01:30:00,5,1535.42,0,43.53,40.05,42.44,131.33,180.67,27.11
2021-04-08 02:30:00,5,1375.2,0,38.73,32.9,39.58,121.66,166.1,28.63
2021-04-08 03:30:00,5,1335.14,0.02,37.7,26.11,38.15,119.46,162.04,30.65
2021-04-08 04:30:00,5,1388.55,0.12,40.44,18.6,40.05,124.39,166.51,31.92
2021-04-08 05:30:00,5,1522.06,0.79,45.24,10.19,44.35,132.51,175.42,32.93
2021-04-08 06:30:00,5,1922.61,8.38,52.09,1.59,54.84,151.94,201.81,38.51
2021-04-08 07:30:00,5,2643.59,29.5,56.21,3.26,69.62,184.12,250.04,48.64
2021-04-08 08:30:00,5,2964.02,35.32,69.92,21.46,78.2,196.64,271.28,51.68
2021-04-08 09:30:00,5,1842.5,11.18,63.06,101.57,97.28,158.31,212.74,36.48
2021-04-08 10:30:00,5,1655.58,5.98,51.41,191.69,103.95,168.78,218.72,31.92
2021-04-08 11:30:00,5,1508.71,2.96,37.01,294.69,102.04,185.27,228.59,29.39
2021-04-08 12:30:00,5,700.95,1.19,12.68,240.33,42.92,80.77,103.75,12.67
2021-04-08 13:30:00,5,547.41,1.09,10.37,214.58,26.94,53.93,70.68,8.87
2021-04-08 14:30:00,4,520.71,1.13,10.97,208.86,24.8,46.72,61.47,8.23
2021-04-08 15:30:00,4,534.06,1.23,13.02,200.27,25.03,43.67,57.54,8.49
2021-04-08 16:30:00,4,587.46,1.36,17.48,188.83,27.18,43.35,57.38,9.5
2021-04-08 17:30:00,4,640.87,1.06,22.62,171.66,28.13,41.8,55.95,10.26
2021-04-08 18:30:00,5,1214.98,0.48,53.47,125.89,46.73,60.95,84.47,18.49
2021-04-08 19:30:00,5,1842.5,0,67.86,80.11,61.99,88.54,125.85,28.12
2021-04-08 20:30:00,5,2109.53,0,67.86,61.51,66.76,107.15,154.36,33.95
2021-04-08 21:30:00,5,2296.45,0,69.23,50.78,69.62,123.32,176.87,38.51
2021-04-08 22:30:00,5,2429.96,0,72.66,38.62,71.53,136.55,196.85,41.54
2021-04-08 23:30:00,5,2243.04,0.01,69.23,28.97,62.94,126.58,185.25,38
2021-04-09 00:30:00,5,1762.39,0.01,58.26,29.33,49.59,100.25,146.7,29.64
2021-04-09 01:30:00,5,1428.6,0,47.3,35.76,45.3,85.55,120.18,26.6
2021-04-09 02:30:00,5,1214.98,0,39.41,43.99,44.35,75.91,103.31,26.35
2021-04-09 03:30:00,5,1174.93,0,37.7,45.78,44.35,75.75,100.99,26.35
2021-04-09 04:30:00,5,1375.2,0.01,42.84,34.69,47.68,88.71,117.85,27.11
2021-04-09 05:30:00,5,1682.28,0.36,53.47,18.77,52.93,107.48,143.25,29.39
2021-04-09 06:30:00,5,2349.85,10.95,66.49,3,65.8,144.34,193.82,38
2021-04-09 07:30:00,5,3578.19,47.39,72.66,4.96,87.74,206.2,280.56,52.69
2021-04-09 08:30:00,5,4112.24,58.12,91.85,20.56,97.28,226.8,310.29,55.22
2021-04-09 09:30:00,5,2376.56,17.21,83.63,95.84,103,147.34,194.24,37.49
2021-04-09 10:30:00,5,2029.42,8.83,69.23,185.97,107.77,151.53,194.79,32.93
2021-04-09 11:30:00,5,1602.17,3.69,44.55,294.69,99.18,155.6,193.07,28.37
2021-04-09 12:30:00,4,580.79,1.3,12.34,217.44,35.29,47.22,65.28,9.63
2021-04-09 13:30:00,4,433.92,1.19,9.6,185.97,23.6,30.88,48.36,6.4
2021-04-09 14:30:00,4,413.9,1.2,9.85,178.81,22.41,27.52,44.07,5.95
2021-04-09 15:30:00,4,440.6,1.33,12,174.52,23.6,27.13,42.81,6.4
2021-04-09 16:30:00,4,507.36,1.48,17.14,170.23,27.42,29.36,45.33,7.79
2021-04-09 17:30:00,4,580.79,1.1,22.96,157.36,29.56,30.75,47.31,9.25
2021-04-09 18:30:00,5,1562.12,0.71,72.66,92.98,52.45,64.83,98.15,22.04
2021-04-09 19:30:00,5,2830.51,0.29,112.41,25.39,79.16,121.81,183.71,38.51
2021-04-09 20:30:00,5,3471.37,7.94,112.41,1.7,93.46,163.74,246.94,48.13
2021-04-09 21:30:00,5,3685,16.54,98.71,0.11,100.14,185.46,276.35,52.69
2021-04-09 22:30:00,5,3337.86,14.75,87.74,0.17,93.46,170.75,255.11,49.65
2021-04-09 23:30:00,5,2243.04,3.63,73.34,8.76,68.67,110.53,169.8,37.49
2021-04-10 00:30:00,5,1108.17,0,43.18,52.21,45.3,52.19,81,23.56
2021-04-10 01:30:00,4,767.71,0,28.79,75.82,36.72,36.63,53.56,18.49
2021-04-10 02:30:00,4,667.57,0,23.99,83.69,33.85,32.57,45.43,17.23
2021-04-10 03:30:00,4,647.54,0,22.28,84.4,32.42,31.87,43.67,17.23
2021-04-10 04:30:00,4,680.92,0,23.31,78.68,32.42,33.71,45.97,18.49
2021-04-10 05:30:00,4,761.03,0,26.39,70.1,34.81,38.04,51.85,20.01
2021-04-10 06:30:00,4,961.3,0.01,35.3,57.22,40.53,47.45,65.47,23.31
2021-04-10 07:30:00,5,1415.25,3.16,51.41,44.7,52.93,67.04,94.99,29.39
2021-04-10 08:30:00,5,1762.39,11.06,59.63,58.65,66.76,81.01,115.73,31.67
2021-04-10 09:30:00,5,1682.28,10.84,60.32,101.57,82.97,84.4,117.52,29.89
2021-04-10 10:30:00,5,1655.58,7.1,55.52,175.95,90.6,98.2,132.42,28.63
2021-04-10 11:30:00,5,1361.85,3.33,38.39,268.94,83.92,102.45,132.28,24.32
2021-04-10 12:30:00,4,460.63,1.05,9.25,194.55,27.42,36.81,55.4,7.47
2021-04-10 13:30:00,4,370.5,0.78,6.26,175.95,15.14,27.95,46.95,5.76
2021-04-10 14:30:00,4,360.49,0.75,6.08,168.8,12.76,25.86,45.59,5.64
2021-04-10 15:30:00,4,373.84,0.79,7.11,164.51,13.23,26.59,47.43,6.14
2021-04-10 16:30:00,4,420.57,0.85,9.94,161.65,15.5,29.1,49.91,7.35
2021-04-10 17:30:00,4,467.3,0.63,13.37,154.5,16.93,30.87,50.86,8.61
2021-04-10 18:30:00,4,867.84,0.27,34.62,121.59,29.56,44.97,70.37,14.69
2021-04-10 19:30:00,5,1348.5,0,47.98,85.12,40.53,65.83,100.54,22.04
2021-04-10 20:30:00,5,1575.47,0,50.04,69.38,44.82,80.66,120.85,27.36
2021-04-10 21:30:00,5,1642.23,0,47.98,63.66,47.68,88.04,129.04,30.15
2021-04-10 22:30:00,5,1522.06,0,42.5,67.23,46.25,84.09,122.53,29.39
2021-04-10 23:30:00,5,1174.93,0,33.93,78.68,37.19,66.1,97.68,24.83
2021-04-11 00:30:00,4,847.82,0,26.39,83.69,29.09,49.57,73.11,20.77
2021-04-11 01:30:00,4,781.06,0,24.33,76.53,29.33,46.69,66.85,20.52
2021-04-11 02:30:00,4,787.74,0,24.68,69.38,30.99,47.6,66.47,21.03
2021-04-11 03:30:00,5,821.11,0,25.71,63.66,32.42,50.39,69.33,21.28
2021-04-11 04:30:00,5,907.9,0,27.76,56.51,33.85,55.58,75.28,21.53
2021-04-11 05:30:00,5,1014.71,0,31.87,49.35,36.72,61.64,82.03,22.8
2021-04-11 06:30:00,5,1268.39,0.04,43.18,38.98,43.87,72.83,97.3,26.35
2021-04-11 07:30:00,5,1842.5,5.36,62.38,28.61,57.7,97.07,133.01,33.44
2021-04-11 08:30:00,5,2216.34,14.53,69.92,50.78,68.67,111.44,153.67,35.97
2021-04-11 09:30:00,5,1842.5,9.84,63.06,113.01,81.06,103.36,138.2,32.17
2021-04-11 10:30:00,5,1895.9,6.26,58.26,203.13,91.55,131.08,169.41,32.93
2021-04-11 11:30:00,5,1682.28,2.79,40.78,329.02,90.6,153.41,189.76,30.65
2021-04-11 12:30:00,5,527.38,0.95,9.85,217.44,27.66,55.02,102.79,9.37
2021-04-11 13:30:00,4,390.53,0.81,6.94,183.11,16.21,42.02,98.24,6.46
2021-04-11 14:30:00,4,373.84,0.79,6.86,173.09,14.54,38.55,92.79,6.33
2021-04-11 15:30:00,4,390.53,0.84,8.14,165.94,15.14,37.11,86.81,6.78
2021-04-11 16:30:00,4,433.92,0.91,11.31,160.22,17.64,37.52,83.31,7.79
2021-04-11 17:30:00,4,487.33,0.67,15.08,150.2,19.31,37.66,79.2,8.87
2021-04-11 18:30:00,5,1375.2,0.53,61.01,90.84,39.58,67,118.96,19.76
2021-04-11 19:30:00,5,2536.77,0.1,100.08,27.9,62.94,117.82,191.2,32.93
2021-04-11 20:30:00,5,3124.24,3.49,102.82,4.07,75.34,155.5,244,41.04
2021-04-11 21:30:00,5,3337.86,6.71,94.59,1.3,81.06,176.82,269.98,44.58
2021-04-11 22:30:00,5,3124.24,3.91,87.74,3.17,78.2,172.9,261.41,43.06
2021-04-11 23:30:00,5,2296.45,0.44,69.23,17.17,61.04,131.46,204.13,34.45
2021-04-12 00:30:00,5,1455.31,0,47.3,38.62,46.25,87.96,142.47,26.09
2021-04-12 01:30:00,5,1335.14,0,45.93,37.19,49.59,83.86,134.88,25.33
2021-04-12 02:30:00,5,1348.5,0,45.24,34.69,52.45,87.31,138.09,25.59
2021-04-12 03:30:00,5,1575.47,0.06,49.35,23.25,57.22,102.65,158.56,26.35
2021-04-12 04:30:00,5,1895.9,1.09,56.89,8.14,64.85,124.26,189.25,28.37
2021-04-12 05:30:00,5,2243.04,7.49,61.69,0.97,76.29,146.28,220.12,34.96
2021-04-12 06:30:00,5,3070.83,29.06,66.49,0.06,98.23,191.11,279.38,52.18
2021-04-12 07:30:00,5,5020.14,84.04,76.77,1.45,135.42,290.23,412.49,76
2021-04-12 08:30:00,5,6942.75,130.53,108.3,7.6,160.22,376.13,524.47,85.12
2021-04-12 09:30:00,5,2376.56,18.33,93.22,82.97,135.42,157.83,225.15,34.96
2021-04-12 10:30:00,5,2376.56,12.07,93.22,163.08,150.68,172.88,243.93,35.47
2021-04-12 11:30:00,5,2296.45,6.59,83.63,294.69,164.03,206.54,279.92,33.95
2021-04-12 12:30:00,5,794.41,2.04,24.33,246.05,63.9,88.49,136.16,12.29
2021-04-12 13:30:00,5,547.41,0.94,13.54,228.88,37.19,68.93,111.6,8.49
2021-04-12 14:30:00,5,480.65,0.67,12.34,200.27,29.09,56.46,97.68,7.73
2021-04-12 15:30:00,4,460.63,0.61,13.71,170.23,24.56,48.24,90.06,7.79
2021-04-12 16:30:00,4,500.68,0.59,17.99,153.07,27.18,47.58,91.15,8.61
2021-04-12 17:30:00,4,547.41,0.33,21.94,144.48,30.52,49.63,94.78,9.63
2021-04-12 18:30:00,5,921.25,0.08,42.5,128.75,55.31,69.49,122.42,17.23
2021-04-12 19:30:00,5,1268.39,0,49.35,111.58,72.48,92.85,155.31,26.09
2021-04-12 20:30:00,5,1401.9,0,45.93,104.43,74.39,104.57,169.59,30.4
2021-04-12 21:30:00,5,1628.88,0,47.98,85.12,70.57,115.99,183.12,34.45
2021-04-12 22:30:00,5,2029.42,0,54.84,59.37,69.62,133.39,206.8,39.52
2021-04-12 23:30:00,5,2029.42,0,55.52,46.49,63.9,131.22,202.77,36.48
2021-04-13 00:30:00,5,2109.53,0.1,65.12,24.68,62.94,133.88,201.24,31.16
2021-04-13 01:30:00,5,2456.67,2.1,71.29,5.01,71.53,156.94,226.15,29.89
2021-04-13 02:30:00,5,2696.99,6.82,69.92,0.7,76.29,175.64,247.41,29.64
2021-04-13 03:30:00,5,2750.4,9.72,68.55,0.3,77.25,185.11,259.21,29.13
2021-04-13 04:30:00,5,2723.69,10.84,67.17,0.23,74.39,187.52,259.75,27.11
2021-04-13 05:30:00,5,2616.88,12.74,65.8,0.17,67.71,181.85,246.87,26.35
2021-04-13 06:30:00,5,2323.15,11.06,68.55,0.54,64.85,157.41,215.21,32.17
2021-04-13 07:30:00,5,3070.83,36.21,69.92,3.4,76.29,188.84,262.95,44.58
2021-04-13 08:30:00,5,3685,50.52,85.68,16.63,88.69,215.73,301.94,50.16
2021-04-13 09:30:00,5,2510.07,15.65,86.37,94.41,102.04,167.86,232.42,36.99
2021-04-13 10:30:00,5,2323.15,7.49,74.03,211.72,113.49,189.59,251.35,35.47
2021-04-13 11:30:00,5,2162.93,3.21,53.47,366.21,115.4,227.09,286.06,34.96
2021-04-13 12:30:00,5,640.87,1.03,12.51,228.88,32.9,74.72,114.98,11.4
2021-04-13 13:30:00,5,473.98,0.69,9.43,194.55,20.03,56.4,95.65,8.74
2021-04-13 14:30:00,4,440.6,0.46,9.34,174.52,16.93,49.81,90.04,7.98
2021-04-13 15:30:00,4,447.27,0.39,11.48,160.22,17.41,47.38,88.12,8.04
2021-04-13 16:30:00,4,520.71,0.44,16.79,153.07,21.46,49.7,90.13,9.37
2021-04-13 17:30:00,5,600.82,0.3,22.28,145.91,24.32,52.15,92.04,10.89
2021-04-13 18:30:00,5,1041.41,0.09,45.24,111.58,40.05,67.72,113.3,17.73
2021-04-13 19:30:00,5,1415.25,0,52.78,79.39,48.64,82.46,135.73,24.57
2021-04-13 20:30:00,5,1495.36,0,47.98,67.23,48.64,87.21,143.04,28.63
2021-04-13 21:30:00,5,1508.71,0,44.55,64.37,49.59,89.2,143.86,30.91
2021-04-13 22:30:00,5,1428.6,0,41.47,68.67,49.11,85.83,138.16,30.65
2021-04-13 23:30:00,5,1134.87,0,35.99,72.24,42.92,70.84,116.19,26.6
2021-04-14 00:30:00,5,854.49,0,30.85,70.81,37.67,55.39,91.42,22.55
2021-04-14 01:30:00,5,814.44,0,29.82,66.52,38.15,53.4,85.23,23.05
2021-04-14 02:30:00,5,834.47,0,29.47,66.52,40.05,55.85,86.15,24.07
2021-04-14 03:30:00,5,867.84,0,29.13,70.1,41.49,60.53,89.88,24.32
2021-04-14 04:30:00,5,947.95,0,30.85,70.81,44.35,66.86,96.42,23.81
2021-04-14 05:30:00,5,1094.82,0,36.33,65.09,48.64,75.52,106.69,24.57
2021-04-14 06:30:00,5,1428.6,0.32,52.09,50.78,57.7,91.62,129.18,29.13
2021-04-14 07:30:00,5,2029.42,6.54,74.71,38.62,75.34,117.42,166.97,36.99
2021-04-14 08:30:00,5,2029.42,11.96,77.46,62.94,87.74,114.93,163.78,35.47
2021-04-14 09:30:00,5,1388.55,7.82,56.89,117.3,86.78,89.18,127.45,27.87
2021-04-14 10:30:00,5,1268.39,5.2,45.24,178.81,82.02,93.07,131.12,26.09
2021-04-14 11:30:00,5,1108.17,2.68,31.53,254.63,71.53,101.27,137.94,23.05
2021-04-14 12:30:00,5,534.06,0.82,9.77,211.72,23.13,54.46,83.43,10.13
2021-04-14 13:30:00,4,467.3,0.52,8.82,185.97,15.26,45.5,74.32,8.99
2021-04-14 14:30:00,4,460.63,0.22,9.77,170.23,13.83,43.6,71.89,9.12
2021-04-14 15:30:00,4,507.36,0.04,12.85,161.65,15.97,46.02,73.77,10.26
2021-04-14 16:30:00,4,600.82,0.04,18.85,155.93,22.41,47.48,73.92,12.03
2021-04-14 17:30:00,4,674.25,0.03,23.31,147.34,26.94,46.48,72.39,13.05
2021-04-14 18:30:00,5,1268.39,0.19,55.52,104.43,54.84,71.68,109.55,22.04
2021-04-14 19:30:00,5,1815.8,0,71.29,63.66,73.43,98.22,150.55,30.4
2021-04-14 20:30:00,5,2002.72,0,68.55,50.07,70.57,107.68,168.88,33.44
2021-04-14 21:30:00,5,2029.42,0,65.12,46.49,67.71,112.83,179.87,34.96
2021-04-14 22:30:00,5,2002.72,0,61.69,45.42,62.94,113.29,184.06,34.45
2021-04-14 23:30:00,5,1735.69,0,54.15,45.78,53.88,98.89,166.16,29.89
2021-04-15 00:30:00,5,1615.52,0.02,56.21,31.11,49.11,91.23,151.52,25.08
2021-04-15 01:30:00,5,1789.09,0.52,59.63,11.98,52.45,102.69,162.05,25.59
2021-04-15 02:30:00,5,1922.61,3.05,56.89,2.86,55.79,115.24,176,27.11
2021-04-15 03:30:00,5,2029.42,7.26,53.47,0.56,56.27,124.46,187.33,28.37
2021-04-15 04:30:00,5,2162.93,12.07,50.72,0.13,57.22,134.97,200.4,28.63
2021-04-15 05:30:00,5,2429.96,20.79,50.72,0.02,61.04,153.18,221.52,30.15
2021-04-15 06:30:00,5,3257.75,44.7,52.78,0.03,74.39,194.82,275.61,39.52
2021-04-15 07:30:00,5,5073.55,103.71,58.26,0.95,105.86,277.92,388.62,58.77
2021-04-15 08:30:00,5,6034.85,135.9,84.31,5.81,122.07,303,422.89,64.34
2021-04-15 09:30:00,5,2536.77,24.36,94.59,60.8,113.49,138.94,194.42,39.01
2021-04-15 10:30:00,5,2323.15,11.29,87.05,155.93,117.3,152.39,205.66,39.01
2021-04-15 11:30:00,5,2082.82,4.64,64.43,308.99,120.16,179.53,229.54,35.47
2021-04-15 12:30:00,5,660.9,1.24,13.88,220.3,34.81,73.75,108.54,11.27
2021-04-15 13:30:00,5,494,0.88,9.77,194.55,21.46,59.27,91.93,8.36
2021-04-15 14:30:00,5,453.95,0.78,9.68,177.38,18.36,53.19,85.11,7.85
2021-04-15 15:30:00,5,467.3,0.84,11.14,165.94,18.36,51.2,83.42,8.04
2021-04-15 16:30:00,5,527.38,1.01,15.77,163.08,22.41,53.39,86.46,9.12
2021-04-15 17:30:00,5,594.14,0.75,20.91,153.07,25.99,54.55,88.4,10.01
2021-04-15 18:30:00,5,2403.26,4.53,111.04,45.42,64.85,116.19,178.6,30.91
2021-04-15 19:30:00,5,4913.33,43.81,138.46,0.06,115.4,228.02,338.61,56.74
2021-04-15 20:30:00,5,6462.1,75.1,131.61,0,148.77,322.59,473.45,73.97
2021-04-15 21:30:00,5,7583.62,92.09,132.98,0,177.38,408.39,587.63,85.12
2021-04-15 22:30:00,5,7690.43,92.98,126.12,0,179.29,435.53,619.18,80.05
2021-04-15 23:30:00,5,5607.61,59.9,109.67,0,131.61,321.17,461.68,55.73
2021-04-16 00:30:00,5,2510.07,6.93,85,1.04,66.76,151.86,225.7,31.67
2021-04-16 01:30:00,5,2243.04,6.99,69.23,0.83,62.94,142.4,206.22,28.88
2021-04-16 02:30:00,5,2216.34,5.03,62.38,1.43,64.85,147.14,210.5,29.64
2021-04-16 03:30:00,5,2349.85,5.14,60.32,1.23,68.67,157.76,225.33,31.92
2021-04-16 04:30:00,5,2723.69,12.74,59.63,0.13,78.2,185.67,261.39,33.95
2021-04-16 05:30:00,5,3257.75,26.82,61.69,0,87.74,222.1,309.46,35.47
2021-04-16 06:30:00,5,4112.24,53.64,63.75,0.03,101.09,267.54,373.75,43.06
2021-04-16 07:30:00,5,6248.47,123.38,72.66,0.95,137.33,373.44,519.46,65.86
2021-04-16 08:30:00,5,8010.86,177.03,111.04,4.87,167.85,452.73,619.94,81.06
2021-04-16 09:30:00,5,3791.81,44.7,137.09,42.2,169.75,245.87,324.16,49.65
2021-04-16 10:30:00,5,3391.27,20.34,152.17,121.59,196.46,254.39,325.46,44.08
2021-04-16 11:30:00,5,3070.83,8.16,130.24,266.08,198.36,279.53,346.64,38.51
2021-04-16 12:30:00,5,988.01,2.79,47.3,234.6,106.81,112.21,150.64,14.31
2021-04-16 13:30:00,5,600.82,0.82,16.79,220.3,39.1,77.32,107.34,9.37
2021-04-16 14:30:00,5,514.03,0.47,11.82,197.41,23.13,63.93,90.41,8.11
2021-04-16 15:30:00,5,534.06,0.44,15.25,174.52,24.56,60.76,86.34,8.23
2021-04-16 16:30:00,5,554.09,0.3,19.36,151.63,24.8,57.13,80.38,8.04
2021-04-16 17:30:00,4,494,0.09,18.85,114.44,17.17,40.18,57.14,6.71
2021-04-16 18:30:00,4,554.09,0.01,22.28,98.71,17.88,32.67,51.07,9.37
2021-04-16 19:30:00,4,667.57,0,26.73,85.12,24.8,30.84,49.03,12.79
2021-04-16 20:30:00,4,754.36,0,27.76,76.53,30.04,33.85,54.69,14.82
2021-04-16 21:30:00,4,1001.36,0,34.96,63.66,38.62,47.43,77.73,20.27
2021-04-16 22:30:00,5,1335.14,0,45.93,50.07,50.07,64.62,104.41,25.84
2021-04-16 23:30:00,5,1281.74,0,45.93,50.78,52.93,63.31,100.97,23.31
2021-04-17 00:30:00,5,1241.68,0,45.93,46.49,50.07,60.87,95.05,19.51
2021-04-17 01:30:00,5,1268.39,0,41.81,40.77,45.3,63.9,98.06,18.24
2021-04-17 02:30:00,5,1348.5,0,41.13,34.33,45.3,70.5,107.83,19
2021-04-17 03:30:00,5,1522.06,0.04,47.3,21.99,48.64,82.91,125.8,21.28
2021-04-17 04:30:00,5,1762.39,0.75,57.58,8.14,52.45,98.42,144.27,22.55
2021-04-17 05:30:00,5,1949.31,4.02,65.8,1.19,52.45,108.22,152.9,23.56
2021-04-17 06:30:00,5,2109.53,12.07,65.8,0.21,52.45,113.15,156.79,27.36
2021-04-17 07:30:00,5,2563.48,31.74,64.43,4.02,56.27,129.37,181.28,33.44
2021-04-17 08:30:00,5,2883.91,43.81,71.97,14.84,56.27,138.61,197.43,36.48
2021-04-17 09:30:00,5,1228.33,8.27,45.24,81.54,54.84,76.38,114.14,24.07
2021-04-17 10:30:00,5,1094.82,5.14,37.01,138.76,57.22,81.33,121.23,24.07
2021-04-17 11:30:00,5,1014.71,2.79,28.1,214.58,57.7,92.71,132.35,23.31
2021-04-17 12:30:00,4,514.03,0.82,7.8,180.24,19.07,46.35,71.31,10.89
2021-04-17 13:30:00,4,433.92,0.69,6.26,163.08,13.35,33.14,51.75,8.23
2021-04-17 14:30:00,4,427.25,0.68,6.77,160.22,13.35,30.31,46,7.92
2021-04-17 15:30:00,4,540.73,1.09,13.71,160.22,23.13,36.01,51.99,10.01
2021-04-17 16:30:00,4,720.98,1.33,25.71,153.07,39.58,44.77,62.48,13.17
2021-04-17 17:30:00,4,787.74,0.7,29.13,135.9,42.92,44.33,63.44,13.81
2021-04-17 18:30:00,4,934.6,0.13,30.5,114.44,34.33,48.04,71.14,16.21
2021-04-17 19:30:00,5,1295.09,0,37.01,97.28,38.62,72.05,105.85,22.8
2021-04-17 20:30:00,5,1655.58,0,44.55,86.55,49.59,102.28,147.38,29.13
2021-04-17 21:30:00,5,2590.18,0,72.66,50.78,66.76,162.26,230.26,41.04
2021-04-17 22:30:00,5,3791.81,2.18,101.45,9.57,80.11,240.17,334.3,51.68
2021-04-17 23:30:00,5,4272.46,12.18,100.08,0.31,77.25,271.73,373.71,49.65
2021-04-18 00:30:00,5,4112.24,16.76,94.59,0.07,65.8,263.63,358.54,40.03
2021-04-18 01:30:00,5,4005.43,19,85.68,0.03,60.56,263.49,351.76,34.45
2021-04-18 02:30:00,5,3898.62,19.67,76.77,0.02,57.7,266.34,349.36,31.41
2021-04-18 03:30:00,5,3845.22,21.46,69.92,0.01,57.7,271.44,349.9,30.4
2021-04-18 04:30:00,5,3738.4,23.47,65.12,0.01,58.17,273.63,350.43,31.67
2021-04-18 05:30:00,5,3685,29.06,63.06,0,61.99,277.34,353.42,35.47
2021-04-18 06:30:00,5,4058.84,46.49,60.32,0.06,69.62,294.05,377.03,45.09
2021-04-18 07:30:00,5,5714.42,98.35,64.43,2.15,87.74,377.79,485.46,60.8
2021-04-18 08:30:00,5,7904.05,137.69,120.64,11.44,110.63,497.68,627.38,67.89
2021-04-18 09:30:00,5,1735.69,17.43,97.33,108.72,198.36,138.79,169.75,20.27
2021-04-18 10:30:00,5,1522.06,10.73,79.51,177.38,181.2,140.54,168.69,17.48
2021-04-18 11:30:00,5,1441.96,5.09,55.52,283.24,154.5,164.98,193.49,16.09
2021-04-18 12:30:00,5,867.84,1.47,18.34,283.24,69.62,98.71,119.88,10.89
2021-04-18 13:30:00,5,607.49,0.78,9.77,251.77,37.19,68.07,87.69,7.22
2021-04-18 14:30:00,5,507.36,0.69,8.65,226.02,29.09,52.72,70.76,6.33
2021-04-18 15:30:00,4,447.27,0.66,8.14,194.55,23.13,40.55,57.66,6.14
2021-04-18 16:30:00,4,440.6,0.71,9.25,170.23,18.6,33.71,51.68,6.52
2021-04-18 17:30:00,4,447.27,0.6,11.14,148.77,16.45,29.33,49.27,6.9
2021-04-18 18:30:00,4,867.84,0.41,33.24,108.72,27.42,41.38,69.34,13.05
2021-04-18 19:30:00,5,1455.31,0,52.78,70.81,42.44,65.75,106.86,22.04
2021-04-18 20:30:00,5,1815.8,0,58.26,53.64,51.02,85.68,137.03,28.88
2021-04-18 21:30:00,5,2056.12,0,63.06,43.27,60.08,102.91,159.95,33.95
2021-04-18 22:30:00,5,2109.53,0,65.8,36.84,66.76,111.6,170.14,35.97
2021-04-18 23:30:00,5,1735.69,0,54.84,43.27,57.22,94.09,144.94,31.92
2021-04-19 00:30:00,5,1508.71,0,48.67,42.2,46.73,82.21,124.38,26.35
2021-04-19 01:30:00,5,1789.09,0.01,55.52,27.54,54.84,99.46,141.5,26.85
2021-04-19 02:30:00,5,2029.42,0.08,58.95,19.13,61.99,117.14,161.96,27.61
2021-04-19 03:30:00,5,2162.93,0.36,61.69,11.98,61.99,127.69,178.32,27.61
2021-04-19 04:30:00,5,2296.45,2.21,63.06,4.38,60.08,137.3,193.4,27.61
2021-04-19 05:30:00,5,2563.48,10.73,61.69,0.37,60.56,153.86,214.79,29.64
2021-04-19 06:30:00,5,3257.75,34.42,59.63,0.13,70.57,189.76,262.39,39.01
2021-04-19 07:30:00,5,4913.33,87.62,65.12,2.59,96.32,265.56,367.76,58.77
2021-04-19 08:30:00,5,5821.23,107.29,95.96,12.52,107.77,293.95,409.59,64.34
2021-04-19 09:30:00,5,1869.2,14.53,69.23,92.98,98.23,92.45,139.53,28.63
2021-04-19 10:30:00,5,1482.01,6.87,52.78,174.52,93.46,89.71,133.53,25.59
2021-04-19 11:30:00,5,1241.68,3.07,35.99,271.8,83.92,103.98,144.78,23.31
2021-04-19 12:30:00,5,567.44,1.05,10.28,214.58,28.85,50.85,76.45,10.13
2021-04-19 13:30:00,4,460.63,0.88,7.88,191.69,20.27,39.4,62.38,7.92
2021-04-19 14:30:00,4,440.6,0.86,7.8,183.11,18.6,36.1,58.27,7.35
2021-04-19 15:30:00,4,433.92,0.87,8.91,175.95,18.36,33.85,55.14,7.28
2021-04-19 16:30:00,4,480.65,0.92,12.85,167.37,20.74,34.3,55.18,8.23
2021-04-19 17:30:00,4,547.41,0.65,17.82,155.93,22.89,35.27,55.8,9.37
2021-04-19 18:30:00,5,1041.41,0.28,44.55,120.16,39.1,52.7,81.19,16.97
2021-04-19 19:30:00,5,1682.28,0,63.75,81.54,55.79,80.88,124.03,27.11
2021-04-19 20:30:00,5,2002.72,0,66.49,62.94,62.94,100.94,155.04,33.95
2021-04-19 21:30:00,5,2109.53,0,65.12,53.64,66.76,111.3,170.28,37.49
2021-04-19 22:30:00,5,1976.01,0,61.69,50.07,67.71,107.06,164.75,36.99
2021-04-19 23:30:00,5,1535.42,0,52.78,50.78,58.65,82.27,129.24,31.16
2021-04-20 00:30:00,5,1081.47,0,40.1,56.51,44.35,56.45,89.03,24.83
2021-04-20 01:30:00,5,988.01,0,33.59,58.65,40.05,50.53,76.59,23.31
2021-04-20 02:30:00,5,974.66,0,30.85,58.65,41.96,50.55,74.63,23.05
2021-04-20 03:30:00,5,1348.5,0.01,40.78,37.91,52.93,72.48,102.72,24.83
2021-04-20 04:30:00,5,2002.72,1.05,58.95,10.28,69.62,114.12,154.64,27.36
2021-04-20 05:30:00,5,2536.77,9.39,69.92,0.5,82.02,148.04,198.07,30.4
2021-04-20 06:30:00,5,3284.45,32.63,78.83,0.09,101.09,190.71,256.45,41.54
2021-04-20 07:30:00,5,5554.2,97.45,87.05,1.22,143.05,313.54,416.66,66.88
2021-04-20 08:30:00,5,7797.24,155.57,106.93,3.44,165.94,426.29,560.95,79.04
2021-04-20 09:30:00,5,2483.37,16.99,87.74,34.69,103.95,137.94,186.51,36.99
2021-04-20 10:30:00,5,1815.8,7.94,66.49,80.11,87.74,98.52,143.26,32.93
2021-04-20 11:30:00,5,1268.39,3.8,43.87,148.77,75.34,74.6,109.96,25.08
2021-04-20 12:30:00,4,560.76,1.41,19.02,171.66,47.68,43.36,61.02,9.37
2021-04-20 13:30:00,4,507.36,0.85,16.45,173.09,38.62,39.17,52.69,8.36
2021-04-20 14:30:00,4,507.36,0.5,15.94,153.07,31.95,32.06,44.8,9.25
2021-04-20 15:30:00,4,487.33,0.22,18.17,131.61,35.29,27.96,41.7,8.61
2021-04-20 16:30:00,4,480.65,0.15,21.08,111.58,37.67,25.52,40.97,7.92
2021-04-20 17:30:00,3,494,0.05,21.94,95.84,32.9,23.38,39.83,7.85
2021-04-20 18:30:00,3,580.79,0.02,25.36,80.82,36.24,23.06,39.42,10.01
2021-04-20 19:30:00,4,694.28,0,28.1,72.24,40.05,27.11,46.36,13.43
2021-04-20 20:30:00,4,767.71,0,28.79,72.24,42.44,32.68,55.44,15.71
2021-04-20 21:30:00,4,947.95,0,32.9,66.52,45.78,42.15,70.4,19.51
2021-04-20 22:30:00,5,1214.98,0,39.76,55.08,50.55,55.85,91.72,24.57
2021-04-20 23:30:00,5,1255.04,0,44.55,46.49,50.55,57.08,94.59,24.57
2021-04-21 00:30:00,4,1041.41,0,41.47,45.06,43.39,45.97,76.5,20.52
2021-04-21 01:30:00,4,787.74,0,28.79,62.23,32.9,37.47,60.18,17.48
2021-04-21 02:30:00,4,607.49,0,19.71,86.55,26.7,35.78,55.03,15.2
2021-04-21 03:30:00,4,547.41,0,18.34,92.98,26.7,36.07,54.3,14.95
2021-04-21 04:30:00,4,547.41,0,19.54,81.54,26.94,34.83,50.92,17.23
2021-04-21 05:30:00,4,560.76,0,22.28,65.8,27.9,33.46,47.06,19
2021-04-21 06:30:00,4,680.92,0.05,30.85,55.08,36.24,36.72,51.35,21.28
2021-04-21 07:30:00,5,1041.41,4.58,50.04,40.77,57.7,52.15,74.08,26.6
2021-04-21 08:30:00,5,1335.14,16.32,56.89,43.27,74.39,67.96,96.59,30.15
2021-04-21 09:30:00,5,1108.17,11.74,43.18,77.96,58.65,63.88,91.12,26.09
2021-04-21 10:30:00,5,921.25,5.25,28.79,138.76,48.16,70.68,101.75,21.28
2021-04-21 11:30:00,5,794.41,2.46,19.54,197.41,42.92,80.38,118.01,18.75
2021-04-21 12:30:00,4,540.73,1.13,9.77,183.11,22.65,47.57,69.07,10.64
2021-04-21 13:30:00,4,473.98,0.87,8.82,164.51,17.17,32.65,45.54,7.66
2021-04-21 14:30:00,4,473.98,0.64,9.6,155.93,16.45,30.88,41.38,7.35
2021-04-21 15:30:00,4,700.95,1.22,24.33,138.76,30.52,40.47,53.38,11.02
2021-04-21 16:30:00,5,1068.12,1.9,45.24,120.16,50.55,55.92,72.82,15.96
2021-04-21 17:30:00,5,1522.06,1.87,71.97,100.14,74.39,78.78,100.97,21.79
2021-04-21 18:30:00,5,1789.09,0.5,81.57,89.41,82.02,97.78,125.81,26.09
2021-04-21 19:30:00,5,1842.5,0,67.17,80.82,75.34,104.25,140.44,29.39
2021-04-21 20:30:00,5,1895.9,0,59.63,72.96,76.29,110.98,155.92,32.42
2021-04-21 21:30:00,5,2349.85,0,70.6,61.51,82.97,148.36,207.86,39.52
2021-04-21 22:30:00,5,3257.75,0.08,97.33,30.04,85.83,215.17,297,49.65
2021-04-21 23:30:00,5,3791.81,4.25,115.16,4.16,77.25,249.79,344.99,50.16
2021-04-22 00:30:00,5,4165.65,20.56,116.53,0.06,68.67,274.52,382.07,43.57
2021-04-22 01:30:00,5,4592.9,34.87,106.93,0,63.9,311.33,433.78,38
2021-04-22 02:30:00,5,4646.3,41.57,89.11,0,64.85,326.07,451.21,35.47
2021-04-22 03:30:00,5,4379.27,43.81,69.92,0,62.94,317.07,434.06,31.41
2021-04-22 04:30:00,5,3898.62,41.13,54.15,0,46.25,280.77,381.39,18.75
2021-04-22 05:30:00,5,3257.75,37.1,44.55,0,36.72,233.2,311.84,13.93
2021-04-22 06:30:00,5,1628.88,8.83,45.24,0.96,41.49,106.87,144.1,23.05
2021-04-22 07:30:00,5,1842.5,20.56,47.98,6.88,56.74,101.62,139.16,34.45
2021-04-22 08:30:00,5,2136.23,28.61,63.06,26.11,79.16,108.4,148.82,38
2021-04-22 09:30:00,5,988.01,13.86,56.89,80.82,129.7,73.46,97.07,17.73
2021-04-22 10:30:00,5,847.82,8.72,48.67,137.33,122.07,85.28,106.76,13.81
2021-04-22 11:30:00,5,834.47,6.04,43.87,200.27,122.07,107.2,127.55,11.53
2021-04-22 12:30:00,5,814.44,3.38,32.56,260.35,103.95,116.71,134.4,9.88
2021-04-22 13:30:00,5,807.76,1.82,23.31,314.71,86.78,123.89,140.04,9.37
2021-04-22 14:30:00,5,854.49,1.17,20.22,363.35,81.06,132.75,149.18,10.01
2021-04-22 15:30:00,5,894.55,0.89,20.74,377.66,76.29,135.1,152.27,10.26
2021-04-22 16:30:00,5,947.95,0.78,26.73,363.35,80.11,136.7,154.79,10.89
2021-04-22 17:30:00,5,1041.41,0.49,37.01,337.6,91.55,138.79,158.27,11.91
2021-04-22 18:30:00,5,1214.98,0.11,54.84,300.41,127.79,149.44,173.31,14.57
2021-04-22 19:30:00,5,1174.93,0,52.78,223.16,139.24,128.24,156.59,16.72
2021-04-22 20:30:00,5,961.3,0,37.01,143.05,83.92,77.79,102.13,18.24
2021-04-22 21:30:00,5,847.82,0,30.85,105.86,57.22,53.69,73.54,17.73
2021-04-22 22:30:00,4,834.47,0,29.82,97.28,51.98,46.26,64.7,17.73
2021-04-22 23:30:00,4,787.74,0,29.82,85.12,49.59,39.05,55.26,17.73
2021-04-23 00:30:00,4,707.63,0,28.45,75.1,46.73,32.24,45.33,16.47
2021-04-23 01:30:00,4,667.57,0,25.36,70.81,42.44,29.33,40.82,15.45
2021-04-23 02:30:00,4,654.22,0,22.96,65.09,38.62,28.18,38.59,15.07
2021-04-23 03:30:00,4,694.28,0,22.96,55.79,36.72,30.03,40.6,16.09
2021-04-23 04:30:00,4,774.38,0,25.02,45.42,36.72,34.25,46.5,18.24
2021-04-23 05:30:00,4,894.55,0,30.16,34.33,40.05,39.62,53.99,20.77
2021-04-23 06:30:00,4,1134.87,0.49,41.13,19.67,45.78,49.03,68.53,25.08
2021-04-23 07:30:00,5,1575.47,8.49,53.47,10.1,54.84,63.6,91.92,32.17
2021-04-23 08:30:00,5,1668.93,13.41,58.95,28.25,60.56,63.09,92.16,32.93
2021-04-23 09:30:00,4,961.3,5.09,41.13,83.69,64.85,42.5,59.31,20.01
2021-04-23 10:30:00,4,774.38,2.79,30.16,130.18,55.31,43.77,58.81,17.23
2021-04-23 11:30:00,4,667.57,1.59,21.25,165.94,46.25,45.01,59.32,15.33
2021-04-23 12:30:00,4,520.71,0.85,12.17,171.66,30.04,39.43,60.56,10.64
2021-04-23 13:30:00,4,487.33,0.87,12.17,165.94,26.94,37.59,70.45,9.12
2021-04-23 14:30:00,4,494,0.96,13.71,164.51,27.66,38.04,76.8,9.12
2021-04-23 15:30:00,4,547.41,1.24,17.82,163.08,31.47,39.95,80.81,10.01
2021-04-23 16:30:00,4,647.54,1.7,26.05,161.65,41.96,44.84,85.92,11.4
2021-04-23 17:30:00,4,754.36,1.65,36.33,150.2,53.88,48.8,89.57,12.67
2021-04-23 18:30:00,5,1081.47,0.73,66.49,113.01,88.69,59.44,104.6,17.23
2021-04-23 19:30:00,5,1575.47,0.01,105.56,67.23,148.77,81.98,138.67,25.59
2021-04-23 20:30:00,5,1655.58,0,95.96,72.96,148.77,97.28,164.5,30.15
2021-04-23 21:30:00,5,1375.2,0,52.78,86.55,86.78,87.52,150.81,28.88
2021-04-23 22:30:00,5,1255.04,0,39.07,74.39,57.22,75.36,127.52,28.12
2021-04-23 23:30:00,5,1108.17,0,35.3,65.09,47.68,61.11,99.74,25.08
2021-04-24 00:30:00,4,921.25,0,30.85,57.94,41.96,44.61,72.42,21.03
2021-04-24 01:30:00,4,781.06,0,25.02,55.08,35.29,35.06,56.25,19
2021-04-24 02:30:00,4,727.65,0,22.62,54.36,31.47,30.92,47.63,18.75
2021-04-24 03:30:00,4,707.63,0,22.28,57.22,30.52,30.12,44.03,18.75
2021-04-24 04:30:00,4,707.63,0,23.31,60.08,30.99,31.77,44.54,18.75
2021-04-24 05:30:00,4,747.68,0,25.71,58.65,33.38,35.22,48.02,19.51
2021-04-24 06:30:00,4,881.2,0.1,31.87,52.93,39.1,41.41,56.4,21.79
2021-04-24 07:30:00,5,1134.87,3.55,39.07,51.5,49.59,51.92,72.54,25.08
2021-04-24 08:30:00,5,1255.04,7.82,40.78,70.81,58.65,60.28,85.26,25.59
2021-04-24 09:30:00,4,781.06,3.3,22.96,143.05,44.82,43.44,63.79,14.06
2021-04-24 10:30:00,4,680.92,1.93,16.28,194.55,44.35,48.26,68.43,11.53
2021-04-24 11:30:00,5,634.19,1.2,12.17,237.47,47.21,57.06,76.65,9.88
2021-04-24 12:30:00,5,547.41,0.85,8.82,240.33,38.15,50.91,67.12,7.92
2021-04-24 13:30:00,4,500.68,0.8,7.88,223.16,28.61,40.49,53.05,6.97
2021-04-24 14:30:00,4,494,0.78,8.05,217.44,25.03,37.12,48.49,7.16
2021-04-24 15:30:00,4,500.68,0.74,8.48,214.58,21.7,34.67,45.32,7.41
2021-04-24 16:30:00,4,507.36,0.72,10.03,208.86,20.27,32.74,42.8,7.66
2021-04-24 17:30:00,4,520.71,0.57,12.17,194.55,19.55,30.52,40.16,7.92
2021-04-24 18:30:00,4,754.36,0.29,25.71,160.22,28.37,36.55,50,11.78
2021-04-24 19:30:00,4,1054.76,0,35.3,123.02,37.19,48.32,69.49,17.48
2021-04-24 20:30:00,5,1201.63,0,37.01,104.43,40.53,55.51,80.96,21.53
2021-04-24 21:30:00,5,1241.68,0,37.01,95.84,43.39,60.56,87.36,24.32
2021-04-24 22:30:00,5,1214.98,0,35.64,92.98,43.87,61.18,88.38,25.33
2021-04-24 23:30:00,5,1028.06,0,32.22,94.41,40.05,53.87,77.59,23.81
2021-04-25 00:30:00,4,827.79,0,27.42,97.28,35.76,44.89,62.47,21.53
2021-04-25 01:30:00,4,781.06,0,25.02,95.84,35.29,43.32,58.23,20.77
2021-04-25 02:30:00,4,774.38,0,23.31,94.41,34.33,43.57,57.53,20.52
2021-04-25 03:30:00,4,781.06,0,22.28,91.55,31.95,44.23,58.13,20.52
2021-04-25 04:30:00,4,794.41,0,21.59,88.69,29.8,45.76,59.31,21.28
2021-04-25 05:30:00,4,847.82,0,22.96,82.25,29.09,49.17,62.79,22.8
2021-04-25 06:30:00,5,1001.36,0.07,29.82,70.81,31.47,56.61,72.63,26.09
2021-04-25 07:30:00,5,1308.44,2.74,39.41,66.52,37.19,69.03,91.25,30.65
2021-04-25 08:30:00,5,1361.85,5.25,39.07,97.28,39.58,70.11,92.7,29.64
2021-04-25 09:30:00,4,801.09,1.98,18.34,173.09,28.85,46.95,58.78,17.48
2021-04-25 10:30:00,4,720.98,1.3,12.85,208.86,26.7,48.71,59.93,16.47
2021-04-25 11:30:00,5,687.6,0.98,10.45,231.74,25.99,50.99,61.73,16.21
2021-04-25 12:30:00,4,514.03,0.71,7.03,214.58,17.64,34.67,41.24,10.51
2021-04-25 13:30:00,4,453.95,0.7,6.68,208.86,15.97,28.78,33.88,8.23
2021-04-25 14:30:00,4,460.63,0.69,7.28,217.44,17.17,31.09,36.21,8.49
2021-04-25 15:30:00,4,473.98,0.69,8.4,220.3,18.6,33.94,39.33,9.25
2021-04-25 16:30:00,4,507.36,0.71,10.97,220.3,21.46,36.32,42.29,10.13
2021-04-25 17:30:00,4,547.41,0.57,14.74,211.72,24.56,37.25,44.03,11.02
2021-04-25 18:30:00,5,1094.82,0.33,41.47,164.51,39.1,56.44,73.27,17.99
2021-04-25 19:30:00,5,1842.5,0,63.75,103,55.79,88.75,124.44,27.87
2021-04-25 20:30:00,5,2216.34,0,69.23,69.38,62.94,110.33,159.54,33.95
2021-04-25 21:30:00,5,2590.18,0,76.77,44.35,72.48,135.85,195.32,39.52
2021-04-25 22:30:00,5,3124.24,0.4,90.48,16.45,82.97,171.92,245.36,44.58
2021-04-25 23:30:00,5,3204.35,4.08,89.11,2.57,80.11,178.39,255.56,40.53
2021-04-26 00:30:00,5,2777.1,6.99,79.51,0.83,65.8,158.07,228.71,31.92
2021-04-26 01:30:00,5,2643.59,9.5,72.66,0.38,62.94,157.47,223.41,30.91
2021-04-26 02:30:00,5,2563.48,9.39,67.86,0.39,61.04,160.83,220.68,31.16
2021-04-26 03:30:00,5,2590.18,11.06,62.38,0.23,59.61,168.52,227.41,31.16
2021-04-26 04:30:00,5,2777.1,16.76,59.63,0.05,61.99,183.63,245.78,30.91
2021-04-26 05:30:00,5,3124.24,26.38,60.32,0.01,68.67,206.9,271.87,32.17
2021-04-26 06:30:00,5,4005.43,50.52,64.43,0.12,86.78,255.48,330.74,42.05
2021-04-26 07:30:00,5,6248.47,114.44,76.77,2.62,123.98,374.91,484.68,63.84
2021-04-26 08:30:00,5,8651.73,157.36,139.83,11.98,158.31,503.56,646,76
2021-04-26 09:30:00,5,3017.43,21.46,119.27,108.72,165.94,196.9,245.16,36.99
2021-04-26 10:30:00,5,2803.8,10.06,100.08,237.47,173.57,228.24,277.42,34.45
2021-04-26 11:30:00,5,2269.75,3.49,59.63,400.54,150.68,245.15,289.62,30.15
2021-04-26 12:30:00,5,834.47,1.08,14.57,291.82,45.78,91.08,109.83,15.71
2021-04-26 13:30:00,5,634.19,0.88,10.54,257.49,27.18,64.99,80.25,13.81
2021-04-26 14:30:00,5,600.82,0.85,10.54,248.91,24.32,57.59,71.8,13.17
2021-04-26 15:30:00,5,580.79,0.86,11.48,237.47,23.37,52.8,66.49,12.67
2021-04-26 16:30:00,5,614.17,0.92,15.59,226.02,25.75,52.14,66.64,13.17
2021-04-26 17:30:00,5,674.25,0.72,21.25,208.86,28.37,52.18,67.85,13.81
2021-04-26 18:30:00,5,2563.48,1.72,117.9,84.4,66.76,117.2,167.21,34.45
2021-04-26 19:30:00,5,5180.36,28.39,169.99,0.84,117.3,236.09,345.41,59.78
2021-04-26 20:30:00,5,6568.91,64.37,150.8,0,144.96,328.3,484.43,74.98
2021-04-26 21:30:00,5,7476.81,84.04,141.2,0,162.13,401.89,589.97,89.17
2021-04-26 22:30:00,5,8117.68,101.92,130.24,0,173.57,459.95,668.46,98.29
2021-04-26 23:30:00,5,8010.86,107.29,120.64,0,164.03,460.82,663.39,92.21
2021-04-27 00:30:00,5,6942.75,94.77,111.04,0,137.33,401.12,569.76,74.98
2021-04-27 01:30:00,5,6034.85,75.1,104.19,0,117.3,358.04,499.85,59.28
2021-04-27 02:30:00,5,5447.39,59.01,97.33,0,104.9,336.61,462.29,47.12
2021-04-27 03:30:00,5,4806.52,46.49,87.74,0,94.41,310.49,419.87,40.53
2021-04-27 04:30:00,5,4379.27,38.89,81.57,0,91.55,290.17,384.79,40.03
2021-04-27 05:30:00,5,4325.87,38.45,82.94,0,98.23,289.69,375.62,44.58
2021-04-27 06:30:00,5,4966.74,56.77,89.11,0.13,121.12,322.51,412.82,58.77
2021-04-27 07:30:00,5,7156.37,116.23,102.82,2.48,160.22,427.39,550.05,80.05
2021-04-27 08:30:00,5,9506.23,153.78,172.73,12.88,194.55,545.88,698.27,88.16
2021-04-27 09:30:00,5,3685,20.79,146.69,127.32,207.9,236.28,294.2,44.08
2021-04-27 10:30:00,5,3471.37,8.49,122.01,314.71,209.81,289.27,347.4,40.53
2021-04-27 11:30:00,5,3044.13,2.68,68.55,555.04,186.92,354.28,407.87,36.48
2021-04-27 12:30:00,5,727.65,0.82,11.65,274.66,41.01,84.26,116.91,12.92
2021-04-27 13:30:00,5,514.03,0.71,7.97,220.3,21.46,56.36,95.64,10.13
2021-04-27 14:30:00,5,487.33,0.69,7.88,205.99,17.88,50.88,92.8,9.63
2021-04-27 15:30:00,4,494,0.75,9.43,194.55,17.88,49.23,92.91,9.63
2021-04-27 16:30:00,5,540.73,0.86,13.88,183.11,21.22,50.28,96.29,10.39
2021-04-27 17:30:00,5,600.82,0.64,19.54,170.23,24.32,51.83,99.47,11.53
2021-04-27 18:30:00,5,2483.37,2.99,116.53,54.36,64.85,114.21,191.19,32.93
2021-04-27 19:30:00,5,4646.3,35.76,142.57,0.19,111.58,213.17,341.37,56.74
2021-04-27 20:30:00,5,5821.23,64.37,122.01,0,141.14,289.18,463.02,72.96
2021-04-27 21:30:00,5,7049.56,84.94,119.27,0,173.57,380.04,597.19,87.14
2021-04-27 22:30:00,5,7904.05,95.67,116.53,0,192.64,450.98,687.2,86.13
2021-04-27 23:30:00,5,6408.69,67.95,105.56,0,154.5,380.29,565.25,63.84
2021-04-28 00:30:00,5,3738.4,24.59,87.74,0.01,92.51,226.04,331.69,38.51
2021-04-28 01:30:00,5,3150.94,20.12,73.34,0.02,81.06,193.7,276.63,32.42
2021-04-28 02:30:00,5,2910.61,17.43,67.17,0.04,80.11,185.33,260.11,31.92
2021-04-28 03:30:00,5,2830.51,13.97,68.55,0.09,78.2,183.25,256.28,32.93
2021-04-28 04:30:00,5,2964.02,15.65,69.92,0.05,79.16,193.73,269.78,34.45
2021-04-28 05:30:00,5,3311.16,24.36,69.23,0.01,82.02,216.88,296.66,36.99
2021-04-28 06:30:00,5,4112.24,49.62,69.23,0.12,94.41,258.26,350.15,50.16
2021-04-28 07:30:00,5,6088.26,114.44,78.83,1.95,127.79,346.28,471.7,74.98
2021-04-28 08:30:00,5,8117.68,160.93,135.72,9.21,156.4,426.24,579.48,85.12
2021-04-28 09:30:00,5,2964.02,19.22,126.12,108.72,162.13,181.6,238.8,43.06
2021-04-28 10:30:00,5,2750.4,8.27,111.04,237.47,175.48,198.1,254.14,42.05
2021-04-28 11:30:00,5,2349.85,2.77,71.97,406.27,162.13,222.25,272.94,38
2021-04-28 12:30:00,5,660.9,0.8,13.88,231.74,38.15,75.71,115.91,11.78
2021-04-28 13:30:00,5,480.65,0.69,9.25,200.27,20.98,55.85,95.77,8.87
2021-04-28 14:30:00,5,467.3,0.71,9.43,194.55,18.84,51.57,90.57,8.61
2021-04-28 15:30:00,5,494,0.76,11.31,191.69,19.07,50.29,89.36,8.87
2021-04-28 16:30:00,5,554.09,0.78,15.94,183.11,21.94,51.9,91.67,9.88
2021-04-28 17:30:00,5,614.17,0.52,21.25,171.66,24.08,53.67,95.6,10.89
2021-04-28 18:30:00,5,1895.9,0.57,93.22,87.26,56.27,95.97,158.4,26.6
2021-04-28 19:30:00,5,3631.59,6.09,149.43,7.24,95.37,168.09,265.21,47.12
2021-04-28 20:30:00,5,4539.49,27.27,132.98,0.01,115.4,221.98,344.71,59.28
2021-04-28 21:30:00,5,5180.36,41.57,120.64,0,133.51,268.01,405.64,66.88
2021-04-28 22:30:00,5,5020.14,35.76,109.67,0,133.51,271.14,399.69,62.32
2021-04-28 23:30:00,5,3231.05,8.16,91.85,11.09,95.37,183.31,275.06,43.06
2021-04-29 00:30:00,5,1682.28,0,58.95,37.19,62.94,106.72,162.56,28.12
2021-04-29 01:30:00,5,1762.39,0.03,58.26,22.89,63.9,109.26,159.1,27.11
2021-04-29 02:30:00,5,1869.2,0.23,57.58,13.41,65.8,114.09,164.49,27.36
2021-04-29 03:30:00,5,1949.31,1.12,57.58,6.08,67.71,118.75,171.8,28.37
2021-04-29 04:30:00,5,2082.82,5.14,56.21,1.13,70.57,127.74,183.92,29.39
2021-04-29 05:30:00,5,2403.26,15.42,54.84,0.06,76.29,146.46,206.71,31.67
2021-04-29 06:30:00,5,3284.45,41.57,56.89,0.11,94.41,191.21,267.06,41.54
2021-04-29 07:30:00,5,5233.76,100.14,65.8,1.77,129.7,282.31,392.73,62.82
2021-04-29 08:30:00,5,6355.29,118.02,106.93,9.92,144.96,326.13,452.61,68.9
2021-04-29 09:30:00,5,2403.26,15.2,93.22,100.14,129.7,154.6,206.35,35.47
2021-04-29 10:30:00,5,2029.42,6.48,72.66,220.3,127.79,163.05,211.31,32.42
2021-04-29 11:30:00,5,1762.39,2.65,50.04,377.66,120.16,192.74,238.31,30.15
2021-04-29 12:30:00,5,741.01,0.86,13.54,266.08,36.24,94.67,132.09,13.43
2021-04-29 13:30:00,5,574.11,0.66,10.28,220.3,21.22,73.24,109.4,10.64
2021-04-29 14:30:00,5,567.44,0.53,10.71,205.99,18.84,68.89,103.66,10.64
2021-04-29 15:30:00,5,674.25,0.75,19.19,194.55,28.37,72.49,107.3,12.54
2021-04-29 16:30:00,5,907.9,1.08,36.33,183.11,51.98,82.5,119.36,16.21
2021-04-29 17:30:00,5,1014.71,0.73,49.35,168.8,82.02,86.75,124.93,17.23
2021-04-29 18:30:00,5,1028.06,0.12,45.24,160.22,78.2,89.7,128.16,17.99
2021-04-29 19:30:00,5,1201.63,0,44.55,141.62,71.53,105.21,147.14,22.8
2021-04-29 20:30:00,5,1241.68,0,47.3,130.18,75.34,112.4,154.74,25.08
2021-04-29 21:30:00,5,1495.36,0,48.67,115.87,65.8,126.6,173.54,29.89
2021-04-29 22:30:00,5,1869.2,0,54.15,92.98,59.61,145.4,197.45,35.47
2021-04-29 23:30:00,5,2002.72,0,59.63,74.39,56.27,152.93,203,34.96
2021-04-30 00:30:00,5,2349.85,0.01,77.46,36.48,52.93,167.92,217.41,31.92
2021-04-30 01:30:00,5,2803.8,1.5,89.11,7.06,53.41,195.12,252.06,31.92
2021-04-30 02:30:00,5,3150.94,8.49,86.37,0.32,56.74,224.54,293.12,33.95
2021-04-30 03:30:00,5,3578.19,17.43,82.94,0.01,62.94,260.66,343.91,36.99
2021-04-30 04:30:00,5,3845.22,26.38,75.4,0,62.94,287.93,381.31,39.52
2021-04-30 05:30:00,5,3845.22,34.42,65.12,0,57.22,296.08,385.73,41.04
2021-04-30 06:30:00,5,3952.03,46.49,60.32,0.1,60.08,296.71,380.68,46.61
2021-04-30 07:30:00,5,5393.98,91.2,75.4,1.59,88.69,353.1,457.34,64.34
2021-04-30 08:30:00,5,7156.37,123.38,130.24,7.51,121.12,418.85,544.89,73.97
2021-04-30 09:30:00,5,1949.31,13.41,117.9,95.84,282.29,213.43,261.61,26.35
2021-04-30 10:30:00,5,1482.01,7.49,94.59,170.23,263.21,183.49,226.8,22.29
2021-04-30 11:30:00,5,1281.74,3.55,65.12,254.63,200.27,179.4,217.89,22.04
2021-04-30 12:30:00,5,881.2,1.23,29.47,257.49,102.04,130.36,159.43,15.2
2021-04-30 13:30:00,5,734.33,0.98,21.76,231.74,66.76,104.73,133.34,12.41
2021-04-30 14:30:00,5,714.3,0.86,19.71,223.16,55.79,97.64,127.47,12.03
2021-04-30 15:30:00,5,747.68,0.62,20.05,226.02,51.98,98.96,130.8,12.79
2021-04-30 16:30:00,5,827.79,0.45,29.13,217.44,62.94,103.83,137.31,14.06
2021-04-30 17:30:00,5,921.25,0.27,50.72,191.69,92.51,108.01,143.37,15.2
2021-04-30 18:30:00,5,1708.98,0.33,123.38,100.14,146.87,129.02,175.71,24.07
2021-04-30 19:30:00,5,2830.51,0.11,159.03,26.46,143.05,167.08,231.47,38
2021-04-30 20:30:00,5,3471.37,3.02,145.32,4.34,116.35,200.82,278.9,47.12
2021-04-30 21:30:00,5,3524.78,3.21,120.64,3.58,91.55,210.84,291.99,49.14
2021-04-30 22:30:00,5,3231.05,0.98,104.19,8.85,75.34,206.31,280.53,46.61
2021-04-30 23:30:00,5,2723.69,0.12,89.11,20.21,61.99,187.29,246.55,38.51
2021-05-01 00:30:00,5,2109.53,0,66.49,37.19,47.21,163.5,206.78,28.63
2021-05-01 01:30:00,5,1789.09,0,48.67,47.21,37.19,152.99,190.53,24.57
2021-05-01 02:30:00,5,1642.23,0,40.44,47.21,32.42,149.28,186.46,24.07
2021-05-01 03:30:00,5,1695.63,0,40.44,36.84,32.42,155.53,196.19,24.32
2021-05-01 04:30:00,5,1895.9,0.11,45.93,19.13,34.81,169.57,216.51,26.35
2021-05-01 05:30:00,5,2189.64,3.97,52.09,3.22,39.58,187.15,241.66,31.16
2021-05-01 06:30:00,5,2910.61,25.93,51.41,0.17,50.55,221.36,292.16,42.56
2021-05-01 07:30:00,5,4539.49,76.89,56.21,1.54,71.53,290.28,390.31,57.76
2021-05-01 08:30:00,5,6248.47,118.02,91.85,6.44,90.6,354.16,475.61,63.33
2021-05-01 09:30:00,5,1949.31,3.58,80.88,86.55,101.09,176.17,217.14,30.91
2021-05-01 10:30:00,5,1735.69,2.52,74.03,111.58,114.44,171.3,209.15,30.4
2021-05-01 11:30:00,5,1642.23,2.18,66.49,145.91,114.44,173.01,207.64,29.13
2021-05-01 12:30:00,5,814.44,0.66,24.68,177.38,49.59,114.18,142,12.29
2021-05-01 13:30:00,5,647.54,0.35,14.74,170.23,28.37,92.8,121.49,9.75
2021-05-01 14:30:00,5,614.17,0.24,12.68,165.94,22.89,86.95,116.81,8.99
2021-05-01 15:30:00,5,600.82,0.18,13.37,164.51,22.17,84.57,114.98,8.61
2021-05-01 16:30:00,5,667.57,0.18,22.96,157.36,35.76,87.24,119.27,9.63
2021-05-01 17:30:00,5,787.74,0.13,44.55,148.77,77.25,98.07,131.06,11.4
2021-05-01 18:30:00,5,1121.52,0.23,54.84,121.59,86.78,112.29,143.65,15.07
2021-05-01 19:30:00,5,1575.47,0,55.52,91.55,72.48,127.29,164.79,21.79
2021-05-01 20:30:00,5,1895.9,0,61.01,74.39,78.2,142.22,185.9,27.36
2021-05-01 21:30:00,5,2029.42,0,68.55,64.37,88.69,150.76,199.03,29.13
2021-05-01 22:30:00,5,2029.42,0,71.97,58.65,82.02,155.63,206.23,28.88
2021-05-01 23:30:00,5,1895.9,0,64.43,59.37,62.94,152.61,198.68,26.6
2021-05-02 00:30:00,5,1668.93,0,51.41,61.51,42.92,141.47,177.24,24.07
2021-05-02 01:30:00,5,1535.42,0,41.81,57.94,33.38,135.62,165.6,24.57
2021-05-02 02:30:00,5,1441.96,0,35.99,50.78,28.85,129.6,157.33,25.33
2021-05-02 03:30:00,5,1415.25,0,34.96,41.49,28.13,127.46,155.58,26.09
2021-05-02 04:30:00,5,1468.66,0.01,37.01,29.68,29.09,128.72,158.82,26.85
2021-05-02 05:30:00,5,1548.77,0.16,41.13,16.99,30.52,129.91,162.25,28.12
2021-05-02 06:30:00,5,1789.09,3.91,47.98,4.47,35.76,136.61,174.56,31.92
2021-05-02 07:30:00,5,2510.07,19.89,58.26,3.17,49.59,159.8,211.39,40.03
2021-05-02 08:30:00,5,3231.05,36.66,77.46,4.56,62.94,179.96,244.51,45.09
2021-05-02 09:30:00,5,1361.85,2.35,65.8,88.69,96.32,121.4,150.92,20.27
2021-05-02 10:30:00,5,1094.82,3.16,50.72,135.9,97.28,114.91,139.5,17.23
2021-05-02 11:30:00,5,1001.36,2.71,38.04,205.99,84.88,119.67,141.55,16.97
2021-05-02 12:30:00,5,934.6,1.36,24.33,257.49,58.17,126.03,146.21,15.33
2021-05-02 13:30:00,5,934.6,0.8,21.94,237.47,40.53,120.94,141.91,14.57
2021-05-02 14:30:00,5,907.9,0.38,22.96,188.83,30.99,104.88,126.13,13.68
2021-05-02 15:30:00,5,854.49,0.04,22.96,148.77,26.46,86.62,107.19,12.41
2021-05-02 16:30:00,5,867.84,0.06,27.42,130.18,30.99,78.02,98.85,12.54
2021-05-02 17:30:00,5,907.9,0.05,37.01,115.87,43.87,76.17,97.93,13.17
2021-05-02 18:30:00,5,1388.55,0.05,76.08,77.96,79.16,93.42,123.48,19.51
2021-05-02 19:30:00,5,2109.53,0.01,111.04,38.27,113.49,126.16,171.27,29.13
2021-05-02 20:30:00,5,2456.67,0.01,109.67,24.68,113.49,147.47,203.19,34.45
2021-05-02 21:30:00,5,2376.56,0,84.31,26.82,83.92,151.74,210.01,35.47
2021-05-02 22:30:00,5,2376.56,0.02,73.34,22.89,62.94,155.63,212.85,36.48
2021-05-02 23:30:00,5,2296.45,0.11,71.97,16.27,51.5,154.23,205.97,33.95
2021-05-03 00:30:00,5,2109.53,0.26,67.17,12.52,43.39,148.69,193.32,28.63
2021-05-03 01:30:00,5,2056.12,0.83,63.06,6.88,42.44,153.63,199.07,27.87
2021-05-03 02:30:00,5,2002.72,1.84,59.63,3.17,40.05,152.68,199.6,29.13
2021-05-03 03:30:00,5,1789.09,1.79,56.89,3.49,35.76,134.81,178.4,29.13
2021-05-03 04:30:00,5,1348.5,0.61,45.93,8.58,29.8,95.46,130.39,25.84
2021-05-03 05:30:00,5,947.95,0.22,32.9,14.48,25.51,60.09,88.89,23.05
2021-05-03 06:30:00,4,781.06,0.24,30.85,19.49,27.9,43.79,73.24,22.8
2021-05-03 07:30:00,5,1134.87,6.26,44.55,10.64,44.82,56.64,95.23,27.87
2021-05-03 08:30:00,5,1628.88,22.35,55.52,17.17,75.34,77.78,126.45,34.96
2021-05-03 09:30:00,5,1495.36,18.33,63.06,48.64,102.04,81.3,132.47,33.95
2021-05-03 10:30:00,5,1562.12,11.4,68.55,100.14,118.26,96.77,151.24,33.95
2021-05-03 11:30:00,5,1401.9,4.69,52.09,173.09,99.18,102.46,153.9,26.85
2021-05-03 12:30:00,5,727.65,1.51,21.08,171.66,47.21,66.71,108.8,12.41
2021-05-03 13:30:00,5,527.38,0.82,12.68,161.65,29.33,55.81,97.18,8.04
2021-05-03 14:30:00,4,460.63,0.67,11.65,150.2,22.89,49.18,90.28,7.35
2021-05-03 15:30:00,4,433.92,0.58,12,133.04,19.79,42.57,81.8,7.22
2021-05-03 16:30:00,4,473.98,0.48,15.25,125.89,22.17,42.31,82.42,7.98
2021-05-03 17:30:00,4,534.06,0.26,19.36,120.16,25.03,45.37,87.94,8.87
2021-05-03 18:30:00,5,1281.74,0.17,55.52,77.25,43.87,70.28,123.21,19.51
2021-05-03 19:30:00,5,2296.45,0.04,89.11,31.83,70.57,113.74,184.67,34.96
2021-05-03 20:30:00,5,3017.43,2.26,102.82,5.81,92.51,152.12,236.67,47.12
2021-05-03 21:30:00,5,3311.16,5.25,100.08,1.45,103.95,172.79,265.87,51.68
2021-05-03 22:30:00,5,3204.35,5.53,89.11,1.25,98.23,170.71,269.52,49.14
2021-05-03 23:30:00,5,2803.8,3.52,78.83,2.82,81.06,152.73,245.89,40.53
2021-05-04 00:30:00,5,2243.04,0.3,68.55,13.95,61.99,128.77,198.65,30.65
2021-05-04 01:30:00,5,1789.09,0,54.15,30.04,50.55,114.88,164.77,27.11
2021-05-04 02:30:00,5,1455.31,0,40.78,38.62,40.53,104.62,143.58,26.85
2021-05-04 03:30:00,5,1241.68,0,33.59,41.13,36.72,98.29,131.95,26.6
2021-05-04 04:30:00,5,1134.87,0,31.19,43.63,38.15,96.05,127.96,25.84
2021-05-04 05:30:00,5,1068.12,0,30.85,43.99,40.05,90.46,124,24.83
2021-05-04 06:30:00,5,1121.52,0.13,36.67,36.12,43.39,85.59,122.58,25.84
2021-05-04 07:30:00,5,1522.06,4.19,54.15,22.89,58.65,97.19,141.42,31.16
2021-05-04 08:30:00,5,2002.72,13.52,75.4,19.67,86.78,115.2,167.79,36.48
2021-05-04 09:30:00,5,1668.93,11.74,98.71,31.83,146.87,102.31,150.2,29.39
2021-05-04 10:30:00,5,1495.36,14.31,124.75,31.47,219.35,99.23,146.89,26.35
2021-05-04 11:30:00,5,1441.96,14.31,141.2,26.46,263.21,99.04,147.63,26.09
2021-05-04 12:30:00,5,881.2,3.86,76.77,62.23,133.51,62.45,100.45,14.82
2021-05-04 13:30:00,4,674.25,2.1,37.36,94.41,60.08,47.78,83.21,10.01
2021-05-04 14:30:00,4,520.71,0.98,17.82,121.59,27.42,40.78,74.45,7.35
2021-05-04 15:30:00,4,403.88,0.51,10.97,123.02,15.14,34.21,67.3,5.57
2021-05-04 16:30:00,4,397.21,0.38,13.2,110.15,15.5,31.6,66.04,5.45
2021-05-04 17:30:00,4,427.25,0.18,17.14,100.14,17.64,30.55,66.98,5.83
2021-05-04 18:30:00,4,594.14,0.08,29.13,82.25,31.47,35.32,75.52,8.99
2021-05-04 19:30:00,5,974.66,0,53.47,55.08,68.67,50.63,96.99,16.47
2021-05-04 20:30:00,5,1228.33,0,73.34,35.41,113.49,64.68,119.58,21.79
2021-05-04 21:30:00,5,1054.76,0,50.72,47.21,89.65,71.92,123.46,22.8
2021-05-04 22:30:00,5,974.66,0,38.39,64.37,65.8,77.1,118.59,21.28
2021-05-04 23:30:00,5,894.55,0,37.01,74.39,59.61,77,109.72,18.49
2021-05-05 00:30:00,5,834.47,0,31.19,82.25,49.11,80.17,106.16,17.48
2021-05-05 01:30:00,5,841.14,0,26.39,80.11,45.78,86.78,112.87,19.76
2021-05-05 02:30:00,5,834.47,0,24.33,75.1,46.73,88.14,115.67,21.53
2021-05-05 03:30:00,5,827.79,0,22.96,75.82,43.87,87.37,113.11,22.29
2021-05-05 04:30:00,5,834.47,0,21.42,81.54,38.62,85.88,108.16,21.79
2021-05-05 05:30:00,5,881.2,0,22.28,82.25,37.19,85.43,105.16,22.04
2021-05-05 06:30:00,5,1041.41,0.07,28.45,71.53,42.44,88.12,107.44,24.32
2021-05-05 07:30:00,5,1335.14,2.24,39.07,58.65,51.5,94.41,116.88,29.13
2021-05-05 08:30:00,5,1495.36,5.92,44.55,75.82,60.56,97.69,121.61,30.91
2021-05-05 09:30:00,5,1241.68,5.03,38.73,123.02,70.57,91.76,110.92,26.6
2021-05-05 10:30:00,5,1161.58,3.63,35.64,183.11,75.34,100.45,118.62,25.59
2021-05-05 11:30:00,5,1134.87,2.4,32.56,254.63,79.16,117.71,135.67,24.83
2021-05-05 12:30:00,5,827.79,1.06,16.97,240.33,46.73,99.57,121.31,16.21
2021-05-05 13:30:00,5,700.95,0.71,15.59,220.3,37.67,84.62,109.97,12.41
2021-05-05 14:30:00,5,727.65,0.44,19.02,214.58,42.92,83.29,110.35,12.29
2021-05-05 15:30:00,5,921.25,0.48,28.1,243.19,65.8,102.64,127.56,14.57
2021-05-05 16:30:00,5,1188.28,0.99,49.35,280.38,111.58,139.21,163.1,17.23
2021-05-05 17:30:00,5,1188.28,0.99,58.95,251.77,133.51,140.31,165.06,16.97
2021-05-05 18:30:00,5,1255.04,0.27,45.93,165.94,80.11,115.52,144.14,19.51
2021-05-05 19:30:00,5,1602.17,0.01,46.61,114.44,61.04,124.69,159.15,25.59
2021-05-05 20:30:00,5,1895.9,0,54.84,90.12,69.62,141.85,180.97,30.65
2021-05-05 21:30:00,5,2082.82,0,62.38,77.25,78.2,152.81,195.74,32.93
2021-05-05 22:30:00,5,2216.34,0,64.43,67.95,76.29,159.56,206.44,34.45
2021-05-05 23:30:00,5,2189.64,0,61.69,62.23,67.71,157.83,205.02,32.17
2021-05-06 00:30:00,5,2056.12,0,57.58,57.22,57.22,150.11,194.11,27.36
2021-05-06 01:30:00,5,1976.01,0,52.09,52.21,49.11,148.46,192.13,25.08
2021-05-06 02:30:00,5,1869.2,0,45.93,47.92,42.92,148.65,192.1,22.55
2021-05-06 03:30:00,5,1842.5,0,43.18,41.84,40.53,153.39,197.2,20.01
2021-05-06 04:30:00,5,1869.2,0,43.53,34.69,40.53,160.12,204.39,17.99
2021-05-06 05:30:00,5,1922.61,0.03,47.98,26.11,41.49,167.45,212.07,16.72
2021-05-06 06:30:00,5,2162.93,1.47,58.95,14.66,45.3,177.64,224.4,21.28
2021-05-06 07:30:00,5,2670.29,12.52,69.23,15.2,53.41,189.29,242.47,32.17
2021-05-06 08:30:00,5,2777.1,15.42,76.77,49.35,57.22,179.8,230.19,33.95
2021-05-06 09:30:00,5,1228.33,3.49,35.64,148.77,81.06,106.67,125.88,16.72
2021-05-06 10:30:00,5,1081.47,2.4,27.42,205.99,70.57,107.43,124.14,16.97
2021-05-06 11:30:00,5,1028.06,1.79,23.31,254.63,68.67,116.22,131.7,16.97
2021-05-06 12:30:00,5,841.14,0.96,14.74,248.91,46.25,105.02,120.74,13.43
2021-05-06 13:30:00,5,781.06,0.59,13.2,226.02,34.81,97.01,112.18,12.03
2021-05-06 14:30:00,5,720.98,0.27,13.02,194.55,28.13,87.14,101.84,10.51
2021-05-06 15:30:00,5,854.49,0.21,27.42,147.34,37.19,79.95,93.66,11.53
2021-05-06 16:30:00,5,1241.68,0.46,56.21,105.86,56.74,87.13,103.68,15.2
2021-05-06 17:30:00,5,1895.9,0.8,104.19,67.23,94.41,113.45,136.3,22.04
2021-05-06 18:30:00,5,2429.96,0.47,143.95,55.79,150.68,154.81,185.96,29.64
2021-05-06 19:30:00,5,2082.82,0.01,100.08,94.41,143.05,170.59,209.99,27.61
2021-05-06 20:30:00,5,1361.85,0,38.73,144.48,73.43,138.56,173.54,20.77
2021-05-06 21:30:00,5,1255.04,0,27.08,147.34,44.35,121.73,149.38,19
2021-05-06 22:30:00,5,1482.01,0,32.22,123.02,42.44,126.98,156.47,20.77
2021-05-06 23:30:00,5,1575.47,0,36.33,105.86,42.44,128.86,158.82,19.76
2021-05-07 00:30:00,5,1548.77,0,38.73,92.98,43.39,126.89,154.64,17.48
2021-05-07 01:30:00,5,1588.82,0,40.1,80.82,45.78,131.92,159.35,17.23
2021-05-07 02:30:00,5,1615.52,0,41.81,71.53,46.73,137.67,165.71,17.23
2021-05-07 03:30:00,5,1735.69,0,46.61,57.94,46.25,149.02,180.16,17.73
2021-05-07 04:30:00,5,2029.42,0,55.52,38.98,49.11,170.55,208.43,18.49
2021-05-07 05:30:00,5,2429.96,0.4,70.6,17.88,57.22,202.12,247.49,20.52
2021-05-07 06:30:00,5,3231.05,12.41,84.31,2.21,72.48,251.85,310.28,28.12
2021-05-07 07:30:00,5,4699.71,50.52,95.96,4.96,94.41,329.28,409.13,45.6
2021-05-07 08:30:00,5,5767.82,69.74,132.98,19.13,116.35,389.14,480.14,53.7
2021-05-07 09:30:00,5,2029.42,15.65,98.71,105.86,171.66,192.98,222.59,15.83
2021-05-07 10:30:00,5,1708.98,11.29,87.05,168.8,185.01,188.78,217.55,13.05
2021-05-07 11:30:00,5,1562.12,7.6,77.46,248.91,205.99,200.33,229.85,11.78
2021-05-07 12:30:00,5,1495.36,5.03,73.34,329.02,228.88,226.97,256.41,9.88
2021-05-07 13:30:00,5,1455.31,3.41,68.55,340.46,215.53,226.4,253.48,9.63
2021-05-07 14:30:00,5,1335.14,2.26,58.95,283.24,164.03,176.89,198.85,11.02
2021-05-07 15:30:00,5,1295.09,1.84,56.21,214.58,123.98,141.13,160.2,12.41
2021-05-07 16:30:00,5,1428.6,2.49,80.2,168.8,144.96,134.47,153.31,14.31
2021-05-07 17:30:00,5,1588.82,2.38,116.53,135.9,173.57,133.35,151.52,14.82
2021-05-07 18:30:00,5,2136.23,0.78,137.09,100.14,148.77,153.19,177.67,21.03
2021-05-07 19:30:00,5,3070.83,0.02,159.03,54.36,133.51,209.03,250.12,33.44
2021-05-07 20:30:00,5,3738.4,0,175.48,31.47,139.24,265.62,323.51,39.52
2021-05-07 21:30:00,5,4753.11,4.02,194.67,9.3,146.87,358.4,442,49.14
2021-05-07 22:30:00,5,6301.88,23.25,202.89,0.02,141.14,488.38,605.63,61.3
2021-05-07 23:30:00,5,6942.75,33.53,197.41,0,119.21,550.37,679.92,57.76
2021-05-08 00:30:00,5,6141.66,26.15,171.36,0.01,84.88,511.05,628.73,39.52
2021-05-08 01:30:00,5,5020.14,10.84,135.72,0.29,56.27,440.08,536.35,24.07
2021-05-08 02:30:00,5,3898.62,2.4,98.71,4.2,41.49,355.36,428.04,16.21
2021-05-08 03:30:00,5,2777.1,0.02,62.38,21.46,35.29,257.96,307.86,12.54
2021-05-08 04:30:00,5,2403.26,0.03,50.72,22.35,30.99,216,259.52,10.77
2021-05-08 05:30:00,5,2349.85,0.25,52.09,15.2,32.42,204.12,247.11,10.77
2021-05-08 06:30:00,5,2750.4,6.43,63.06,4.02,41.49,220.3,270.38,16.47
2021-05-08 07:30:00,5,3738.4,27.27,81.57,9.57,62.94,268.71,333.43,32.42
2021-05-08 08:30:00,5,4539.49,30.4,119.27,46.49,84.88,314.2,386.48,40.53
2021-05-08 09:30:00,5,1642.23,8.05,76.08,167.37,183.11,173.35,200.17,11.15
2021-05-08 10:30:00,5,1401.9,6.71,69.92,237.47,198.36,164.29,189.04,10.26
2021-05-08 11:30:00,5,1388.55,3.69,51.41,340.46,185.01,187.4,211.74,9.75
2021-05-08 12:30:00,5,1014.71,1.1,19.71,337.6,96.32,138.85,158.18,6.52
2021-05-08 13:30:00,5,767.71,0.53,13.02,274.66,52.45,89.82,105.39,5.45
2021-05-08 14:30:00,5,694.28,0.27,14.05,226.02,40.05,67.46,81.61,5.64
2021-05-08 15:30:00,5,654.22,0.1,14.4,191.69,32.9,53.5,66.36,5.76
2021-05-08 16:30:00,4,627.52,0.09,15.25,178.81,30.52,47.96,59.47,5.89
2021-05-08 17:30:00,4,620.84,0.06,16.97,183.11,33.38,48,58.57,5.95
2021-05-08 18:30:00,5,741.01,0.03,25.02,173.09,45.3,51.51,63.74,8.49
2021-05-08 19:30:00,5,894.55,0,28.79,135.9,50.55,52.97,70.4,12.92
2021-05-08 20:30:00,5,961.3,0,26.39,118.73,46.73,58.35,80.74,16.09
2021-05-08 21:30:00,5,1161.58,0,28.45,114.44,46.73,77.04,107.29,20.77
2021-05-08 22:30:00,5,1401.9,0,33.93,92.98,49.11,95.96,132.28,26.09
2021-05-08 23:30:00,5,1441.96,0,36.33,75.82,47.21,102.15,136.63,26.6
2021-05-09 00:30:00,5,1375.2,0,35.99,70.81,42.92,99.29,127.91,23.81
2021-05-09 01:30:00,5,1321.79,0,33.59,69.38,38.15,98.47,124.13,22.8
2021-05-09 02:30:00,5,1268.39,0,29.13,71.53,32.42,97.06,121.15,22.55
2021-05-09 03:30:00,5,1255.04,0,26.39,69.38,29.56,98.89,122.57,23.31
2021-05-09 04:30:00,5,1308.44,0,27.08,61.51,29.56,103.95,127.99,24.32
2021-05-09 05:30:00,5,1388.55,0,30.85,52.21,31.95,111.08,136.08,25.59
2021-05-09 06:30:00,5,1642.23,0.29,41.47,38.98,38.15,123.76,152.84,29.13
2021-05-09 07:30:00,5,2216.34,6.48,59.63,35.05,49.59,148.9,188.19,35.97
2021-05-09 08:30:00,5,2643.59,12.18,73.34,70.1,57.22,166.52,211.76,38
2021-05-09 09:30:00,5,1361.85,4.41,43.87,175.95,76.29,110.49,132.63,17.73
2021-05-09 10:30:00,5,1161.58,3.44,38.04,234.6,87.74,112.61,132.13,14.82
2021-05-09 11:30:00,5,1094.82,2.46,34.27,311.85,99.18,130.01,148.84,13.43
2021-05-09 12:30:00,5,767.71,1.03,16.11,288.96,55.31,91.8,103.83,7.92
2021-05-09 13:30:00,5,660.9,0.57,11.65,260.35,36.72,72.56,82.76,6.65
2021-05-09 14:30:00,5,634.19,0.34,11.65,237.47,31.47,64.09,74.04,6.4
2021-05-09 15:30:00,5,587.46,0.26,10.88,208.86,26.7,51.34,60.36,6.02
2021-05-09 16:30:00,4,600.82,0.36,13.37,197.41,28.37,47.57,56.75,6.27
2021-05-09 17:30:00,5,674.25,0.38,19.54,197.41,36.24,52.24,63.17,7.35
2021-05-09 18:30:00,5,1241.68,0.23,53.47,171.66,70.57,83.37,105.94,15.2
2021-05-09 19:30:00,5,2002.72,0.01,81.57,125.89,102.04,123.39,162.78,25.59
2021-05-09 20:30:00,5,2563.48,0,98.71,90.84,120.16,153.6,206.94,33.95
2021-05-09 21:30:00,5,2750.4,0,101.45,67.23,110.63,160.64,219.6,38
2021-05-09 22:30:00,5,2616.88,0,93.22,47.92,82.02,149.74,206.78,38
2021-05-09 23:30:00,5,2296.45,0,80.88,36.84,57.7,129.22,176.37,33.95
2021-05-10 00:30:00,5,1949.31,0.01,69.23,29.68,41.96,109.65,145.86,28.12
2021-05-10 01:30:00,5,1949.31,0.15,65.12,16.09,39.58,110.47,144.61,28.37
2021-05-10 02:30:00,5,1949.31,0.66,59.63,8.32,38.62,114.88,149.8,29.39
2021-05-10 03:30:00,5,2002.72,1.96,56.89,3.44,40.53,122.92,160.11,30.65
2021-05-10 04:30:00,5,2029.42,3.41,54.84,1.74,40.53,127.74,165.33,31.16
2021-05-10 05:30:00,5,2056.12,5.81,53.47,0.78,40.05,131.3,168.81,32.42
2021-05-10 06:30:00,5,2323.15,14.75,54.15,0.61,43.87,144.98,187.03,38.51
2021-05-10 07:30:00,5,3150.94,38,60.32,4.07,54.84,178.36,235.66,49.14
2021-05-10 08:30:00,5,3738.4,46.94,83.63,13.77,61.99,193.82,260.34,51.17
2021-05-10 09:30:00,5,1321.79,4.97,62.38,114.44,107.77,85.34,105.65,17.48
2021-05-10 10:30:00,5,1161.58,3.55,59.63,147.34,119.21,82.22,99.41,15.58
2021-05-10 11:30:00,5,1201.63,2.21,59.63,177.38,117.3,90.71,107.67,16.97
2021-05-10 12:30:00,5,961.3,0.83,31.53,188.83,61.99,80.16,93.66,12.67
2021-05-10 13:30:00,5,767.71,0.52,17.65,175.95,32.42,67.55,81.36,9.37
2021-05-10 14:30:00,5,667.57,0.45,14.4,163.08,24.56,57.76,73.91,7.85
2021-05-10 15:30:00,4,600.82,0.5,14.05,150.2,21.94,48.02,66.53,6.84
2021-05-10 16:30:00,4,607.49,0.64,18.51,141.62,25.99,43.16,62.46,7.16
2021-05-10 17:30:00,4,680.92,0.65,27.08,133.04,34.81,42.71,62.58,8.36
2021-05-10 18:30:00,5,1214.98,0.55,66.49,92.98,73.43,62.44,91.52,16.72
2021-05-10 19:30:00,5,1949.31,0.02,106.93,51.5,125.89,98.7,144.09,28.37
2021-05-10 20:30:00,5,2189.64,0,101.45,59.37,133.51,124.77,177.66,33.95
2021-05-10 21:30:00,5,1869.2,0,61.69,87.98,88.69,119.53,163.01,32.42
2021-05-10 22:30:00,5,1602.17,0,42.16,89.41,58.17,105.49,139.39,30.65
2021-05-10 23:30:00,5,1428.6,0,37.01,85.12,48.16,97.81,124.39,27.11
2021-05-11 00:30:00,5,1214.98,0,30.5,88.69,40.53,90.81,109.72,22.55
2021-05-11 01:30:00,5,1121.52,0,25.02,91.55,36.72,89.8,105.42,20.77
2021-05-11 02:30:00,5,1068.12,0,21.42,94.41,34.33,91.44,105.38,20.01
2021-05-11 03:30:00,5,1081.47,0,20.74,95.84,35.76,97.8,111.2,20.27
2021-05-11 04:30:00,5,1148.22,0,22.28,92.98,37.19,107.94,122.27,21.79
2021-05-11 05:30:00,5,1268.39,0,26.05,84.4,38.62,119.18,135.54,24.07
2021-05-11 06:30:00,5,1495.36,0.09,35.99,69.38,42.44,132.78,154.4,28.37
2021-05-11 07:30:00,5,1922.61,2.4,53.47,57.94,51.5,149.94,180.03,34.45
2021-05-11 08:30:00,5,2056.12,6.31,61.01,84.4,61.04,155.59,187.54,33.44
2021-05-11 09:30:00,5,1295.09,4.19,40.78,160.22,71.53,124.68,144.98,19.76
2021-05-11 10:30:00,5,1161.58,3.38,34.96,220.3,78.2,130.07,149.57,17.48
2021-05-11 11:30:00,5,1121.52,2.35,30.16,294.69,83.92,146.92,166.38,16.09
2021-05-11 12:30:00,5,881.2,1.09,16.79,288.96,53.88,126.12,145.13,11.91
2021-05-11 13:30:00,5,754.36,0.57,11.82,240.33,30.52,100.21,120.28,10.26
2021-05-11 14:30:00,5,647.54,0.27,10.37,188.83,18.6,78.02,98.1,8.87
2021-05-11 15:30:00,5,554.09,0.18,10.54,147.34,15.02,58.34,78.8,7.54
2021-05-11 16:30:00,5,587.46,0.38,16.11,137.33,21.94,52.31,73.72,8.04
2021-05-11 17:30:00,5,754.36,0.38,26.73,155.93,39.58,67.1,90.53,10.64
2021-05-11 18:30:00,5,1441.96,0.12,54.15,185.97,76.29,136.44,174.64,20.52
2021-05-11 19:30:00,5,2136.23,0,66.49,143.05,89.65,189.24,244.1,32.17
2021-05-11 20:30:00,5,2643.59,0,71.97,100.14,92.51,215.59,280,40.53
2021-05-11 21:30:00,5,3364.56,0,85.68,63.66,97.28,253.86,333.78,49.65
2021-05-11 22:30:00,5,4219.06,0.05,105.56,26.82,98.23,302.7,404.61,56.74
2021-05-11 23:30:00,5,4486.08,1.15,113.79,7.78,86.78,315.78,422.28,51.68
2021-05-12 00:30:00,5,4005.43,0.8,112.41,9.03,67.71,286.39,377.12,38.51
2021-05-12 01:30:00,5,3311.16,0.04,97.33,19.67,53.41,252.32,323.49,31.67
2021-05-12 02:30:00,5,2590.18,0.01,73.34,25.75,41.49,214.96,268.03,29.39
2021-05-12 03:30:00,5,2162.93,0.03,56.89,23.25,35.29,189.1,230.93,29.64
2021-05-12 04:30:00,5,2189.64,0.45,56.21,11.27,35.29,189.52,231.64,30.65
2021-05-12 05:30:00,5,2376.56,3.97,58.95,2.59,39.1,202.19,247.91,32.42
2021-05-12 06:30:00,5,2937.32,19,61.01,0.59,48.64,228.24,285.53,39.01
2021-05-12 07:30:00,5,3845.22,46.49,68.55,4.69,61.04,259.71,334.76,50.66
2021-05-12 08:30:00,5,4112.24,49.62,89.11,20.39,61.99,253.21,330.3,51.17
2021-05-12 09:30:00,5,1495.36,5.59,49.35,143.05,85.83,147.05,175.4,22.29
2021-05-12 10:30:00,5,1268.39,3.47,41.13,211.72,94.41,147.56,171.06,19.51
2021-05-12 11:30:00,5,1201.63,2.32,35.99,268.94,99.18,160.68,183,18.75
2021-05-12 12:30:00,5,934.6,1.1,20.39,280.38,67.71,139.39,160.77,11.78
2021-05-12 13:30:00,5,847.82,0.87,17.48,268.94,53.41,120.57,142.66,9.75
2021-05-12 14:30:00,5,854.49,0.77,18.68,268.94,51.02,115.13,137.72,9.37
2021-05-12 15:30:00,5,921.25,0.62,21.76,274.66,53.88,120.17,143.11,9.37
2021-05-12 16:30:00,5,1041.41,0.45,30.16,274.66,63.9,130.67,154.27,10.39
2021-05-12 17:30:00,5,1188.28,0.21,40.44,263.21,76.29,139.99,164.25,12.03
2021-05-12 18:30:00,5,1708.98,0.05,68.55,211.72,101.09,165.12,197.16,19.51
2021-05-12 19:30:00,5,2456.67,0,93.22,148.77,121.12,211.57,256.77,28.63
2021-05-12 20:30:00,5,2590.18,0,85,125.89,104.9,219.4,269.61,30.15
2021-05-12 21:30:00,5,3471.37,0,108.3,68.67,94.41,254.73,323.82,44.08
2021-05-12 22:30:00,5,4859.92,5.14,145.32,7.33,101.09,329.6,428.64,58.26
2021-05-12 23:30:00,5,5661.01,25.93,146.69,0.01,95.37,369.73,487.1,57.25
2021-05-13 00:30:00,5,5393.98,31.74,135.72,0,74.39,345.92,462.17,44.08
2021-05-13 01:30:00,5,4753.11,24.81,117.9,0.01,54.84,308.38,415.92,36.48
2021-05-13 02:30:00,5,3738.4,12.85,94.59,0.58,40.05,254.17,338.06,32.93
2021-05-13 03:30:00,5,1762.39,0,45.93,39.7,33.85,157.06,198.74,28.37
2021-05-13 04:30:00,5,1455.31,0,34.96,41.13,30.99,141.38,174.43,24.32
2021-05-13 05:30:00,5,1441.96,0,34.62,35.41,30.52,137.67,167.14,20.27
2021-05-13 06:30:00,5,1575.47,0.38,40.44,28.25,32.9,139.15,168.79,19
2021-05-13 07:30:00,5,1869.2,4.53,47.98,29.33,37.19,147.27,178.99,22.8
2021-05-13 08:30:00,5,1922.61,7.15,49.35,55.79,41.01,152.63,179.94,22.04
2021-05-13 09:30:00,5,1174.93,3.21,33.24,120.16,56.74,127.13,145.85,13.3
2021-05-13 10:30:00,5,1041.41,3.07,34.27,151.63,70.57,112.74,131.23,12.29
2021-05-13 11:30:00,5,1001.36,3.24,39.76,175.95,92.51,107.42,125.79,11.65
2021-05-13 12:30:00,5,854.49,2.88,36.67,191.69,92.51,86.66,102.85,9.12
2021-05-13 13:30:00,5,834.47,2.99,35.64,211.72,97.28,80.39,95.09,7.98
2021-05-13 14:30:00,5,867.84,2.99,36.67,231.74,106.81,84.87,99.47,7.79
2021-05-13 15:30:00,5,934.6,2.65,41.81,243.19,115.4,92.47,108.05,8.61
2021-05-13 16:30:00,5,1081.47,2.4,61.01,223.16,135.42,98.54,115.84,10.51
2021-05-13 17:30:00,5,1255.04,1.68,89.11,185.97,165.94,102.56,121.41,12.41
2021-05-13 18:30:00,5,2990.72,4.14,186.44,60.08,185.01,167.71,213.33,32.93
2021-05-13 19:30:00,5,5874.63,42.47,227.57,0.43,181.2,304.67,399.87,63.33
2021-05-13 20:30:00,5,8117.68,90.3,205.64,0,169.75,443.53,584.18,84.1
2021-05-13 21:30:00,5,9506.23,121.59,174.11,0,148.77,539.47,717.25,93.22
2021-05-13 22:30:00,5,9292.6,121.59,137.09,0,119.21,541.55,732.24,88.16
2021-05-13 23:30:00,5,7370,90.3,106.93,0,82.97,433.93,592.77,64.85
2021-05-14 00:30:00,5,4646.3,38.45,89.11,0,54.36,277.53,377.51,40.03
2021-05-14 01:30:00,5,3471.37,18.77,76.77,0.02,41.96,214.58,290.9,30.91
2021-05-14 02:30:00,5,2616.88,7.6,64.43,0.74,33.85,167.43,224.61,25.84
2021-05-14 03:30:00,5,1842.5,0.42,48.67,11.09,30.99,124.26,163.49,22.55
2021-05-14 04:30:00,5,1575.47,0.07,40.1,19.31,31.95,109.07,141.58,18.49
2021-05-14 05:30:00,5,1482.01,0.09,39.76,19.85,33.38,104,133.79,16.21
2021-05-14 06:30:00,5,1628.88,1.98,46.61,11.62,38.15,108.59,140.92,19
2021-05-14 07:30:00,5,2136.23,13.75,56.21,13.05,50.55,127.59,168.67,29.39
2021-05-14 08:30:00,5,2429.96,18.55,73.34,40.41,68.67,145.85,190.16,32.93
2021-05-14 09:30:00,5,1281.74,6.93,59.63,130.18,116.35,108.53,130.8,15.58
2021-05-14 10:30:00,5,1121.52,6.09,58.26,178.81,139.24,109.74,130.32,13.3
2021-05-14 11:30:00,5,1094.82,5.31,61.01,234.6,171.66,127.42,148.78,11.65
2021-05-14 12:30:00,5,934.6,3.07,45.93,257.49,144.96,122.99,150.76,8.61
2021-05-14 13:30:00,5,847.82,1.47,35.99,251.77,111.58,110.56,146.26,7.85
2021-05-14 14:30:00,5,854.49,0.54,33.93,240.33,98.23,106.03,145.07,8.74
2021-05-14 15:30:00,5,881.2,0.23,30.5,226.02,83.92,103.36,144.7,9.63
2021-05-14 16:30:00,5,921.25,0.34,30.5,217.44,72.48,103.12,145.24,10.26
2021-05-14 17:30:00,5,934.6,0.31,31.19,203.13,61.04,98.25,140.15,10.89
2021-05-14 18:30:00,5,1495.36,0.21,58.95,140.19,62.94,110.97,161.07,19.25
2021-05-14 19:30:00,5,2456.67,0.01,90.48,68.67,76.29,146.29,217.02,32.93
2021-05-14 20:30:00,5,3097.53,0.01,105.56,31.11,85.83,175.69,265.65,42.56
2021-05-14 21:30:00,5,3417.97,0.21,109.67,16.27,91.55,195.32,293.9,47.62
2021-05-14 22:30:00,5,3417.97,0.58,104.19,11.18,91.55,200.27,299.56,48.13
2021-05-14 23:30:00,5,2990.72,0.58,91.85,10.73,80.11,177.38,268.38,41.54
2021-05-15 00:30:00,5,2349.85,0.32,77.46,11.62,62.94,143.51,222.33,31.67
2021-05-15 01:30:00,5,2002.72,0.25,63.75,11,51.02,128.06,198.61,27.11
2021-05-15 02:30:00,5,1842.5,0.35,52.78,9.39,42.92,124.69,191.02,25.84
2021-05-15 03:30:00,5,1762.39,0.52,45.24,7.6,36.72,123.63,184.56,25.84
2021-05-15 04:30:00,5,1735.69,0.5,41.81,8.05,34.33,125.12,177.91,26.35
2021-05-15 05:30:00,5,1789.09,0.42,42.16,10.01,34.81,130.32,176.08,27.11
2021-05-15 06:30:00,5,1976.01,1.13,47.98,13.05,40.05,140.1,182.61,29.89
2021-05-15 07:30:00,5,2536.77,8.16,61.69,20.74,55.79,165.26,213.79,36.48
2021-05-15 08:30:00,5,2990.72,12.63,78.83,60.08,75.34,191.38,245.47,39.01
2021-05-15 09:30:00,5,1268.39,6.31,59.63,141.62,123.98,100.47,128.89,14.69
2021-05-15 10:30:00,5,1081.47,6.76,67.17,167.37,154.5,100.01,128.26,11.53
2021-05-15 11:30:00,5,1001.36,5.03,63.75,203.13,150.68,108.13,137.74,9.75
2021-05-15 12:30:00,5,774.38,2.65,41.13,205.99,96.32,92.27,135.69,7.09
2021-05-15 13:30:00,5,627.52,1.87,30.16,194.55,69.62,76.46,127.65,5.64
2021-05-15 14:30:00,5,594.14,1.62,30.85,194.55,73.43,73.93,125.66,5
2021-05-15 15:30:00,5,594.14,1.57,31.53,194.55,79.16,73.79,125.12,4.94
2021-05-15 16:30:00,5,634.19,1.62,34.96,200.27,84.88,76.86,128.39,5.38
2021-05-15 17:30:00,5,687.6,1.26,40.44,197.41,88.69,78.39,129.29,6.14
2021-05-15 18:30:00,5,2269.75,2.26,127.49,85.12,108.72,131.86,204.82,24.07
2021-05-15 19:30:00,5,4753.11,28.61,189.19,1.52,133.51,241.59,361.11,47.62
2021-05-15 20:30:00,5,6462.1,69.74,169.99,0,141.14,339.01,502.38,63.84
2021-05-15 21:30:00,5,7904.05,98.35,163.14,0,156.4,437.68,633.27,82.08
2021-05-15 22:30:00,5,9613.04,123.38,167.25,0,179.29,567.98,785.11,102.34
2021-05-15 23:30:00,5,10360.72,125.17,169.99,0,185.01,649.22,866.56,104.37
2021-05-16 00:30:00,5,9506.23,98.35,167.25,0,164.03,615.15,813.57,87.14
2021-05-16 01:30:00,5,8544.92,72.42,163.14,0,150.68,580.85,769.08,77.01
2021-05-16 02:30:00,5,7797.24,51.86,161.77,0,143.05,555.36,743.43,79.04
2021-05-16 03:30:00,5,6622.31,37.1,146.69,0,125.89,498.14,684.5,81.06
2021-05-16 04:30:00,5,5447.39,28.39,122.01,0,94.41,426.37,599.37,71.94
2021-05-16 05:30:00,5,4592.9,27.05,98.71,0,71.53,369.68,520.48,61.3
2021-05-16 06:30:00,5,4325.87,34.87,83.63,0.53,65.8,333.03,460.89,59.78
2021-05-16 07:30:00,5,5180.36,59.9,90.48,5.9,82.97,359.62,483.44,66.88
2021-05-16 08:30:00,5,5767.82,50.07,138.46,40.05,101.09,386.53,500.61,65.86
2021-05-16 09:30:00,5,2029.42,10.39,91.85,158.79,183.11,175.58,230.33,25.33
2021-05-16 10:30:00,5,1762.39,8.27,83.63,231.74,221.25,181.89,232.88,20.77
2021-05-16 11:30:00,5,1482.01,4.02,55.52,337.6,211.72,196.41,244.59,17.23
2021-05-16 12:30:00,5,907.9,1.23,19.02,340.46,106.81,145.99,179.17,9.37
2021-05-16 13:30:00,5,727.65,0.81,12.17,308.99,61.99,110.03,135.23,8.11
2021-05-16 14:30:00,5,694.28,0.8,12.17,297.55,51.98,95.95,117.54,8.49
2021-05-16 15:30:00,5,687.6,0.73,13.02,277.52,44.82,85.05,104.46,9.25
2021-05-16 16:30:00,5,707.63,0.67,15.94,248.91,41.49,75.5,95.33,10.13
2021-05-16 17:30:00,5,720.98,0.48,20.05,214.58,40.53,67.51,90.74,10.77
2021-05-16 18:30:00,5,1228.33,0.23,45.24,153.07,53.41,79.55,115.33,17.73
2021-05-16 19:30:00,5,1949.31,0.01,63.06,92.98,70.57,107.22,160.81,28.12
2021-05-16 20:30:00,5,2349.85,0,65.12,66.52,80.11,128.34,193.67,33.95
2021-05-16 21:30:00,5,2483.37,0,62.38,63.66,80.11,141.57,213.23,35.97
2021-05-16 22:30:00,5,2696.99,0,66.49,57.22,78.2,159.4,237.38,38
2021-05-16 23:30:00,5,2696.99,0,69.23,49.35,72.48,164.31,244.14,34.96
2021-05-17 00:30:00,5,2456.67,0,67.86,43.27,63.9,153.99,230.31,28.37
2021-05-17 01:30:00,5,2403.26,0,65.8,36.84,65.8,156,230.91,27.36
2021-05-17 02:30:00,5,2323.15,0,58.26,37.19,66.76,156.57,230.53,26.85
2021-05-17 03:30:00,5,2189.64,0,52.09,39.34,66.76,151.73,225.7,26.85
2021-05-17 04:30:00,5,2056.12,0,50.04,37.91,64.85,143.12,210.81,27.36
2021-05-17 05:30:00,5,2002.72,0.01,52.09,30.76,62.94,135.32,191.8,28.63
2021-05-17 06:30:00,5,2243.04,1.87,63.75,15.91,68.67,140.15,192.58,34.96
2021-05-17 07:30:00,5,3231.05,20.79,87.05,6.35,94.41,183.15,248.12,48.13
2021-05-17 08:30:00,5,4005.43,36.66,122.01,7.06,120.16,210.94,285.85,52.69
2021-05-17 09:30:00,5,2269.75,7.6,132.98,29.33,152.59,123.26,188,31.41
2021-05-17 10:30:00,5,2002.72,7.94,128.87,43.27,162.13,112.78,185.26,27.87
2021-05-17 11:30:00,5,2082.82,10.73,131.61,60.08,179.29,121.52,200.08,29.64
2021-05-17 12:30:00,5,1321.79,8.05,71.29,137.33,111.58,96.11,185.88,16.72
2021-05-17 13:30:00,5,1028.06,3.35,45.93,205.99,81.06,97.61,190.26,12.54
2021-05-17 14:30:00,5,1054.76,2.29,41.13,266.08,83.92,118.56,210.85,12.92
2021-05-17 15:30:00,5,2590.18,4.64,108.3,257.49,116.35,206.59,321.51,30.65
2021-05-17 16:30:00,5,5073.55,6.48,208.38,228.88,154.5,340.88,488.4,49.14
2021-05-17 17:30:00,5,7263.18,6.65,312.57,157.36,179.29,461.14,633.79,59.28
2021-05-17 18:30:00,5,9185.79,5.87,400.31,38.62,198.36,544.31,742.08,69.92
2021-05-17 19:30:00,5,8117.68,14.08,323.53,0.58,165.94,453.46,635.29,62.32
2021-05-17 20:30:00,5,4699.71,5.36,174.11,6.26,99.18,271.07,394.27,44.58
2021-05-17 21:30:00,5,1214.98,0,36.67,83.69,31.95,115.72,165.32,19.25
2021-05-17 22:30:00,5,974.66,0,27.42,69.38,25.99,99.26,135.21,17.99
2021-05-17 23:30:00,5,867.84,0,26.39,63.66,23.6,88.42,116.39,15.96
2021-05-18 00:30:00,5,720.98,0,22.62,62.94,19.79,78.05,99.67,13.55
2021-05-18 01:30:00,5,660.9,0,19.71,61.51,19.31,73.62,93.24,13.55
2021-05-18 02:30:00,5,627.52,0,17.82,60.8,20.03,72.6,92.46,13.93
2021-05-18 03:30:00,5,607.49,0,16.45,66.52,20.74,75.45,96.37,13.81
2021-05-18 04:30:00,5,600.82,0,15.59,70.81,21.22,77.51,96.17,13.55
2021-05-18 05:30:00,5,607.49,0,16.45,67.23,22.41,71.81,86.15,13.3
2021-05-18 06:30:00,5,667.57,0.04,21.94,52.93,26.23,60.93,72.9,14.19
2021-05-18 07:30:00,4,787.74,1.16,29.47,34.33,30.52,49.07,61.11,15.71
2021-05-18 08:30:00,4,794.41,3.8,29.13,32.54,31.47,38.27,49.67,14.69
2021-05-18 09:30:00,4,674.25,2.74,22.96,65.09,26.46,38.57,49.25,11.15
2021-05-18 10:30:00,4,627.52,1.93,19.02,103,23.84,46.82,56.39,9.5
2021-05-18 11:30:00,4,587.46,1.52,15.59,130.18,21.22,49.04,56.92,7.92
2021-05-18 12:30:00,4,554.09,1.1,15.08,133.04,19.31,43.91,50.12,6.46
2021-05-18 13:30:00,4,574.11,1.45,17.99,124.45,22.17,37.13,42.83,6.46
2021-05-18 14:30:00,4,634.19,1.82,22.62,113.01,27.18,33.54,39.58,7.35
2021-05-18 15:30:00,4,707.63,2.04,28.45,98.71,31.95,33.02,39.97,8.23
2021-05-18 16:30:00,4,814.44,2.12,36.67,83.69,36.72,35.16,43.32,9.5
2021-05-18 17:30:00,4,974.66,1.79,49.35,64.37,43.87,40.34,50.36,11.27
2021-05-18 18:30:00,5,1642.23,3.86,87.05,21.1,61.99,67.31,88.31,20.77
2021-05-18 19:30:00,5,2777.1,27.49,104.19,0.18,85.83,123.2,165.87,36.99
2021-05-18 20:30:00,5,3738.4,53.2,101.45,0,107.77,181.88,243.66,49.65
2021-05-18 21:30:00,5,4005.43,61.69,98.71,0,125.89,204.53,269.12,48.13
2021-05-18 22:30:00,5,3471.37,50.96,91.85,0,120.16,182.21,236.16,33.95
2021-05-18 23:30:00,5,2563.48,31.29,82.25,0,90.6,137.95,175.76,20.01
2021-05-19 00:30:00,5,1762.39,12.41,67.17,0.22,55.31,94.14,116.18,10.77
2021-05-19 01:30:00,5,1428.6,3.97,56.21,1.86,39.1,76.29,92.9,8.49
2021-05-19 02:30:00,5,1295.09,1.19,49.35,5.68,35.76,72.08,87.43,8.11
2021-05-19 03:30:00,5,1295.09,0.69,47.98,7.87,38.15,75.73,91.49,8.04
2021-05-19 04:30:00,5,1228.33,0.35,46.61,11.44,41.01,77.81,92.51,7.16
2021-05-19 05:30:00,5,1148.22,0.22,45.93,15.02,44.35,78.7,92.15,6.65
2021-05-19 06:30:00,5,1268.39,1.31,52.78,11.8,55.31,86.06,101.44,7.85
2021-05-19 07:30:00,5,1789.09,11.62,65.8,4.29,74.39,111.4,133.87,10.77
2021-05-19 08:30:00,5,2136.23,21.01,75.4,6.97,87.74,125.56,150.26,11.53
2021-05-19 09:30:00,5,1735.69,7.49,76.77,23.6,91.55,109.57,128.28,9.37
2021-05-19 10:30:00,5,1428.6,3.52,60.32,55.08,82.97,100.59,115.44,7.92
2021-05-19 11:30:00,5,1214.98,2.49,49.35,72.96,74.39,89.15,100.41,6.33
2021-05-19 12:30:00,5,1081.47,1.17,47.3,75.82,72.48,79.68,88.31,5.26
2021-05-19 13:30:00,5,1068.12,1.06,48.67,77.96,75.34,81.62,89.81,5.07
2021-05-19 14:30:00,5,1094.82,1.22,50.04,82.25,78.2,88.77,96.9,5.07
2021-05-19 15:30:00,5,1108.17,0.29,52.09,75.1,77.25,93.35,101.33,5
2021-05-19 16:30:00,5,1148.22,0.07,50.04,62.23,73.43,92.86,100.47,4.62
2021-05-19 17:30:00,5,1188.28,0.02,47.3,48.64,64.85,89.11,96.18,4.56
2021-05-19 18:30:00,5,1108.17,0.01,40.78,37.19,49.59,69.27,76.56,4.81
2021-05-19 19:30:00,5,1068.12,0.01,37.7,30.04,43.39,55.68,64.76,5.57
2021-05-19 20:30:00,5,1068.12,0.02,37.36,27.9,42.92,52.15,62.4,5.89
2021-05-19 21:30:00,4,1001.36,0.01,35.3,28.61,41.49,49.1,58.65,5.26
2021-05-19 22:30:00,4,894.55,0.01,31.53,30.76,36.72,44.26,51.83,4.24
2021-05-19 23:30:00,4,761.03,0,28.45,31.83,31.47,35.49,40.27,2.82
2021-05-20 00:30:00,4,627.52,0,23.31,35.05,27.42,26.05,28.81,2.01
2021-05-20 01:30:00,4,620.84,0,18.68,31.11,25.03,25.92,28.57,2.15
2021-05-20 02:30:00,4,700.95,0.01,17.65,21.99,24.32,33.36,36.19,2.31
2021-05-20 03:30:00,4,734.33,0.01,17.82,22.35,23.84,35.73,38.87,2.6
2021-05-20 04:30:00,4,660.9,0,16.79,30.4,23.37,28.36,31.5,2.66
2021-05-20 05:30:00,3,574.11,0,16.45,36.48,23.13,20.75,23.95,2.79
2021-05-20 06:30:00,2,574.11,0.01,19.02,35.41,24.32,19.09,24.21,3.93
2021-05-20 07:30:00,4,734.33,0.14,27.42,28.97,30.52,27.1,36.65,6.27
2021-05-20 08:30:00,4,934.6,0.78,35.99,26.11,37.19,45.18,58.71,7.85
2021-05-20 09:30:00,5,1108.17,2.77,40.1,41.49,49.11,103.63,119.69,7.28
2021-05-20 10:30:00,5,1228.33,3.13,37.36,86.55,63.9,204.8,222.25,5.32
2021-05-20 11:30:00,5,1201.63,2.24,26.73,150.2,61.99,236.79,252.12,5.57
2021-05-20 12:30:00,5,988.01,1.31,15.77,185.97,44.35,180.67,191.53,6.02
2021-05-20 13:30:00,5,867.84,1.05,12.68,200.27,37.19,143.77,153.16,6.59
2021-05-20 14:30:00,5,801.09,0.99,12.17,208.86,34.33,125.69,134.9,6.84
2021-05-20 15:30:00,5,907.9,1.54,19.54,208.86,40.05,124.63,136.43,9.25
2021-05-20 16:30:00,5,1174.93,2.35,34.96,194.55,50.07,131.34,147.87,13.3
2021-05-20 17:30:00,5,1575.47,2.68,59.63,155.93,64.85,135.72,158.31,18.75
2021-05-20 18:30:00,5,2323.15,1.66,94.59,90.12,82.02,158.13,193.04,28.63
2021-05-20 19:30:00,5,3417.97,1.12,124.75,21.64,93.46,205.21,260.74,41.04
2021-05-20 20:30:00,5,4219.06,15.65,126.12,0.29,93.46,240.57,313.04,44.08
2021-05-20 21:30:00,5,5767.82,59.9,119.27,0,77.25,316.37,425.65,38
2021-05-20 22:30:00,5,7156.37,101.92,108.3,0,67.71,394.96,531.09,32.93
2021-05-20 23:30:00,5,7476.81,121.59,97.33,0,58.17,414.48,548.7,25.59
2021-05-21 00:30:00,5,6782.53,116.23,86.37,0,43.39,373.37,480.61,15.96
2021-05-21 01:30:00,5,5821.23,91.2,73.34,0,32.42,325.65,411.57,10.13
2021-05-21 02:30:00,5,4699.71,60.8,61.69,0,27.66,271.43,339.83,7.47
2021-05-21 03:30:00,5,2910.61,16.54,65.12,0.02,33.85,179.82,218.81,8.36
2021-05-21 04:30:00,5,2563.48,10.95,59.63,0.04,29.33,156.28,191.47,8.49
2021-05-21 05:30:00,5,2403.26,13.08,53.47,0.02,27.9,143.49,177.69,8.87
2021-05-21 06:30:00,5,2536.77,24.14,49.35,0.39,33.38,142.2,179.61,11.27
2021-05-21 07:30:00,5,3257.75,50.07,52.78,2.03,48.16,164.81,212.98,16.21
2021-05-21 08:30:00,5,3952.03,71.53,71.29,2.71,68.67,187.81,243.2,19.25
2021-05-21 09:30:00,5,1949.31,21.68,111.04,13.05,186.92,163.63,203.88,11.15
2021-05-21 10:30:00,5,1562.12,30.85,131.61,21.28,274.66,169.66,214.43,8.99
2021-05-21 11:30:00,5,1308.44,29.06,128.87,38.62,274.66,157.68,199.64,8.87
2021-05-21 12:30:00,5,961.3,14.75,67.17,133.04,165.94,126.53,157.17,6.84
2021-05-21 13:30:00,5,881.2,3.86,38.39,237.47,108.72,131.52,155.24,6.14
2021-05-21 14:30:00,5,881.2,1.98,27.08,297.55,87.74,138.97,159.98,6.46
2021-05-21 15:30:00,5,1054.76,1.98,32.22,317.57,79.16,150.85,173.95,9.37
2021-05-21 16:30:00,5,1388.55,2.6,51.41,294.69,78.2,162.64,191.35,13.3
2021-05-21 17:30:00,5,1735.69,2.68,77.46,231.74,79.16,163.37,198.18,16.97
2021-05-21 18:30:00,5,2349.85,1.37,111.04,145.91,82.97,175,220.67,24.83
2021-05-21 19:30:00,5,3231.05,0.07,130.24,69.38,81.06,206.92,270.16,34.96
2021-05-21 20:30:00,5,3738.4,0.01,131.61,30.04,73.43,230.34,306,39.01
2021-05-21 21:30:00,5,4005.43,1.54,124.75,10.01,61.99,242.18,326.88,34.45
2021-05-21 22:30:00,5,4219.06,10.95,115.16,0.5,54.36,262.07,353.71,29.39
2021-05-21 23:30:00,5,4272.46,19.67,105.56,0.03,45.78,266.79,352.19,21.28
2021-05-22 00:30:00,5,3738.4,15.65,94.59,0.07,32.42,239.55,306.2,12.79
2021-05-22 01:30:00,5,2990.72,5.2,77.46,1.07,24.08,208.67,259.6,9.25
2021-05-22 02:30:00,5,2403.26,0.75,59.63,7.51,20.74,185.87,228.6,8.23
2021-05-22 03:30:00,5,2189.64,0.47,50.04,9.12,20.27,183.9,225.99,7.03
2021-05-22 04:30:00,5,2323.15,2.18,47.98,2.86,21.94,199.79,245.95,7.6
2021-05-22 05:30:00,5,2510.07,6.37,48.67,0.69,26.23,219.12,270.29,9.75
2021-05-22 06:30:00,5,2990.72,17.66,53.47,0.94,36.24,249.64,309.95,14.95
2021-05-22 07:30:00,5,4325.87,49.17,69.92,6.53,51.5,319.6,401.93,23.56
2021-05-22 08:30:00,5,5340.58,55.88,115.16,31.83,63.9,388.71,481.77,31.41
2021-05-22 09:30:00,5,1762.39,6.43,58.26,175.95,91.55,209.15,252.28,14.19
2021-05-22 10:30:00,5,1668.93,3.91,46.61,274.66,96.32,229.13,272.29,13.93
2021-05-22 11:30:00,5,1869.2,2.15,37.7,423.43,115.4,295.83,341,14.19
2021-05-22 12:30:00,5,1228.33,1.24,21.94,400.54,91.55,216.15,265.72,10.89
2021-05-22 13:30:00,5,988.01,0.88,16.79,389.1,74.39,186.01,243.27,8.99
2021-05-22 14:30:00,5,1014.71,0.8,18.85,417.71,81.06,200.94,261.48,8.49
2021-05-22 15:30:00,5,2269.75,2.65,71.97,377.66,93.46,287.05,365.28,21.03
2021-05-22 16:30:00,5,4325.87,3.58,152.17,371.93,120.16,453.17,558.41,39.01
2021-05-22 17:30:00,5,6515.5,2.63,249.51,360.49,165.94,637.06,766.54,60.8
2021-05-22 18:30:00,5,8758.55,0.89,337.24,288.96,228.88,834.24,986.51,88.16
2021-05-22 19:30:00,5,10574.34,0.04,372.89,140.19,278.47,1013.78,1192.18,110.45
2021-05-22 20:30:00,5,10681.15,0.01,389.34,38.98,263.21,969.74,1164.52,120.58
2021-05-22 21:30:00,5,9506.23,3.3,361.92,3.53,213.62,762.38,950.9,123.62
2021-05-22 22:30:00,5,7690.43,11.51,285.15,0.18,150.68,535.27,706.24,110.45
2021-05-22 23:30:00,5,5233.76,14.98,186.44,0.29,80.11,308.15,439.77,69.92
2021-05-23 00:30:00,5,1428.6,0,54.15,36.84,19.31,88.33,167.86,20.52
2021-05-23 01:30:00,5,841.14,0,29.13,43.27,14.66,69.16,149.79,15.45
2021-05-23 02:30:00,5,700.95,0,22.28,43.27,14.9,67.47,146.31,13.81
2021-05-23 03:30:00,5,667.57,0,21.42,37.19,15.97,66.35,137.73,12.41
2021-05-23 04:30:00,5,654.22,0.01,21.94,30.04,16.69,63.57,128.56,11.27
2021-05-23 05:30:00,5,654.22,0.02,23.65,25.39,17.88,59.78,121.45,10.51
2021-05-23 06:30:00,5,781.06,0.8,29.47,19.85,22.89,62,127.95,11.91
2021-05-23 07:30:00,5,1081.47,7.15,36.67,19.67,30.99,72.53,150.33,17.23
2021-05-23 08:30:00,5,1255.04,11.06,43.53,32.19,36.72,77.52,161.81,20.27
2021-05-23 09:30:00,5,1001.36,7.1,37.01,69.38,40.05,70.37,154.79,16.97
2021-05-23 10:30:00,5,947.95,5.09,31.87,133.04,45.3,78.41,162.31,16.97
2021-05-23 11:30:00,5,921.25,2.63,24.68,226.02,50.07,99.66,182.62,16.72
2021-05-23 12:30:00,5,720.98,1.23,13.88,251.77,35.29,94.06,177.96,12.41
2021-05-23 13:30:00,5,687.6,1.02,12.68,266.08,28.37,86.29,168.85,11.78
2021-05-23 14:30:00,5,707.63,0.99,13.88,280.38,27.9,84.28,163.29,12.03
2021-05-23 15:30:00,5,1001.36,1.63,28.1,274.66,33.85,94.38,175.66,15.07
2021-05-23 16:30:00,5,1335.14,2.43,45.93,237.47,39.1,103.2,188.61,17.23
2021-05-23 17:30:00,5,1522.06,2.79,63.75,164.51,39.1,98.85,188.29,17.73
2021-05-23 18:30:00,5,1695.63,1.55,78.14,91.55,39.1,97.51,191.78,20.01
2021-05-23 19:30:00,5,1735.69,0.06,74.71,50.07,38.15,97.86,194.48,22.8
2021-05-23 20:30:00,5,1602.17,0,61.69,35.41,33.85,94.85,189.12,24.57
2021-05-23 21:30:00,5,1562.12,0.04,56.89,25.03,32.42,96.66,188.52,27.61
2021-05-23 22:30:00,5,1789.09,0.98,63.06,9.12,36.24,109.08,203.12,31.16
2021-05-23 23:30:00,5,1842.5,3.27,61.01,2.39,35.76,112.9,203.74,30.15
2021-05-24 00:30:00,5,1535.42,2.01,52.78,3.93,29.8,100.57,176.79,25.84
2021-05-24 01:30:00,5,1308.44,0.64,45.24,8.94,29.09,93.38,155.93,25.59
2021-05-24 02:30:00,5,1161.58,0.15,38.73,15.38,28.85,89.77,140.77,26.09
2021-05-24 03:30:00,5,1081.47,0.06,34.27,19.67,28.13,87.24,129.76,26.6
2021-05-24 04:30:00,5,1054.76,0.06,32.56,20.92,28.13,87.02,123.59,27.11
2021-05-24 05:30:00,5,1081.47,0.09,33.59,20.21,29.56,87.52,119.9,28.37
2021-05-24 06:30:00,5,1295.09,1.51,40.1,16.45,35.76,94.44,126.76,31.92
2021-05-24 07:30:00,5,1762.39,10.95,46.61,21.64,45.78,111.5,151.45,38.51
2021-05-24 08:30:00,5,1949.31,14.75,53.47,50.78,51.98,119.84,163.43,39.52
2021-05-24 09:30:00,5,1428.6,6.59,39.76,123.02,52.93,102.65,136.61,31.67
2021-05-24 10:30:00,5,1188.28,3.1,27.08,197.41,49.59,106.13,137.08,28.37
2021-05-24 11:30:00,5,974.66,1.82,18.68,237.47,43.39,100.88,129.49,24.07
2021-05-24 12:30:00,5,640.87,0.99,9.17,205.99,22.41,66.69,89.63,14.19
2021-05-24 13:30:00,5,580.79,0.96,8.48,197.41,19.31,61.19,84.21,11.53
2021-05-24 14:30:00,5,567.44,1.03,9.17,188.83,19.55,58.57,81.93,10.64
2021-05-24 15:30:00,5,821.11,2.29,20.91,181.68,28.37,67.18,93.98,13.81
2021-05-24 16:30:00,5,1188.28,3.35,37.01,178.81,36.72,80.88,113.05,17.73
2021-05-24 17:30:00,5,1548.77,3.97,57.58,145.91,41.96,89.47,126.27,21.28
2021-05-24 18:30:00,5,2002.72,2.46,80.88,92.98,50.55,104.29,149.84,26.6
2021-05-24 19:30:00,5,2323.15,0.11,85,52.21,57.22,120.68,176.29,32.93
2021-05-24 20:30:00,5,2349.85,0,74.03,39.34,57.7,129.36,190.05,36.48
2021-05-24 21:30:00,5,2296.45,0,67.17,39.7,57.7,133.72,194.58,38.51
2021-05-24 22:30:00,5,2109.53,0,58.26,47.92,54.84,127.25,183.59,37.49
2021-05-24 23:30:00,5,1562.12,0,43.87,65.8,42.44,99.35,143.01,29.89
2021-05-25 00:30:00,5,1028.06,0,29.13,85.12,30.99,72.4,101.93,22.55
2021-05-25 01:30:00,5,907.9,0,24.33,89.41,29.09,67.4,92.63,21.53
2021-05-25 02:30:00,5,894.55,0,23.31,87.26,30.28,67.36,91.5,21.79
2021-05-25 03:30:00,5,894.55,0,22.62,85.12,30.52,67.04,90.45,22.29
2021-05-25 04:30:00,5,881.2,0,22.28,85.12,30.99,64.99,87.09,22.55
2021-05-25 05:30:00,5,894.55,0,23.65,83.69,32.42,63.05,83.99,22.55
2021-05-25 06:30:00,5,1028.06,0.3,30.5,76.53,37.67,65.24,87.86,24.57
2021-05-25 07:30:00,5,1375.2,4.14,42.16,70.1,47.68,76.12,105.95,28.63
2021-05-25 08:30:00,5,1522.06,8.05,47.3,87.98,55.31,79.66,112.46,28.37
2021-05-25 09:30:00,5,1174.93,5.36,36.33,138.76,55.79,67.55,93.5,22.04
2021-05-25 10:30:00,5,1014.71,3.05,26.73,200.27,52.93,74.12,97.61,20.27
2021-05-25 11:30:00,5,834.47,1.82,19.19,240.33,47.21,71.65,91.45,16.72
2021-05-25 12:30:00,4,587.46,1.15,11.31,223.16,28.37,49.92,65.98,10.89
2021-05-25 13:30:00,4,514.03,1.16,10.28,200.27,22.65,42.57,60.56,8.87
2021-05-25 14:30:00,4,500.68,1.24,10.8,188.83,21.94,40.23,60.42,8.49
2021-05-25 15:30:00,4,774.38,2.54,22.96,180.24,31.47,48.97,72.67,12.16
2021-05-25 16:30:00,5,1148.22,3.63,39.07,177.38,39.58,62.51,91.38,16.72
2021-05-25 17:30:00,5,1495.36,4.19,58.26,147.34,43.87,71.79,104.3,20.27
2021-05-25 18:30:00,5,2162.93,3.52,89.11,84.4,53.88,93.76,136.86,27.87
2021-05-25 19:30:00,5,2990.72,0.82,112.41,21.64,68.67,131.78,194.37,39.52
2021-05-25 20:30:00,5,3417.97,7.26,104.19,1.68,76.29,161.27,239.53,47.12
2021-05-25 21:30:00,5,4058.84,23.47,93.22,0.06,87.74,201.48,295.62,55.22
2021-05-25 22:30:00,5,4859.92,42.92,90.48,0,100.14,253.57,366.46,61.3
2021-05-25 23:30:00,5,4806.52,48.28,89.11,0,91.55,250.25,361.67,53.2
2021-05-26 00:30:00,5,3952.03,39.34,84.31,0,71.53,198.08,291.46,37.49
2021-05-26 01:30:00,5,3471.37,33.53,76.77,0,64.85,176.65,259.49,31.41
2021-05-26 02:30:00,5,3337.86,32.19,67.86,0,64.85,175.91,254.74,29.64
2021-05-26 03:30:00,5,3231.05,30.4,62.38,0,64.85,179.67,258.29,28.88
2021-05-26 04:30:00,5,3391.27,33.98,58.26,0,65.8,197.86,278.25,29.89
2021-05-26 05:30:00,5,3791.81,46.05,54.84,0,65.8,230.38,313.6,32.42
2021-05-26 06:30:00,5,4646.3,75.1,51.41,0.26,73.43,284.67,381.14,43.06
2021-05-26 07:30:00,5,6942.75,146.63,59.63,2.21,101.09,403.16,539.92,66.88
2021-05-26 08:30:00,5,9292.6,187.76,128.87,10.46,125.89,529.78,696.55,81.06
2021-05-26 09:30:00,5,5020.14,33.98,149.43,105.86,112.53,334.12,417,55.22
2021-05-26 10:30:00,5,4325.87,9.05,116.53,320.44,125.89,410.34,487.46,46.61
2021-05-26 11:30:00,5,3685,2.63,63.06,566.48,133.51,505.67,577.97,38.51
2021-05-26 12:30:00,5,1735.69,1.34,28.79,486.37,100.14,251.07,288.85,22.8
2021-05-26 13:30:00,5,1188.28,1.23,23.31,434.88,80.11,172.38,199.94,17.73
2021-05-26 14:30:00,5,1028.06,1.26,23.65,400.54,73.43,143.49,167.49,16.47
2021-05-26 15:30:00,5,1668.93,3.16,53.47,331.88,73.43,147.9,181.85,22.8
2021-05-26 16:30:00,5,3044.13,5.7,106.93,288.96,83.92,200.16,255.15,32.93
2021-05-26 17:30:00,5,4539.49,6.93,174.11,231.74,97.28,264.99,341.19,40.53
2021-05-26 18:30:00,5,6675.72,6.31,260.47,107.29,119.21,363.79,474.63,54.21
2021-05-26 19:30:00,5,8651.73,19.89,301.6,5.32,141.14,467.16,626.54,70.93
2021-05-26 20:30:00,5,9078.98,52.75,249.51,0,148.77,502.88,692.22,82.08
2021-05-26 21:30:00,5,9506.23,71.53,230.31,0,156.4,553.11,762.95,95.25
2021-05-26 22:30:00,5,10360.72,90.3,233.05,0,167.85,631.89,867.96,106.39
2021-05-26 23:30:00,5,10360.72,105.5,227.57,0,158.31,638.57,874.88,102.34
2021-05-27 00:30:00,5,8865.36,97.45,211.12,0,125.89,530.43,724.58,86.13
2021-05-27 01:30:00,5,7263.18,79.57,189.19,0,98.23,419.45,573.65,78.02
2021-05-27 02:30:00,5,6034.85,64.37,165.88,0,82.97,350.61,476.22,78.02
2021-05-27 03:30:00,5,5180.36,54.09,141.2,0,72.48,305.19,413.02,74.98
2021-05-27 04:30:00,5,4699.71,50.07,117.9,0,62.94,288.08,385.86,64.85
2021-05-27 05:30:00,5,4646.3,52.75,101.45,0,57.7,290.5,384.36,56.24
2021-05-27 06:30:00,5,5340.58,76,91.85,0.48,63.9,335.5,441.54,54.72
2021-05-27 07:30:00,5,7797.24,141.26,105.56,3.98,94.41,474.98,615.84,69.92
2021-05-27 08:30:00,5,10253.91,162.72,205.64,19.67,127.79,646.58,806.76,82.08
2021-05-27 09:30:00,5,4539.49,30.85,180.96,123.02,217.44,353.6,414.65,54.21
2021-05-27 10:30:00,5,4325.87,15.42,175.48,286.1,282.29,456.68,514.54,48.64
2021-05-27 11:30:00,5,4325.87,5.53,124.75,577.93,301.36,644.68,704.13,37.49
2021-05-27 12:30:00,5,2910.61,1.72,51.41,698.09,228.88,537.82,581.95,22.55
2021-05-27 13:30:00,5,2483.37,0.96,33.24,766.75,196.46,518.81,559.86,20.77
2021-05-27 14:30:00,5,2403.26,0.8,32.22,801.09,188.83,521.81,564.21,21.79
2021-05-27 15:30:00,5,2376.56,0.75,36.33,789.64,177.38,501.19,544.94,22.8
2021-05-27 16:30:00,5,2563.48,0.73,52.09,778.2,192.64,514.48,560.03,24.57
2021-05-27 17:30:00,5,2883.91,0.52,70.6,743.87,204.09,520.84,568.65,25.08
2021-05-27 18:30:00,5,5928.04,0.36,165.88,457.76,202.18,666.79,752.71,42.05
2021-05-27 19:30:00,5,9292.6,0.04,244.02,161.65,186.92,879.13,1013.49,60.29
2021-05-27 20:30:00,5,10681.15,0.11,274.18,33.26,156.4,967.5,1120.43,69.92
2021-05-27 21:30:00,5,9933.47,6.09,235.8,1.43,118.26,899.51,1048.66,71.94
2021-05-27 22:30:00,5,8544.92,15.2,183.7,0.08,91.55,769.02,908.81,66.88
2021-05-27 23:30:00,5,6729.13,15.87,148.06,0.27,67.71,616.67,732.2,52.18
2021-05-28 00:30:00,5,4539.49,4.25,115.16,2.01,42.44,421.15,496.63,34.45
2021-05-28 01:30:00,5,3524.78,5.2,89.11,1.11,32.9,311.51,374.92,28.63
2021-05-28 02:30:00,5,2964.02,6.65,72.66,0.55,30.28,256.71,317.03,27.11
2021-05-28 03:30:00,5,2803.8,10.28,62.38,0.14,38.15,235.94,297.94,32.17
2021-05-28 04:30:00,5,2883.91,16.54,58.95,0.01,53.88,240.65,310.48,42.05
2021-05-28 05:30:00,5,3177.64,26.38,58.95,0,68.67,263.4,342.07,51.17
2021-05-28 06:30:00,5,3791.81,44.7,60.32,0.53,78.2,305.08,396.5,59.28
2021-05-28 07:30:00,5,5126.95,84.04,67.17,4.16,83.92,362.75,472.25,69.92
2021-05-28 08:30:00,5,6034.85,91.2,105.56,17.52,71.53,399.53,503.52,62.32
2021-05-28 09:30:00,5,1321.79,2.96,31.19,194.55,46.25,155.44,178.01,21.53
2021-05-28 10:30:00,5,1041.41,1.75,20.56,251.77,46.73,145.3,165.74,17.73
2021-05-28 11:30:00,5,1014.71,1.33,17.65,294.69,50.55,158,179.38,17.73
2021-05-28 12:30:00,5,894.55,1.03,14.22,303.27,44.35,147.96,169.47,15.33
2021-05-28 13:30:00,5,847.82,0.98,13.88,306.13,39.58,139.35,160.76,14.31
2021-05-28 14:30:00,5,834.47,0.99,14.91,306.13,38.15,132.29,154.32,14.19
2021-05-28 15:30:00,5,847.82,1.12,18.34,297.55,38.15,123.29,147.2,14.57
2021-05-28 16:30:00,5,961.3,1.4,28.1,283.24,43.87,119.9,147.63,15.96
2021-05-28 17:30:00,5,1121.52,1.43,43.87,254.63,52.45,116.67,148.52,17.99
2021-05-28 18:30:00,5,1869.2,0.89,87.74,191.69,72.48,140.32,183.92,27.11
2021-05-28 19:30:00,5,2964.02,0.05,120.64,108.72,94.41,180.2,240.87,39.01
2021-05-28 20:30:00,5,3364.56,0,119.27,60.8,94.41,194.13,265.12,43.57
2021-05-28 21:30:00,5,2750.4,0,89.11,55.79,64.85,173.44,237.42,40.53
2021-05-28 22:30:00,5,2189.64,0,67.86,56.51,42.44,152.74,204.32,38
2021-05-28 23:30:00,5,1762.39,0,55.52,57.94,33.38,135.33,173.99,33.44
2021-05-29 00:30:00,5,1214.98,0,35.3,89.41,29.56,112.71,136.27,26.09
2021-05-29 01:30:00,5,934.6,0,22.28,95.84,24.8,103.19,120.5,23.56
2021-05-29 02:30:00,5,841.14,0,17.31,91.55,21.7,99.91,115.46,23.81
2021-05-29 03:30:00,5,801.09,0,15.59,87.98,21.46,97.52,111.97,24.07
2021-05-29 04:30:00,5,754.36,0,14.91,77.25,20.74,81.83,94.08,23.05
2021-05-29 05:30:00,5,694.28,0,15.42,59.37,19.79,53.26,62.56,20.77
2021-05-29 06:30:00,4,680.92,0.16,18.51,43.99,21.46,33.32,41.64,19
2021-05-29 07:30:00,4,754.36,2.12,21.59,41.13,24.8,28.93,38.29,19
2021-05-29 08:30:00,4,787.74,3.86,21.42,62.94,27.42,30.66,40.33,17.99
2021-05-29 09:30:00,4,687.6,2.6,16.28,108.72,27.42,34.47,43.19,13.17
2021-05-29 10:30:00,4,660.9,1.58,12.51,157.36,27.9,45.55,55.03,11.78
2021-05-29 11:30:00,5,634.19,1.08,10.11,191.69,27.18,54.52,65.9,11.15
2021-05-29 12:30:00,5,580.79,0.82,8.05,197.41,22.41,56.99,78.46,9.88
2021-05-29 13:30:00,5,554.09,0.8,8.14,203.13,21.7,60.79,93.92,9.37
2021-05-29 14:30:00,5,547.41,0.84,9.17,208.86,22.89,64.39,106.77,9.25
2021-05-29 15:30:00,5,554.09,0.91,11.31,205.99,24.56,66.65,115.8,9.5
2021-05-29 16:30:00,5,587.46,1.08,16.79,200.27,30.52,68.17,120.23,10.01
2021-05-29 17:30:00,5,647.54,1.03,25.02,180.24,38.62,67.55,117.52,10.77
2021-05-29 18:30:00,5,867.84,0.49,40.1,147.34,48.64,72.21,116.74,13.93
2021-05-29 19:30:00,5,1108.17,0.02,43.18,118.73,49.11,80.88,122.88,18.49
2021-05-29 20:30:00,5,1134.87,0,36.67,107.29,45.3,84.69,127.45,21.28
2021-05-29 21:30:00,5,1028.06,0,29.47,98.71,38.15,79.97,117.32,22.04
2021-05-29 22:30:00,5,921.25,0,27.08,85.12,31.95,72.77,104.39,22.04
2021-05-29 23:30:00,5,794.41,0,23.65,83.69,26.46,66.55,88.77,20.01
2021-05-30 00:30:00,5,654.22,0,17.65,97.28,23.84,67.63,80.84,15.71
2021-05-30 01:30:00,5,634.19,0,14.57,105.86,23.37,75.84,87.06,14.44
2021-05-30 02:30:00,5,640.87,0,13.37,103,22.41,80.57,91.56,14.82
2021-05-30 03:30:00,5,654.22,0,13.71,94.41,22.17,83.26,94.13,15.71
2021-05-30 04:30:00,5,674.25,0,14.4,86.55,22.41,84.39,95.13,16.47
2021-05-30 05:30:00,5,700.95,0,15.77,77.25,22.41,82.69,93.08,17.48
2021-05-30 06:30:00,5,767.71,0.11,20.05,62.94,24.32,75.18,86.06,19.25
2021-05-30 07:30:00,5,894.55,1.79,26.05,51.5,28.61,65.81,78.58,22.04
2021-05-30 08:30:00,5,947.95,4.14,27.42,65.8,32.9,56.54,70.46,21.79
2021-05-30 09:30:00,5,841.14,3.63,23.65,108.72,35.76,50.42,65.5,18.24
2021-05-30 10:30:00,5,781.06,2.88,21.94,163.08,45.3,55.48,73.63,15.96
2021-05-30 11:30:00,5,747.68,2.32,22.62,226.02,62.94,70.28,90.62,14.69
2021-05-30 12:30:00,5,647.54,1.51,17.65,266.08,64.85,83.02,117.65,11.15
2021-05-30 13:30:00,5,600.82,1.1,14.22,277.52,56.27,88.01,134.64,9.37
2021-05-30 14:30:00,5,594.14,1.02,14.05,277.52,49.59,86.7,137.76,9.25
2021-05-30 15:30:00,5,614.17,1.01,15.77,266.08,44.35,84.18,139.08,10.01
2021-05-30 16:30:00,5,680.92,1.08,21.94,260.35,47.21,85.76,144.49,11.15
2021-05-30 17:30:00,5,767.71,0.96,33.24,243.19,55.79,87.78,151.05,12.41
2021-05-30 18:30:00,5,1361.85,0.63,78.14,194.55,85.83,110.92,182.22,19.51
2021-05-30 19:30:00,5,2243.04,0.04,119.27,124.45,120.16,148.97,230.92,30.15
2021-05-30 20:30:00,5,2696.99,0,119.27,72.24,116.35,168.93,256.94,36.48
2021-05-30 21:30:00,5,2403.26,0,82.94,58.65,75.34,152.79,234.76,35.47
2021-05-30 22:30:00,5,1949.31,0,56.21,54.36,45.3,130.12,200.6,33.44
2021-05-30 23:30:00,5,1668.93,0,47.3,46.49,32.42,112.57,170.77,30.65
2021-05-31 00:30:00,5,1375.2,0,41.13,42.92,25.51,96.35,142.19,26.35
2021-05-31 01:30:00,5,1241.68,0,37.7,40.05,25.03,90.47,129.84,24.57
2021-05-31 02:30:00,5,1134.87,0,32.9,39.34,23.84,86.48,122.3,22.04
2021-05-31 03:30:00,5,1068.12,0,29.82,38.62,23.6,84.75,118.94,19.51
2021-05-31 04:30:00,5,1028.06,0,28.45,37.91,24.56,83.78,116.88,17.48
2021-05-31 05:30:00,5,1014.71,0,29.13,36.48,26.23,83.95,116.38,16.47
2021-05-31 06:30:00,5,1148.22,0.42,35.64,32.54,30.99,89.61,124.37,18.75
2021-05-31 07:30:00,5,1575.47,5.92,47.98,30.04,41.49,106.56,148.86,26.6
2021-05-31 08:30:00,5,1842.5,12.41,58.26,50.78,54.36,118.43,165.39,30.15
2021-05-31 09:30:00,5,1308.44,8.16,50.72,111.58,78.2,103.19,150.02,21.79
2021-05-31 10:30:00,5,1121.52,5.2,43.53,185.97,86.78,110.81,162.05,18.24
2021-05-31 11:30:00,5,1014.71,2.68,31.87,283.24,85.83,132.15,187.52,15.96
2021-05-31 12:30:00,5,814.44,1.19,20.05,294.69,60.08,124.44,203.43,12.67
2021-05-31 13:30:00,5,720.98,0.99,16.62,268.94,43.87,111.38,211.25,11.4
2021-05-31 14:30:00,5,700.95,0.94,16.97,263.21,39.1,108.66,216.8,11.15
2021-05-31 15:30:00,5,1108.17,1.9,38.39,248.91,49.11,124.85,238.87,16.09
2021-05-31 16:30:00,5,1842.5,3.13,74.71,211.72,61.04,147.99,267.25,23.05
2021-05-31 17:30:00,5,2456.67,3.69,111.04,138.76,65.8,155.7,277.06,28.37
2021-05-31 18:30:00,5,3364.56,3.35,154.91,51.5,80.11,180.05,308.87,39.52
2021-05-31 19:30:00,5,4646.3,19,172.73,1.59,103,244.77,392.68,56.74
2021-05-31 20:30:00,5,5661.01,45.6,154.91,0,123.98,321.58,487.36,67.89
2021-05-31 21:30:00,5,6248.47,58.12,146.69,0,125.89,387.79,568.58,59.78
2021-05-31 22:30:00,5,5874.63,53.64,128.87,0,98.23,375.29,546.36,35.97
2021-05-31 23:30:00,5,4165.65,26.38,109.67,0.09,66.76,265.31,396.95,20.01
2021-06-01 00:30:00,5,2029.42,0.75,78.14,9.12,38.62,136.29,221.83,10.01
2021-06-01 01:30:00,5,1735.69,0.57,67.86,8.32,32.9,118.49,192.34,8.11
2021-06-01 02:30:00,5,2216.34,2.99,77.46,1.61,39.58,151.26,227.79,8.61
2021-06-01 03:30:00,5,3204.35,7.6,93.22,0.12,45.3,224.89,316.7,9.5
2021-06-01 04:30:00,5,3685,12.41,93.22,0.01,44.35,268.13,368.18,9.63
2021-06-01 05:30:00,5,3685,17.66,84.31,0,44.35,272.35,373.12,10.51
2021-06-01 06:30:00,5,3791.81,31.74,76.08,0.64,52.93,279.21,385.39,14.95
2021-06-01 07:30:00,5,4699.71,64.37,78.83,4.51,69.62,328.74,454.02,23.05
2021-06-01 08:30:00,5,5554.2,75.1,113.79,17.35,79.16,376.5,518.01,27.87
2021-06-01 09:30:00,5,2269.75,21.23,101.45,84.4,167.85,249.35,338.83,6.02
2021-06-01 10:30:00,5,1708.98,10.73,82.25,173.09,160.22,227.98,304.16,6.59
2021-06-01 11:30:00,5,1401.9,4.58,54.84,291.82,137.33,231.79,297.9,7.28
2021-06-01 12:30:00,5,988.01,1.57,26.73,334.74,86.78,177.71,232.65,6.84
2021-06-01 13:30:00,5,907.9,1.06,26.05,323.3,76.29,154.52,206.55,7.28
2021-06-01 14:30:00,5,1028.06,0.8,35.99,323.3,98.23,166.83,218.33,7.79
2021-06-01 15:30:00,5,1214.98,0.54,46.61,300.41,116.35,184.92,238.87,8.61
2021-06-01 16:30:00,5,1482.01,0.51,60.32,260.35,115.4,193.23,253.12,12.03
2021-06-01 17:30:00,5,1668.93,0.37,74.71,194.55,100.14,173.73,240.54,15.45
2021-06-01 18:30:00,5,3524.78,11.18,160.4,52.21,96.32,219.08,318.86,38
2021-06-01 19:30:00,5,6942.75,82.25,197.41,0.52,123.98,382.26,542.02,74.98
2021-06-01 20:30:00,5,10147.09,160.93,197.41,0,162.13,601.85,820.55,108.42
2021-06-01 21:30:00,5,11215.21,159.14,216.6,0,171.66,736.23,981.56,109.43
2021-06-01 22:30:00,5,10253.91,126.96,197.41,0,133.51,710.81,948.44,78.02
2021-06-01 23:30:00,5,8651.73,103.71,160.4,0,88.69,604.39,810.82,44.58
2021-06-02 00:30:00,5,6622.31,76,127.49,0,51.98,466.49,625.78,20.27
2021-06-02 01:30:00,5,5020.14,48.28,98.71,0,37.19,369.8,491.6,12.29
2021-06-02 02:30:00,5,3685,23.47,76.77,0.04,30.99,305.81,397.29,9.37
2021-06-02 03:30:00,5,2590.18,4.92,64.43,0.95,30.99,257.8,326.41,9.12
2021-06-02 04:30:00,5,2696.99,8.16,60.32,0.25,32.42,267.2,336.02,9.88
2021-06-02 05:30:00,5,3124.24,18.55,61.01,0.01,36.24,286.66,363.37,13.3
2021-06-02 06:30:00,5,3738.4,41.13,58.95,0.38,45.3,300.37,390.27,19
2021-06-02 07:30:00,5,4806.52,82.25,62.38,3.31,61.04,324.18,433.52,27.87
2021-06-02 08:30:00,5,5393.98,95.67,97.33,14.31,71.53,322.52,438.76,38
2021-06-02 09:30:00,5,1682.28,14.53,61.01,90.12,71.53,111.93,153.42,17.73
2021-06-02 10:30:00,5,1441.96,6.65,49.35,177.38,76.29,124.73,160.26,15.83
2021-06-02 11:30:00,5,1575.47,3.19,40.1,308.99,94.41,194.15,229.27,14.31
2021-06-02 12:30:00,5,1535.42,1.5,28.1,429.15,99.18,250.52,284.24,13.05
2021-06-02 13:30:00,5,1495.36,0.99,23.65,492.1,100.14,267.5,299.36,13.68
2021-06-02 14:30:00,5,1482.01,0.88,24.68,514.98,102.04,271.86,302.67,13.55
2021-06-02 15:30:00,5,1815.8,1.19,42.5,509.26,118.26,295.09,330.22,17.73
2021-06-02 16:30:00,5,2536.77,1.45,76.08,480.65,146.87,359.78,404.52,23.56
2021-06-02 17:30:00,5,3124.24,1.09,108.3,406.27,167.85,398.41,451.72,25.59
2021-06-02 18:30:00,5,4753.11,0.69,178.22,220.3,173.57,467.14,553.06,41.54
2021-06-02 19:30:00,5,7583.62,0.54,244.02,47.92,167.85,620.03,764.09,70.93
2021-06-02 20:30:00,5,10040.28,22.58,260.47,0.08,162.13,790.38,984.17,93.22
2021-06-02 21:30:00,5,11749.27,47.39,252.25,0,150.68,921.29,1150.12,93.22
2021-06-02 22:30:00,5,12603.76,67.95,227.57,0,141.14,1001.09,1250.45,89.17
2021-06-02 23:30:00,5,12496.95,82.25,200.15,0,123.98,1012.29,1257.99,76
2021-06-03 00:30:00,5,11535.65,82.25,180.96,0,98.23,959.73,1179.12,52.69
2021-06-03 01:30:00,5,10147.09,70.63,161.77,0,77.25,875.42,1066.02,35.47
2021-06-03 02:30:00,5,8331.3,46.94,141.2,0,60.08,751.87,912.94,25.84
2021-06-03 03:30:00,5,6835.94,31.29,120.64,0,51.5,661.56,799.58,22.04
2021-06-03 04:30:00,5,6462.1,31.29,109.67,0,50.07,648.56,777.88,20.77
2021-06-03 05:30:00,5,6729.13,36.21,108.3,0,50.07,679.57,810.45,20.27
2021-06-03 06:30:00,5,7690.43,56.77,108.3,0.42,58.17,753.02,900.29,26.6
2021-06-03 07:30:00,5,10467.53,123.38,122.01,2.48,86.78,925.96,1117.61,46.61
2021-06-03 08:30:00,5,13885.5,166.3,205.64,10.73,115.4,1172.44,1401.09,66.88
2021-06-03 09:30:00,5,4325.87,10.84,156.28,191.69,230.79,566.51,642.95,13.43
2021-06-03 10:30:00,5,3337.86,8.94,149.43,308.99,312.81,531.59,601.42,7.66
2021-06-03 11:30:00,5,2857.21,6.93,137.09,434.88,385.28,543.3,612.1,5.57
2021-06-03 12:30:00,5,2029.42,3.21,78.83,537.87,347.14,502.4,557.45,0.74
2021-06-03 13:30:00,5,1562.12,1.36,41.47,583.65,278.47,463.08,507.76,0
2021-06-03 14:30:00,5,1388.55,0.99,36.33,583.65,251.77,431.16,472.29,0
2021-06-03 15:30:00,5,1708.98,1.27,58.95,555.04,259.4,442.93,488.69,0
2021-06-03 16:30:00,5,2483.37,1.51,105.56,492.1,274.66,479.58,535.92,3.26
2021-06-03 17:30:00,5,3257.75,1.1,154.91,389.1,286.1,497.72,564.31,12.29
2021-06-03 18:30:00,5,3845.22,0.37,175.48,274.66,278.47,509.85,587.15,19
2021-06-03 19:30:00,5,4379.27,0.02,156.28,155.93,223.16,496.58,592.12,32.17
2021-06-03 20:30:00,5,4592.9,0,132.98,86.55,162.13,470.81,584.17,44.58
2021-06-03 21:30:00,5,5393.98,0.91,142.57,26.46,119.21,488.55,633.4,59.78
2021-06-03 22:30:00,5,6782.53,22.13,142.57,0.09,103,559.72,744.64,71.94
2021-06-03 23:30:00,5,7263.18,46.05,124.75,0,83.92,583.11,780.82,60.29
2021-06-04 00:30:00,5,6835.94,56.33,108.3,0,62.94,556.33,735.44,35.97
2021-06-04 01:30:00,5,6408.69,55.43,94.59,0,53.88,531.01,689.55,26.09
2021-06-04 02:30:00,5,5821.23,46.05,84.31,0,51.98,502.37,638.62,24.07
2021-06-04 03:30:00,5,5287.17,35.32,78.14,0,53.88,485.1,605.6,24.57
2021-06-04 04:30:00,5,5126.95,31.74,74.71,0,54.84,491.45,604.46,22.8
2021-06-04 05:30:00,5,5287.17,38,69.92,0,55.79,518.73,629.85,20.77
2021-06-04 06:30:00,5,5981.45,62.59,65.8,0.21,62.94,567.01,689.02,25.59
2021-06-04 07:30:00,5,8117.68,128.75,75.4,1.15,86.78,680.09,834.17,47.62
2021-06-04 08:30:00,5,10681.15,193.12,123.38,3.09,110.63,788.38,969.96,70.93
2021-06-04 09:30:00,5,3097.53,5.2,138.46,87.26,183.11,349.59,407.03,21.79
2021-06-04 10:30:00,5,2696.99,8.38,128.87,143.05,223.16,323.59,378.09,23.05
2021-06-04 11:30:00,5,2750.4,7.15,113.79,280.38,247.96,371.24,429.61,23.81
2021-06-04 12:30:00,5,1708.98,3.49,64.43,389.1,211.72,327.26,369.96,8.23
2021-06-04 13:30:00,5,1428.6,1.22,32.9,497.82,164.03,366.25,404.94,0.17
2021-06-04 14:30:00,5,1415.25,0.82,28.1,543.59,152.59,389.43,428.21,0
2021-06-04 15:30:00,5,1455.31,0.63,28.79,543.59,144.96,393.72,432.89,0
2021-06-04 16:30:00,5,1548.77,0.43,32.22,543.59,139.24,402.23,442.72,0
2021-06-04 17:30:00,5,1642.23,0.22,36.67,526.43,135.42,408.06,449.78,0.16
2021-06-04 18:30:00,5,3738.4,0.26,134.35,308.99,137.33,501.16,575.32,23.05
2021-06-04 19:30:00,5,6782.53,0.05,235.8,90.12,139.24,684.58,814.17,51.17
2021-06-04 20:30:00,5,8758.55,6.26,285.15,5.28,135.42,822.95,990.96,67.89
2021-06-04 21:30:00,5,9826.66,17.88,287.89,0.07,129.7,915.91,1099.35,76
2021-06-04 22:30:00,5,10467.53,27.72,282.41,0.01,122.07,982.54,1173.81,77.01
2021-06-04 23:30:00,5,10467.53,36.21,268.7,0,105.86,983.74,1165.83,62.82
2021-06-05 00:30:00,5,9078.98,26.15,241.28,0.02,78.2,878.99,1029.69,39.01
2021-06-05 01:30:00,5,7797.24,8.94,216.6,0.67,64.85,797.94,921.78,28.88
2021-06-05 02:30:00,5,7476.81,1.79,202.89,3.89,68.67,791.84,903.46,28.12
2021-06-05 03:30:00,5,7797.24,0.49,200.15,6.26,79.16,835.78,944.6,30.91
2021-06-05 04:30:00,5,7583.62,1.93,189.19,2.59,83.92,835.7,943.58,33.95
2021-06-05 05:30:00,5,6835.94,5.14,167.25,0.86,82.02,783.81,887.97,36.99
2021-06-05 06:30:00,5,6835.94,20.56,156.28,1.48,88.69,788.23,900.77,46.1
2021-06-05 07:30:00,5,9933.47,64.37,191.93,7.33,115.4,1013.16,1159.72,66.88
2021-06-05 08:30:00,5,13885.5,54.99,282.41,55.08,127.79,1405.77,1579.32,67.89
2021-06-05 09:30:00,5,3524.78,5.03,93.22,251.77,301.36,571.51,627.71,3.86
2021-06-05 10:30:00,5,1895.9,3.05,49.35,308.99,186.92,317,354.08,9.75
2021-06-05 11:30:00,5,1268.39,1.87,30.5,354.77,131.61,221.13,250.51,11.53
2021-06-05 12:30:00,5,867.84,1.15,18.34,346.18,92.51,182.31,208.6,6.52
2021-06-05 13:30:00,5,807.76,0.85,14.91,340.46,69.62,175.44,201.04,5.7
2021-06-05 14:30:00,5,807.76,0.73,14.22,323.3,55.31,166.64,191.58,6.14
2021-06-05 15:30:00,5,794.41,0.65,13.2,288.96,42.44,150.13,175.88,7.16
2021-06-05 16:30:00,5,814.44,0.61,14.05,260.35,36.24,147.5,174.64,8.36
2021-06-05 17:30:00,5,847.82,0.45,16.28,240.33,32.42,153.07,181.65,9.5
2021-06-05 18:30:00,5,1228.33,0.36,39.07,177.38,33.38,158,194.2,15.33
2021-06-05 19:30:00,5,1735.69,0.04,61.01,104.43,37.19,157.67,206.21,23.05
2021-06-05 20:30:00,5,2029.42,0,73.34,56.51,39.58,150.15,207.77,28.37
2021-06-05 21:30:00,5,2162.93,0,78.14,33.98,41.01,146.83,208.44,31.41
2021-06-05 22:30:00,5,2189.64,0.02,77.46,23.96,41.01,146.6,209.17,32.42
2021-06-05 23:30:00,5,2002.72,0.04,71.97,21.46,36.24,134.73,191.98,28.88
2021-06-06 00:30:00,5,1869.2,0.6,69.23,11.27,29.56,124.44,177.12,23.05
2021-06-06 01:30:00,5,2029.42,4.47,65.8,1.43,30.04,132.79,188.99,22.04
2021-06-06 02:30:00,5,2376.56,13.19,61.69,0.05,35.29,154.11,218.81,24.57
2021-06-06 03:30:00,5,2830.51,24.59,58.26,0,43.39,184.25,260.18,28.63
2021-06-06 04:30:00,5,2830.51,29.5,49.35,0,40.05,188.13,264.85,27.11
2021-06-06 05:30:00,5,2403.26,27.27,39.41,0,32.9,160.52,229.79,24.57
2021-06-06 06:30:00,5,2029.42,26.38,35.3,0.42,33.38,128.7,192.9,28.12
2021-06-06 07:30:00,5,2616.88,47.83,40.78,3.53,45.78,144.76,222.76,38
2021-06-06 08:30:00,5,3204.35,56.33,67.17,16.09,57.7,166.69,254.6,43.06
2021-06-06 09:30:00,5,1255.04,6.59,44.55,133.04,64.85,93.94,134.86,22.04
2021-06-06 10:30:00,5,1108.17,2.74,28.79,226.02,61.04,110.67,145.89,19.51
2021-06-06 11:30:00,5,1054.76,1.23,17.82,308.99,57.22,137.13,170.4,18.75
2021-06-06 12:30:00,5,794.41,0.8,10.63,271.8,36.72,108.16,135.37,13.81
2021-06-06 13:30:00,5,674.25,0.75,9.08,237.47,26.94,89.44,112.86,11.27
2021-06-06 14:30:00,5,640.87,0.74,9,223.16,24.08,84.32,105.69,10.26
2021-06-06 15:30:00,5,600.82,0.73,9.25,200.27,21.46,74.8,93.94,9.25
2021-06-06 16:30:00,5,594.14,0.75,11.31,178.81,20.27,65.16,82.59,8.87
2021-06-06 17:30:00,5,620.84,0.62,14.74,164.51,20.03,59.97,76.92,9.37
2021-06-06 18:30:00,5,1976.01,2.63,87.74,67.95,43.87,101.96,141.24,24.07
2021-06-06 19:30:00,5,3791.81,22.58,126.12,2.08,74.39,180.08,257.63,42.56
2021-06-06 20:30:00,5,5126.95,57.22,111.04,0,95.37,260.87,374.1,57.76
2021-06-06 21:30:00,5,6729.13,90.3,108.3,0,115.4,365,516.26,73.97
2021-06-06 22:30:00,5,8224.49,119.81,106.93,0,125.89,471.29,649.63,81.06
2021-06-06 23:30:00,5,8758.55,132.32,104.19,0,114.44,520.42,698.02,69.92
2021-06-07 00:30:00,5,8224.49,121.59,98.71,0,90.6,487.76,642.64,50.66
2021-06-07 01:30:00,5,7370,103.71,93.22,0,85.83,445.91,584.16,46.61
2021-06-07 02:30:00,5,6462.1,82.25,89.11,0,93.46,405.54,531.24,50.66
2021-06-07 03:30:00,5,5554.2,60.8,86.37,0,100.14,365.49,478.84,55.73
2021-06-07 04:30:00,5,4806.52,44.7,79.51,0,82.97,331.06,426.99,50.16
2021-06-07 05:30:00,5,4165.65,36.21,70.6,0,62.94,296.44,372.58,41.04
2021-06-07 06:30:00,5,3578.19,33.53,63.75,0.67,59.61,251.62,311.94,38.51
2021-06-07 07:30:00,5,4379.27,56.77,73.34,5.81,78.2,282.17,357.5,51.17
2021-06-07 08:30:00,5,5233.76,55.88,115.16,27.9,96.32,326.9,415.07,58.26
2021-06-07 09:30:00,5,2029.42,7.38,69.23,170.23,113.49,166.61,203.81,27.61
2021-06-07 10:30:00,5,1642.23,3.19,43.87,283.24,106.81,170.4,205.66,22.29
2021-06-07 11:30:00,5,1375.2,1.5,27.08,371.93,93.46,181.36,215.47,18.49
2021-06-07 12:30:00,5,881.2,0.88,14.05,300.41,51.5,116.66,137.82,11.78
2021-06-07 13:30:00,5,714.3,0.78,11.65,248.91,35.76,84.07,98.99,9.88
2021-06-07 14:30:00,5,667.57,0.73,11.48,223.16,32.42,73.68,86.85,9.5
2021-06-07 15:30:00,5,687.6,0.84,14.22,203.13,32.9,67.32,80.6,10.01
2021-06-07 16:30:00,5,767.71,1.05,21.94,200.27,41.01,69.22,84.11,11.53
2021-06-07 17:30:00,5,881.2,0.91,31.53,194.55,52.45,73.3,90.1,13.17
2021-06-07 18:30:00,5,2296.45,0.96,94.59,134.47,86.78,126.84,166.31,29.39
2021-06-07 19:30:00,5,4112.24,0.12,152.17,51.5,118.26,210.71,282.06,48.64
2021-06-07 20:30:00,5,5020.14,2.32,175.48,5.41,129.7,261.9,352.56,55.73
2021-06-07 21:30:00,5,4753.11,2.18,164.51,4.6,122.07,260.71,351.13,51.68
2021-06-07 22:30:00,5,4058.84,0.09,134.35,19.13,116.35,244.35,321.55,44.08
2021-06-07 23:30:00,5,3364.56,0,104.19,43.99,104.9,216.71,274.71,35.97
2021-06-08 00:30:00,5,2349.85,0,67.17,80.11,91.55,170.69,208.08,25.84
2021-06-08 01:30:00,5,1708.98,0,41.13,95.84,77.25,144.88,174.5,22.8
2021-06-08 02:30:00,5,1401.9,0,29.47,95.84,63.9,136.09,163.95,23.31
2021-06-08 03:30:00,5,1281.74,0,25.02,89.41,50.07,129.71,156,24.07
2021-06-08 04:30:00,5,1161.58,0,23.65,71.53,35.29,111.28,137.48,23.31
2021-06-08 05:30:00,5,947.95,0,25.71,38.27,25.99,76.75,116.4,23.56
2021-06-08 06:30:00,5,807.76,0.73,30.85,18.24,27.42,52.57,106.86,25.84
2021-06-08 07:30:00,5,867.84,5.48,31.87,21.46,32.9,47.84,110.78,25.59
2021-06-08 08:30:00,5,854.49,7.49,30.5,44.35,34.33,45.64,114.55,23.05
2021-06-08 09:30:00,5,514.03,2.79,15.59,82.25,22.41,36.24,111.62,13.55
2021-06-08 10:30:00,5,427.25,1.57,11.14,107.29,19.31,36.19,123.27,10.01
2021-06-08 11:30:00,5,377.18,1.08,8.82,117.3,16.93,37.67,140.12,7.79
2021-06-08 12:30:00,5,323.77,0.81,6.6,114.44,12.76,39.9,170.15,5.57
2021-06-08 13:30:00,5,320.44,0.86,6.6,114.44,12.4,44.43,199.35,4.69
2021-06-08 14:30:00,5,327.11,0.95,7.2,115.87,13.35,47.13,211.36,4.62
2021-06-08 15:30:00,5,363.83,1.24,9.6,114.44,16.21,49.71,218.24,5.26
2021-06-08 16:30:00,5,433.92,1.62,14.74,113.01,20.5,52.16,219.7,6.59
2021-06-08 17:30:00,5,507.36,1.65,20.91,103,23.13,52.16,212.89,7.79
2021-06-08 18:30:00,5,1174.93,2.43,57.58,61.51,39.1,68.98,224.47,17.23
2021-06-08 19:30:00,5,1922.61,1.24,87.05,15.2,53.88,94.13,250.35,28.63
2021-06-08 20:30:00,5,2243.04,7.71,80.88,0.91,58.65,107.93,258.53,35.47
2021-06-08 21:30:00,5,2243.04,13.3,71.29,0.11,58.17,109.91,247.49,37.49
2021-06-08 22:30:00,5,2029.42,11.29,65.8,0.23,52.93,99.61,220.34,35.47
2021-06-08 23:30:00,5,1508.71,3.91,59.63,3.31,40.05,76.06,178.36,28.63
2021-06-09 00:30:00,5,894.55,0.06,40.44,22.35,25.99,52.49,143.22,21.28
2021-06-09 01:30:00,5,634.19,0,26.39,40.41,20.5,44.59,134.79,19.25
2021-06-09 02:30:00,5,507.36,0,19.54,50.78,19.31,40.78,127.33,18.24
2021-06-09 03:30:00,5,410.56,0,15.08,57.22,18.6,34.04,106.34,16.47
2021-06-09 04:30:00,4,383.85,0,13.88,53.64,17.88,27.7,83.45,15.33
2021-06-09 05:30:00,4,380.52,0,14.05,49.35,18.12,23.98,73.21,14.57
2021-06-09 06:30:00,4,433.92,0.18,17.65,45.06,21.46,25.04,79.85,15.07
2021-06-09 07:30:00,4,567.44,2.32,22.28,43.63,27.18,30.15,96.34,16.97
2021-06-09 08:30:00,5,634.19,4.41,23.65,59.37,30.99,35.14,113.86,17.23
2021-06-09 09:30:00,5,547.41,2.96,17.48,91.55,26.94,37.87,135.64,13.81
2021-06-09 10:30:00,5,500.68,1.84,14.05,125.89,26.46,44.79,165.69,12.16
2021-06-09 11:30:00,5,453.95,1.29,11.65,148.77,25.27,50.92,193.03,10.64
2021-06-09 12:30:00,5,390.53,0.95,9,145.91,20.03,57.74,240.29,7.73
2021-06-09 13:30:00,5,383.85,0.94,9,141.62,18.84,61.9,257.66,6.59
2021-06-09 14:30:00,5,390.53,0.98,10.03,138.76,19.31,62.7,256.86,6.46
2021-06-09 15:30:00,5,447.27,1.29,14.22,131.61,23.13,63.7,253.41,7.28
2021-06-09 16:30:00,5,594.14,1.82,23.99,124.45,30.99,66.27,249.14,9.5
2021-06-09 17:30:00,5,747.68,1.87,35.64,107.29,36.24,67.2,241.22,11.78
2021-06-09 18:30:00,5,1895.9,4.58,93.22,43.27,58.65,99.01,278.35,25.59
2021-06-09 19:30:00,5,3471.37,25.48,122.01,1.15,87.74,158.06,358.98,44.58
2021-06-09 20:30:00,5,4432.68,54.99,105.56,0,104.9,205.07,418.44,56.74
2021-06-09 21:30:00,5,5500.79,82.25,100.08,0,120.16,260.1,485.09,66.88
2021-06-09 22:30:00,5,6622.31,107.29,106.93,0,127.79,322.33,569.43,72.96
2021-06-09 23:30:00,5,6782.53,114.44,113.79,0,106.81,325.89,577.53,62.82
2021-06-10 00:30:00,5,5447.39,89.41,106.93,0,72.48,248.33,455.24,43.06
2021-06-10 01:30:00,5,4058.84,56.33,90.48,0,56.27,183.23,349.22,33.95
2021-06-10 02:30:00,5,3044.13,31.29,77.46,0.01,51.02,152.21,294.24,30.65
2021-06-10 03:30:00,5,2029.42,4.02,72.66,4.51,47.21,128.17,244.27,28.63
2021-06-10 04:30:00,5,1575.47,0.01,56.89,29.33,48.64,138.21,233.67,27.87
2021-06-10 05:30:00,5,1148.22,0,35.64,50.07,47.68,126.13,184.67,26.09
2021-06-10 06:30:00,5,961.3,0.21,31.19,49.35,48.16,83.67,111.66,23.05
2021-06-10 07:30:00,5,1161.58,2.63,40.1,53.64,54.84,71.81,93.45,21.53
2021-06-10 08:30:00,5,1214.98,4.92,41.81,83.69,58.17,70.23,91.81,18.49
2021-06-10 09:30:00,5,881.2,3.63,30.5,130.18,61.04,63.41,89.56,12.29
2021-06-10 10:30:00,5,781.06,2.85,25.71,174.52,61.99,67.18,96.95,10.51
2021-06-10 11:30:00,5,720.98,2.07,21.59,217.44,63.9,77.85,114.09,9.37
2021-06-10 12:30:00,5,674.25,1.4,17.82,243.19,59.61,88.39,141.3,8.61
2021-06-10 13:30:00,5,687.6,1.23,20.91,263.21,65.8,99.13,165.01,8.49
2021-06-10 14:30:00,5,734.33,1.17,28.79,283.24,83.92,111.32,188.58,8.49
2021-06-10 15:30:00,5,794.41,1.15,37.36,291.82,102.04,123.83,215.84,8.87
2021-06-10 16:30:00,5,854.49,1.27,50.04,283.24,125.89,129.41,233.14,9.37
2021-06-10 17:30:00,5,894.55,1.12,62.38,234.6,144.96,117.41,222.66,10.01
2021-06-10 18:30:00,5,1041.41,0.59,69.92,141.62,137.33,89.49,185.01,13.68
2021-06-10 19:30:00,5,1228.33,0.04,63.06,82.97,102.04,71.72,147.92,18.49
2021-06-10 20:30:00,5,1268.39,0,52.78,65.09,76.29,64.12,121.86,20.52
2021-06-10 21:30:00,5,1148.22,0,39.76,67.23,55.31,51.36,90.39,19.51
2021-06-10 22:30:00,4,1028.06,0,33.24,70.81,45.3,42.03,72.21,17.99
2021-06-10 23:30:00,4,907.9,0,29.13,72.96,39.58,36.88,68.21,16.09
2021-06-11 00:30:00,4,781.06,0,23.65,76.53,33.38,35.74,68.17,14.57
2021-06-11 01:30:00,4,761.03,0,21.25,75.1,31.95,38.41,67.36,15.07
2021-06-11 02:30:00,4,774.38,0,20.91,70.81,32.9,41.5,62.38,15.96
2021-06-11 03:30:00,4,814.44,0,22.62,64.37,36.72,45.4,59.64,16.47
2021-06-11 04:30:00,4,854.49,0,24.33,57.94,38.62,48.64,59.1,15.96
2021-06-11 05:30:00,5,894.55,0,26.05,52.93,40.05,52.54,61.55,13.93
2021-06-11 06:30:00,5,988.01,0.16,31.53,47.21,47.21,63.57,73.27,10.64
2021-06-11 07:30:00,5,1188.28,1.9,43.53,38.98,61.99,82.46,94.97,11.78
2021-06-11 08:30:00,5,1321.79,3.16,57.58,36.48,76.29,92.12,106.59,13.81
2021-06-11 09:30:00,5,1255.04,2.38,66.49,38.98,92.51,90.12,104.6,13.43
2021-06-11 10:30:00,5,1214.98,2.99,69.92,49.35,105.86,88.83,104.52,13.81
2021-06-11 11:30:00,5,1201.63,3.13,71.97,65.8,115.4,91.7,109.82,14.31
2021-06-11 12:30:00,5,1041.41,2.15,55.52,87.26,91.55,90.35,147.63,13.17
2021-06-11 13:30:00,5,988.01,2.18,54.84,98.71,90.6,94.1,192.59,13.17
2021-06-11 14:30:00,5,1054.76,2.6,69.23,111.58,118.26,103.56,221.25,13.93
2021-06-11 15:30:00,5,1121.52,2.93,75.4,138.76,139.24,117.64,242.94,14.19
2021-06-11 16:30:00,5,1201.63,3.49,89.11,158.79,171.66,130.76,250.94,14.31
2021-06-11 17:30:00,5,1241.68,3.24,108.3,153.07,209.81,136.08,253.21,13.68
2021-06-11 18:30:00,5,1255.04,1.45,113.79,121.59,221.25,125.07,232.51,14.44
2021-06-11 19:30:00,5,1201.63,0.07,78.14,92.98,146.87,94.3,172.51,17.48
2021-06-11 20:30:00,5,1108.17,0,48.67,82.97,80.11,75.51,128.23,19.25
2021-06-11 21:30:00,5,1014.71,0,35.99,80.82,54.84,70.6,113.22,19.25
2021-06-11 22:30:00,5,988.01,0,32.9,80.82,46.25,68.99,108.65,19
2021-06-11 23:30:00,5,947.95,0,30.85,87.26,42.44,67.86,98.4,17.73
2021-06-12 00:30:00,5,934.6,0,25.02,107.29,37.19,74.77,93.43,16.97
2021-06-12 01:30:00,5,921.25,0,17.31,131.61,31.47,88.18,99.71,16.97
2021-06-12 02:30:00,5,827.79,0,14.4,141.62,28.85,86.89,95.56,15.83
2021-06-12 03:30:00,5,741.01,0,14.05,141.62,28.85,78.05,85.93,13.68
2021-06-12 04:30:00,5,741.01,0,14.74,143.05,34.33,81.89,88.75,10.64
2021-06-12 05:30:00,5,807.76,0,16.97,128.75,40.53,84.67,89.88,7.73
2021-06-12 06:30:00,5,854.49,0.05,21.25,108.72,40.53,66.47,72.09,6.65
2021-06-12 07:30:00,5,921.25,0.83,26.73,103,41.01,54.32,64.16,7.79
2021-06-12 08:30:00,5,961.3,2.26,27.08,115.87,41.01,51.75,62.45,8.36
2021-06-12 09:30:00,5,894.55,1.87,18.51,150.2,33.85,51.68,60.7,7.41
2021-06-12 10:30:00,5,881.2,1.29,13.71,185.97,31.95,58.74,68.58,7.79
2021-06-12 11:30:00,5,847.82,0.91,10.88,211.72,30.04,65.61,77.06,8.04
2021-06-12 12:30:00,5,794.41,0.73,8.91,211.72,25.51,68.25,85.08,8.23
2021-06-12 13:30:00,5,767.71,0.78,10.03,214.58,28.37,70.34,91.83,8.23
2021-06-12 14:30:00,5,774.38,0.85,12.51,223.16,34.81,71.78,93.33,7.85
2021-06-12 15:30:00,5,801.09,0.99,16.62,226.02,42.92,72.01,92.21,7.6
2021-06-12 16:30:00,5,827.79,1.12,21.94,214.58,50.55,70.11,88.8,7.6
2021-06-12 17:30:00,5,854.49,0.96,26.73,185.97,51.02,63.68,80.93,7.79
2021-06-12 18:30:00,5,934.6,0.45,34.27,147.34,56.74,58.59,75.79,9.12
2021-06-12 19:30:00,5,1028.06,0.03,36.67,118.73,60.08,60.37,78.28,11.4
2021-06-12 20:30:00,5,1094.82,0,32.9,114.44,54.84,65.58,82.6,13.05
2021-06-12 21:30:00,5,1108.17,0,27.76,133.04,49.11,74.63,87.56,13.05
2021-06-12 22:30:00,5,1148.22,0,24.68,157.36,47.21,92.12,100.89,10.89
2021-06-12 23:30:00,5,1108.17,0,22.28,170.23,43.87,100.15,105.6,6.46
2021-06-13 00:30:00,5,1054.76,0,18.68,170.23,37.19,98.79,102.05,3.77
2021-06-13 01:30:00,5,1054.76,0,18.51,158.79,39.1,98.22,101.49,3.23
2021-06-13 02:30:00,5,1041.41,0,20.56,127.32,42.44,87.53,91.21,3.39
2021-06-13 03:30:00,5,1001.36,0,23.31,81.54,43.39,67.88,72.31,3.86
2021-06-13 04:30:00,5,961.3,0,25.02,50.07,42.44,55.58,60.88,3.96
2021-06-13 05:30:00,5,961.3,0.01,26.39,32.9,39.58,51.14,57.13,4.31
2021-06-13 06:30:00,5,1041.41,0.52,30.5,21.28,38.62,52.11,60.38,6.27
2021-06-13 07:30:00,5,1241.68,4.97,35.3,22.35,44.82,58.89,71.35,10.51
2021-06-13 08:30:00,5,1348.5,7.26,39.07,57.94,52.93,65.46,79.43,14.06
2021-06-13 09:30:00,5,1174.93,4.64,33.93,127.32,57.7,67.49,79.37,14.31
2021-06-13 10:30:00,5,1121.52,2.85,30.16,220.3,69.62,88.09,100.09,14.19
2021-06-13 11:30:00,5,1108.17,1.73,26.05,329.02,87.74,122.59,134.82,12.67
2021-06-13 12:30:00,5,1014.71,1.03,19.02,371.93,82.02,131.57,141.89,9.5
2021-06-13 13:30:00,5,974.66,0.85,17.14,389.1,74.39,133.86,143.6,7.92
2021-06-13 14:30:00,5,1001.36,0.76,18.68,423.43,78.2,147.32,157.9,7.16
2021-06-13 15:30:00,5,1054.76,0.64,20.56,440.6,78.2,157.82,169.92,7.35
2021-06-13 16:30:00,5,1108.17,0.55,26.05,434.88,77.25,160.24,174.11,8.04
2021-06-13 17:30:00,5,1174.93,0.38,35.99,411.99,82.97,158.59,174.17,8.61
2021-06-13 18:30:00,5,1361.85,0.17,62.38,377.66,131.61,174.01,192.95,10.39
2021-06-13 19:30:00,5,1495.36,0.01,69.23,294.69,186.92,169.37,191.71,12.79
2021-06-13 20:30:00,5,1241.68,0,45.93,167.37,114.44,105.15,125.86,15.58
2021-06-13 21:30:00,5,907.9,0,29.13,101.57,45.3,58.14,75.42,16.47
2021-06-13 22:30:00,4,754.36,0,23.99,90.12,31.95,45.34,58.84,16.21
2021-06-13 23:30:00,4,660.9,0,21.25,82.97,28.37,34.4,43.83,15.58
2021-06-14 00:30:00,3,574.11,0,19.71,74.39,27.9,24.78,31.68,14.19
2021-06-14 01:30:00,3,567.44,0,20.91,65.8,31.95,23.67,30.08,13.55
2021-06-14 02:30:00,3,554.09,0,20.91,52.93,32.9,22.28,28.28,12.67
2021-06-14 03:30:00,3,547.41,0,22.28,38.27,34.81,21.01,26.95,12.54
2021-06-14 04:30:00,3,554.09,0.02,23.99,25.75,35.29,20.24,26.42,12.67
2021-06-14 05:30:00,3,574.11,0.18,25.36,15.74,35.29,20.33,27.03,12.79
2021-06-14 06:30:00,3,667.57,2.1,28.1,7.87,38.62,23.17,31.79,14.19
2021-06-14 07:30:00,4,867.84,10.39,29.82,10.64,50.07,30.83,43.41,17.23
2021-06-14 08:30:00,4,1054.76,16.09,37.7,26.82,67.71,38.97,54.12,18.24
2021-06-14 09:30:00,4,988.01,14.19,45.93,59.37,84.88,44.27,59.46,16.47
2021-06-14 10:30:00,5,1028.06,10.51,52.78,113.01,104.9,64.72,81.41,15.96
2021-06-14 11:30:00,5,1094.82,6.15,50.72,203.13,118.26,105.08,123.3,14.44
2021-06-14 12:30:00,5,1014.71,2.43,32.22,303.27,99.18,135.48,158.23,11.65
2021-06-14 13:30:00,5,1081.47,1.29,25.02,389.1,103.95,182.93,212.09,10.64
2021-06-14 14:30:00,5,1201.63,1.09,27.76,446.32,129.7,234.46,266.64,9.25
2021-06-14 15:30:00,5,1241.68,0.92,30.16,452.04,137.33,250.08,284.52,8.23
2021-06-14 16:30:00,5,1228.33,0.95,41.13,417.71,144.96,242.39,279.7,7.66
2021-06-14 17:30:00,5,1228.33,0.82,61.69,366.21,175.48,227.3,266.65,7.54
2021-06-14 18:30:00,5,1388.55,0.38,93.22,271.8,217.44,204.19,245.71,11.27
2021-06-14 19:30:00,5,1628.88,0.03,100.08,165.94,205.99,166.42,210.51,18.75
2021-06-14 20:30:00,5,1615.52,0,79.51,110.15,131.61,126.43,168.07,23.81
2021-06-14 21:30:00,5,1348.5,0,51.41,92.98,67.71,92.55,124.69,24.07
2021-06-14 22:30:00,5,1134.87,0,38.39,85.83,45.78,71.83,95.32,22.8
2021-06-14 23:30:00,5,921.25,0,32.56,77.25,38.15,51.94,68.53,19.76
2021-06-15 00:30:00,4,741.01,0,28.1,62.94,35.29,36.75,48.37,17.73
2021-06-15 01:30:00,4,707.63,0,26.39,47.21,34.33,32.13,43.41,18.49
2021-06-15 02:30:00,4,707.63,0,25.36,35.76,32.42,30.25,41.85,19.51
2021-06-15 03:30:00,4,734.33,0.01,25.71,27.54,31.47,30.72,42.76,20.01
2021-06-15 04:30:00,4,754.36,0.03,26.39,22.89,31.47,32.17,44.52,20.01
2021-06-15 05:30:00,4,794.41,0.06,28.1,20.03,31.47,35.21,48.37,19.51
2021-06-15 06:30:00,4,947.95,0.91,34.27,16.45,35.76,43.59,60.05,21.03
2021-06-15 07:30:00,5,1308.44,6.87,43.87,18.24,45.78,62.13,86.08,26.35
2021-06-15 08:30:00,5,1602.17,10.73,56.21,33.98,55.31,80.17,111.72,29.39
2021-06-15 09:30:00,5,1241.68,5.76,45.93,79.39,52.93,73.97,108.2,23.56
2021-06-15 10:30:00,5,1174.93,4.53,40.44,131.61,56.74,79.54,116.54,21.53
2021-06-15 11:30:00,5,1148.22,2.99,34.62,214.58,61.99,98.5,138.59,19.76
2021-06-15 12:30:00,5,867.84,1.54,21.25,248.91,48.16,92.65,135.24,13.93
2021-06-15 13:30:00,5,640.87,1.26,16.62,208.86,35.29,65.2,105.51,9.88
2021-06-15 14:30:00,4,547.41,1.33,16.79,171.66,31.47,47.46,84.98,8.49
2021-06-15 15:30:00,4,514.03,1.48,17.14,143.05,29.33,38.07,75.72,7.98
2021-06-15 16:30:00,4,527.38,1.72,19.36,127.32,29.33,35.88,75.01,8.11
2021-06-15 17:30:00,4,567.44,1.69,23.65,115.87,30.52,35.55,76.19,8.61
2021-06-15 18:30:00,5,1348.5,2.93,67.17,65.8,47.21,59.09,113.59,19
2021-06-15 19:30:00,5,2563.48,7.04,116.53,7.51,69.62,104.46,183.78,34.96
2021-06-15 20:30:00,5,3337.86,25.71,113.79,0.01,77.25,138.09,234.27,43.57
2021-06-15 21:30:00,5,4592.9,59.9,102.82,0,88.69,201.52,324.09,56.74
2021-06-15 22:30:00,5,5874.63,96.56,91.85,0,98.23,274.32,427.12,65.86
2021-06-15 23:30:00,5,5767.82,101.92,81.57,0,87.74,276.56,429.19,61.3
2021-06-16 00:30:00,5,3791.81,60.8,71.97,0,55.79,179.96,288.44,39.52
2021-06-16 01:30:00,5,2109.53,21.23,59.63,0.09,33.85,104.8,174.62,22.29
2021-06-16 02:30:00,5,1335.14,5.14,45.24,2.57,25.27,75.13,129.39,13.3
2021-06-16 03:30:00,4,634.19,0,23.31,34.33,21.94,47.16,97.22,7.79
2021-06-16 04:30:00,5,734.33,0.03,28.45,25.75,27.9,54.31,109.07,7.79
2021-06-16 05:30:00,5,1028.06,1.22,43.18,9.57,40.53,70.34,130.06,9.75
2021-06-16 06:30:00,5,1708.98,15.65,58.95,1.42,64.85,107.29,176.69,15.83
2021-06-16 07:30:00,5,2696.99,46.49,71.29,6.53,98.23,159.29,241.98,25.33
2021-06-16 08:30:00,5,2777.1,56.77,84.31,15.02,131.61,159.96,240.77,27.11
2021-06-16 09:30:00,5,1068.12,31.29,71.29,30.76,177.38,75.89,119.03,10.26
2021-06-16 10:30:00,5,781.06,21.68,66.49,45.42,154.5,60.88,92.89,7.41
2021-06-16 11:30:00,5,714.3,12.63,62.38,71.53,127.79,60.08,88.58,6.71
2021-06-16 12:30:00,5,640.87,4.69,44.55,118.73,85.83,57.47,82.24,6.27
2021-06-16 13:30:00,5,614.17,2.07,32.9,147.34,61.99,55.74,78.47,6.78
2021-06-16 14:30:00,5,634.19,1.36,32.56,155.93,57.22,55.86,78.68,7.92
2021-06-16 15:30:00,5,934.6,2.38,54.15,148.77,81.06,69.95,95.64,12.79
2021-06-16 16:30:00,5,1548.77,4.97,100.08,147.34,137.33,114.97,145.98,18.75
2021-06-16 17:30:00,5,2136.23,5.64,152.17,148.77,200.27,187.68,222.49,17.73
2021-06-16 18:30:00,5,2269.75,2.32,175.48,140.19,247.96,234.86,273.75,13.68
2021-06-16 19:30:00,5,2082.82,0.11,143.95,123.02,244.14,252.96,297.58,10.77
2021-06-16 20:30:00,5,1922.61,0,94.59,111.58,190.74,245.65,295.36,10.77
2021-06-16 21:30:00,5,1869.2,0,67.86,98.71,121.12,206.16,260,14.19
2021-06-16 22:30:00,5,1895.9,0,61.01,71.53,82.02,172.18,223.73,16.97
2021-06-16 23:30:00,5,1735.69,0,58.95,50.78,63.9,141.04,182.69,14.57
2021-06-17 00:30:00,5,1441.96,0,51.41,45.78,47.68,114.54,144.49,10.01
2021-06-17 01:30:00,5,1295.09,0,43.18,44.35,41.01,103.74,127.91,8.11
2021-06-17 02:30:00,5,1201.63,0,37.7,46.49,41.49,99.84,121.03,6.97
2021-06-17 03:30:00,5,1174.93,0,34.96,51.5,45.78,101.41,120.32,6.27
2021-06-17 04:30:00,5,1148.22,0,34.62,55.08,51.02,102.01,117.96,5.83
2021-06-17 05:30:00,5,1134.87,0,35.3,51.5,53.88,96.78,109.91,5.83
2021-06-17 06:30:00,5,1214.98,0.28,38.39,38.62,55.31,91.52,104.63,7.28
2021-06-17 07:30:00,5,1535.42,4.08,46.61,35.05,63.9,103,122.07,11.4
2021-06-17 08:30:00,5,1842.5,7.6,57.58,77.96,83.92,128.42,153.39,14.95
2021-06-17 09:30:00,5,1388.55,7.04,64.43,153.07,146.87,146.42,165.44,8.99
2021-06-17 10:30:00,5,1348.5,5.36,63.75,228.88,173.57,176.02,195.49,8.11
2021-06-17 11:30:00,5,1361.85,3.35,57.58,326.16,188.83,219.68,240.28,6.21
2021-06-17 12:30:00,5,1201.63,1.9,41.81,383.38,164.03,229.35,251.04,4.43
2021-06-17 13:30:00,5,1094.82,1.34,33.24,400.54,143.05,222.37,247.08,3.9
2021-06-17 14:30:00,5,1068.12,1.2,34.27,411.99,143.05,219.38,245.64,3.58
2021-06-17 15:30:00,5,1054.76,1.19,36.67,394.82,137.33,199.66,226.43,4.31
2021-06-17 16:30:00,5,1028.06,1.27,42.84,340.46,131.61,166.59,193.16,5.76
2021-06-17 17:30:00,5,988.01,1.19,50.04,260.35,123.98,128.99,154.61,7.41
2021-06-17 18:30:00,5,1174.93,0.66,61.69,175.95,118.26,111.14,137.42,13.17
2021-06-17 19:30:00,5,1495.36,0.05,68.55,113.01,106.81,118.32,146.59,20.52
2021-06-17 20:30:00,5,1602.17,0,65.8,85.12,88.69,131.9,160.51,23.05
2021-06-17 21:30:00,5,1428.6,0,52.09,85.12,64.85,127.41,154.51,20.77
2021-06-17 22:30:00,5,1281.74,0,44.55,75.1,53.88,101.77,126.79,19.51
2021-06-17 23:30:00,5,1148.22,0,42.84,56.51,49.59,72.47,93.26,16.97
2021-06-18 00:30:00,5,1014.71,0,39.76,43.63,42.92,53.17,69.37,13.68
2021-06-18 01:30:00,4,1001.36,0,35.99,35.05,37.19,48.51,64.14,12.16
2021-06-18 02:30:00,4,1001.36,0.01,33.24,28.25,33.85,48.42,64.73,11.02
2021-06-18 03:30:00,5,1054.76,0.04,34.27,20.39,34.33,52.19,70.12,10.26
2021-06-18 04:30:00,5,1148.22,0.31,37.01,11.36,35.29,58.86,79.82,9.5
2021-06-18 05:30:00,5,1281.74,2.46,40.44,3.09,37.67,67.12,91.57,9.5
2021-06-18 06:30:00,5,1588.82,12.07,40.78,0.94,42.44,80.73,111.47,11.91
2021-06-18 07:30:00,5,2216.34,27.49,50.72,6.17,51.98,103.95,146.33,19
2021-06-18 08:30:00,5,2643.59,29.5,77.46,21.82,61.99,117.57,165.07,26.09
2021-06-18 09:30:00,5,1108.17,10.73,64.43,75.82,129.7,78.9,95.85,9.75
2021-06-18 10:30:00,5,894.55,7.1,54.15,138.76,133.51,79.59,93.09,6.9
2021-06-18 11:30:00,5,814.44,4.86,44.55,208.86,133.51,89.3,101.69,5.95
2021-06-18 12:30:00,5,727.65,2.82,31.53,246.05,111.58,90.94,101.19,4.88
2021-06-18 13:30:00,5,667.57,2.21,27.76,231.74,94.41,79.37,87.92,4.56
2021-06-18 14:30:00,5,620.84,2.01,27.76,197.41,83.92,65.44,72.78,4.75
2021-06-18 15:30:00,5,627.52,2.01,29.82,177.38,78.2,61.8,68.5,4.94
2021-06-18 16:30:00,5,667.57,2.43,35.64,163.08,82.02,59.55,66.42,5.57
2021-06-18 17:30:00,4,707.63,2.71,43.53,130.18,86.78,48.86,56.26,6.65
2021-06-18 18:30:00,4,834.47,1.79,56.89,86.55,94.41,42.1,52.11,9.75
2021-06-18 19:30:00,4,1001.36,0.16,67.17,51.5,102.04,44.94,59.61,14.06
2021-06-18 20:30:00,5,1121.52,0,69.23,36.48,104.9,50.46,69.32,17.23
2021-06-18 21:30:00,5,1188.28,0.01,67.86,28.61,98.23,53.9,75.56,19.51
2021-06-18 22:30:00,5,1281.74,0.13,67.86,18.6,90.6,57.38,81.37,20.77
2021-06-18 23:30:00,5,1241.68,0.68,67.86,9.21,83.92,54.6,76.95,18.49
2021-06-19 00:30:00,4,1081.47,0.99,62.38,5.9,73.43,46.71,64.17,14.19
2021-06-19 01:30:00,4,934.6,0.25,48.67,10.73,54.84,40.7,55.13,11.91
2021-06-19 02:30:00,4,854.49,0.04,35.64,17.7,40.05,37.8,51.19,11.15
2021-06-19 03:30:00,4,841.14,0.02,30.5,20.74,35.29,39.12,52.51,10.64
2021-06-19 04:30:00,4,867.84,0.04,31.87,18.24,37.19,42.73,56.82,10.13
2021-06-19 05:30:00,4,907.9,0.24,35.99,12.16,41.49,47.53,62.9,9.75
2021-06-19 06:30:00,5,1028.06,3.07,40.78,6.26,51.02,54.06,71.3,10.77
2021-06-19 07:30:00,5,1295.09,11.74,45.24,16.09,65.8,67.98,89.4,14.95
2021-06-19 08:30:00,5,1495.36,12.63,56.21,50.78,82.97,82.86,107.08,17.99
2021-06-19 09:30:00,5,974.66,6.82,45.93,115.87,101.09,70.86,85.42,8.74
2021-06-19 10:30:00,5,814.44,2.99,29.13,180.24,82.97,68.92,80.8,6.27
2021-06-19 11:30:00,5,741.01,1.45,17.65,211.72,63.9,65.47,76.07,5.83
2021-06-19 12:30:00,5,654.22,1.08,13.37,200.27,49.11,52.94,61.56,5.51
2021-06-19 13:30:00,4,594.14,1.13,13.71,178.81,46.73,41.92,48.73,4.94
2021-06-19 14:30:00,4,560.76,1.26,15.08,155.93,48.16,33,38.42,4.43
2021-06-19 15:30:00,4,574.11,1.4,17.31,137.33,48.16,27.36,32.08,4.37
2021-06-19 16:30:00,4,607.49,1.65,22.28,123.02,55.79,26.75,31.3,4.62
2021-06-19 17:30:00,3,627.52,1.63,27.76,101.57,60.08,23.95,28.26,4.88
2021-06-19 18:30:00,3,647.54,0.99,32.9,66.52,60.56,21.08,26.09,5.76
2021-06-19 19:30:00,4,727.65,0.08,38.39,42.2,64.85,26.52,33.86,7.41
2021-06-19 20:30:00,4,807.76,0,41.13,39.34,70.57,39.3,48.74,7.66
2021-06-19 21:30:00,4,854.49,0,43.18,38.98,71.53,49.43,60.84,7.6
2021-06-19 22:30:00,4,907.9,0,43.18,31.83,65.8,49.8,62.84,7.92
2021-06-19 23:30:00,4,867.84,0.01,41.81,22.53,60.56,43.72,56.06,6.84
2021-06-20 00:30:00,4,774.38,0.05,39.76,16.45,57.7,37.85,47.99,5.13
2021-06-20 01:30:00,4,727.65,0.11,38.04,12.16,58.17,37.07,46.5,4.81
2021-06-20 02:30:00,4,707.63,0.29,37.01,8.23,59.13,37.64,46.72,4.75
2021-06-20 03:30:00,4,720.98,0.85,38.04,4.25,60.56,39.63,48.71,4.88
2021-06-20 04:30:00,4,794.41,3.21,42.5,0.75,66.76,47.11,57.36,5.51
2021-06-20 05:30:00,5,934.6,8.94,49.35,0.01,81.06,60.66,73.24,7.09
2021-06-20 06:30:00,5,1174.93,19,56.21,0.05,100.14,80.95,97.25,9.5
2021-06-20 07:30:00,5,1535.42,32.63,61.01,0.31,121.12,100.99,121.71,11.4
2021-06-20 08:30:00,5,1562.12,31.74,65.12,0.43,129.7,97.92,119.11,10.51
2021-06-20 09:30:00,5,1121.52,13.52,65.12,14.66,120.16,73.2,89.27,6.71
2021-06-20 10:30:00,5,921.25,5.64,50.72,78.68,102.04,62.78,75.71,6.14
2021-06-20 11:30:00,5,827.79,2.96,34.96,174.52,97.28,69.35,80.53,5.13
2021-06-20 12:30:00,5,747.68,1.47,21.25,251.77,87.74,84.6,93.81,3.45
2021-06-20 13:30:00,5,720.98,1.1,17.31,274.66,80.11,93.54,101.69,2.98
2021-06-20 14:30:00,5,720.98,1.08,17.48,280.38,78.2,95.79,103.83,3.14
2021-06-20 15:30:00,5,727.65,1.02,19.36,263.21,72.48,90.05,98.44,3.9
2021-06-20 16:30:00,5,761.03,0.99,26.39,228.88,71.53,79.31,88.41,5.19
2021-06-20 17:30:00,5,807.76,0.74,37.36,181.68,77.25,67.4,77.19,6.59
2021-06-20 18:30:00,5,934.6,0.38,52.78,125.89,95.37,60.3,72.42,9.75
2021-06-20 19:30:00,5,1081.47,0.04,65.12,74.39,118.26,58.87,74.71,13.81
2021-06-20 20:30:00,5,1068.12,0,64.43,45.78,114.44,55.92,73.39,15.58
2021-06-20 21:30:00,5,974.66,0,50.04,40.41,72.48,51.42,69.35,16.72
2021-06-20 22:30:00,5,1014.71,0,38.39,37.91,42.92,51.04,71.07,19.51
2021-06-20 23:30:00,5,1028.06,0,36.33,34.33,35.29,50.31,70.1,18.24
2021-06-21 00:30:00,5,947.95,0,34.96,37.55,33.38,50.6,67.83,14.82
2021-06-21 01:30:00,5,934.6,0,33.24,47.92,37.67,61.11,77.41,13.17
2021-06-21 02:30:00,5,934.6,0,29.47,64.37,40.53,76.74,91.88,10.89
2021-06-21 03:30:00,5,988.01,0,28.79,80.11,45.78,96.48,109.99,8.61
2021-06-21 04:30:00,5,1068.12,0,30.85,77.96,48.16,111.79,125.19,7.66
2021-06-21 05:30:00,5,1174.93,0,34.96,64.37,47.68,120.18,135.09,7.79
2021-06-21 06:30:00,5,1388.55,0.41,44.55,43.99,51.02,128.43,147.53,10.13
2021-06-21 07:30:00,5,1815.8,6.99,59.63,33.98,68.67,143.4,170.88,16.47
2021-06-21 08:30:00,5,2109.53,14.53,75.4,58.65,101.09,158.68,191.29,21.28
2021-06-21 09:30:00,5,1441.96,13.19,79.51,107.29,162.13,133.89,156.06,12.29
2021-06-21 10:30:00,5,1228.33,6.76,60.32,181.68,143.05,133.34,153.42,9.75
2021-06-21 11:30:00,5,1081.47,2.24,31.53,257.49,93.46,134.56,155.09,9.37
2021-06-21 12:30:00,5,881.2,1.01,16.45,254.63,51.98,108.07,126.28,8.74
2021-06-21 13:30:00,5,801.09,0.96,14.91,234.6,40.53,91.4,106.32,8.49
2021-06-21 14:30:00,5,794.41,0.96,16.11,240.33,41.49,90.54,103.45,8.49
2021-06-21 15:30:00,5,781.06,0.91,17.48,254.63,45.3,95.61,107.16,7.73
2021-06-21 16:30:00,5,801.09,0.85,21.08,277.52,52.45,106.06,117.33,7.28
2021-06-21 17:30:00,5,841.14,0.66,26.73,283.24,58.17,110.63,122.31,7.79
2021-06-21 18:30:00,5,1628.88,0.54,65.12,223.16,75.34,139.57,164.13,19.51
2021-06-21 19:30:00,5,3044.13,0.06,106.93,127.32,101.09,201.36,252.4,39.01
2021-06-21 20:30:00,5,4379.27,0,139.83,49.35,117.3,261.38,340.29,53.7
2021-06-21 21:30:00,5,5020.14,3.27,165.88,7.06,108.72,287.42,389.48,57.76
2021-06-21 22:30:00,5,5180.36,17.43,159.03,0.04,95.37,295.81,407.96,58.77
2021-06-21 23:30:00,5,4859.92,26.82,141.2,0,77.25,280.38,382.17,52.18
2021-06-22 00:30:00,5,4005.43,22.58,119.27,0.01,57.22,234.89,309.61,39.52
2021-06-22 01:30:00,5,3044.13,9.39,93.22,0.4,43.87,188.85,240.24,31.92
2021-06-22 02:30:00,5,2162.93,1.23,65.12,6.71,34.33,147.63,183.14,27.61
2021-06-22 03:30:00,5,1441.96,0,38.73,28.25,29.8,111.34,135.63,25.33
2021-06-22 04:30:00,5,1255.04,0,31.87,31.83,29.09,101.83,124.01,24.83
2021-06-22 05:30:00,5,1241.68,0.01,31.87,30.04,29.56,102.34,124.97,24.57
2021-06-22 06:30:00,5,1468.66,0.76,41.47,20.21,34.81,113.26,140.34,28.37
2021-06-22 07:30:00,5,2109.53,10.17,59.63,12.88,50.55,142.15,180.46,38.51
2021-06-22 08:30:00,5,2750.4,21.91,82.94,23.25,75.34,174.76,222.06,46.1
2021-06-22 09:30:00,5,1682.28,6.09,69.92,108.72,91.55,139.56,167.63,30.4
2021-06-22 10:30:00,5,1495.36,3.97,54.15,185.97,87.74,144.68,172.94,26.6
2021-06-22 11:30:00,5,1268.39,1.58,26.73,268.94,62.94,155.4,185.61,23.05
2021-06-22 12:30:00,5,894.55,0.8,12,243.19,35.29,125.73,157.25,19
2021-06-22 13:30:00,5,714.3,0.8,10.2,208.86,28.13,101.52,141.14,16.09
2021-06-22 14:30:00,5,634.19,0.84,10.2,197.41,25.99,88.94,135.7,13.93
2021-06-22 15:30:00,5,587.46,0.87,10.97,181.68,23.84,79.64,129.75,12.41
2021-06-22 16:30:00,5,600.82,0.95,14.57,170.23,24.8,76.49,130.11,12.41
2021-06-22 17:30:00,5,647.54,0.82,19.54,157.36,26.46,75.39,129.8,13.05
2021-06-22 18:30:00,5,1174.93,0.73,47.98,114.44,40.53,90.38,152.48,19.76
2021-06-22 19:30:00,5,1869.2,0.07,73.34,67.23,57.22,116.18,192.89,28.88
2021-06-22 20:30:00,5,2189.64,0,78.14,43.27,63.9,132.31,219,33.44
2021-06-22 21:30:00,5,2937.32,2.15,98.71,13.95,79.16,170.82,273.99,42.56
2021-06-22 22:30:00,5,4432.68,25.26,108.3,0.02,107.77,252.67,381.32,57.25
2021-06-22 23:30:00,5,5874.63,55.43,109.67,0,123.98,334.83,488.23,61.3
2021-06-23 00:30:00,5,6515.5,71.53,109.67,0,116.35,374.81,543.46,53.2
2021-06-23 01:30:00,5,6622.31,76.89,105.56,0,107.77,388.58,554.29,46.61
2021-06-23 02:30:00,5,6195.07,76,95.96,0,93.46,368.08,518.37,41.04
2021-06-23 03:30:00,5,5020.14,64.37,76.77,0,69.62,304.9,436.58,35.47
2021-06-23 04:30:00,5,4379.27,58.12,63.75,0,59.61,273.3,406.32,33.44
2021-06-23 05:30:00,5,4379.27,61.69,61.01,0,63.9,282.45,427.99,36.99
2021-06-23 06:30:00,5,5340.58,82.25,67.86,0.19,82.97,344.01,512.77,50.66
2021-06-23 07:30:00,5,7690.43,146.63,83.63,1.7,115.4,475.68,687.4,73.97
2021-06-23 08:30:00,5,10360.72,203.85,148.06,7.15,141.14,607.35,855.6,86.13
2021-06-23 09:30:00,5,3578.19,31.74,137.09,72.24,169.75,250.32,394.44,49.14
2021-06-23 10:30:00,5,3204.35,15.42,142.57,194.55,204.09,283.95,427.7,45.6
2021-06-23 11:30:00,5,3177.64,6.87,124.75,417.71,232.7,415.13,562.47,39.52
2021-06-23 12:30:00,5,1668.93,1.63,38.73,463.49,120.16,290.05,427.43,24.07
2021-06-23 13:30:00,5,1188.28,0.78,20.05,417.71,80.11,233.59,348.81,16.97
2021-06-23 14:30:00,5,1081.47,0.68,19.19,383.38,67.71,211.85,316.66,15.07
2021-06-23 15:30:00,5,921.25,0.68,19.54,320.44,51.5,172.78,272.12,13.68
2021-06-23 16:30:00,5,847.82,0.78,23.65,263.21,44.35,141.87,237.44,13.81
2021-06-23 17:30:00,5,854.49,0.74,30.5,217.44,44.35,124.67,216.17,14.95
2021-06-23 18:30:00,5,1388.55,0.54,61.01,164.51,68.67,141.53,234.2,23.05
2021-06-23 19:30:00,5,2296.45,0.05,98.71,118.73,120.16,195.05,296.25,35.97
2021-06-23 20:30:00,5,2643.59,0,108.3,120.16,150.68,247.46,345.93,39.01
2021-06-23 21:30:00,5,2082.82,0,66.49,144.48,103.95,236.56,308.42,33.44
2021-06-23 22:30:00,5,1655.58,0,40.1,130.18,59.13,198.85,251.61,30.4
2021-06-23 23:30:00,5,1335.14,0,31.53,117.3,42.44,170.35,210.38,26.09
2021-06-24 00:30:00,5,1041.41,0,23.65,120.16,38.15,149.07,175.94,21.53
2021-06-24 01:30:00,5,947.95,0,19.36,117.3,32.9,123.99,141.08,20.01
2021-06-24 02:30:00,5,907.9,0,17.99,97.28,28.13,78.92,90.43,19
2021-06-24 03:30:00,4,881.2,0,19.36,67.95,28.37,43.17,52.48,17.99
2021-06-24 04:30:00,4,881.2,0,20.91,49.35,28.61,29.43,37.95,16.21
2021-06-24 05:30:00,4,921.25,0,22.62,41.13,29.09,27.79,36.18,14.19
2021-06-24 06:30:00,4,1014.71,0.23,27.08,36.48,32.42,31.86,41.42,13.81
2021-06-24 07:30:00,4,1201.63,2.96,33.93,38.98,41.01,39.8,52.54,16.21
2021-06-24 08:30:00,4,1335.14,6.31,39.07,64.37,51.98,48.75,63.48,17.48
2021-06-24 09:30:00,5,1134.87,5.03,35.99,115.87,58.65,50.73,64.35,13.3
2021-06-24 10:30:00,5,1041.41,3.16,30.5,174.52,60.56,61.26,74.86,11.65
2021-06-24 11:30:00,5,988.01,1.75,23.99,231.74,56.74,74.28,88.03,10.89
2021-06-24 12:30:00,5,867.84,1.02,16.45,240.33,41.01,79.48,113.21,10.89
2021-06-24 13:30:00,5,821.11,0.95,16.11,237.47,36.24,87.31,144.2,11.91
2021-06-24 14:30:00,5,854.49,0.99,19.88,254.63,41.96,98.8,166.58,12.92
2021-06-24 15:30:00,5,881.2,0.98,23.65,266.08,49.11,110.05,187.65,13.81
2021-06-24 16:30:00,5,961.3,0.94,30.16,268.94,59.13,120.56,204.14,15.07
2021-06-24 17:30:00,5,1068.12,0.69,38.73,266.08,70.57,129.76,214.92,16.21
2021-06-24 18:30:00,5,1842.5,0.41,79.51,223.16,100.14,169.34,262,25.59
2021-06-24 19:30:00,5,3017.43,0.04,113.79,161.65,139.24,232.95,342.21,40.03
2021-06-24 20:30:00,5,3791.81,0,124.75,110.15,160.22,278.2,402.6,49.65
2021-06-24 21:30:00,5,3631.59,0,113.79,82.25,143.05,263.45,384.13,49.14
2021-06-24 22:30:00,5,3017.43,0,90.48,56.51,97.28,210.89,312,45.09
2021-06-24 23:30:00,5,2429.96,0,74.03,38.98,61.99,162.9,239.52,38.51
2021-06-25 00:30:00,5,1815.8,0,55.52,38.62,41.49,124.36,176.21,29.89
2021-06-25 01:30:00,5,1455.31,0,38.73,48.64,32.42,111.58,148.55,26.85
2021-06-25 02:30:00,5,1255.04,0,28.1,61.51,30.04,111.44,138.61,25.59
2021-06-25 03:30:00,5,1148.22,0,23.65,77.25,32.9,110.27,130.08,22.55
2021-06-25 04:30:00,5,1134.87,0,23.65,87.26,34.81,113.61,130.69,19.76
2021-06-25 05:30:00,5,1174.93,0,26.05,87.26,35.76,116.33,132.98,17.73
2021-06-25 06:30:00,5,1375.2,0.14,36.33,72.24,40.53,118.43,138.04,19.25
2021-06-25 07:30:00,5,1815.8,3.49,56.89,53.64,54.84,126.12,153.42,26.85
2021-06-25 08:30:00,5,2109.53,10.06,71.29,65.09,77.25,130.74,161.9,30.91
2021-06-25 09:30:00,5,1682.28,8.94,67.17,120.16,102.04,120.52,154.76,24.83
2021-06-25 10:30:00,5,1762.39,7.15,71.97,205.99,133.51,165.17,207.64,23.31
2021-06-25 11:30:00,5,1922.61,3.21,54.84,383.38,150.68,269.33,316.99,21.79
2021-06-25 12:30:00,5,1588.82,0.92,22.96,463.49,101.09,276.64,335.82,20.52
2021-06-25 13:30:00,5,1174.93,0.71,15.77,377.66,61.99,212.82,291.85,15.71
2021-06-25 14:30:00,5,881.2,0.75,14.74,291.82,43.87,152.89,250.21,12.16
2021-06-25 15:30:00,5,647.54,0.87,14.74,205.99,32.42,105.38,224.19,9.5
2021-06-25 16:30:00,5,547.41,1.03,17.48,138.76,27.42,80.49,222.47,8.36
2021-06-25 17:30:00,5,547.41,0.8,21.25,105.86,24.8,73.27,231.56,8.74
2021-06-25 18:30:00,5,801.09,0.49,35.64,79.39,32.42,78.8,250.89,13.68
2021-06-25 19:30:00,5,1161.58,0.06,50.72,55.79,43.87,89.67,271.98,21.28
2021-06-25 20:30:00,5,1321.79,0,54.84,41.49,48.16,97.2,284.26,25.59
2021-06-25 21:30:00,5,1548.77,0.03,62.38,25.75,53.41,108.55,291.74,29.89
2021-06-25 22:30:00,5,1842.5,0.99,71.97,8.76,56.27,120.88,300.05,33.44
2021-06-25 23:30:00,5,1815.8,3.74,70.6,2.01,51.02,117.49,284.5,30.91
2021-06-26 00:30:00,5,1388.55,1.98,59.63,4.43,37.19,96.57,246.15,23.56
2021-06-26 01:30:00,5,988.01,0.1,43.18,15.38,26.46,80.29,214.96,19.51
2021-06-26 02:30:00,5,774.38,0.01,32.22,21.99,22.41,72.42,199.46,18.75
2021-06-26 03:30:00,5,674.25,0.01,27.42,22.53,21.94,69.33,195.83,19.25
2021-06-26 04:30:00,5,634.19,0.02,25.36,21.46,23.37,69.62,193.93,20.27
2021-06-26 05:30:00,5,614.17,0.02,23.99,23.25,25.03,69.08,182.71,20.52
2021-06-26 06:30:00,5,647.54,0.4,26.73,23.96,30.28,67.93,165.35,21.03
2021-06-26 07:30:00,5,867.84,5.14,34.27,22.35,42.44,74.38,164.33,23.81
2021-06-26 08:30:00,5,1094.82,11.74,42.84,35.76,59.61,83.37,170.29,25.84
2021-06-26 09:30:00,5,854.49,7.04,37.36,80.11,50.07,75.89,180.92,16.97
2021-06-26 10:30:00,5,781.06,4.19,33.24,127.32,48.16,82.29,207.79,13.81
2021-06-26 11:30:00,5,814.44,2.71,32.22,181.68,55.31,99.67,233.07,13.68
2021-06-26 12:30:00,5,821.11,1.65,27.42,234.6,57.7,118.34,257.6,13.17
2021-06-26 13:30:00,5,827.79,1.22,21.76,294.69,59.61,142.29,290.22,12.54
2021-06-26 14:30:00,5,894.55,0.95,19.19,363.35,69.62,177.93,330.57,12.54
2021-06-26 15:30:00,5,907.9,0.71,17.99,389.1,69.62,192.48,347.34,12.03
2021-06-26 16:30:00,5,854.49,0.59,20.22,343.32,61.99,173.6,331.66,11.4
2021-06-26 17:30:00,5,807.76,0.42,23.99,291.82,54.84,149.21,307.51,11.4
2021-06-26 18:30:00,5,934.6,0.22,37.7,226.02,63.9,137.87,299.6,14.44
2021-06-26 19:30:00,5,1255.04,0.02,54.15,164.51,97.28,149.88,316.73,20.27
2021-06-26 20:30:00,5,1388.55,0,62.38,117.3,121.12,156.45,317.61,23.56
2021-06-26 21:30:00,5,1255.04,0,50.72,114.44,95.37,155.76,291.77,23.05
2021-06-26 22:30:00,5,1134.87,0,34.27,131.61,60.08,157.41,266.14,22.29
2021-06-26 23:30:00,5,1028.06,0,27.76,131.61,44.35,147.39,234.44,20.77
2021-06-27 00:30:00,5,907.9,0,22.96,120.16,35.29,131.26,203.22,18.75
2021-06-27 01:30:00,5,894.55,0,19.88,107.29,31.47,122.66,183.28,18.24
2021-06-27 02:30:00,5,907.9,0,19.36,95.84,30.99,115.34,165.54,18.24
2021-06-27 03:30:00,5,934.6,0,20.74,87.98,32.9,110.99,153.98,18.24
2021-06-27 04:30:00,5,974.66,0,21.59,78.68,32.42,108.92,147,18.24
2021-06-27 05:30:00,5,1028.06,0,22.62,69.38,30.28,107.69,141.94,18.49
2021-06-27 06:30:00,5,1161.58,0.11,28.1,57.22,29.8,109.57,141.69,20.77
2021-06-27 07:30:00,5,1441.96,2.24,38.73,47.21,34.33,116.19,147.45,25.84
2021-06-27 08:30:00,5,1562.12,5.81,41.81,62.23,39.58,115.24,141.71,27.61
2021-06-27 09:30:00,5,1068.12,2.49,23.31,131.61,34.33,87.5,114.29,16.47
2021-06-27 10:30:00,5,974.66,1.58,18.68,191.69,38.62,95.76,134.18,13.55
2021-06-27 11:30:00,5,961.3,1.17,17.65,254.63,48.64,115.02,163.23,12.92
2021-06-27 12:30:00,5,881.2,0.85,14.74,291.82,49.11,127.98,191.48,11.27
2021-06-27 13:30:00,5,854.49,0.77,15.42,326.16,53.41,141.81,217.96,10.26
2021-06-27 14:30:00,5,921.25,0.71,17.99,371.93,66.76,165.7,246.86,10.13
2021-06-27 15:30:00,5,974.66,0.59,19.02,389.1,69.62,181.26,266.28,10.13
2021-06-27 16:30:00,5,988.01,0.5,21.59,377.66,64.85,184.55,272.4,10.01
2021-06-27 17:30:00,5,988.01,0.35,26.05,346.18,63.9,181.38,270.07,10.01
2021-06-27 18:30:00,5,1134.87,0.17,41.47,308.99,84.88,189.54,279.14,12.29
2021-06-27 19:30:00,5,1401.9,0.02,56.21,251.77,125.89,198.48,286.78,16.72
2021-06-27 20:30:00,5,1401.9,0,56.21,180.24,125.89,169.05,250.48,19.76
2021-06-27 21:30:00,5,1188.28,0,38.39,128.75,67.71,124.42,188.45,20.27
2021-06-27 22:30:00,5,1134.87,0,29.47,105.86,40.53,112.57,156.13,20.52
2021-06-27 23:30:00,5,1108.17,0,26.39,103,33.85,109.98,137.15,18.24
2021-06-28 00:30:00,5,1014.71,0,22.28,110.15,30.04,107.27,124.57,16.09
2021-06-28 01:30:00,5,1014.71,0,21.42,111.58,32.9,107.03,121.53,17.48
2021-06-28 02:30:00,5,988.01,0,21.08,107.29,35.29,99.64,113.17,19
2021-06-28 03:30:00,5,974.66,0,21.94,98.71,37.67,87.89,101.08,20.27
2021-06-28 04:30:00,5,947.95,0,22.62,90.12,38.62,75.46,88.02,21.28
2021-06-28 05:30:00,5,934.6,0,23.99,75.1,37.19,61.6,73.85,22.29
2021-06-28 06:30:00,5,1014.71,0.18,30.5,50.78,38.62,50.9,64.74,25.08
2021-06-28 07:30:00,5,1281.74,3.91,41.47,33.26,47.68,51.25,70.16,29.39
2021-06-28 08:30:00,5,1495.36,9.28,49.35,50.78,62.94,57.24,78.93,31.67
2021-06-28 09:30:00,5,1054.76,4.64,37.7,133.04,62.94,68.79,92.92,17.23
2021-06-28 10:30:00,5,1014.71,2.82,32.22,226.02,70.57,107.53,141.15,12.92
2021-06-28 11:30:00,5,1081.47,1.62,26.73,343.32,82.02,155.04,192.53,12.54
2021-06-28 12:30:00,5,1134.87,0.89,19.36,434.88,82.02,193.81,234.03,12.41
2021-06-28 13:30:00,5,1148.22,0.75,18.17,463.49,80.11,211.79,257.46,12.29
2021-06-28 14:30:00,5,1188.28,0.69,19.36,480.65,82.97,227.53,277.14,12.03
2021-06-28 15:30:00,5,1148.22,0.61,20.05,457.76,73.43,216.76,269.94,11.91
2021-06-28 16:30:00,5,1054.76,0.55,22.28,389.1,61.04,185.64,241.5,12.16
2021-06-28 17:30:00,5,988.01,0.42,26.39,314.71,52.45,159.06,218.05,13.05
2021-06-28 18:30:00,5,1388.55,0.26,50.04,243.19,68.67,166.07,233.63,19.76
2021-06-28 19:30:00,5,2109.53,0.03,71.29,178.81,99.18,202.26,285.3,30.91
2021-06-28 20:30:00,5,2643.59,0,79.51,130.18,115.4,230.96,326.16,39.01
2021-06-28 21:30:00,5,2830.51,0,81.57,97.28,106.81,239.58,337.2,43.06
2021-06-28 22:30:00,5,2803.8,0,81.57,72.24,88.69,231.94,325.64,43.57
2021-06-28 23:30:00,5,2483.37,0,73.34,57.94,68.67,204.52,282.11,39.01
2021-06-29 00:30:00,5,1895.9,0,54.84,55.79,48.64,163.72,218.71,30.4
2021-06-29 01:30:00,5,1482.01,0,39.07,57.22,37.19,135.75,174.8,26.6
2021-06-29 02:30:00,5,1241.68,0,29.82,57.94,32.9,119.86,151.8,25.33
2021-06-29 03:30:00,5,1134.87,0,26.05,57.94,34.81,108.28,136.65,24.83
2021-06-29 04:30:00,5,1081.47,0,25.71,54.36,35.76,96.63,121.88,24.32
2021-06-29 05:30:00,5,1068.12,0,26.73,47.92,32.9,85.76,108.5,23.81
2021-06-29 06:30:00,5,1201.63,0.3,33.24,35.41,34.33,82.77,107.07,26.35
2021-06-29 07:30:00,5,1602.17,5.7,45.93,27.18,43.39,93.81,125.77,31.92
2021-06-29 08:30:00,5,1895.9,11.51,56.21,49.35,53.41,107.48,145.37,34.96
2021-06-29 09:30:00,5,1108.17,2.82,29.82,170.23,51.02,120.13,190.32,19.25
2021-06-29 10:30:00,5,961.3,1.47,19.88,251.77,51.5,146.34,236.86,16.21
2021-06-29 11:30:00,5,894.55,0.94,14.22,300.41,50.07,169.62,277.77,15.2
2021-06-29 12:30:00,5,700.95,0.74,9.77,260.35,36.24,147.92,270.26,11.65
2021-06-29 13:30:00,5,554.09,0.78,8.4,211.72,25.75,112.63,233.92,9.37
2021-06-29 14:30:00,5,453.95,0.82,8.14,185.97,19.79,84.83,199.44,8.11
2021-06-29 15:30:00,5,410.56,0.83,8.23,167.37,16.45,70.28,176.35,7.41
2021-06-29 16:30:00,5,420.57,0.87,9.85,157.36,16.21,66.09,167.44,7.35
2021-06-29 17:30:00,5,440.6,0.79,12.17,144.48,16.45,63.94,164.43,7.6
2021-06-29 18:30:00,5,700.95,0.76,28.1,115.87,30.04,71.4,175.79,12.29
2021-06-29 19:30:00,5,961.3,0.08,38.04,90.84,41.49,82,193.2,17.99
2021-06-29 20:30:00,5,1041.41,0,36.67,80.11,43.87,87.49,203.22,21.28
2021-06-29 21:30:00,5,1201.63,0,39.76,71.53,47.21,95.06,212.13,25.08
2021-06-29 22:30:00,5,1388.55,0,43.87,60.8,50.07,102.75,220,28.12
2021-06-29 23:30:00,5,1321.79,0,42.84,57.22,46.25,98.96,212.02,26.35
2021-06-30 00:30:00,5,1068.12,0,35.99,61.51,39.1,88.23,193.19,21.28
2021-06-30 01:30:00,5,921.25,0,30.5,65.09,36.72,85.02,187.01,19.76
2021-06-30 02:30:00,5,867.84,0,28.79,61.51,35.29,85.12,185.82,20.52
2021-06-30 03:30:00,5,821.11,0,27.42,55.08,32.42,84.67,184.33,21.79
2021-06-30 04:30:00,5,774.38,0,25.36,51.5,29.56,83.64,183.58,22.55
2021-06-30 05:30:00,5,741.01,0,24.33,55.79,28.85,83.68,187.85,21.79
2021-06-30 06:30:00,5,761.03,0.21,27.76,50.78,30.52,81.03,190.57,23.31
2021-06-30 07:30:00,5,881.2,3.91,32.56,37.19,31.95,74.89,186.49,25.59
2021-06-30 08:30:00,5,801.09,6.71,29.13,50.07,30.52,65.47,183.95,21.79
2021-06-30 09:30:00,5,407.22,2.01,11.48,86.55,15.97,55.24,208.8,9.37
2021-06-30 10:30:00,5,347.14,1.15,7.8,103,12.99,54.9,221.73,6.4
2021-06-30 11:30:00,5,310.42,0.82,6.17,107.29,11.33,54.52,228.6,5.07
2021-06-30 12:30:00,5,277.04,0.62,4.93,100.14,8.94,50.9,217.35,3.74
2021-06-30 13:30:00,5,277.04,0.59,5.4,97.28,9.06,48.9,205.66,3.42
2021-06-30 14:30:00,5,283.72,0.57,6.17,95.84,9.66,49.18,209.12,3.45
2021-06-30 15:30:00,5,290.39,0.57,6.94,95.84,10.01,50.32,213.34,3.55
2021-06-30 16:30:00,5,307.08,0.47,8.74,92.98,10.61,50.45,210.94,3.83
2021-06-30 17:30:00,5,330.45,0.27,10.97,90.84,11.21,49.35,203.67,4.18
2021-06-30 18:30:00,5,707.63,0.26,32.9,66.52,22.65,56.9,204.32,10.13
2021-06-30 19:30:00,5,1121.52,0.03,50.04,42.2,33.85,69.68,213.89,18.49
2021-06-30 20:30:00,5,1281.74,0,53.47,30.76,38.15,77.15,218.66,23.31
2021-06-30 21:30:00,5,1268.39,0,50.72,25.75,37.19,76.46,210.02,24.57
2021-06-30 22:30:00,5,1028.06,0,39.76,29.33,29.8,64.65,182.86,22.04
2021-06-30 23:30:00,5,680.92,0,26.39,44.7,20.5,47.51,146.96,16.47
2021-07-01 00:30:00,5,377.18,0,12.85,65.8,13.23,32.71,117.29,10.64
2021-07-01 01:30:00,5,343.8,0,10.28,64.37,12.52,28.89,107.86,9.88
2021-07-01 02:30:00,5,333.79,0,9.68,60.08,12.64,27.62,106.06,9.5
2021-07-01 03:30:00,5,323.77,0,9.51,56.51,13.11,27.13,108.64,9.25
2021-07-01 04:30:00,5,313.76,0,9.43,54.36,13.35,28.09,119.36,8.99
2021-07-01 05:30:00,5,313.76,0,10.03,51.5,13.83,31.33,141.3,9.12
2021-07-01 06:30:00,5,347.14,0.11,12.34,47.21,15.5,37.57,173.98,9.75
2021-07-01 07:30:00,5,413.9,1.44,14.4,46.49,17.64,46.35,219.55,10.39
2021-07-01 08:30:00,5,423.91,2.6,13.37,57.94,17.41,55.7,268.55,9.63
2021-07-01 09:30:00,5,373.84,2.01,9.85,80.11,15.02,61.32,282.6,7.6
2021-07-01 10:30:00,5,347.14,1.51,8.14,101.57,14.78,61.72,269.64,6.59
2021-07-01 11:30:00,5,323.77,1.15,6.86,115.87,14.07,62.33,260.23,5.83
2021-07-01 12:30:00,5,293.73,0.6,7.54,103,12.16,56.49,235.4,4.94
2021-07-01 13:30:00,5,290.39,0.75,7.97,100.14,11.92,52.69,216.73,4.62
2021-07-01 14:30:00,5,297.07,0.85,8.4,105.86,12.52,52.54,208.14,4.75
2021-07-01 15:30:00,5,307.08,0.92,9.08,111.58,12.88,52.38,201.68,5
2021-07-01 16:30:00,5,327.11,1.03,10.8,111.58,13.23,51.24,190.71,5.32
2021-07-01 17:30:00,5,353.81,1.03,13.54,105.86,13.71,49.54,177.63,5.76
2021-07-01 18:30:00,5,640.87,1.2,32.22,80.82,23.6,54.02,174.34,10.13
2021-07-01 19:30:00,5,947.95,0.17,48.67,52.93,30.99,60.81,174.73,15.71
2021-07-01 20:30:00,5,1041.41,0,50.72,40.41,30.99,63.16,169.8,18.75
2021-07-01 21:30:00,5,1014.71,0,47.98,36.12,30.52,63,161.84,20.52
2021-07-01 22:30:00,5,961.3,0,44.55,35.05,29.8,61.07,155.37,21.03
2021-07-01 23:30:00,5,814.44,0,38.39,37.19,26.23,54.95,144.33,19.51
2021-07-02 00:30:00,5,580.79,0,27.76,47.21,20.5,45.82,130.31,16.47
2021-07-02 01:30:00,5,440.6,0,18.68,59.37,17.88,39.25,119.14,14.69
2021-07-02 02:30:00,5,377.18,0,14.4,67.95,16.69,34.89,109.72,13.17
2021-07-02 03:30:00,5,333.79,0,12,67.95,15.26,32.19,110.43,11.27
2021-07-02 04:30:00,5,323.77,0,11.65,60.8,15.5,34,137.85,10.13
2021-07-02 05:30:00,5,330.45,0,12.51,54.36,16.69,40.29,182.33,9.88
2021-07-02 06:30:00,5,393.87,0.11,16.45,48.64,20.03,47.96,223.66,10.89
2021-07-02 07:30:00,5,500.68,1.87,20.56,44.35,23.6,54.46,251.56,12.67
2021-07-02 08:30:00,5,534.06,4.08,19.54,50.78,23.84,56.06,258.77,13.3
2021-07-02 09:30:00,5,447.27,2.91,14.22,73.67,19.55,62.86,309.97,10.89
2021-07-02 10:30:00,5,413.9,1.75,11.65,97.28,19.07,74.28,368.02,9.5
2021-07-02 11:30:00,5,380.52,1.15,10.11,111.58,18.36,83.45,414.43,8.36
2021-07-02 12:30:00,5,340.46,0.87,8.65,113.01,15.74,88.02,436.47,6.78
2021-07-02 13:30:00,5,330.45,0.87,8.82,117.3,15.74,88.95,431.89,5.95
2021-07-02 14:30:00,5,337.12,0.89,9.68,120.16,16.69,89.95,424.54,5.76
2021-07-02 15:30:00,5,343.8,0.87,10.63,118.73,17.41,89.2,415.71,5.7
2021-07-02 16:30:00,5,370.5,0.87,13.2,113.01,19.07,88.36,403.64,6.08
2021-07-02 17:30:00,5,410.56,0.7,17.48,105.86,20.74,89.36,402.24,6.9
2021-07-02 18:30:00,5,774.38,0.62,42.16,77.25,38.15,99.19,396.7,12.92
2021-07-02 19:30:00,5,1228.33,0.08,65.12,45.06,56.27,111.8,396.1,20.27
2021-07-02 20:30:00,5,1361.85,0,69.92,29.33,57.22,110.27,378.46,23.31
2021-07-02 21:30:00,5,1174.93,0,58.95,32.54,43.39,91.56,305.26,21.28
2021-07-02 22:30:00,5,921.25,0,43.53,42.56,31.47,72.66,230.03,18.24
2021-07-02 23:30:00,5,660.9,0,30.85,49.35,21.94,57.83,186.56,14.82
2021-07-03 00:30:00,5,413.9,0,17.31,62.23,13.59,47.06,165.69,10.51
2021-07-03 01:30:00,5,313.76,0,10.11,74.39,9.89,41.89,151.82,8.23
2021-07-03 02:30:00,5,277.04,0,7.8,82.25,9.06,35.3,125.12,6.97
2021-07-03 03:30:00,5,270.37,0,7.28,83.69,9.42,29.79,100.49,6.65
2021-07-03 04:30:00,4,287.06,0,8.23,78.68,10.97,28.95,96.07,7.35
2021-07-03 05:30:00,5,320.44,0,10.37,70.81,13.35,30.64,103.46,9.12
2021-07-03 06:30:00,5,407.22,0.01,15.77,58.65,17.64,34.95,118.39,12.29
2021-07-03 07:30:00,5,554.09,0.59,24.33,46.49,23.37,41.72,143.38,15.45
2021-07-03 08:30:00,5,660.9,2.79,29.47,41.13,28.61,47.26,163.58,16.47
2021-07-03 09:30:00,5,600.82,3.58,24.68,52.93,27.18,49.14,184.32,14.31
2021-07-03 10:30:00,5,547.41,3.27,20.22,73.67,25.75,52.22,209.57,12.67
2021-07-03 11:30:00,5,467.3,2.01,14.57,105.86,22.65,60.52,255.18,10.64
2021-07-03 12:30:00,5,353.81,0.95,8.05,124.45,15.74,66.5,297.71,7.47
2021-07-03 13:30:00,5,330.45,0.85,7.54,128.75,14.78,69.62,310.84,6.21
2021-07-03 14:30:00,5,337.12,0.87,8.23,135.9,15.97,73.29,323.95,6.08
2021-07-03 15:30:00,5,403.88,1.22,13.02,137.33,21.7,80.11,347.12,7.16
2021-07-03 16:30:00,5,500.68,1.52,19.54,125.89,26.94,86.1,369.24,8.74
2021-07-03 17:30:00,5,560.76,1.26,23.99,105.86,26.46,89.88,391.99,9.63
2021-07-03 18:30:00,5,620.84,0.55,27.08,89.41,27.66,94.01,404.69,10.64
2021-07-03 19:30:00,5,674.25,0.04,29.47,77.25,31.95,96.83,401.51,12.67
2021-07-03 20:30:00,5,640.87,0,26.73,70.1,30.99,93.39,366.94,13.55
2021-07-03 21:30:00,5,867.84,0,35.64,52.21,37.19,99.18,351.07,18.49
2021-07-03 22:30:00,5,1174.93,0,47.3,31.83,43.39,109.7,348.18,23.81
2021-07-03 23:30:00,5,1134.87,0.01,47.3,25.03,38.62,104.21,326.5,22.55
2021-07-04 00:30:00,5,827.79,0,35.99,30.76,27.9,86.36,283.83,16.97
2021-07-04 01:30:00,5,614.17,0,25.02,39.7,21.94,74.26,249.7,14.44
2021-07-04 02:30:00,5,534.06,0,19.88,44.35,20.74,69.36,229.58,13.81
2021-07-04 03:30:00,5,514.03,0,18.68,45.06,20.98,67.16,219.46,14.06
2021-07-04 04:30:00,5,527.38,0,19.36,42.56,21.46,66.44,215.34,14.82
2021-07-04 05:30:00,5,560.76,0,21.94,36.48,22.17,65.78,207.84,16.21
2021-07-04 06:30:00,5,720.98,0.42,30.16,25.03,26.94,68.13,200.76,19.76
2021-07-04 07:30:00,5,1081.47,7.71,38.73,17.17,36.24,75.58,197.5,25.33
2021-07-04 08:30:00,5,1281.74,16.99,41.81,25.39,44.82,76.83,182.85,27.61
2021-07-04 09:30:00,5,741.01,7.26,28.1,66.52,37.67,53.57,144.06,17.73
2021-07-04 10:30:00,5,654.22,3.86,22.28,115.87,36.72,64.46,182.4,14.31
2021-07-04 11:30:00,5,614.17,1.66,14.91,178.81,35.76,91.59,233.97,12.92
2021-07-04 12:30:00,5,440.6,0.85,8.14,173.09,22.89,84.47,243.91,8.74
2021-07-04 13:30:00,5,360.49,0.82,7.2,150.2,17.64,69.3,221.59,6.84
2021-07-04 14:30:00,5,350.48,0.85,7.71,144.48,17.41,64.23,205.93,6.71
2021-07-04 15:30:00,5,350.48,0.87,8.57,135.9,17.41,61.54,198.99,6.65
2021-07-04 16:30:00,5,360.49,0.95,10.63,124.45,17.88,59.78,198.92,6.65
2021-07-04 17:30:00,5,387.19,0.89,13.88,110.15,19.07,58.51,198,6.97
2021-07-04 18:30:00,5,894.55,1.22,42.16,71.53,32.42,71.81,218.35,14.06
2021-07-04 19:30:00,5,1708.98,0.26,77.46,27.9,53.88,100.56,261,25.59
2021-07-04 20:30:00,5,2403.26,2.57,95.96,4.47,71.53,131.42,306.3,35.47
2021-07-04 21:30:00,5,2830.51,8.61,101.45,0.31,82.97,152.88,334.98,41.04
2021-07-04 22:30:00,5,2990.72,13.08,102.82,0.07,85.83,167.57,352.98,43.06
2021-07-04 23:30:00,5,2750.4,11.74,98.71,0.14,74.39,162.05,339.77,39.01
2021-07-05 00:30:00,5,2323.15,8.49,91.85,0.27,59.61,149.6,315.61,31.92
2021-07-05 01:30:00,5,2536.77,13.19,90.48,0.06,62.94,166.45,334.32,33.95
2021-07-05 02:30:00,5,2857.21,16.76,85,0.02,67.71,189.29,359.66,36.99
2021-07-05 03:30:00,5,2723.69,13.52,73.34,0.08,64.85,193.68,361.43,33.95
2021-07-05 04:30:00,5,2456.67,9.5,65.8,0.21,61.99,191.07,356.89,30.65
2021-07-05 05:30:00,5,2243.04,7.94,63.75,0.35,61.99,192.93,357.58,30.15
2021-07-05 06:30:00,5,1949.31,5.76,61.69,2.5,69.62,188.68,353.26,32.42
2021-07-05 07:30:00,5,2296.45,17.43,67.17,7.24,91.55,209.13,384.47,40.03
2021-07-05 08:30:00,5,2590.18,28.39,85,13.59,139.24,231.18,415.65,44.08
2021-07-05 09:30:00,5,1789.09,12.18,82.94,50.78,160.22,200.39,376.3,30.91
2021-07-05 10:30:00,5,1535.42,6.09,63.75,117.3,125.89,194.48,369.05,26.85
2021-07-05 11:30:00,5,1375.2,2.93,44.55,220.3,106.81,218.25,393.3,24.32
2021-07-05 12:30:00,5,867.84,1.19,20.39,248.91,61.99,176.23,332.6,15.45
2021-07-05 13:30:00,5,647.54,0.96,14.57,231.74,43.87,140.01,284.45,11.53
2021-07-05 14:30:00,5,594.14,0.99,14.57,226.02,40.05,126.01,267.42,10.89
2021-07-05 15:30:00,5,547.41,1.01,14.91,205.99,35.29,108.59,249.54,10.51
2021-07-05 16:30:00,5,520.71,1.09,16.62,170.23,30.99,88.21,224.99,10.01
2021-07-05 17:30:00,5,507.36,1.03,19.54,135.9,28.37,73.4,206.87,9.75
2021-07-05 18:30:00,5,1001.36,1.19,47.3,83.69,41.96,81.6,222.88,16.72
2021-07-05 19:30:00,5,1735.69,0.21,79.51,33.62,61.99,106.15,266.24,27.61
2021-07-05 20:30:00,5,2082.82,0.62,89.11,10.01,69.62,122.28,295.99,33.95
2021-07-05 21:30:00,5,2189.64,1.7,89.11,5.01,69.62,127.64,304.15,36.48
2021-07-05 22:30:00,5,2029.42,2.65,79.51,3.09,63.9,120.73,287.69,35.47
2021-07-05 23:30:00,5,1575.47,1.82,63.75,4.96,51.98,96.86,238.1,28.63
2021-07-06 00:30:00,5,974.66,0.05,42.5,25.75,38.62,69.78,178.42,19.51
2021-07-06 01:30:00,5,680.92,0,28.1,50.78,34.33,60.99,153.44,16.21
2021-07-06 02:30:00,5,587.46,0,23.31,60.08,33.85,59.15,149.8,15.96
2021-07-06 03:30:00,5,560.76,0,22.28,58.65,34.33,59.23,156.35,16.47
2021-07-06 04:30:00,5,567.44,0,22.62,53.64,34.81,60.63,164.44,17.48
2021-07-06 05:30:00,5,607.49,0,25.02,45.78,36.24,63.2,175.79,19
2021-07-06 06:30:00,5,767.71,0.25,33.24,33.98,41.49,70.64,194.42,22.55
2021-07-06 07:30:00,5,1081.47,5.14,43.18,24.32,50.07,82.64,220.26,27.36
2021-07-06 08:30:00,5,1228.33,12.18,43.87,31.83,54.84,88.41,238.61,27.61
2021-07-06 09:30:00,5,734.33,4.41,26.39,85.12,41.96,81.32,233.87,16.72
2021-07-06 10:30:00,5,647.54,2.46,19.71,128.75,38.62,86.65,236.99,14.69
2021-07-06 11:30:00,5,614.17,1.55,15.94,168.8,37.67,94.91,245.24,13.68
2021-07-06 12:30:00,5,520.71,1.1,12,175.95,30.52,91.32,245.85,11.27
2021-07-06 13:30:00,5,460.63,1.05,10.71,165.94,25.99,83.61,241.11,9.63
2021-07-06 14:30:00,5,447.27,1.08,10.97,163.08,25.51,78.93,239.47,8.99
2021-07-06 15:30:00,5,420.57,1.08,11.14,151.63,23.13,72.72,230.41,8.23
2021-07-06 16:30:00,5,410.56,1.17,12.51,131.61,20.5,63.84,208.5,7.79
2021-07-06 17:30:00,5,420.57,1.08,15.08,113.01,19.55,57.05,189.38,7.79
2021-07-06 18:30:00,5,747.68,1.1,35.3,81.54,32.42,63.74,194.33,12.79
2021-07-06 19:30:00,5,1268.39,0.16,57.58,46.49,49.59,81.48,221.55,21.53
2021-07-06 20:30:00,5,1548.77,0,62.38,30.04,56.27,95.91,246.28,27.61
2021-07-06 21:30:00,5,1668.93,0,61.69,25.03,60.08,106.04,265.54,31.16
2021-07-06 22:30:00,5,1642.23,0,58.26,25.39,59.13,109.77,274.39,31.67
2021-07-06 23:30:00,5,1401.9,0,50.72,28.97,51.5,101.37,260.75,27.87
2021-07-07 00:30:00,5,1148.22,0,44.55,31.11,42.92,91.22,239.36,23.05
2021-07-07 01:30:00,5,1081.47,0,41.47,28.97,41.49,91.12,229.35,22.04
2021-07-07 02:30:00,5,1081.47,0,40.44,25.39,41.96,93.5,225.56,22.55
2021-07-07 03:30:00,5,1054.76,0.01,39.07,22.35,41.49,92.97,217.58,23.05
2021-07-07 04:30:00,5,907.9,0.01,33.93,22.53,36.24,82.73,196.41,22.8
2021-07-07 05:30:00,5,720.98,0.01,28.1,26.82,29.56,66.92,169.96,21.03
2021-07-07 06:30:00,5,634.19,0.29,27.76,30.76,30.52,52.54,136.03,20.27
2021-07-07 07:30:00,5,867.84,5.31,34.96,23.25,39.1,51.12,121.8,23.05
2021-07-07 08:30:00,5,1068.12,12.18,41.47,27.54,49.11,53,121.6,25.08
2021-07-07 09:30:00,5,727.65,5.81,32.22,61.51,41.49,41.96,109.52,16.97
2021-07-07 10:30:00,5,587.46,2.85,23.65,95.84,36.72,40.95,112.2,13.05
2021-07-07 11:30:00,5,480.65,1.31,15.77,125.89,30.04,42.29,117.09,10.39
2021-07-07 12:30:00,5,380.52,0.81,10.03,130.18,21.7,41.85,127.32,7.22
2021-07-07 13:30:00,5,347.14,0.87,8.74,125.89,18.6,43.19,139.31,5.51
2021-07-07 14:30:00,5,340.46,0.96,8.57,123.02,17.17,43.1,144.26,5.13
2021-07-07 15:30:00,5,337.12,0.95,8.65,117.3,15.74,42.51,146.3,5.13
2021-07-07 16:30:00,5,350.48,0.91,10.2,108.72,15.5,42.09,147.3,5.45
2021-07-07 17:30:00,5,370.5,0.69,12.51,101.57,15.74,42,146.83,5.7
2021-07-07 18:30:00,5,540.73,0.5,23.99,87.26,26.46,47.12,151.55,8.87
2021-07-07 19:30:00,5,741.01,0.05,33.24,71.53,36.72,53.68,158.13,13.43
2021-07-07 20:30:00,5,827.79,0,33.59,64.37,39.58,57.39,161.73,16.09
2021-07-07 21:30:00,5,1041.41,0,39.76,53.64,44.82,66.57,175.38,20.01
2021-07-07 22:30:00,5,1335.14,0,49.35,38.27,50.07,78.68,195.01,24.57
2021-07-07 23:30:00,5,1361.85,0,54.15,27.54,46.73,79.36,195.39,23.56
2021-07-08 00:30:00,5,1068.12,0.01,46.61,24.32,33.85,65.54,174.71,18.75
2021-07-08 01:30:00,5,787.74,0.01,35.64,24.32,24.08,54.18,153.69,17.73
2021-07-08 02:30:00,5,594.14,0,25.36,29.33,19.55,44.08,122.37,17.73
2021-07-08 03:30:00,4,407.22,0,16.11,45.78,17.17,32.03,89.05,15.2
2021-07-08 04:30:00,4,353.81,0,13.54,52.93,17.64,26.15,79.35,13.3
2021-07-08 05:30:00,4,343.8,0,13.71,52.21,19.07,23.73,81.84,12.03
2021-07-08 06:30:00,4,390.53,0.07,15.94,50.07,21.22,25.87,92.57,12.03
2021-07-08 07:30:00,5,494,1.2,20.22,47.21,25.27,30.7,108.74,13.3
2021-07-08 08:30:00,5,527.38,2.68,20.56,52.21,26.94,34.13,126.11,13.3
2021-07-08 09:30:00,5,453.95,1.63,16.45,65.09,23.37,35.88,145.02,10.64
2021-07-08 10:30:00,5,427.25,1.38,13.71,84.4,23.13,39.67,162.25,9.5
2021-07-08 11:30:00,5,403.88,1.15,12,104.43,22.41,43.53,175.36,8.74
2021-07-08 12:30:00,5,377.18,0.99,10.2,115.87,20.27,45.02,179.55,7.47
2021-07-08 13:30:00,5,373.84,1.06,10.11,118.73,19.79,46.23,180.55,6.71
2021-07-08 14:30:00,5,387.19,1.15,10.88,124.45,21.22,48.11,182.66,6.65
2021-07-08 15:30:00,5,400.54,1.19,12,127.32,22.41,49.79,186.61,6.71
2021-07-08 16:30:00,5,440.6,1.31,15.42,124.45,24.8,51.25,188.88,7.28
2021-07-08 17:30:00,5,494,1.26,20.91,115.87,28.61,52.6,191.48,8.23
2021-07-08 18:30:00,5,634.19,0.67,31.87,97.28,38.62,56.63,198.6,10.89
2021-07-08 19:30:00,5,841.14,0.05,42.5,76.53,51.98,64.35,209.14,15.07
2021-07-08 20:30:00,5,947.95,0,45.24,64.37,57.22,69.19,214.8,17.73
2021-07-08 21:30:00,5,1094.82,0,52.78,53.64,69.62,76.69,221.43,21.03
2021-07-08 22:30:00,5,1562.12,0.02,77.46,28.25,104.9,97.04,249.52,27.87
2021-07-08 23:30:00,5,1482.01,0.02,80.2,31.83,112.53,104,249.82,27.11
2021-07-09 00:30:00,5,988.01,0,41.13,88.69,67.71,122.82,209.44,19.76
2021-07-09 01:30:00,5,907.9,0,27.08,76.53,50.07,99.27,133.89,16.72
2021-07-09 02:30:00,5,881.2,0.03,30.5,28.25,50.07,60.92,75.5,14.82
2021-07-09 03:30:00,4,847.82,0.61,34.96,6.8,51.02,46.76,57.5,13.43
2021-07-09 04:30:00,4,841.14,1.52,35.64,2.95,51.5,43.09,53.59,13.05
2021-07-09 05:30:00,4,894.55,2.88,36.33,1.38,53.88,41.35,51.18,12.54
2021-07-09 06:30:00,4,1054.76,6.37,37.36,0.75,58.17,39.55,48.97,11.91
2021-07-09 07:30:00,4,1201.63,11.51,37.7,5.63,61.99,39.31,50.21,11.91
2021-07-09 08:30:00,4,1214.98,12.29,41.13,20.21,68.67,39.2,50.63,10.89
2021-07-09 09:30:00,4,1094.82,8.72,42.5,51.5,75.34,41.81,53.59,9.63
2021-07-09 10:30:00,5,1028.06,6.2,42.84,100.14,84.88,54.76,68.1,9.25
2021-07-09 11:30:00,5,974.66,4.53,42.16,160.22,98.23,79.45,96.41,8.36
2021-07-09 12:30:00,5,881.2,2.85,33.93,220.3,93.46,107.54,140.89,6.33
2021-07-09 13:30:00,5,827.79,2.07,30.16,266.08,97.28,124.08,169.87,5.13
2021-07-09 14:30:00,5,821.11,1.69,29.13,303.27,105.86,131.73,181.32,4.5
2021-07-09 15:30:00,5,781.06,1.41,27.76,297.55,101.09,126.87,182.37,4.69
2021-07-09 16:30:00,5,754.36,1.45,32.56,254.63,96.32,115.91,177.11,5.7
2021-07-09 17:30:00,5,767.71,1.27,39.41,203.13,91.55,98.67,155.79,7.28
2021-07-09 18:30:00,5,867.84,0.62,49.35,147.34,90.6,86.5,132.79,10.39
2021-07-09 19:30:00,5,1041.41,0.04,56.21,111.58,102.04,87.82,122.29,14.06
2021-07-09 20:30:00,5,1134.87,0,56.21,97.28,107.77,91.09,116.41,16.09
2021-07-09 21:30:00,5,1108.17,0,52.09,92.98,96.32,84.51,102.93,16.09
2021-07-09 22:30:00,5,1068.12,0,44.55,92.98,74.39,78.02,93.98,16.47
2021-07-09 23:30:00,5,988.01,0,37.7,100.14,60.08,75.36,88.55,15.33
2021-07-10 00:30:00,5,834.47,0,28.79,111.58,49.11,71.4,80.84,13.17
2021-07-10 01:30:00,5,707.63,0,20.56,121.59,41.49,68.19,75.65,12.16
2021-07-10 02:30:00,5,640.87,0,17.82,111.58,42.44,60,66.86,12.29
2021-07-10 03:30:00,4,607.49,0,19.54,82.25,45.3,47.3,54.17,12.79
2021-07-10 04:30:00,4,600.82,0,21.94,58.65,45.3,39.46,46.39,13.3
2021-07-10 05:30:00,4,620.84,0,24.33,47.92,43.39,37.06,44.16,13.43
2021-07-10 06:30:00,4,687.6,0.11,28.79,42.56,44.82,38.22,46.14,13.55
2021-07-10 07:30:00,4,794.41,2.18,32.22,43.27,48.16,40.1,49.18,13.93
2021-07-10 08:30:00,4,814.44,4.69,31.19,59.37,49.11,41.09,49.83,12.79
2021-07-10 09:30:00,4,707.63,3.63,23.99,92.98,42.44,38.05,44.92,9.37
2021-07-10 10:30:00,4,654.22,2.52,20.05,133.04,42.44,45.08,51.37,7.66
2021-07-10 11:30:00,5,640.87,1.72,17.65,183.11,47.21,61.39,67.56,6.65
2021-07-10 12:30:00,5,614.17,1.13,14.22,223.16,45.78,71.22,76.98,5.57
2021-07-10 13:30:00,5,594.14,1.01,13.71,243.19,47.21,74.62,80.21,4.75
2021-07-10 14:30:00,5,600.82,1.02,15.59,266.08,54.84,81.44,87.32,4.12
2021-07-10 15:30:00,5,627.52,1.02,19.36,286.1,64.85,89.2,95.66,3.77
2021-07-10 16:30:00,5,667.57,1.1,28.79,277.52,81.06,89.67,96.77,3.96
2021-07-10 17:30:00,5,700.95,1.02,40.78,234.6,97.28,78.54,85.82,4.81
2021-07-10 18:30:00,5,741.01,0.44,49.35,173.09,101.09,63.01,70.69,6.78
2021-07-10 19:30:00,5,787.74,0.02,45.93,127.32,90.6,52.13,60.87,9.25
2021-07-10 20:30:00,4,774.38,0,33.93,115.87,62.94,45.71,54.56,10.51
2021-07-10 21:30:00,4,734.33,0,25.02,118.73,42.44,45.99,54.14,10.51
2021-07-10 22:30:00,4,747.68,0,21.94,128.75,38.15,46.83,54.29,10.77
2021-07-10 23:30:00,4,767.71,0,20.56,133.04,40.53,41.66,47.77,10.01
2021-07-11 00:30:00,4,734.33,0,18.85,120.16,43.39,34.89,39.26,8.49
2021-07-11 01:30:00,4,700.95,0,18.17,97.28,43.87,31.71,35.78,8.11
2021-07-11 02:30:00,4,647.54,0,18.34,73.67,41.49,29.01,33.31,8.74
2021-07-11 03:30:00,4,594.14,0,19.88,52.93,40.05,26.09,30.81,9.63
2021-07-11 04:30:00,4,580.79,0,21.59,41.13,40.05,25.74,30.86,10.26
2021-07-11 05:30:00,4,607.49,0,23.65,35.76,40.53,28.42,33.95,10.26
2021-07-11 06:30:00,4,674.25,0.32,27.08,31.83,42.92,31.4,37.8,10.89
2021-07-11 07:30:00,4,774.38,3.63,29.47,37.55,49.11,35.05,42.85,11.91
2021-07-11 08:30:00,4,827.79,6.43,32.22,57.94,59.61,41.21,49.48,11.53
2021-07-11 09:30:00,4,814.44,4.3,29.82,98.71,58.65,43.92,50.38,8.11
2021-07-11 10:30:00,4,787.74,2.24,26.73,125.89,56.27,45.38,50.5,5.95
2021-07-11 11:30:00,4,754.36,1.09,26.73,120.16,55.31,38.3,42.44,4.88
2021-07-11 12:30:00,4,727.65,0.46,27.42,97.28,51.02,25.25,28.13,3.96
2021-07-11 13:30:00,2,727.65,0.51,27.08,79.39,45.78,17.71,20.16,3.42
2021-07-11 14:30:00,2,734.33,0.64,26.73,68.67,42.44,14.24,16.54,3.17
2021-07-11 15:30:00,2,747.68,0.67,27.76,59.37,41.49,13.36,15.74,3.33
2021-07-11 16:30:00,2,747.68,0.4,29.47,46.49,41.01,12.59,15.07,3.58
2021-07-11 17:30:00,2,741.01,0.21,30.16,36.84,39.58,12.73,15.21,3.77
2021-07-11 18:30:00,2,714.3,0.08,32.9,27.9,43.87,15.8,19.12,4.37
2021-07-11 19:30:00,3,700.95,0.01,34.96,26.82,49.11,20.15,24.86,5.64
2021-07-11 20:30:00,3,700.95,0,34.27,28.61,50.07,21.59,27.3,6.4
2021-07-11 21:30:00,3,680.92,0,31.87,29.33,47.68,21.73,27.67,6.4
2021-07-11 22:30:00,3,660.9,0.01,30.16,27.9,44.35,22.09,27.91,6.08
2021-07-11 23:30:00,3,627.52,0.01,28.79,24.68,40.53,21.81,26.7,5.13
2021-07-12 00:30:00,3,580.79,0.02,27.08,22.89,36.72,21.28,25.07,4.43
2021-07-12 01:30:00,3,560.76,0.04,27.76,20.56,39.1,22.23,26.25,4.88
2021-07-12 02:30:00,3,527.38,0.04,26.73,20.56,38.62,23.88,28.14,5.07
2021-07-12 03:30:00,4,514.03,0.06,28.1,19.13,40.53,27.6,32.32,5.32
2021-07-12 04:30:00,4,514.03,0.08,28.79,18.06,41.96,29.86,35.11,5.57
2021-07-12 05:30:00,4,520.71,0.11,29.13,17.35,42.44,29.84,35.55,5.83
2021-07-12 06:30:00,4,560.76,0.45,31.87,14.13,45.78,29.9,36.26,6.59
2021-07-12 07:30:00,4,640.87,3.8,33.24,13.77,51.5,30.25,37.94,7.66
2021-07-12 08:30:00,4,667.57,7.82,31.19,22.35,56.27,28.32,35.78,7.47
2021-07-12 09:30:00,3,600.82,6.76,27.76,38.62,51.5,23.89,29.89,6.46
2021-07-12 10:30:00,3,560.76,5.2,26.39,52.21,50.07,21.9,26.97,5.76
2021-07-12 11:30:00,3,534.06,3.58,24.33,68.67,47.68,21.08,25.15,5.13
2021-07-12 12:30:00,3,527.38,2.29,21.42,90.12,43.39,22.05,25.22,4.37
2021-07-12 13:30:00,4,547.41,1.9,21.94,104.43,44.82,25.13,28.07,3.99
2021-07-12 14:30:00,4,567.44,1.79,23.31,110.15,47.21,26.08,28.94,3.67
2021-07-12 15:30:00,4,587.46,1.73,26.73,105.86,51.02,25.9,28.95,3.77
2021-07-12 16:30:00,4,607.49,1.62,31.87,97.28,55.31,25.42,28.79,4.05
2021-07-12 17:30:00,3,640.87,1.16,35.99,87.98,55.31,23.95,27.68,4.43
2021-07-12 18:30:00,4,720.98,1.02,44.55,70.81,64.85,26.06,32.17,6.59
2021-07-12 19:30:00,4,814.44,0.21,50.72,48.64,70.57,30.45,40.11,9.88
2021-07-12 20:30:00,4,867.84,0,49.35,35.76,67.71,32.91,45.13,11.91
2021-07-12 21:30:00,4,854.49,0,43.53,30.76,59.61,32.31,45,12.29
2021-07-12 22:30:00,4,827.79,0.01,39.07,26.82,51.98,31.4,43.63,12.03
2021-07-12 23:30:00,4,761.03,0.02,36.33,24.68,47.21,29.63,39.52,10.13
2021-07-13 00:30:00,4,660.9,0.01,31.53,27.18,41.01,29.01,36.05,7.79
2021-07-13 01:30:00,4,620.84,0,28.79,30.04,40.05,31.24,37.58,6.9
2021-07-13 02:30:00,4,600.82,0,27.76,30.04,41.96,34.4,40.92,6.4
2021-07-13 03:30:00,4,614.17,0.01,29.47,27.54,45.3,40.47,47.69,6.21
2021-07-13 04:30:00,4,640.87,0.02,31.19,25.03,46.73,45.47,53.39,6.46
2021-07-13 05:30:00,4,674.25,0.03,33.24,23.25,47.21,47.37,55.87,6.97
2021-07-13 06:30:00,4,767.71,0.58,38.39,18.6,51.98,49.49,59.15,7.98
2021-07-13 07:30:00,5,921.25,5.25,43.18,18.24,61.99,53.61,65.25,9.37
2021-07-13 08:30:00,5,961.3,8.61,48.67,21.28,73.43,55.02,66.43,9.12
2021-07-13 09:30:00,4,827.79,5.42,50.04,32.19,79.16,47.82,56.2,6.78
2021-07-13 10:30:00,4,801.09,2.93,54.15,46.49,87.74,49.38,56.77,6.27
2021-07-13 11:30:00,5,794.41,0.95,58.95,55.79,100.14,53.75,60.56,6.02
2021-07-13 12:30:00,5,787.74,0.22,60.32,59.37,105.86,54.21,60.96,6.27
2021-07-13 13:30:00,5,781.06,0.16,61.01,59.37,108.72,51.86,58.96,6.59
2021-07-13 14:30:00,4,781.06,0.17,62.38,59.37,109.67,48.46,55.68,6.84
2021-07-13 15:30:00,4,787.74,1.98,60.32,68.67,106.81,45.14,52.82,7.22
2021-07-13 16:30:00,4,801.09,1.4,65.12,71.53,110.63,40.36,48.51,7.66
2021-07-13 17:30:00,4,827.79,0.89,67.86,65.8,113.49,35.09,43.59,8.11
2021-07-13 18:30:00,4,988.01,0.42,73.34,47.92,114.44,36.47,48.23,11.53
2021-07-13 19:30:00,4,1214.98,0.06,77.46,27.18,112.53,44.78,62.71,16.97
2021-07-13 20:30:00,4,1255.04,0.09,75.4,18.42,105.86,48.39,70.04,19.25
2021-07-13 21:30:00,4,1134.87,0.03,63.06,24.68,87.74,44.37,65.32,17.48
2021-07-13 22:30:00,4,1041.41,0,50.72,35.05,66.76,41.88,61.21,16.72
2021-07-13 23:30:00,4,961.3,0,43.18,41.49,53.41,39.16,55.69,15.33
2021-07-14 00:30:00,4,834.47,0,35.99,47.92,42.44,36.08,48.54,13.05
2021-07-14 01:30:00,4,787.74,0,31.53,50.07,39.1,38.36,49.42,11.78
2021-07-14 02:30:00,4,767.71,0,29.47,49.35,39.1,43.68,54.62,10.64
2021-07-14 03:30:00,5,781.06,0,30.5,43.63,44.82,50.35,60.36,8.61
2021-07-14 04:30:00,5,787.74,0,32.56,36.12,51.5,55.94,64.09,6.21
2021-07-14 05:30:00,5,794.41,0.02,35.99,26.46,56.74,59.81,66.8,4.94
2021-07-14 06:30:00,5,881.2,0.57,42.5,13.95,61.99,63.06,70.51,5.38
2021-07-14 07:30:00,5,1108.17,5.87,49.35,3.84,72.48,69.23,79.59,7.09
2021-07-14 08:30:00,5,1268.39,14.53,54.15,4.51,87.74,73.74,85.5,8.04
2021-07-14 09:30:00,5,1188.28,10.84,63.06,5.45,97.28,76.54,87.71,7.66
2021-07-14 10:30:00,5,1108.17,9.5,67.17,9.39,112.53,79.11,90.06,8.04
2021-07-14 11:30:00,5,1041.41,8.61,71.29,14.66,129.7,80.58,90.94,8.04
2021-07-14 12:30:00,5,974.66,4.25,71.97,31.11,129.7,74,82.5,6.84
2021-07-14 13:30:00,5,988.01,2.32,71.97,40.41,125.89,69.83,77.86,6.84
2021-07-14 14:30:00,5,1001.36,2.21,66.49,42.92,119.21,63.08,71.11,7.09
2021-07-14 15:30:00,5,1028.06,4.75,58.26,52.93,108.72,57.83,67.61,8.23
2021-07-14 16:30:00,5,1134.87,4.92,68.55,44.35,114.44,57.68,70.14,9.88
2021-07-14 17:30:00,5,1268.39,6.37,82.25,26.46,127.79,59.4,73.61,11.02
2021-07-14 18:30:00,5,1522.06,8.49,89.11,9.21,125.89,66,84.4,14.06
2021-07-14 19:30:00,5,1922.61,10.95,85,0.91,105.86,83.28,111.92,19.25
2021-07-14 20:30:00,5,2243.04,12.52,78.14,0.12,90.6,101.79,140.44,21.79
2021-07-14 21:30:00,5,2269.75,8.49,74.03,0.49,76.29,106.88,150.65,20.27
2021-07-14 22:30:00,5,1976.01,2.88,65.8,3.17,60.56,94.34,135.78,17.73
2021-07-14 23:30:00,5,1495.36,0.56,53.47,10.1,49.59,70.12,100.39,13.93
2021-07-15 00:30:00,4,1041.41,0.08,40.1,17.52,41.96,45.85,60.76,9.63
2021-07-15 01:30:00,4,867.84,0.06,33.93,18.42,39.58,36.49,45.11,7.09
2021-07-15 02:30:00,4,801.09,0.08,31.53,17.52,39.1,33.89,41.05,5.89
2021-07-15 03:30:00,4,794.41,0.13,33.24,15.38,44.82,37.26,44.42,5.13
2021-07-15 04:30:00,4,834.47,0.27,37.01,12.16,53.88,45.13,52.46,4.5
2021-07-15 05:30:00,5,894.55,0.74,42.5,7.87,63.9,54.47,61.92,4.43
2021-07-15 06:30:00,5,1041.41,3.24,49.35,3.22,73.43,66.39,75.93,5.76
2021-07-15 07:30:00,5,1348.5,12.52,54.84,2.17,84.88,81.01,96.37,8.99
2021-07-15 08:30:00,5,1522.06,20.79,59.63,4.51,98.23,86.39,105.02,11.53
2021-07-15 09:30:00,5,1228.33,14.98,65.12,10.82,114.44,74.81,90.41,10.64
2021-07-15 10:30:00,5,1081.47,8.27,67.86,29.68,115.4,70.58,83.85,10.64
2021-07-15 11:30:00,5,974.66,4.92,65.12,60.8,114.44,70.08,81.02,9.63
2021-07-15 12:30:00,5,854.49,2.91,54.15,90.12,98.23,63.49,71.76,7.79
2021-07-15 13:30:00,5,787.74,2.15,49.35,100.14,88.69,54.29,61.16,6.78
2021-07-15 14:30:00,5,774.38,1.79,49.35,105.86,91.55,52.14,58.6,6.59
2021-07-15 15:30:00,5,821.11,1.87,52.78,110.15,97.28,54.3,61.4,7.28
2021-07-15 16:30:00,5,921.25,1.93,59.63,113.01,105.86,59.79,68.06,8.49
2021-07-15 17:30:00,5,1014.71,1.47,65.12,113.01,104.9,63.95,73.61,9.88
2021-07-15 18:30:00,5,1214.98,0.71,69.23,101.57,97.28,71.1,85.19,13.93
2021-07-15 19:30:00,5,1455.31,0.05,63.75,82.97,82.02,82.82,105.17,20.01
2021-07-15 20:30:00,5,1548.77,0,55.52,70.81,69.62,89.7,118.1,23.56
2021-07-15 21:30:00,5,1468.66,0,47.3,70.1,58.65,88.16,117.5,23.56
2021-07-15 22:30:00,5,1295.09,0,41.81,77.96,51.98,82.04,108.12,21.79
2021-07-15 23:30:00,5,1028.06,0,35.64,86.55,46.25,66.04,84.44,17.48
2021-07-16 00:30:00,4,767.71,0,28.79,81.54,41.96,44.16,54.3,12.67
2021-07-16 01:30:00,4,694.28,0,26.05,60.08,38.62,32.67,40.71,11.02
2021-07-16 02:30:00,4,667.57,0,25.02,43.63,37.67,28.67,36.36,10.13
2021-07-16 03:30:00,4,674.25,0,26.73,32.9,39.58,30.18,38.34,9.75
2021-07-16 04:30:00,4,687.6,0.02,29.47,23.96,42.44,33.26,41.89,9.5
2021-07-16 05:30:00,4,720.98,0.11,32.56,16.99,44.82,37.23,46.44,9.5
2021-07-16 06:30:00,4,834.47,1.27,37.36,10.1,49.11,43.95,54.8,10.13
2021-07-16 07:30:00,5,1054.76,8.38,40.1,12.52,57.22,55.39,69.74,11.78
2021-07-16 08:30:00,5,1201.63,12.74,45.93,25.39,67.71,67.23,83.11,12.16
2021-07-16 09:30:00,5,1121.52,9.16,50.72,52.93,78.2,76.02,89.81,10.64
2021-07-16 10:30:00,5,1054.76,6.04,53.47,86.55,91.55,88.75,101.25,9.75
2021-07-16 11:30:00,5,988.01,3.97,55.52,115.87,103.95,101.65,112.52,8.61
2021-07-16 12:30:00,5,894.55,2.54,48.67,135.9,95.37,99.42,107.73,6.78
2021-07-16 13:30:00,5,881.2,2.38,48.67,141.62,95.37,101.97,109.69,6.46
2021-07-16 14:30:00,5,894.55,2.24,52.09,147.34,103,110.36,118.2,6.59
2021-07-16 15:30:00,5,934.6,2.74,53.47,160.22,106.81,118.47,127.25,7.03
2021-07-16 16:30:00,5,974.66,3.07,57.58,173.09,109.67,124.54,134.36,7.47
2021-07-16 17:30:00,5,1041.41,2.74,67.17,170.23,116.35,126.57,137.55,8.23
2021-07-16 18:30:00,5,1735.69,1.93,109.67,111.58,129.7,148.01,170.4,17.23
2021-07-16 19:30:00,5,2777.1,0.21,142.57,45.78,123.98,186.88,230.69,30.91
2021-07-16 20:30:00,5,3364.56,0.18,137.09,16.99,102.04,214.46,275.96,38
2021-07-16 21:30:00,5,3284.45,0.36,106.93,12.34,76.29,212.29,280.3,34.45
2021-07-16 22:30:00,5,2910.61,0.2,82.94,14.48,59.13,194.88,260.09,29.64
2021-07-16 23:30:00,5,2510.07,0.15,69.92,15.38,47.68,172.88,229.25,22.8
2021-07-17 00:30:00,5,1976.01,0.03,56.89,22.53,36.72,141.96,183.43,15.33
2021-07-17 01:30:00,5,1441.96,0,39.07,39.7,27.42,113.92,140.71,11.15
2021-07-17 02:30:00,5,1068.12,0,26.05,56.51,23.37,95.6,111.69,9.5
2021-07-17 03:30:00,5,894.55,0,20.91,72.24,23.84,92.69,103.18,7.98
2021-07-17 04:30:00,5,881.2,0,20.22,78.68,25.03,100.1,109.31,6.84
2021-07-17 05:30:00,5,921.25,0,22.62,77.25,26.7,110,119.68,6.52
2021-07-17 06:30:00,5,1094.82,0.05,30.16,66.52,30.28,122.95,135.54,8.23
2021-07-17 07:30:00,5,1455.31,2.26,44.55,52.21,38.62,140.78,159.43,12.54
2021-07-17 08:30:00,5,1642.23,7.38,50.72,62.23,49.11,150.45,170.74,15.45
2021-07-17 09:30:00,5,1321.79,5.64,41.47,104.43,55.31,135.17,149.64,14.06
2021-07-17 10:30:00,5,1281.74,3.69,38.73,143.05,60.08,136.44,150.33,14.31
2021-07-17 11:30:00,5,1268.39,2.1,38.39,188.83,65.8,149.58,164.16,14.44
2021-07-17 12:30:00,5,1028.06,1.24,27.42,203.13,50.07,120.37,132.73,10.77
2021-07-17 13:30:00,5,881.2,1.06,19.71,220.3,40.53,101.48,111.62,8.49
2021-07-17 14:30:00,5,867.84,0.96,17.48,248.91,40.53,104.87,114.19,8.11
2021-07-17 15:30:00,5,847.82,0.85,17.82,251.77,39.58,101,109.98,8.04
2021-07-17 16:30:00,5,854.49,0.7,24.33,214.58,40.05,87.19,96.28,8.87
2021-07-17 17:30:00,5,907.9,0.33,34.62,167.37,42.44,73.74,83.64,10.26
2021-07-17 18:30:00,5,2429.96,2.49,117.9,44.35,62.94,118.06,152.52,28.37
2021-07-17 19:30:00,5,4486.08,45.6,142.57,0.05,84.88,204.97,281.34,50.66
2021-07-17 20:30:00,5,5340.58,76.89,119.27,0,87.74,252.07,358.24,59.28
2021-07-17 21:30:00,5,5447.39,80.47,102.82,0,77.25,262.13,379.48,56.74
2021-07-17 22:30:00,5,4966.74,73.31,85.68,0,61.99,243.72,354.56,47.62
2021-07-17 23:30:00,5,3738.4,53.2,67.17,0,42.92,177.15,254.45,34.45
2021-07-18 00:30:00,5,1335.14,1.73,47.3,13.59,21.7,58.02,78.28,18.24
2021-07-18 01:30:00,4,854.49,0,27.76,36.84,18.12,36.18,47.6,15.45
2021-07-18 02:30:00,4,767.71,0,22.96,42.92,18.36,33.54,43.37,14.95
2021-07-18 03:30:00,4,934.6,0,27.08,30.76,20.27,42.18,56.62,13.43
2021-07-18 04:30:00,5,1161.58,0.15,33.59,15.56,22.65,54.02,75.21,11.78
2021-07-18 05:30:00,5,1415.25,2.4,40.44,4.11,26.7,66.54,94.35,12.41
2021-07-18 06:30:00,5,2002.72,18.55,42.5,0.12,36.24,92.8,134.16,17.73
2021-07-18 07:30:00,5,3257.75,60.8,42.84,0.02,49.11,144.89,211.42,26.85
2021-07-18 08:30:00,5,4219.06,100.14,47.3,0.06,53.88,174.08,254.6,31.67
2021-07-18 09:30:00,4,1001.36,0.48,45.24,27.18,34.33,36.33,49.54,15.45
2021-07-18 10:30:00,4,801.09,0.14,34.27,43.99,31.95,29.01,39.04,13.17
2021-07-18 11:30:00,4,687.6,0.14,28.1,56.51,28.85,26.22,34.39,10.77
2021-07-18 12:30:00,4,600.82,0.07,23.65,61.51,25.99,25.08,31.04,8.11
2021-07-18 13:30:00,4,627.52,0.02,26.73,50.07,28.13,26.8,32.78,7.6
2021-07-18 14:30:00,4,687.6,0.01,31.87,35.05,31.47,27.94,34.77,7.79
2021-07-18 15:30:00,4,774.38,0.26,38.73,21.46,35.76,29.35,37.35,8.36
2021-07-18 16:30:00,4,1001.36,4.3,50.72,5.5,46.73,36.51,46.89,9.5
2021-07-18 17:30:00,5,1388.55,21.91,53.47,0.48,66.76,51.51,64.59,9.88
2021-07-18 18:30:00,5,1789.09,41.57,58.26,0.1,99.18,76.4,93.67,9.37
2021-07-18 19:30:00,5,1895.9,40.23,61.01,0.01,96.32,90.97,111.88,10.01
2021-07-18 20:30:00,5,1815.8,29.5,52.78,0,68.67,84.14,106.15,10.64
2021-07-18 21:30:00,5,1575.47,16.76,43.87,0.03,45.78,63.33,80.4,8.99
2021-07-18 22:30:00,4,1295.09,7.49,39.07,0.49,35.29,47.21,58.77,6.59
2021-07-18 23:30:00,4,1001.36,2.04,34.96,4.07,32.42,34.46,40.64,4.18
2021-07-19 00:30:00,3,741.01,0.25,29.82,12.34,33.85,24.87,27.51,2.72
2021-07-19 01:30:00,4,741.01,0.37,31.53,10.28,38.62,25.93,28.81,3.01
2021-07-19 02:30:00,4,747.68,0.68,33.24,7.06,42.44,27.82,31.16,3.29
2021-07-19 03:30:00,4,781.06,1.87,36.33,3,48.64,31.92,36.01,3.9
2021-07-19 04:30:00,4,847.82,5.87,39.07,0.37,61.04,39.13,44.27,4.5
2021-07-19 05:30:00,5,961.3,12.96,41.81,0.02,79.16,50.32,57.03,5.38
2021-07-19 06:30:00,5,1174.93,22.35,44.55,0,98.23,65.8,75.95,7.35
2021-07-19 07:30:00,5,1575.47,38.45,43.87,0.01,113.49,85.95,101.56,10.51
2021-07-19 08:30:00,5,1895.9,54.54,42.5,0.03,120.16,100.58,119.45,11.78
2021-07-19 09:30:00,5,2056.12,63.48,41.13,0.72,120.16,106.06,127.74,11.65
2021-07-19 10:30:00,5,2269.75,76.89,41.81,0.45,133.51,121.74,148.78,13.17
2021-07-19 11:30:00,5,2590.18,97.45,44.55,0.37,160.22,147.15,178.85,15.71
2021-07-19 12:30:00,5,2910.61,110.87,47.98,0.39,167.85,168.82,203.77,17.73
2021-07-19 13:30:00,5,2937.32,101.03,49.35,0.57,127.79,157.08,190.65,16.09
2021-07-19 14:30:00,5,2590.18,74.21,50.72,1.45,83.92,121.81,150.05,13.17
2021-07-19 15:30:00,5,2056.12,44.7,53.47,2.1,54.84,83.56,105.52,11.02
2021-07-19 16:30:00,5,1762.39,30.4,52.78,1.92,43.87,62.73,80.73,9.88
2021-07-19 17:30:00,5,1615.52,26.82,50.04,1.24,40.53,52.72,68.38,9.37
2021-07-19 18:30:00,4,1455.31,21.91,45.24,0.44,40.05,46.66,60.33,9.12
2021-07-19 19:30:00,4,1428.6,20.12,39.76,0.04,38.62,47.52,62.46,9.63
2021-07-19 20:30:00,4,1375.2,17.43,37.7,0.02,34.81,46.48,62.12,9.12
2021-07-19 21:30:00,4,1268.39,13.41,36.33,0.05,30.99,44,58.96,8.49
2021-07-19 22:30:00,4,1174.93,10.84,34.27,0.12,28.13,40.85,54.87,7.54
2021-07-19 23:30:00,4,1001.36,7.82,31.53,0.33,23.13,31.74,42.26,5.45
2021-07-20 00:30:00,3,747.68,3.24,27.76,1.95,17.88,20.39,26.3,3.42
2021-07-20 01:30:00,2,627.52,0.94,23.99,5.99,17.17,16.8,21.25,3.17
2021-07-20 02:30:00,2,580.79,0.41,21.59,9.48,18.36,16.43,20.41,3.29
2021-07-20 03:30:00,2,580.79,0.32,20.91,10.73,20.03,17.47,21.34,3.45
2021-07-20 04:30:00,2,594.14,0.33,21.08,10.82,20.98,19.11,23,3.52
2021-07-20 05:30:00,3,634.19,0.47,22.28,9.66,21.94,21.47,25.54,3.71
2021-07-20 06:30:00,4,767.71,2.04,26.39,5.45,26.94,28.06,34.24,5.07
2021-07-20 07:30:00,4,1121.52,12.41,31.53,1.7,41.49,44.02,55.62,8.49
2021-07-20 08:30:00,5,1522.06,29.95,37.01,2.41,62.94,62.9,79.99,12.29
2021-07-20 09:30:00,5,1789.09,42.02,46.61,2.84,92.51,80.1,101.03,15.33
2021-07-20 10:30:00,5,2056.12,49.17,56.21,2.35,119.21,99.25,123.82,17.23
2021-07-20 11:30:00,5,2109.53,49.62,65.12,1.41,137.33,109.65,135.22,16.72
2021-07-20 12:30:00,5,2002.72,48.28,69.23,3.4,143.05,108.89,133.93,14.44
2021-07-20 13:30:00,5,2216.34,55.43,81.57,9.21,167.85,129.89,156.99,14.44
2021-07-20 14:30:00,5,2429.96,51.41,106.93,20.03,190.74,158.09,187.26,14.06
2021-07-20 15:30:00,5,2563.48,34.42,137.09,33.98,196.46,192.62,223.17,12.41
2021-07-20 16:30:00,5,2643.59,19.67,159.03,34.33,186.92,214.67,245.96,11.15
2021-07-20 17:30:00,5,2803.8,13.97,175.48,16.63,177.38,223.82,256.13,11.4
2021-07-20 18:30:00,5,4966.74,87.62,167.25,0.67,167.85,325.99,389.85,33.44
2021-07-20 19:30:00,5,8544.92,205.64,159.03,0.01,217.44,533.79,652.4,85.12
2021-07-20 20:30:00,5,11749.27,296.83,164.51,0,286.1,755.82,916.21,139.83
2021-07-20 21:30:00,5,13671.88,339.75,168.62,0,324.25,912.46,1085.82,170.23
2021-07-20 22:30:00,5,14099.12,343.32,157.65,0,301.36,968.16,1137.74,160.1
2021-07-20 23:30:00,5,12817.38,314.71,131.61,0,215.53,892.12,1031.84,103.35
2021-07-21 00:30:00,5,7263.18,166.3,112.41,0,103,504.1,565.69,20.52
2021-07-21 01:30:00,5,4966.74,103.71,86.37,0,63.9,326.72,364.55,9.88
2021-07-21 02:30:00,5,3631.59,66.16,65.8,0,47.21,226.21,253.85,8.61
2021-07-21 03:30:00,5,2803.8,46.94,52.78,0,41.01,165.44,188.17,8.23
2021-07-21 04:30:00,5,2349.85,38.89,45.93,0,41.01,130.24,150.2,7.92
2021-07-21 05:30:00,5,2029.42,38.45,42.16,0,51.02,109.49,127.18,8.36
2021-07-21 06:30:00,5,1588.82,40.68,41.81,0,82.02,94.11,109.36,8.49
2021-07-21 07:30:00,5,1655.58,48.28,39.76,0.11,90.6,92.3,112.65,11.15
2021-07-21 08:30:00,5,1682.28,48.73,36.33,0.51,84.88,80.89,103.32,12.03
2021-07-21 09:30:00,5,1241.68,25.48,37.01,2.46,60.56,56.4,80.87,11.02
2021-07-21 10:30:00,5,1108.17,16.99,40.78,4.38,58.65,56.79,97.41,12.41
2021-07-21 11:30:00,5,1134.87,14.98,46.61,5.28,69.62,64.03,117.63,13.81
2021-07-21 12:30:00,5,1054.76,12.96,42.84,17.35,69.62,62.63,120.59,12.79
2021-07-21 13:30:00,5,1041.41,11.62,43.53,48.64,73.43,66.72,120.57,12.16
2021-07-21 14:30:00,5,1134.87,9.16,49.35,103,87.74,88.41,140.29,11.91
2021-07-21 15:30:00,5,1228.33,5.64,52.78,163.08,101.09,120.32,168.78,10.51
2021-07-21 16:30:00,5,1335.14,4.69,72.66,154.5,133.51,144.17,188.14,8.61
2021-07-21 17:30:00,5,1415.25,5.25,111.04,87.98,185.01,155.94,192.94,5.95
2021-07-21 18:30:00,5,1695.63,5.64,148.06,25.75,196.46,174.13,204.61,7.22
2021-07-21 19:30:00,5,2082.82,2.4,145.32,7.42,148.77,195.47,225.77,11.15
2021-07-21 20:30:00,5,2269.75,0.66,117.9,10.28,101.09,199.95,231.19,12.79
2021-07-21 21:30:00,5,2136.23,0.06,83.63,21.82,67.71,176.31,205.48,12.54
2021-07-21 22:30:00,5,1976.01,0.02,61.69,25.39,47.68,145.26,173.65,12.16
2021-07-21 23:30:00,5,1735.69,0.03,52.78,22.89,37.67,118.09,143.3,9.75
2021-07-22 00:30:00,5,1562.12,0.09,49.35,18.6,30.99,102.84,125.21,7.22
2021-07-22 01:30:00,5,1615.52,0.35,48.67,11.27,30.99,108.99,133.68,8.23
2021-07-22 02:30:00,5,1762.39,1.13,48.67,5.36,34.81,122.2,151.08,10.89
2021-07-22 03:30:00,5,1949.31,3.47,51.41,1.34,41.49,140.2,174.2,13.05
2021-07-22 04:30:00,5,2082.82,6.76,53.47,0.24,46.25,155.8,192.12,11.4
2021-07-22 05:30:00,5,2082.82,10.39,52.78,0.04,52.93,158.57,193.04,9.88
2021-07-22 06:30:00,5,2029.42,17.21,47.98,0.08,59.61,147.09,177.83,10.26
2021-07-22 07:30:00,5,2349.85,33.98,46.61,0.72,68.67,148.32,183.25,14.44
2021-07-22 08:30:00,5,2643.59,48.28,51.41,0.86,82.02,144.74,182.46,17.99
2021-07-22 09:30:00,5,1655.58,25.48,63.06,3.13,127.79,87.43,107.46,10.39
2021-07-22 10:30:00,5,1441.96,17.43,63.75,9.21,135.42,73.02,89.33,8.49
2021-07-22 11:30:00,5,1321.79,10.06,56.89,22.71,118.26,60.78,73.94,7.73
2021-07-22 12:30:00,4,1228.33,5.09,50.04,37.91,99.18,48.97,57.82,6.46
2021-07-22 13:30:00,4,1214.98,3.74,51.41,35.05,95.37,46.11,53.21,5.76
2021-07-22 14:30:00,5,1281.74,3.19,58.95,22.17,103,52.59,59.52,5.64
2021-07-22 15:30:00,5,1375.2,5.64,64.43,10.37,112.53,62.91,70.24,5.83
2021-07-22 16:30:00,5,1441.96,14.53,69.23,5.59,127.79,71.97,80.24,6.08
2021-07-22 17:30:00,5,1441.96,19.45,69.23,3.4,117.3,69.06,77.68,6.14
2021-07-22 18:30:00,5,1468.66,16.99,65.8,1.42,93.46,63.87,73.78,7.6
2021-07-22 19:30:00,5,1575.47,14.53,62.38,0.12,78.2,68.95,81.88,9.5
2021-07-22 20:30:00,5,1615.52,11.62,59.63,0.08,69.62,76.01,90.93,9.88
2021-07-22 21:30:00,5,1535.42,7.15,55.52,0.43,59.61,77.98,93.38,9.37
2021-07-22 22:30:00,5,1441.96,4.47,50.72,1.14,51.98,78.25,94.38,9.25
2021-07-22 23:30:00,5,1348.5,2.52,47.3,2.79,47.21,78.36,92.76,7.66
2021-07-23 00:30:00,5,1295.09,0.38,42.16,11.8,42.44,85.49,95.31,5.38
2021-07-23 01:30:00,5,1335.14,0.01,34.96,29.33,41.49,102.97,109.92,4.5
2021-07-23 02:30:00,5,1321.79,0,30.5,38.98,41.96,109.96,115.67,4.12
2021-07-23 03:30:00,5,1228.33,0.01,31.19,31.11,44.35,97.27,102.39,3.71
2021-07-23 04:30:00,5,1121.52,0.07,33.59,18.6,46.25,79.69,84,3.23
2021-07-23 05:30:00,5,1068.12,0.3,35.3,11.44,47.21,68.93,72.6,3.23
2021-07-23 06:30:00,5,1134.87,0.69,38.73,9.48,48.64,64.74,69.86,4.31
2021-07-23 07:30:00,5,1335.14,4.19,44.55,12.16,55.31,66.46,75.2,6.52
2021-07-23 08:30:00,5,1522.06,9.28,49.35,30.76,65.8,70.32,81.73,7.98
2021-07-23 09:30:00,5,1495.36,6.99,53.47,68.67,79.16,71.58,82.18,6.97
2021-07-23 10:30:00,5,1441.96,4.02,56.89,97.28,91.55,84.23,94.12,6.46
2021-07-23 11:30:00,5,1415.25,1.84,60.32,104.43,99.18,91.33,100.18,5.76
2021-07-23 12:30:00,5,1335.14,1.08,52.78,100.14,87.74,78.08,84.72,4.69
2021-07-23 13:30:00,5,1281.74,1.65,44.55,113.01,76.29,74.19,79.72,4.43
2021-07-23 14:30:00,5,1281.74,1.61,39.41,144.48,70.57,86.47,91.77,4.5
2021-07-23 15:30:00,5,1361.85,1.47,40.78,175.95,71.53,109.08,115.3,5.45
2021-07-23 16:30:00,5,1548.77,1.5,52.78,188.83,81.06,135.55,144.05,7.03
2021-07-23 17:30:00,5,1762.39,1.29,68.55,180.24,91.55,153.76,164.71,8.49
2021-07-23 18:30:00,5,2696.99,0.75,109.67,118.73,87.74,198.45,224.29,16.72
2021-07-23 19:30:00,5,3952.03,0.06,141.2,50.07,79.16,265.32,315.15,23.81
2021-07-23 20:30:00,5,4699.71,0.82,150.8,11.8,75.34,317.3,387.15,24.07
2021-07-23 21:30:00,5,4646.3,2.4,128.87,3.76,66.76,320.88,397.25,20.52
2021-07-23 22:30:00,5,4005.43,0.99,101.45,7.51,56.74,292.25,364.9,17.23
2021-07-23 23:30:00,5,3337.86,0.33,82.94,11.98,46.73,251.01,314.33,13.3
2021-07-24 00:30:00,5,2563.48,0.04,62.38,20.03,36.24,197.95,244.05,8.61
2021-07-24 01:30:00,5,2002.72,0,43.87,25.39,26.7,158.97,192.03,6.65
2021-07-24 02:30:00,5,1695.63,0,34.27,26.46,21.94,138.08,164.16,6.14
2021-07-24 03:30:00,5,1548.77,0.01,30.16,25.75,20.98,130.64,153.69,5.89
2021-07-24 04:30:00,5,1522.06,0.02,29.82,22.53,21.94,131.96,154.54,5.89
2021-07-24 05:30:00,5,1562.12,0.11,32.56,16.63,23.6,138.23,158.95,6.52
2021-07-24 06:30:00,5,1789.09,2.12,40.1,7.33,28.13,152.45,176.9,8.74
2021-07-24 07:30:00,5,2323.15,14.98,47.3,8.76,37.67,178.74,214.6,13.05
2021-07-24 08:30:00,5,2723.69,22.8,61.01,30.76,48.16,199.56,242.4,15.96
2021-07-24 09:30:00,5,1468.66,8.49,55.52,114.44,92.51,161.25,181.51,5.57
2021-07-24 10:30:00,5,1188.28,5.09,46.61,183.11,101.09,181.73,197.8,2.76
2021-07-24 11:30:00,5,1054.76,2.4,31.53,257.49,90.6,206.6,219.64,1.36
2021-07-24 12:30:00,5,934.6,1.24,19.71,288.96,68.67,197.18,206.73,0.61
2021-07-24 13:30:00,5,881.2,1.15,18.68,291.82,64.85,178.44,186.82,1.05
2021-07-24 14:30:00,5,867.84,1.27,21.59,300.41,75.34,167.42,175.69,1.49
2021-07-24 15:30:00,5,894.55,1.45,28.1,303.27,89.65,160.68,169.41,2.09
2021-07-24 16:30:00,5,974.66,1.82,41.13,268.94,103,145.66,155.32,3.42
2021-07-24 17:30:00,5,1054.76,1.96,58.26,205.99,115.4,124.76,135.35,5.26
2021-07-24 18:30:00,5,1321.79,1.16,76.08,128.75,109.67,114.58,129.72,10.39
2021-07-24 19:30:00,5,1735.69,0.08,76.77,70.81,79.16,120.78,145.23,16.21
2021-07-24 20:30:00,5,1949.31,0,66.49,47.92,54.84,128.35,160.01,16.72
2021-07-24 21:30:00,5,1869.2,0,54.84,46.49,41.01,129.25,162.31,14.44
2021-07-24 22:30:00,5,1735.69,0,48.67,48.64,35.29,129.95,161.62,12.79
2021-07-24 23:30:00,5,1615.52,0,45.24,46.49,29.56,124.25,150.79,10.13
2021-07-25 00:30:00,5,1441.96,0,41.13,36.84,22.41,114.26,135.21,7.22
2021-07-25 01:30:00,5,1401.9,0.02,38.39,23.96,19.55,111.09,131.81,6.71
2021-07-25 02:30:00,5,1388.55,0.13,35.99,14.13,19.55,109.29,131.65,7.16
2021-07-25 03:30:00,5,1575.47,2.04,37.01,3.53,21.94,120.21,148.85,7.73
2021-07-25 04:30:00,5,1895.9,9.39,33.24,0.09,24.8,140.15,176.94,8.87
2021-07-25 05:30:00,5,2216.34,21.01,28.1,0,29.33,161.58,205.82,11.78
2021-07-25 06:30:00,5,2883.91,43.81,25.36,0.07,39.1,196.2,254.41,18.24
2021-07-25 07:30:00,5,4325.87,91.2,27.76,1.11,50.55,259.5,343.32,24.32
2021-07-25 08:30:00,5,5554.2,125.17,50.04,4.96,53.88,298.35,396.14,26.85
2021-07-25 09:30:00,5,1214.98,9.05,45.24,91.55,66.76,100.53,118.23,10.39
2021-07-25 10:30:00,5,921.25,4.97,34.96,145.91,71.53,94.53,107.11,8.87
2021-07-25 11:30:00,5,854.49,2.85,29.13,214.58,78.2,117.04,128.46,7.79
2021-07-25 12:30:00,5,741.01,1.62,20.91,248.91,70.57,116.52,125.61,5.57
2021-07-25 13:30:00,5,694.28,1.38,19.02,251.77,65.8,105.59,113.4,4.81
2021-07-25 14:30:00,5,700.95,1.47,21.76,260.35,73.43,104.04,111.96,4.75
2021-07-25 15:30:00,5,747.68,1.52,28.1,263.21,83.92,106.99,115.61,5.07
2021-07-25 16:30:00,5,794.41,1.69,41.13,228.88,99.18,100.64,110.07,5.83
2021-07-25 17:30:00,5,827.79,1.72,57.58,155.93,111.58,82.5,92.51,7.09
2021-07-25 18:30:00,5,1108.17,1.15,76.08,75.1,107.77,73.52,88.31,12.29
2021-07-25 19:30:00,5,1522.06,0.1,76.08,28.97,75.34,77.97,102.19,19
2021-07-25 20:30:00,5,1695.63,0.12,65.12,16.81,50.07,80.98,111.72,21.03
2021-07-25 21:30:00,5,1575.47,0.05,53.47,20.74,35.76,74.81,105.55,18.75
2021-07-25 22:30:00,5,1401.9,0.01,45.93,29.33,30.28,69.75,97.7,16.47
2021-07-25 23:30:00,5,1214.98,0,40.44,38.27,26.7,64.54,87.36,12.67
2021-07-26 00:30:00,5,974.66,0,32.9,47.92,23.37,57.87,73.94,9.37
2021-07-26 01:30:00,5,894.55,0,29.13,49.35,25.27,57.55,71.17,9.12
2021-07-26 02:30:00,5,834.47,0,26.73,43.99,26.46,56.46,69.28,9.37
2021-07-26 03:30:00,5,834.47,0,27.08,35.76,29.09,57.93,71.09,9.25
2021-07-26 04:30:00,5,881.2,0.01,29.13,27.54,30.52,62.61,77.05,8.61
2021-07-26 05:30:00,5,961.3,0.08,32.22,19.13,32.42,68.88,84.96,8.36
2021-07-26 06:30:00,5,1174.93,1.66,39.76,7.96,36.72,80.11,100.84,10.26
2021-07-26 07:30:00,5,1628.88,12.85,45.93,2.21,46.73,99.93,129.27,15.2
2021-07-26 08:30:00,5,1869.2,23.92,51.41,5.68,58.65,111.13,143.73,17.73
2021-07-26 09:30:00,5,1361.85,10.17,61.01,24.68,82.02,103.33,123.13,11.4
2021-07-26 10:30:00,5,1214.98,7.15,65.12,43.99,95.37,101.99,117.61,9.63
2021-07-26 11:30:00,5,1174.93,7.04,67.17,57.22,106.81,98.85,112.48,8.87
2021-07-26 12:30:00,5,1174.93,1.98,78.14,52.21,114.44,96.39,108.39,8.23
2021-07-26 13:30:00,5,1268.39,1.51,90.48,32.19,131.61,97.65,109.65,8.04
2021-07-26 14:30:00,5,1361.85,4.3,98.71,15.74,154.5,100.89,113.47,7.54
2021-07-26 15:30:00,5,1508.71,7.82,102.82,12.16,167.85,107.3,120.7,7.6
2021-07-26 16:30:00,5,1735.69,10.51,108.3,10.19,169.75,117.69,132.83,8.49
2021-07-26 17:30:00,5,1949.31,14.31,117.9,6.8,177.38,127.48,144.71,8.99
2021-07-26 18:30:00,5,2590.18,26.6,120.64,2.15,158.31,156.61,184.09,13.55
2021-07-26 19:30:00,5,3685,46.05,115.16,0.07,133.51,213.45,260.96,21.79
2021-07-26 20:30:00,5,4646.3,64.37,109.67,0,127.79,279.58,344.78,28.37
2021-07-26 21:30:00,5,5126.95,69.74,105.56,0,123.98,314.46,390.83,28.37
2021-07-26 22:30:00,5,4913.33,59.01,102.82,0,112.53,309.7,383.27,21.79
2021-07-26 23:30:00,5,4112.24,43.36,98.71,0,99.18,276.3,334.04,13.17
2021-07-27 00:30:00,5,3471.37,33.08,90.48,0,74.39,246.18,288.55,7.98
2021-07-27 01:30:00,5,3471.37,33.53,78.14,0,54.84,247.28,288.26,8.23
2021-07-27 02:30:00,5,3578.19,34.87,68.55,0,49.11,252.27,293.72,9.75
2021-07-27 03:30:00,5,3685,38.45,62.38,0,49.11,266.38,307.36,10.89
2021-07-27 04:30:00,5,3578.19,39.34,58.95,0,47.68,274.37,308.83,9.5
2021-07-27 05:30:00,5,3337.86,37.1,56.89,0,45.78,268.34,296.05,8.61
2021-07-27 06:30:00,5,3204.35,37.55,56.89,0.07,50.07,262.82,288.67,10.51
2021-07-27 07:30:00,5,3471.37,51.41,54.84,1.07,56.27,257.76,293.62,15.33
2021-07-27 08:30:00,5,3417.97,58.12,56.89,1.72,55.31,220.57,260.62,16.72
2021-07-27 09:30:00,5,1842.5,12.18,61.01,10.1,53.88,104.38,122.8,10.51
2021-07-27 10:30:00,5,1428.6,8.72,49.35,17.52,52.45,68.19,82.36,9.25
2021-07-27 11:30:00,5,1161.58,7.71,40.1,25.75,50.07,50.79,61.87,8.04
2021-07-27 12:30:00,4,881.2,4.86,30.16,38.62,38.62,35.78,43.87,6.65
2021-07-27 13:30:00,4,781.06,3.47,26.39,50.07,34.81,31.14,38.47,6.65
2021-07-27 14:30:00,4,747.68,2.71,24.68,64.37,34.81,30.93,38.04,7.03
2021-07-27 15:30:00,4,747.68,2.01,26.39,74.39,36.72,32.77,39.9,7.22
2021-07-27 16:30:00,4,834.47,1.57,34.62,69.38,41.01,38.05,46.17,7.79
2021-07-27 17:30:00,4,961.3,0.91,46.61,52.21,45.78,44.03,53.6,8.36
2021-07-27 18:30:00,5,1281.74,1.17,64.43,24.68,54.84,57.61,72.01,10.77
2021-07-27 19:30:00,5,1682.28,5.42,75.4,2.79,61.99,76.37,98.84,13.43
2021-07-27 20:30:00,5,1842.5,13.3,68.55,0.08,59.61,84.86,112.73,14.06
2021-07-27 21:30:00,5,2056.12,20.56,62.38,0.01,54.36,95.84,129.1,14.57
2021-07-27 22:30:00,5,2376.56,30.4,57.58,0,51.98,113.31,153.1,14.95
2021-07-27 23:30:00,5,2429.96,34.87,52.78,0,46.73,113.21,151.12,11.91
2021-07-28 00:30:00,5,2029.42,29.95,46.61,0,38.15,89.83,117.24,7.41
2021-07-28 01:30:00,5,1682.28,23.25,41.81,0,36.24,73.82,94.51,6.21
2021-07-28 02:30:00,5,1482.01,20.12,38.39,0,40.05,66.49,83.31,6.02
2021-07-28 03:30:00,5,1214.98,16.54,38.73,0.01,50.07,58.04,70.75,5.95
2021-07-28 04:30:00,5,1081.47,14.19,36.67,0.03,50.55,52.65,63.74,5.83
2021-07-28 05:30:00,4,974.66,11.85,33.93,0.06,46.73,46.37,56.17,5.89
2021-07-28 06:30:00,4,1001.36,14.53,31.19,0.03,46.73,45.51,56.14,7.35
2021-07-28 07:30:00,5,1214.98,23.69,28.79,0.01,49.59,50.58,65.39,10.01
2021-07-28 08:30:00,4,1295.09,29.06,28.1,0.08,47.21,49.35,66.05,10.39
2021-07-28 09:30:00,4,1161.58,24.14,29.13,0.83,42.92,46.4,63.37,9.63
2021-07-28 10:30:00,4,1041.41,17.88,31.53,1.7,43.39,46.6,63.68,9.12
2021-07-28 11:30:00,4,907.9,11.74,32.9,3,42.92,44.75,59.55,8.11
2021-07-28 12:30:00,4,781.06,6.93,30.85,12.34,38.62,41.28,54.85,7.47
2021-07-28 13:30:00,4,767.71,4.14,32.9,16.81,39.1,41.63,55.05,7.6
2021-07-28 14:30:00,4,801.09,3.35,35.99,16.09,43.87,43.27,56.32,7.92
2021-07-28 15:30:00,4,834.47,3.47,39.07,12.52,46.73,43.74,55.03,7.47
2021-07-28 16:30:00,5,1001.36,7.71,46.61,6.26,56.27,50.32,62.87,8.61
2021-07-28 17:30:00,5,1321.79,20.34,55.52,1.42,75.34,64.74,80.86,11.15
2021-07-28 18:30:00,5,2002.72,51.86,59.63,0.18,107.77,98.7,123.96,16.72
2021-07-28 19:30:00,5,3044.13,89.41,61.01,0.01,133.51,156.17,198.14,25.84
2021-07-28 20:30:00,5,3898.62,107.29,63.75,0,144.96,209.4,268.08,33.95
2021-07-28 21:30:00,5,4379.27,116.23,66.49,0,150.68,249.53,317.96,37.49
2021-07-28 22:30:00,5,4646.3,125.17,67.17,0,156.4,278.55,345.97,32.93
2021-07-28 23:30:00,5,4432.68,128.75,67.17,0,160.22,282.4,338.55,23.81
2021-07-29 00:30:00,5,4379.27,135.9,62.38,0,139.24,284.37,331.51,14.57
2021-07-29 01:30:00,5,4592.9,144.84,53.47,0,108.72,301.64,346.31,11.02
2021-07-29 02:30:00,5,4699.71,146.63,46.61,0,90.6,306.95,347.77,10.13
2021-07-29 03:30:00,5,4432.68,134.11,43.87,0,80.11,284.75,320.4,9.5
2021-07-29 04:30:00,5,3845.22,109.08,44.55,0,71.53,237.31,267.15,8.49
2021-07-29 05:30:00,5,3124.24,82.25,44.55,0,64.85,183.48,208.05,8.04
2021-07-29 06:30:00,5,2483.37,64.37,47.98,0,76.29,144.49,165.74,9.37
2021-07-29 07:30:00,5,2296.45,61.69,47.3,0.12,84.88,128.31,152.68,13.43
2021-07-29 08:30:00,5,2082.82,59.01,45.93,0.63,86.78,108.84,134.13,15.07
2021-07-29 09:30:00,5,1588.82,38.89,44.55,1.54,74.39,78.39,99.07,13.05
2021-07-29 10:30:00,5,1308.44,26.82,41.13,2.59,65.8,62.43,80.47,11.78
2021-07-29 11:30:00,5,1148.22,20.34,39.07,3.67,62.94,55.1,70.41,10.64
2021-07-29 12:30:00,4,907.9,10.39,34.96,7.6,49.59,42.03,53.8,8.23
2021-07-29 13:30:00,4,781.06,5.98,33.59,13.77,44.35,35.85,46.76,7.54
2021-07-29 14:30:00,4,787.74,4.92,34.96,18.6,46.73,35.27,46.28,7.73
2021-07-29 15:30:00,4,781.06,3.69,35.64,24.68,46.73,35.13,46.56,7.98
2021-07-29 16:30:00,4,801.09,2.1,39.41,25.39,46.25,36.14,48.29,8.23
2021-07-29 17:30:00,4,854.49,1.1,45.93,20.39,48.64,38.03,51.22,8.87
2021-07-29 18:30:00,5,1615.52,14.53,64.43,2.35,56.27,66.91,93.83,16.21
2021-07-29 19:30:00,5,2803.8,42.02,67.86,0.02,66.76,124.74,176.28,23.81
2021-07-29 20:30:00,5,3578.19,56.77,67.86,0,73.43,175.6,246.59,26.85
2021-07-29 21:30:00,5,4539.49,76,67.17,0,81.06,240.66,328.3,30.4
2021-07-29 22:30:00,5,5661.01,101.03,65.12,0,84.88,318.6,423.81,32.17
2021-07-29 23:30:00,5,5981.45,110.87,63.75,0,77.25,346.35,455.25,26.85
2021-07-30 00:30:00,5,5393.98,100.14,60.32,0,61.99,310.12,409.82,18.24
2021-07-30 01:30:00,5,4753.11,85.83,54.84,0,53.41,279.59,371.96,15.2
2021-07-30 02:30:00,5,4325.87,76,47.98,0,49.59,263.14,349.09,14.06
2021-07-30 03:30:00,5,3845.22,65.27,42.5,0,47.21,239.52,318.07,13.3
2021-07-30 04:30:00,5,3231.05,52.75,37.7,0,45.3,205.96,271.5,12.54
2021-07-30 05:30:00,5,2777.1,46.05,34.27,0,44.82,177.5,232.35,12.79
2021-07-30 06:30:00,5,3124.24,60.8,33.24,0.01,53.88,193.64,250.72,16.97
2021-07-30 07:30:00,5,5126.95,123.38,34.27,0.09,73.43,308.53,387.77,24.07
2021-07-30 08:30:00,5,7370,193.12,37.36,0.1,83.92,437.56,531.42,24.57
2021-07-30 09:30:00,5,3070.83,81.36,90.48,0.25,204.09,249.6,284.44,6.21
2021-07-30 10:30:00,5,2029.42,38.45,100.08,0.67,205.99,190.83,212.68,4.88
2021-07-30 11:30:00,5,1602.17,22.13,93.22,1.23,186.92,148.53,164.86,5.51
2021-07-30 12:30:00,5,1348.5,19,84.31,5.32,171.66,113.2,125.98,5.26
2021-07-30 13:30:00,5,1188.28,14.31,81.57,5.28,146.87,86.97,97.59,5.13
2021-07-30 14:30:00,5,1094.82,9.05,78.14,9.3,127.79,80.57,90.01,5.26
2021-07-30 15:30:00,5,1121.52,8.05,74.03,28.97,116.35,86.45,95.41,5.89
2021-07-30 16:30:00,5,1255.04,5.25,87.74,31.47,125.89,98.45,108.46,7.03
2021-07-30 17:30:00,5,1401.9,3.63,102.82,28.25,135.42,106.55,117.96,8.11
2021-07-30 18:30:00,5,1708.98,2.26,116.53,15.56,137.33,118.98,134.81,11.15
2021-07-30 19:30:00,5,2056.12,1.72,108.3,6.17,113.49,135.12,156.77,13.55
2021-07-30 20:30:00,5,2136.23,0.87,85.68,9.3,86.78,145.61,169.83,12.41
2021-07-30 21:30:00,5,1949.31,0.04,63.06,26.11,66.76,144.6,167.88,10.39
2021-07-30 22:30:00,5,1789.09,0,52.78,37.55,57.7,138.52,159.94,9.37
2021-07-30 23:30:00,5,1602.17,0,48.67,40.41,52.93,125.46,142.46,7.41
2021-07-31 00:30:00,5,1321.79,0,42.16,43.27,52.45,102.07,111.85,4.43
2021-07-31 01:30:00,5,1094.82,0,32.9,43.27,48.64,83.21,89.15,3.26
2021-07-31 02:30:00,5,974.66,0,27.08,35.05,41.96,69.79,74.28,3.14
2021-07-31 03:30:00,5,907.9,0.02,26.05,23.6,39.1,60.8,64.7,3.07
2021-07-31 04:30:00,5,894.55,0.09,27.76,15.56,38.62,59.6,63.3,3.17
2021-07-31 05:30:00,5,907.9,0.27,28.45,10.73,36.24,61.75,65.32,3.36
2021-07-31 06:30:00,5,961.3,1.27,30.5,5.68,33.38,68,73.29,4.62
2021-07-31 07:30:00,5,1108.17,6.54,33.24,3.53,38.62,76.44,85.64,6.84
2021-07-31 08:30:00,5,1174.93,12.85,33.59,10.01,45.78,78.78,90.15,7.92
2021-07-31 09:30:00,5,1028.06,10.95,34.62,23.6,53.88,68.47,78.39,6.52
2021-07-31 10:30:00,5,961.3,7.15,38.39,46.49,61.99,74.99,84.23,6.02
2021-07-31 11:30:00,5,947.95,4.58,41.81,77.96,71.53,94.82,103.58,5.83
2021-07-31 12:30:00,5,947.95,3.41,38.39,114.44,71.53,112.17,120.08,5.45
2021-07-31 13:30:00,5,934.6,2.71,32.22,155.93,67.71,123.01,130.12,5.19
2021-07-31 14:30:00,5,921.25,2.38,29.13,185.97,68.67,125.77,132.42,5.13
2021-07-31 15:30:00,5,934.6,2.24,33.24,194.55,76.29,119.47,126.32,5.57
2021-07-31 16:30:00,5,1028.06,2.29,49.35,168.8,93.46,112.69,120.8,6.71
2021-07-31 17:30:00,5,1148.22,1.77,69.92,127.32,111.58,105.49,115.33,8.04
2021-07-31 18:30:00,5,1482.01,0.66,90.48,78.68,114.44,109.85,125.49,12.03
2021-07-31 19:30:00,5,1949.31,0.03,91.85,41.13,91.55,125.08,150.97,16.21
2021-07-31 20:30:00,5,2136.23,0.01,80.88,26.11,66.76,135.03,168.12,15.83
2021-07-31 21:30:00,5,1895.9,0.01,60.32,27.9,45.3,126.99,159.62,12.67
2021-07-31 22:30:00,5,1642.23,0,47.98,32.19,35.76,116.89,146.71,10.77
2021-07-31 23:30:00,5,1428.6,0,42.16,35.76,29.8,105.93,130.87,8.61
2021-08-01 00:30:00,5,1174.93,0,35.3,39.34,25.03,90.62,108.1,6.27
2021-08-01 01:30:00,5,1041.41,0,30.16,39.7,24.32,82.22,96.09,5.89
2021-08-01 02:30:00,5,988.01,0,28.45,36.48,25.99,78.84,91.54,6.08
2021-08-01 03:30:00,5,1094.82,0.02,32.56,25.03,28.13,86.52,101.66,6.27
2021-08-01 04:30:00,5,1295.09,0.37,37.7,10.55,27.9,100.3,120.33,6.27
2021-08-01 05:30:00,5,1415.25,2.71,38.04,2.44,26.23,108.19,131.72,6.71
2021-08-01 06:30:00,5,1735.69,13.75,34.96,0.13,29.33,121.48,150.36,9.37
2021-08-01 07:30:00,5,2536.77,42.02,33.59,0.27,40.53,157.11,198.1,14.69
2021-08-01 08:30:00,5,3284.45,70.63,35.99,0.6,51.5,184.5,232.94,17.99
2021-08-01 09:30:00,5,1695.63,20.34,53.47,6.71,69.62,117.25,136.35,8.61
2021-08-01 10:30:00,5,1241.68,8.83,47.3,21.99,61.99,94.23,106.45,6.08
2021-08-01 11:30:00,5,947.95,4.53,34.96,47.21,47.21,73.63,82.01,5.32
2021-08-01 12:30:00,5,700.95,1.84,21.94,72.96,29.33,52.36,58.07,4.12
2021-08-01 13:30:00,4,660.9,1.09,20.74,79.39,24.56,44.46,49.76,4.43
2021-08-01 14:30:00,4,707.63,1.01,23.31,82.25,25.75,43.62,49.21,5.13
2021-08-01 15:30:00,4,767.71,1.4,25.36,85.12,27.42,44.9,50.84,5.76
2021-08-01 16:30:00,4,814.44,1.98,26.73,91.55,28.61,46.21,52.5,6.4
2021-08-01 17:30:00,4,854.49,2.07,29.82,92.98,29.8,45.83,52.76,7.16
2021-08-01 18:30:00,5,1522.06,2.82,62.38,47.21,36.72,69.01,87.87,14.69
2021-08-01 19:30:00,5,2590.18,9.72,87.05,2.66,46.25,116.3,157.74,22.29
2021-08-01 20:30:00,5,3311.16,26.15,76.08,0,49.59,157.95,216.18,21.79
2021-08-01 21:30:00,5,4592.9,56.77,65.12,0,54.84,238.01,323.74,21.53
2021-08-01 22:30:00,5,6515.5,102.82,53.47,0,61.04,365.73,488.73,23.81
2021-08-01 23:30:00,5,7476.81,130.53,46.61,0,57.22,440.36,585.71,22.29
2021-08-02 00:30:00,5,7263.18,130.53,43.53,0,46.73,429.8,565.82,15.33
2021-08-02 01:30:00,5,6622.31,112.65,44.55,0,39.58,393.68,500.81,10.26
2021-08-02 02:30:00,5,5020.14,68.84,46.61,0,34.33,303.08,367.35,6.9
2021-08-02 03:30:00,5,1895.9,1.68,61.01,11.44,61.04,144.59,156.81,3.99
2021-08-02 04:30:00,5,1522.06,0.03,56.21,21.64,68.67,131,139.97,4.5
2021-08-02 05:30:00,5,1695.63,0.46,71.29,11.09,86.78,148.08,159.03,5.83
2021-08-02 06:30:00,5,2136.23,6.37,89.11,1.25,116.35,180.95,197.01,8.49
2021-08-02 07:30:00,5,2723.69,22.58,100.08,0.48,146.87,220.04,244.95,13.17
2021-08-02 08:30:00,5,3044.13,37.55,106.93,1.74,173.57,232.73,262.53,15.83
2021-08-02 09:30:00,5,2456.67,37.1,108.3,3,204.09,188.75,213.19,12.41
2021-08-02 10:30:00,5,2162.93,39.79,104.19,2.39,225.07,168.94,191.29,11.15
2021-08-02 11:30:00,5,1842.5,36.66,95.96,2.37,226.97,145.46,164.09,9.37
2021-08-02 12:30:00,5,1548.77,28.61,87.74,9.03,205.99,125.24,140.61,7.92
2021-08-02 13:30:00,5,1335.14,19.22,87.74,14.84,186.92,107.58,120.51,7.03
2021-08-02 14:30:00,5,1161.58,12.41,85,19.49,173.57,90.48,101.66,6.46
2021-08-02 15:30:00,5,1321.79,12.85,85,14.48,158.31,87.65,100.92,8.74
2021-08-02 16:30:00,5,1762.39,21.23,87.74,6.97,148.77,99.58,117.28,11.4
2021-08-02 17:30:00,5,2136.23,33.98,87.05,2.41,139.24,109.83,131.49,13.68
2021-08-02 18:30:00,5,2429.96,38.89,81.57,1.01,121.12,121.59,148.37,16.72
2021-08-02 19:30:00,5,2696.99,35.76,74.71,0.05,99.18,140.82,176.21,18.75
2021-08-02 20:30:00,5,2964.02,33.53,69.92,0,87.74,162.84,205.68,19
2021-08-02 21:30:00,5,2964.02,26.6,66.49,0,77.25,169.05,214.23,17.23
2021-08-02 22:30:00,5,2696.99,16.76,64.43,0.05,66.76,161.2,203.57,14.69
2021-08-02 23:30:00,5,2243.04,6.15,63.06,1.45,57.7,143.67,176.27,10.39
2021-08-03 00:30:00,5,1708.98,0.48,54.15,10.19,51.02,123.26,144.45,6.33
2021-08-03 01:30:00,5,1388.55,0.05,42.16,18.06,46.73,112.93,128.77,5.19
2021-08-03 02:30:00,5,1174.93,0.04,35.64,18.77,42.92,103.6,116.76,4.75
2021-08-03 03:30:00,5,1068.12,0.1,34.27,15.2,40.53,95.9,108.94,5
2021-08-03 04:30:00,5,1041.41,0.26,34.96,11.44,40.05,88.98,103.07,5.64
2021-08-03 05:30:00,5,1068.12,0.76,37.01,7.33,42.44,84.53,99.67,6.4
2021-08-03 06:30:00,5,1188.28,3.19,40.1,3.17,47.21,84.08,101.54,8.23
2021-08-03 07:30:00,5,1441.96,12.07,40.78,6.35,56.74,88.67,111.26,11.53
2021-08-03 08:30:00,5,1535.42,16.99,43.87,22.35,70.57,87.87,112.55,13.05
2021-08-03 09:30:00,5,1134.87,9.84,42.16,57.94,82.02,68.64,85.88,9.37
2021-08-03 10:30:00,5,988.01,4.92,37.36,91.55,80.11,66.4,79.67,7.98
2021-08-03 11:30:00,5,894.55,2.54,32.56,111.58,75.34,68.34,79.29,7.47
2021-08-03 12:30:00,5,827.79,1.76,30.5,117.3,71.53,64.2,72.82,6.46
2021-08-03 13:30:00,5,761.03,1.87,30.5,115.87,68.67,56.25,63.01,5.57
2021-08-03 14:30:00,4,714.3,2.12,31.19,107.29,67.71,49.06,54.77,5.19
2021-08-03 15:30:00,4,707.63,2.07,33.59,98.71,66.76,46.93,52.52,5.38
2021-08-03 16:30:00,4,767.71,1.68,39.41,88.69,69.62,49.32,55.66,5.89
2021-08-03 17:30:00,5,841.14,0.99,45.93,78.68,72.48,51.41,58.63,6.46
2021-08-03 18:30:00,5,1001.36,0.32,52.09,64.37,72.48,57.21,67.46,8.49
2021-08-03 19:30:00,5,1214.98,0.01,54.15,47.92,69.62,67.81,83.41,11.02
2021-08-03 20:30:00,5,1335.14,0,54.84,35.76,69.62,75.14,93.77,11.53
2021-08-03 21:30:00,5,1308.44,0.01,52.09,31.83,65.8,76.75,96.78,10.64
2021-08-03 22:30:00,5,1228.33,0,45.93,35.76,59.13,78.78,96.97,9.5
2021-08-03 23:30:00,5,1081.47,0,40.44,41.49,53.88,78.7,92.87,7.41
2021-08-04 00:30:00,5,894.55,0,35.3,45.06,50.07,75.54,86.11,5.7
2021-08-04 01:30:00,5,794.41,0,31.19,44.35,48.64,74.35,84.24,5.51
2021-08-04 02:30:00,5,747.68,0,28.45,40.41,46.25,71.63,81.62,5.57
2021-08-04 03:30:00,5,727.65,0,28.45,34.69,46.25,68.38,78.58,5.76
2021-08-04 04:30:00,5,707.63,0.01,30.16,27.9,49.11,65.52,75.91,5.83
2021-08-04 05:30:00,5,707.63,0.08,33.59,20.74,53.88,64.04,74.72,6.08
2021-08-04 06:30:00,5,774.38,0.82,37.7,12.7,59.13,65.03,77.13,7.09
2021-08-04 07:30:00,5,934.6,9.5,37.36,13.05,69.62,69.53,85.08,9.12
2021-08-04 08:30:00,5,1014.71,19.45,37.01,22.35,88.69,70.23,87.32,9.75
2021-08-04 09:30:00,5,821.11,17.66,37.7,35.05,98.23,58.69,72.51,8.04
2021-08-04 10:30:00,5,694.28,11.62,38.73,45.42,94.41,50.82,62.7,7.41
2021-08-04 11:30:00,4,614.17,7.71,39.41,46.49,90.6,45.42,55.79,7.16
2021-08-04 12:30:00,4,554.09,4.02,41.13,38.62,82.02,36.77,45.38,6.59
2021-08-04 13:30:00,4,534.06,2.85,40.1,39.7,77.25,31.68,39.35,6.4
2021-08-04 14:30:00,4,527.38,2.18,39.41,53.64,77.25,33.21,40.62,6.52
2021-08-04 15:30:00,4,567.44,4.02,38.39,72.24,80.11,37.27,44.95,7.09
2021-08-04 16:30:00,4,654.22,5.59,44.55,79.39,88.69,42.51,51.36,8.23
2021-08-04 17:30:00,4,754.36,5.92,52.78,80.11,93.46,48.93,59.23,9.5
2021-08-04 18:30:00,5,1081.47,3.41,68.55,60.8,89.65,65.33,81.77,14.31
2021-08-04 19:30:00,5,1588.82,0.17,76.77,36.48,72.48,91.82,121.39,21.03
2021-08-04 20:30:00,5,1922.61,0.03,74.71,25.03,63.9,115.58,156.61,22.8
2021-08-04 21:30:00,5,1949.31,0.04,67.86,22.53,56.74,125.7,171.91,20.01
2021-08-04 22:30:00,5,1762.39,0.02,58.95,25.75,51.02,123.25,167.67,16.97
2021-08-04 23:30:00,5,1482.01,0.01,50.04,29.68,45.3,110.52,147.11,12.67
2021-08-05 00:30:00,5,1161.58,0,42.5,31.83,40.53,94.26,121.35,8.87
2021-08-05 01:30:00,5,1028.06,0.01,37.01,28.61,39.1,85.7,108.38,7.73
2021-08-05 02:30:00,5,974.66,0.03,33.24,22.17,37.67,78.4,99.42,7.22
2021-08-05 03:30:00,5,961.3,0.14,31.87,15.02,37.19,73.76,93.8,7.09
2021-08-05 04:30:00,5,961.3,0.55,32.56,8.49,39.58,70.98,89.78,7.03
2021-08-05 05:30:00,5,974.66,2.21,33.93,3,44.82,69.9,87.21,7.22
2021-08-05 06:30:00,5,1068.12,7.71,35.3,0.6,54.84,72.86,90.31,8.36
2021-08-05 07:30:00,5,1375.2,21.23,38.39,2.12,74.39,85.9,107.93,11.78
2021-08-05 08:30:00,5,1682.28,36.66,48.67,5.19,106.81,101.88,128.53,15.33
2021-08-05 09:30:00,5,1575.47,40.23,61.69,11.62,144.96,105.17,130.19,13.68
2021-08-05 10:30:00,5,1508.71,38.45,76.08,27.9,179.29,113.88,137.72,12.16
2021-08-05 11:30:00,5,1415.25,28.16,87.05,65.09,209.81,128.02,149.97,10.01
2021-08-05 12:30:00,5,1174.93,14.53,75.4,127.32,192.64,139.44,157.38,7.09
2021-08-05 13:30:00,5,1028.06,7.15,57.58,191.69,164.03,155.17,170.5,5.26
2021-08-05 14:30:00,5,1001.36,4.19,47.98,246.05,154.5,172.79,187.38,3.96
2021-08-05 15:30:00,5,1348.5,3.86,59.63,260.35,154.5,208.04,227.5,7.73
2021-08-05 16:30:00,5,2002.72,4.3,89.11,226.02,152.59,253.36,281.66,13.3
2021-08-05 17:30:00,5,2590.18,3.74,122.01,161.65,144.96,261.85,297.82,19.51
2021-08-05 18:30:00,5,3364.56,2.38,152.17,70.81,129.7,264.66,316.92,30.15
2021-08-05 19:30:00,5,4699.71,13.08,160.4,3.58,114.44,310.5,395.35,42.56
2021-08-05 20:30:00,5,5981.45,44.26,134.35,0,105.86,378.61,496.97,43.57
2021-08-05 21:30:00,5,6462.1,60.8,113.79,0,90.6,400.95,537,35.47
2021-08-05 22:30:00,5,5821.23,59.01,93.22,0,72.48,357.5,489.81,26.09
2021-08-05 23:30:00,5,4379.27,43.36,76.08,0,52.45,266.95,370.38,16.47
2021-08-06 00:30:00,5,2616.88,16.76,65.12,0.02,36.24,161.21,221.79,9.88
2021-08-06 01:30:00,5,1949.31,9.39,53.47,0.14,30.04,123.91,167.26,8.04
2021-08-06 02:30:00,5,1642.23,5.09,45.24,0.6,27.66,110.2,144.23,7.73
2021-08-06 03:30:00,5,1535.42,3.97,40.1,0.83,28.37,109.74,140.5,7.92
2021-08-06 04:30:00,5,1575.47,5.53,37.36,0.4,30.04,115.19,145.96,8.36
2021-08-06 05:30:00,5,1682.28,9.84,35.3,0.09,32.42,123.07,155.23,9.37
2021-08-06 06:30:00,5,2056.12,22.13,34.62,0.03,39.1,140.1,177.38,12.67
2021-08-06 07:30:00,5,2990.72,53.64,37.01,0.71,54.84,179.93,232.58,19
2021-08-06 08:30:00,5,3952.03,84.04,47.98,3.44,73.43,218.85,284.99,25.08
2021-08-06 09:30:00,5,1976.01,40.68,85.68,24.68,177.38,151.3,179.5,10.89
2021-08-06 10:30:00,5,1615.52,29.95,97.33,47.92,204.09,149.3,172.37,6.59
2021-08-06 11:30:00,5,1508.71,17.88,97.33,90.12,194.55,157.86,179.99,5.19
2021-08-06 12:30:00,5,1441.96,8.16,82.25,154.5,164.03,174.54,195.97,4.37
2021-08-06 13:30:00,5,1375.2,3.44,65.12,205.99,133.51,179.69,199.96,4.75
2021-08-06 14:30:00,5,1335.14,1.77,58.26,220.3,123.98,173.63,193.43,5.45
2021-08-06 15:30:00,5,1441.96,1.08,61.69,208.86,123.98,172.9,193.86,7.85
2021-08-06 16:30:00,5,1735.69,0.75,82.94,174.52,137.33,188.35,212.57,11.78
2021-08-06 17:30:00,5,2082.82,0.37,120.64,123.02,171.66,212.02,238.81,13.3
2021-08-06 18:30:00,5,4272.46,27.05,216.6,12.52,173.57,316.21,374.42,27.36
2021-08-06 19:30:00,5,7583.62,118.02,216.6,0.01,156.4,489.61,601.37,42.56
2021-08-06 20:30:00,5,10360.72,198.48,186.44,0,146.87,656.27,814.6,48.64
2021-08-06 21:30:00,5,11856.08,246.76,150.8,0,127.79,738.31,926.45,47.62
2021-08-06 22:30:00,5,11749.27,253.92,111.04,0,99.18,722.89,922.2,36.48
2021-08-06 23:30:00,5,10253.91,223.52,82.25,0,70.57,619.8,791.17,20.77
2021-08-07 00:30:00,5,5180.36,85.83,82.94,0,56.27,341.31,421.41,7.35
2021-08-07 01:30:00,5,3791.81,42.92,71.97,0,36.72,246.76,304.05,6.97
2021-08-07 02:30:00,5,3044.13,25.26,58.95,0,28.13,194.58,242.55,7.16
2021-08-07 03:30:00,5,2616.88,18.77,47.3,0,26.23,168.76,213,7.35
2021-08-07 04:30:00,5,2349.85,16.09,38.73,0,26.23,155.85,195.9,7.09
2021-08-07 05:30:00,5,2136.23,14.19,33.24,0.02,26.7,146.7,179.3,6.97
2021-08-07 06:30:00,5,1922.61,11.62,33.59,0.1,30.04,136.44,163.45,8.04
2021-08-07 07:30:00,5,2296.45,25.71,34.62,1.29,40.53,152.79,184.92,11.78
2021-08-07 08:30:00,5,2857.21,42.92,45.24,6.88,57.7,177.56,215.28,15.83
2021-08-07 09:30:00,5,2109.53,25.26,75.4,37.91,125.89,165.66,189.41,10.13
2021-08-07 10:30:00,5,1949.31,19.89,95.96,71.53,175.48,181.89,203.54,7.16
2021-08-07 11:30:00,5,1895.9,14.19,105.56,114.44,209.81,203.81,225,5.32
2021-08-07 12:30:00,5,1815.8,8.38,102.82,160.22,223.16,220.71,240.03,3.71
2021-08-07 13:30:00,5,1789.09,4.47,101.45,191.69,223.16,236.28,254.44,2.98
2021-08-07 14:30:00,5,1708.98,2.21,102.82,185.97,219.35,233.56,250.32,2.91
2021-08-07 15:30:00,5,1762.39,1.22,108.3,145.91,200.27,224.76,240.59,4.37
2021-08-07 16:30:00,5,1976.01,1.23,119.27,107.29,185.01,229.68,247.15,6.65
2021-08-07 17:30:00,5,2216.34,1.93,137.09,67.23,183.11,236.5,255.82,7.73
2021-08-07 18:30:00,5,2723.69,4.69,154.91,35.05,169.75,256.13,283.14,11.27
2021-08-07 19:30:00,5,3364.56,5.31,154.91,3.26,127.79,272.08,313.52,15.2
2021-08-07 20:30:00,5,3631.59,11.62,127.49,0.09,88.69,265.72,317.88,15.45
2021-08-07 21:30:00,5,3284.45,9.28,94.59,0.27,55.31,224.94,278.49,14.06
2021-08-07 22:30:00,5,2803.8,6.37,69.92,0.58,39.58,188.99,237.88,13.05
2021-08-07 23:30:00,5,2429.96,5.7,58.26,0.56,31.95,161.56,203,10.51
2021-08-08 00:30:00,5,2056.12,4.08,50.04,0.86,25.51,133.59,165.25,7.47
2021-08-08 01:30:00,5,1735.69,2.04,42.16,2.21,23.13,110.99,135.67,6.52
2021-08-08 02:30:00,5,1495.36,0.85,35.3,4.96,22.65,94.92,115.41,6.33
2021-08-08 03:30:00,5,1375.2,0.49,31.19,6.97,24.32,87.8,105.03,6.02
2021-08-08 04:30:00,5,1335.14,0.48,30.16,7.06,26.7,85.99,99.84,5.51
2021-08-08 05:30:00,5,1335.14,0.78,30.85,5.63,30.28,86.74,98.03,5.32
2021-08-08 06:30:00,5,1455.31,2.24,36.33,3.17,40.05,95.38,106.91,6.4
2021-08-08 07:30:00,5,1789.09,8.72,46.61,1.36,56.74,116.41,132.94,8.99
2021-08-08 08:30:00,5,2082.82,18.11,57.58,3.53,77.25,134.66,155.85,11.65
2021-08-08 09:30:00,5,1869.2,16.99,76.77,10.28,127.79,131.3,147.6,6.52
2021-08-08 10:30:00,5,1789.09,17.21,93.22,12.34,164.03,129.37,144.15,4.43
2021-08-08 11:30:00,5,1815.8,17.88,104.19,12.7,185.01,130.9,145.8,3.83
2021-08-08 12:30:00,5,2002.72,21.23,112.41,10.01,198.36,144.6,160.89,4.5
2021-08-08 13:30:00,5,2349.85,32.63,120.64,5.05,213.62,170.26,190.06,6.71
2021-08-08 14:30:00,5,2670.29,46.49,127.49,2.17,234.6,193.63,216.21,8.23
2021-08-08 15:30:00,5,2910.61,51.86,134.35,3.62,240.33,215.97,240.19,8.36
2021-08-08 16:30:00,5,2990.72,46.94,142.57,2.48,226.97,229.11,253.56,7.6
2021-08-08 17:30:00,5,3070.83,46.94,149.43,1.7,215.53,238.75,263.66,7.73
2021-08-08 18:30:00,5,3524.78,62.59,153.54,2.39,202.18,265.92,298.99,11.27
2021-08-08 19:30:00,5,4165.65,83.15,157.65,0.06,188.83,312.01,359.51,14.31
2021-08-08 20:30:00,5,4165.65,75.1,157.65,0,160.22,325.08,380.03,13.05
2021-08-08 21:30:00,5,3471.37,40.68,128.87,0,105.86,275.47,326.23,11.78
2021-08-08 22:30:00,5,3044.13,23.02,91.85,0,62.94,225.83,273.79,12.54
2021-08-08 23:30:00,5,2830.51,17.66,71.97,0.01,42.44,195.53,241.17,11.4
2021-08-09 00:30:00,5,2670.29,15.42,60.32,0.01,31.95,177.14,218.12,9.37
2021-08-09 01:30:00,5,2670.29,15.65,51.41,0.01,30.52,175.57,212.36,10.13
2021-08-09 02:30:00,5,2616.88,14.31,45.24,0.02,30.99,174.88,208.88,11.02
2021-08-09 03:30:00,5,2563.48,13.86,41.47,0.03,32.42,176.76,207.49,11.02
2021-08-09 04:30:00,5,2403.26,12.07,39.41,0.05,32.42,170.78,195.23,9.12
2021-08-09 05:30:00,5,2136.23,9.39,38.73,0.14,33.85,155.68,173.38,7.79
2021-08-09 06:30:00,5,1762.39,4.81,43.18,1.17,50.55,132.61,143.91,7.41
2021-08-09 07:30:00,5,1976.01,12.96,46.61,1,63.9,141.6,156.74,9.25
2021-08-09 08:30:00,5,2189.64,21.91,53.47,1.05,80.11,152.23,170.16,10.39
2021-08-09 09:30:00,5,2136.23,21.46,69.92,0.5,109.67,147.98,165.44,8.99
2021-08-09 10:30:00,5,2082.82,23.47,80.2,0.43,131.61,146.8,164.73,8.23
2021-08-09 11:30:00,5,2056.12,29.95,89.11,0.2,162.13,148.41,166.33,7.28
2021-08-09 12:30:00,5,1976.01,35.76,97.33,0.08,183.11,150.86,168.79,5.83
2021-08-09 13:30:00,5,2029.42,44.7,113.79,0.02,213.62,161.43,180.29,4.56
2021-08-09 14:30:00,5,2056.12,49.17,135.72,0.39,242.23,172.43,192.22,2.5
2021-08-09 15:30:00,5,2643.59,64.37,126.12,1.92,204.09,196.93,228.13,10.01
2021-08-09 16:30:00,5,3845.22,101.92,111.04,0.67,167.85,239.9,291.12,24.32
2021-08-09 17:30:00,5,5180.36,155.57,111.04,0.16,183.11,292.34,363.12,44.08
2021-08-09 18:30:00,5,6622.31,207.42,112.41,0.02,209.81,365.22,458.35,66.88
2021-08-09 19:30:00,5,8224.49,253.92,108.3,0,207.9,477.9,598.97,72.96
2021-08-09 20:30:00,5,9078.98,282.53,109.67,0,173.57,576.15,713.99,51.17
2021-08-09 21:30:00,5,8438.11,246.76,106.93,0,123.98,577.05,703.71,27.11
2021-08-09 22:30:00,5,7156.37,191.33,97.33,0,92.51,516.81,621.12,19.76
2021-08-09 23:30:00,5,5500.79,132.32,86.37,0,67.71,419.67,496.04,12.54
2021-08-10 00:30:00,5,3524.78,68.84,72.66,0,44.35,296.02,341.65,5.95
2021-08-10 01:30:00,5,2429.96,32.19,53.47,0,29.33,211.26,242.93,4.81
2021-08-10 02:30:00,5,1949.31,15.87,41.13,0.01,22.65,158.84,184.69,5
2021-08-10 03:30:00,5,1735.69,9.95,34.27,0.03,20.74,128.57,152.5,5.38
2021-08-10 04:30:00,5,1682.28,9.39,30.5,0.04,21.22,116.11,141.81,5.64
2021-08-10 05:30:00,5,1655.58,10.95,28.45,0.03,22.65,110.67,143.78,6.14
2021-08-10 06:30:00,5,1762.39,18.77,28.1,0.06,28.13,112.91,161.62,8.49
2021-08-10 07:30:00,5,2056.12,35.32,29.82,1.23,35.76,116.59,182.49,13.05
2021-08-10 08:30:00,5,2056.12,44.26,34.62,3.53,38.15,100.48,163.98,15.83
2021-08-10 09:30:00,5,1188.28,18.11,35.3,16.99,37.19,58.56,100.31,15.45
2021-08-10 10:30:00,5,1001.36,13.19,32.22,37.91,41.49,51.77,91.3,18.24
2021-08-10 11:30:00,5,907.9,8.16,30.5,85.83,47.68,58.83,100.88,20.01
2021-08-10 12:30:00,5,594.14,2.4,14.57,131.61,28.13,52.12,107.91,13.93
2021-08-10 13:30:00,5,507.36,1.61,11.82,130.18,23.37,46.85,120.34,10.51
2021-08-10 14:30:00,5,494,1.45,13.02,130.18,25.03,50.54,137.87,9.37
2021-08-10 15:30:00,5,667.57,2.29,22.28,123.02,32.9,63.48,170.19,11.27
2021-08-10 16:30:00,5,894.55,3.1,33.24,113.01,37.67,77.77,203.21,13.68
2021-08-10 17:30:00,5,1148.22,3.3,47.3,90.84,40.53,88.5,230.18,16.09
2021-08-10 18:30:00,5,1668.93,2.18,70.6,47.92,46.73,108.68,268.69,22.04
2021-08-10 19:30:00,5,2376.56,4.47,87.74,6.08,52.93,141.11,327.78,30.91
2021-08-10 20:30:00,5,2723.69,18.55,79.51,0.04,53.41,161.73,367.67,35.97
2021-08-10 21:30:00,5,2670.29,23.69,74.71,0.01,48.64,160.14,370.86,34.96
2021-08-10 22:30:00,5,2483.37,23.92,69.23,0,43.39,149.63,355.12,30.15
2021-08-10 23:30:00,5,2082.82,21.01,60.32,0.01,34.33,123.77,300.95,21.79
2021-08-11 00:30:00,5,1455.31,11.85,50.04,0.12,23.13,85.67,210.97,14.44
2021-08-11 01:30:00,5,1068.12,4.14,41.47,1.38,19.07,61.74,141.81,13.93
2021-08-11 02:30:00,4,827.79,0.58,33.24,9.39,18.36,46.37,98.1,15.2
2021-08-11 03:30:00,4,620.84,0.01,22.62,30.04,18.84,31.4,63.01,15.45
2021-08-11 04:30:00,3,507.36,0,16.97,42.2,18.36,21.08,41.08,14.44
2021-08-11 05:30:00,2,460.63,0,15.42,42.56,18.36,15.28,31.54,13.05
2021-08-11 06:30:00,2,480.65,0.03,17.65,37.19,20.03,14.76,34.24,13.17
2021-08-11 07:30:00,3,594.14,1.7,22.28,30.4,22.89,18.06,43.18,14.44
2021-08-11 08:30:00,3,647.54,5.14,22.28,31.83,23.84,19.65,48.73,14.44
2021-08-11 09:30:00,4,614.17,5.64,19.02,43.63,23.6,20.49,55.92,13.3
2021-08-11 10:30:00,4,580.79,4.41,16.45,69.38,24.56,24.09,67.63,12.92
2021-08-11 11:30:00,4,534.06,2.68,13.37,110.15,23.84,32.27,85.55,12.29
2021-08-11 12:30:00,5,473.98,1.69,10.28,133.04,20.5,37.99,105.92,10.26
2021-08-11 13:30:00,5,460.63,1.54,10.11,138.76,19.55,40.1,118.83,9.5
2021-08-11 14:30:00,5,460.63,1.52,10.88,140.19,20.03,41.58,127.61,8.99
2021-08-11 15:30:00,5,647.54,2.79,20.74,133.04,28.37,49.12,140.95,11.15
2021-08-11 16:30:00,5,881.2,4.14,34.27,115.87,33.85,56.36,149.42,13.68
2021-08-11 17:30:00,5,1054.76,4.64,47.3,82.97,32.42,55.76,144.65,15.2
2021-08-11 18:30:00,5,1295.09,2.96,63.06,42.56,33.85,59.08,145.73,17.99
2021-08-11 19:30:00,5,1548.77,0.79,71.29,13.41,36.72,67.76,154.96,22.8
2021-08-11 20:30:00,5,1642.23,2.49,65.8,4.56,36.72,73.92,161.51,26.09
2021-08-11 21:30:00,5,1655.58,4.02,60.32,2.33,36.24,76.99,162.5,28.12
2021-08-11 22:30:00,5,1522.06,3.63,55.52,2.57,33.38,73.22,154.98,26.6
2021-08-11 23:30:00,5,1214.98,1.55,48.67,6.17,26.46,58.31,127.64,20.77
2021-08-12 00:30:00,4,821.11,0.16,35.3,16.81,18.84,40.18,92.78,15.2
2021-08-12 01:30:00,4,647.54,0.02,26.05,25.03,17.41,32.54,75.06,14.31
2021-08-12 02:30:00,4,580.79,0.01,21.94,28.25,17.88,28.95,64.83,14.69
2021-08-12 03:30:00,4,554.09,0.01,20.91,28.61,19.07,26.39,56.88,15.58
2021-08-12 04:30:00,3,527.38,0.01,20.05,28.61,19.31,23.17,47.53,16.09
2021-08-12 05:30:00,3,520.71,0.01,20.39,28.25,20.03,19.98,39.29,16.21
2021-08-12 06:30:00,3,607.49,0.14,25.71,23.6,24.08,21.43,40.94,17.73
2021-08-12 07:30:00,4,821.11,4.3,31.87,16.45,29.09,27.94,53.42,20.27
2021-08-12 08:30:00,4,921.25,11.85,30.16,21.64,30.99,30.96,61.65,20.27
2021-08-12 09:30:00,4,787.74,9.39,25.36,39.7,31.47,28.98,64.28,17.48
2021-08-12 10:30:00,4,727.65,5.7,23.65,70.81,34.81,33.82,77.57,16.21
2021-08-12 11:30:00,4,667.57,3.21,19.02,118.73,35.76,43.44,98.16,15.07
2021-08-12 12:30:00,5,507.36,1.41,12.85,121.59,23.37,39.33,112.97,10.89
2021-08-12 13:30:00,5,473.98,1.51,11.82,118.73,21.46,38.41,122.64,9.37
2021-08-12 14:30:00,5,480.65,1.63,12.51,125.89,22.65,40.5,130.53,9.25
2021-08-12 15:30:00,5,761.03,3.63,25.71,120.16,31.47,52.17,150.69,12.67
2021-08-12 16:30:00,5,1148.22,6.04,45.24,104.43,39.58,67.06,174.31,16.47
2021-08-12 17:30:00,5,1468.66,8.05,65.12,68.67,41.01,73.29,186.77,18.75
2021-08-12 18:30:00,5,1815.8,7.6,85.68,21.46,43.87,80.58,199.87,22.55
2021-08-12 19:30:00,5,2029.42,11.62,82.94,0.73,43.87,89.89,216,26.85
2021-08-12 20:30:00,5,2002.72,14.08,70.6,0.13,39.58,92.83,217.78,28.63
2021-08-12 21:30:00,5,1815.8,11.18,63.75,0.25,36.24,89.59,205.4,29.13
2021-08-12 22:30:00,5,1602.17,7.6,56.21,0.68,32.9,79.19,177.74,27.11
2021-08-12 23:30:00,5,1255.04,3.58,47.98,2.5,26.46,58.78,132.89,21.79
2021-08-13 00:30:00,4,854.49,0.53,35.99,10.1,19.07,38.17,93.16,16.09
2021-08-13 01:30:00,4,674.25,0.09,27.08,17.17,17.17,32.67,83.32,15.33
2021-08-13 02:30:00,4,587.46,0.03,22.62,21.28,17.41,32.56,82.75,15.45
2021-08-13 03:30:00,4,534.06,0.02,20.39,24.68,18.6,31.06,75.78,15.83
2021-08-13 04:30:00,4,507.36,0.01,19.88,26.46,19.79,27.08,61.97,16.47
2021-08-13 05:30:00,3,494,0.01,20.22,28.97,21.22,22.53,47.85,16.21
2021-08-13 06:30:00,3,540.73,0.03,22.96,30.76,24.56,20.83,40.87,15.58
2021-08-13 07:30:00,3,707.63,1.82,30.5,23.25,29.33,24.65,47.28,16.72
2021-08-13 08:30:00,4,807.76,7.71,30.5,24.32,31.95,27.04,53.76,16.97
2021-08-13 09:30:00,4,767.71,8.72,26.05,38.98,31.47,27.14,57.28,15.71
2021-08-13 10:30:00,4,694.28,6.04,22.28,67.95,31.47,29.98,63.69,15.07
2021-08-13 11:30:00,4,607.49,3.3,16.97,111.58,28.85,37.31,76.6,14.19
2021-08-13 12:30:00,4,494,1.84,11.31,131.61,21.7,39.34,96.5,11.02
2021-08-13 13:30:00,5,460.63,1.69,10.71,131.61,20.03,39.67,116.54,9.12
2021-08-13 14:30:00,5,460.63,1.68,11.48,133.04,20.98,41.58,132.31,8.61
2021-08-13 15:30:00,5,794.41,4.02,27.08,120.16,29.56,54.09,157.97,12.29
2021-08-13 16:30:00,5,1321.79,7.26,52.09,94.41,38.15,72.06,185.08,17.48
2021-08-13 17:30:00,5,1842.5,11.4,80.2,50.78,42.44,84.24,202.95,21.53
2021-08-13 18:30:00,5,2510.07,23.69,97.33,9.03,49.59,103.74,230.69,28.37
2021-08-13 19:30:00,5,3017.43,44.26,84.31,0.1,55.31,125.76,259.59,36.48
2021-08-13 20:30:00,5,2990.72,46.49,70.6,0,53.41,129.79,259.02,39.52
2021-08-13 21:30:00,5,2670.29,37.1,63.06,0,48.16,119.29,232.89,38.51
2021-08-13 22:30:00,5,2136.23,22.58,56.89,0.03,40.53,97.04,190.96,32.93
2021-08-13 23:30:00,5,1348.5,6.04,49.35,3.8,28.13,62.92,135.72,22.8
2021-08-14 00:30:00,4,654.22,0.02,27.08,28.97,16.93,35.37,92.69,14.57
2021-08-14 01:30:00,4,473.98,0,16.97,39.7,12.99,30.07,83.14,13.05
2021-08-14 02:30:00,4,433.92,0,15.08,40.05,13.23,28.84,78.21,13.55
2021-08-14 03:30:00,4,420.57,0,14.91,39.34,13.95,26.39,68.54,14.06
2021-08-14 04:30:00,4,403.88,0,14.22,39.7,14.31,22.65,54.97,14.19
2021-08-14 05:30:00,3,393.87,0,13.71,42.92,14.78,18.78,41.06,13.43
2021-08-14 06:30:00,2,433.92,0.02,15.94,41.84,16.93,17,34.19,13.05
2021-08-14 07:30:00,3,540.73,1.47,19.71,36.48,19.55,18.76,39.02,13.81
2021-08-14 08:30:00,3,580.79,4.69,18.68,40.05,20.74,19.93,45.06,13.43
2021-08-14 09:30:00,4,527.38,4.41,14.74,57.22,19.79,20.77,51.95,11.91
2021-08-14 10:30:00,4,480.65,2.79,12,86.55,19.55,24.69,61.54,11.27
2021-08-14 11:30:00,4,433.92,1.69,9.34,114.44,18.12,29.8,71.51,10.51
2021-08-14 12:30:00,4,363.83,1.15,6.77,117.3,13.95,30.73,89.64,8.11
2021-08-14 13:30:00,5,350.48,1.09,6.77,117.3,13.47,31.78,100.7,7.22
2021-08-14 14:30:00,5,353.81,1.09,7.63,120.16,14.54,33.82,108.45,7.09
2021-08-14 15:30:00,5,560.76,2.46,17.14,111.58,20.5,41.99,122.97,9.37
2021-08-14 16:30:00,5,821.11,3.97,29.82,94.41,24.8,49.45,133.67,11.53
2021-08-14 17:30:00,5,1068.12,5.03,45.93,64.37,27.42,53.94,141.43,13.3
2021-08-14 18:30:00,5,1361.85,3.21,64.43,30.4,31.47,61.76,153.44,16.72
2021-08-14 19:30:00,5,1495.36,0.73,66.49,11.62,32.9,67.49,161.76,20.01
2021-08-14 20:30:00,5,1375.2,0.86,55.52,8.67,28.85,65.89,154.95,21.03
2021-08-14 21:30:00,5,1148.22,0.57,44.55,10.28,23.84,59.8,141.57,20.52
2021-08-14 22:30:00,5,974.66,0.37,36.67,11.98,20.5,51.06,120.27,20.52
2021-08-14 23:30:00,4,754.36,0.11,29.13,18.24,16.21,37.06,89.85,17.23
2021-08-15 00:30:00,4,473.98,0,17.99,35.76,11.8,24.92,63.43,12.41
2021-08-15 01:30:00,4,397.21,0,13.37,45.42,11.56,22.46,52.42,11.15
2021-08-15 02:30:00,3,380.52,0,12,47.92,12.28,20.7,43.99,11.15
2021-08-15 03:30:00,3,397.21,0,12.34,43.63,12.88,19.2,37.78,11.91
2021-08-15 04:30:00,2,427.25,0,13.71,37.19,13.59,18.33,34.15,12.92
2021-08-15 05:30:00,2,473.98,0.01,16.62,31.11,15.14,18.21,32.55,13.93
2021-08-15 06:30:00,3,627.52,0.24,24.68,20.92,19.79,22.65,39.08,16.47
2021-08-15 07:30:00,4,907.9,6.26,30.85,13.95,26.46,31.23,54.34,20.01
2021-08-15 08:30:00,4,974.66,13.3,28.45,23.6,29.09,32.64,61.41,20.01
2021-08-15 09:30:00,4,680.92,7.82,20.91,49.35,28.61,26.47,58.75,16.09
2021-08-15 10:30:00,4,627.52,4.58,17.82,87.26,29.56,33.29,73.81,15.33
2021-08-15 11:30:00,4,560.76,2.29,13.37,133.04,28.13,44.27,94.25,14.06
2021-08-15 12:30:00,5,420.57,1.26,8.05,134.47,19.31,44.13,131.3,9.5
2021-08-15 13:30:00,5,390.53,1.22,7.88,128.75,17.64,44.72,158.41,7.47
2021-08-15 14:30:00,5,397.21,1.29,9,127.32,18.84,46.44,169.67,7.28
2021-08-15 15:30:00,5,627.52,2.74,19.19,120.16,25.27,55.05,182.35,10.26
2021-08-15 16:30:00,5,894.55,3.97,30.5,104.43,28.85,62.7,189.89,12.79
2021-08-15 17:30:00,5,1108.17,4.58,43.18,72.96,30.04,64.58,188.21,14.57
2021-08-15 18:30:00,5,2323.15,25.03,73.34,12.16,42.92,103.06,238.08,25.59
2021-08-15 19:30:00,5,4058.84,75.1,63.75,0.05,58.65,177.48,345.33,40.03
2021-08-15 20:30:00,5,5073.55,101.92,56.89,0,65.8,238.48,433.75,49.14
2021-08-15 21:30:00,5,5661.01,116.23,54.15,0,69.62,285.11,495.86,54.72
2021-08-15 22:30:00,5,5928.04,125.17,50.72,0,70.57,311.04,527.06,53.2
2021-08-15 23:30:00,5,5393.98,119.81,46.61,0,61.99,282.59,476.84,45.09
2021-08-16 00:30:00,5,3791.81,86.73,41.47,0,42.44,190.58,335.06,29.39
2021-08-16 01:30:00,5,2403.26,49.62,35.99,0,30.52,124.3,230.68,19.25
2021-08-16 02:30:00,5,1588.82,24.81,30.85,0.02,25.03,88.48,173.24,16.97
2021-08-16 03:30:00,5,767.71,1.66,28.45,5.63,20.74,49.68,111.48,16.72
2021-08-16 04:30:00,4,640.87,0.21,23.65,13.23,20.74,41.36,88.29,16.97
2021-08-16 05:30:00,4,640.87,0.21,23.99,14.48,21.46,37.71,74.89,17.99
2021-08-16 06:30:00,4,821.11,2.1,31.19,7.24,26.46,41.12,76.92,21.53
2021-08-16 07:30:00,5,1281.74,16.76,34.96,5.01,37.67,55.55,99.42,27.87
2021-08-16 08:30:00,5,1588.82,30.85,38.73,12.52,48.64,63.67,112.88,30.4
2021-08-16 09:30:00,5,1255.04,21.01,40.78,33.26,58.65,53.51,98.49,26.35
2021-08-16 10:30:00,5,1201.63,13.86,44.55,72.24,66.76,63.65,115.74,25.59
2021-08-16 11:30:00,5,1068.12,6.09,37.01,154.5,67.71,91.24,156.76,23.31
2021-08-16 12:30:00,5,674.25,1.77,15.77,194.55,40.53,92.37,192.4,14.06
2021-08-16 13:30:00,5,547.41,1.38,12.34,180.24,31.95,82.18,199.41,10.26
2021-08-16 14:30:00,5,540.73,1.47,13.71,171.66,31.95,79.27,203.95,9.63
2021-08-16 15:30:00,5,934.6,3.47,31.19,153.07,41.01,94.51,226.94,14.44
2021-08-16 16:30:00,5,1441.96,5.7,53.47,128.75,50.07,114.09,253.9,19.76
2021-08-16 17:30:00,5,1949.31,7.71,80.2,82.25,57.22,126.9,270.78,24.07
2021-08-16 18:30:00,5,3845.22,43.36,116.53,10.91,78.2,196.4,365.84,42.05
2021-08-16 19:30:00,5,6942.75,134.11,102.82,0.04,109.67,353.31,573.57,71.94
2021-08-16 20:30:00,5,9933.47,212.79,95.96,0,139.24,552.07,828.03,98.29
2021-08-16 21:30:00,5,12283.33,257.49,100.08,0,154.5,715.11,1037.98,107.41
2021-08-16 22:30:00,5,12924.19,261.07,100.08,0,131.61,763.33,1103.37,83.09
2021-08-16 23:30:00,5,11642.46,232.46,94.59,0,90.6,690.91,1003.01,44.58
2021-08-17 00:30:00,5,9185.79,175.24,87.05,0,55.31,543.5,794.08,18.75
2021-08-17 01:30:00,5,7049.56,121.59,73.34,0,41.49,426.75,632.45,13.43
2021-08-17 02:30:00,5,5233.76,76.89,61.69,0,36.24,336.42,512.26,12.92
2021-08-17 03:30:00,5,3738.4,37.55,60.32,0,37.67,262.78,412.98,14.31
2021-08-17 04:30:00,5,3311.16,28.39,57.58,0,40.05,243.14,383.55,14.95
2021-08-17 05:30:00,5,3364.56,34.87,54.15,0,45.78,249.26,387.37,16.97
2021-08-17 06:30:00,5,4005.43,59.01,52.78,0.02,60.08,287.51,436.28,24.32
2021-08-17 07:30:00,5,5554.2,109.97,55.52,0.67,82.97,370.5,542.66,38
2021-08-17 08:30:00,5,7049.56,153.78,75.4,2.91,98.23,446.29,641.09,47.12
2021-08-17 09:30:00,5,3311.16,50.52,108.3,21.1,150.68,257.55,399.7,30.15
2021-08-17 10:30:00,5,2990.72,29.5,127.49,58.65,181.2,271.46,415.09,27.11
2021-08-17 11:30:00,5,3124.24,17.88,138.46,131.61,205.99,325.26,475.7,24.07
2021-08-17 12:30:00,5,1588.82,6.09,58.95,178.81,116.35,212.5,354.46,12.29
2021-08-17 13:30:00,5,1014.71,1.84,23.65,228.88,69.62,184.07,319.85,8.36
2021-08-17 14:30:00,5,834.47,1.16,16.45,246.05,54.84,172.9,304.9,8.04
2021-08-17 15:30:00,5,727.65,1.3,17.31,217.44,45.78,144.31,272.24,9.25
2021-08-17 16:30:00,5,774.38,1.82,25.02,183.11,45.3,125.78,251.85,11.78
2021-08-17 17:30:00,5,894.55,1.96,36.67,144.48,47.68,113.58,236.33,14.31
2021-08-17 18:30:00,5,3070.83,19.67,122.01,28.97,73.43,191.74,341.5,36.99
2021-08-17 19:30:00,5,6301.88,97.45,131.61,0.07,109.67,354.07,553.52,68.9
2021-08-17 20:30:00,5,9078.98,168.09,124.75,0,141.14,534.68,781.31,96.26
2021-08-17 21:30:00,5,10681.15,194.91,128.87,0,152.59,654.39,924.27,102.34
2021-08-17 22:30:00,5,11001.59,189.54,124.75,0,123.98,685.87,956.45,76
2021-08-17 23:30:00,5,9826.66,159.14,113.79,0,82.97,617.91,861.16,39.01
2021-08-18 00:30:00,5,6462.1,73.31,109.67,0,54.84,434.33,616.09,16.47
2021-08-18 01:30:00,5,4379.27,24.36,101.45,0.04,43.39,358.4,511.39,12.03
2021-08-18 02:30:00,5,3417.97,5.36,87.74,1.59,39.1,337.46,481.67,11.53
2021-08-18 03:30:00,5,3177.64,3.1,76.08,1.99,39.1,349.94,494.64,12.54
2021-08-18 04:30:00,5,3257.75,8.27,65.8,0.3,41.01,374.87,525.07,14.95
2021-08-18 05:30:00,5,3391.27,17.21,58.26,0.03,46.73,394.74,552.37,20.27
2021-08-18 06:30:00,5,4112.24,41.13,55.52,0.03,61.04,437.12,612.44,31.16
2021-08-18 07:30:00,5,6515.5,116.23,60.32,0.72,83.92,563.74,780.91,43.06
2021-08-18 08:30:00,5,9613.04,211,93.22,3.31,103,730.5,984.2,53.2
2021-08-18 09:30:00,5,1895.9,8.27,82.94,137.33,117.3,292.23,435.58,8.23
2021-08-18 10:30:00,5,1575.47,5.03,61.01,220.3,118.26,292.29,429.07,6.84
2021-08-18 11:30:00,5,1548.77,1.98,37.7,351.91,112.53,341.86,477.99,6.46
2021-08-18 12:30:00,5,1361.85,0.87,20.05,394.82,85.83,338.39,469.29,6.59
2021-08-18 13:30:00,5,1174.93,0.8,16.79,357.63,64.85,293.18,414.05,7.54
2021-08-18 14:30:00,5,1054.76,0.85,16.97,320.44,55.79,257.55,369.6,8.36
2021-08-18 15:30:00,5,934.6,0.96,19.02,274.66,51.02,210.25,313.71,8.99
2021-08-18 16:30:00,5,907.9,1.15,26.39,231.74,51.98,174.79,269.74,10.64
2021-08-18 17:30:00,5,988.01,0.98,37.01,197.41,54.84,150.78,236.53,12.54
2021-08-18 18:30:00,5,2803.8,2.77,126.12,66.52,77.25,207.24,308.75,33.44
2021-08-18 19:30:00,5,5714.42,42.92,161.77,0.18,105.86,347.84,489.3,61.81
2021-08-18 20:30:00,5,7797.24,85.83,145.32,0,118.26,488.37,662.1,78.02
2021-08-18 21:30:00,5,8972.17,96.56,134.35,0,112.53,573.78,765.76,69.92
2021-08-18 22:30:00,5,8865.36,88.51,124.75,0,95.37,580.48,778.22,52.69
2021-08-18 23:30:00,5,7370,63.48,120.64,0,70.57,495.97,666.96,31.67
2021-08-19 00:30:00,5,4859.92,20.12,115.16,0.17,47.21,349.96,467.79,14.95
2021-08-19 01:30:00,5,3631.59,3.63,95.96,2.55,38.15,283.06,373.69,11.4
2021-08-19 02:30:00,5,3017.43,1.05,74.71,5.63,33.85,260.63,340.2,10.51
2021-08-19 03:30:00,5,2964.02,3.19,63.75,2.15,32.9,287.89,373.41,10.13
2021-08-19 04:30:00,5,3097.53,9.16,54.84,0.22,33.38,337.97,434.79,10.77
2021-08-19 05:30:00,5,3204.35,18.55,47.3,0.02,36.24,382.73,487.74,13.3
2021-08-19 06:30:00,5,3578.19,39.79,41.81,0.02,44.82,418.36,531.47,19.76
2021-08-19 07:30:00,5,5180.36,98.35,44.55,0.66,63.9,478.64,611.64,29.13
2021-08-19 08:30:00,5,7049.56,160.93,66.49,3.31,77.25,529.76,677.16,33.95
2021-08-19 09:30:00,5,2456.67,13.19,115.16,3.44,131.61,291.28,355.25,14.06
2021-08-19 10:30:00,5,2136.23,15.65,138.46,6.44,205.99,274.86,329.41,11.53
2021-08-19 11:30:00,5,2056.12,20.34,148.06,9.74,251.77,265.48,313.17,11.78
2021-08-19 12:30:00,5,1668.93,9.16,123.38,28.25,202.18,212.23,252.7,8.99
2021-08-19 13:30:00,5,1361.85,3.86,90.48,53.64,144.96,160.61,196.62,8.11
2021-08-19 14:30:00,5,1228.33,2.6,69.92,70.1,119.21,137.75,169.94,8.04
2021-08-19 15:30:00,5,1174.93,1.52,54.15,85.83,94.41,123.49,152.29,8.61
2021-08-19 16:30:00,5,1228.33,0.69,57.58,82.25,90.6,120.29,146.54,9.88
2021-08-19 17:30:00,5,1375.2,0.19,74.03,62.94,108.72,127.54,152.42,11.15
2021-08-19 18:30:00,5,2002.72,1.37,116.53,17.7,137.33,165.19,196.52,18.24
2021-08-19 19:30:00,5,2937.32,18.77,135.72,0.06,143.05,225.08,268.85,26.09
2021-08-19 20:30:00,5,3391.27,30.4,134.35,0,121.12,254.59,302.54,24.07
2021-08-19 21:30:00,5,3070.83,23.02,105.56,0.01,79.16,218.25,262.05,18.75
2021-08-19 22:30:00,5,2510.07,13.64,71.29,0.05,49.59,155.3,192.97,15.33
2021-08-19 23:30:00,5,1976.01,8.72,52.09,0.18,36.72,105.09,133.05,11.27
2021-08-20 00:30:00,5,1361.85,3.91,39.76,0.75,34.81,64.09,78.95,7.6
2021-08-20 01:30:00,5,1121.52,2.57,34.96,1.33,35.29,51.13,61.73,6.52
2021-08-20 02:30:00,4,1014.71,2.12,33.24,1.65,34.81,49.93,59.6,6.33
2021-08-20 03:30:00,5,1001.36,3.07,33.59,0.87,37.19,54.39,64.17,6.46
2021-08-20 04:30:00,5,1001.36,5.03,33.93,0.24,41.01,59.26,69.28,6.21
2021-08-20 05:30:00,5,1028.06,7.82,33.93,0.05,44.82,61.58,71.94,6.02
2021-08-20 06:30:00,5,1094.82,12.18,33.93,0.01,51.5,61.94,73.47,6.59
2021-08-20 07:30:00,5,1228.33,18.77,34.27,0.01,57.7,62.34,75.61,7.6
2021-08-20 08:30:00,5,1255.04,23.02,35.3,0.04,61.99,58.85,71.89,7.6
2021-08-20 09:30:00,4,1054.76,17.66,39.41,0.07,66.76,48.59,57.56,6.21
2021-08-20 10:30:00,4,947.95,12.52,44.55,0.43,70.57,41.01,48.47,5.76
2021-08-20 11:30:00,4,907.9,9.84,46.61,6.62,74.39,37.95,44.7,5.26
2021-08-20 12:30:00,4,907.9,7.71,48.67,20.21,77.25,38.99,45.16,4.81
2021-08-20 13:30:00,4,947.95,7.82,56.89,17.52,93.46,41.95,48.53,4.88
2021-08-20 14:30:00,4,1014.71,9.5,67.17,8.76,120.16,45.95,53.34,5.13
2021-08-20 15:30:00,4,1068.12,8.27,71.97,3.8,127.79,49.01,57.62,5.89
2021-08-20 16:30:00,4,1094.82,7.38,70.6,3.71,122.07,47.38,56.81,6.33
2021-08-20 17:30:00,4,1121.52,7.6,66.49,1.86,111.58,42.68,52,6.65
2021-08-20 18:30:00,4,1214.98,10.39,58.95,0.45,94.41,43.69,54.17,8.23
2021-08-20 19:30:00,5,1401.9,14.53,50.72,0.04,77.25,53.39,68.06,10.26
2021-08-20 20:30:00,5,1508.71,16.76,47.98,0.01,71.53,62.87,81.03,10.64
2021-08-20 21:30:00,5,1428.6,14.75,44.55,0.03,64.85,61.07,78.54,9.25
2021-08-20 22:30:00,5,1214.98,10.51,40.44,0.12,55.79,50.17,64.38,7.54
2021-08-20 23:30:00,4,988.01,7.04,37.01,0.36,49.11,38.33,48.34,5.51
2021-08-21 00:30:00,4,794.41,3.52,33.59,1.32,43.39,29.67,35.09,3.45
2021-08-21 01:30:00,4,700.95,0.87,28.45,5.45,35.76,25.85,29.19,2.5
2021-08-21 02:30:00,4,674.25,0.3,25.02,9.84,33.85,25.01,27.84,2.28
2021-08-21 03:30:00,4,687.6,0.36,26.39,9.12,37.67,26.54,29.25,2.28
2021-08-21 04:30:00,4,714.3,0.82,29.47,5.54,43.87,29.07,31.8,2.44
2021-08-21 05:30:00,4,754.36,2.24,31.19,2.17,48.64,31.19,34.3,2.82
2021-08-21 06:30:00,4,854.49,5.98,30.85,0.46,52.93,34.2,38.68,3.86
2021-08-21 07:30:00,4,1028.06,12.52,29.82,0.09,52.93,39.2,46.3,5.38
2021-08-21 08:30:00,4,1174.93,17.21,29.82,0.19,49.11,39.75,47.9,5.89
2021-08-21 09:30:00,4,1174.93,15.65,30.5,0.44,43.39,37.09,45.12,6.02
2021-08-21 10:30:00,4,1161.58,12.41,33.93,1.07,46.25,36.11,43.68,6.02
2021-08-21 11:30:00,4,1134.87,9.95,39.07,2.46,55.79,36.67,43.37,5.95
2021-08-21 12:30:00,4,1068.12,4.81,42.16,8.32,58.17,33,37.9,4.5
2021-08-21 13:30:00,4,1041.41,2.21,41.13,19.67,57.22,29.72,33.86,3.86
2021-08-21 14:30:00,4,1014.71,1.55,39.76,30.76,56.74,28.11,32.06,3.77
2021-08-21 15:30:00,4,1081.47,2.15,43.87,32.54,59.13,31.5,36.56,4.62
2021-08-21 16:30:00,4,1201.63,2.43,50.72,25.03,59.13,36,42.4,5.19
2021-08-21 17:30:00,4,1295.09,2.63,56.21,15.02,55.79,38.65,46.1,5.51
2021-08-21 18:30:00,4,1375.2,2.4,58.26,6.88,53.88,43.86,53.41,6.52
2021-08-21 19:30:00,5,1415.25,2.04,54.15,4.47,50.55,53.07,65.41,7.66
2021-08-21 20:30:00,5,1375.2,1.79,50.04,4.38,49.59,60.86,74.36,7.85
2021-08-21 21:30:00,5,1228.33,0.95,44.55,6.97,45.78,60.59,74.45,7.54
2021-08-21 22:30:00,5,1108.17,0.41,39.07,10.82,40.53,57.23,70.38,7.03
2021-08-21 23:30:00,5,988.01,0.22,34.27,13.41,35.76,51.65,61.67,5.51
2021-08-22 00:30:00,4,867.84,0.16,29.82,13.77,31.95,44.77,50.01,3.48
2021-08-22 01:30:00,4,814.44,0.19,26.73,11.98,29.09,41.21,44.5,2.79
2021-08-22 02:30:00,4,787.74,0.23,24.33,10.82,26.46,38.34,40.99,2.6
2021-08-22 03:30:00,4,787.74,0.23,23.65,10.91,25.75,36.65,39.07,2.72
2021-08-22 04:30:00,4,801.09,0.22,24.33,11.44,27.66,35.26,37.73,2.88
2021-08-22 05:30:00,4,827.79,0.26,26.05,11.44,30.99,34.47,37.27,3.1
2021-08-22 06:30:00,4,907.9,0.68,30.16,8.67,36.72,36.71,40.72,3.77
2021-08-22 07:30:00,4,1041.41,2.93,35.3,3.09,42.44,42.18,48.47,4.88
2021-08-22 08:30:00,4,1148.22,7.38,37.36,0.72,47.21,43.97,51.19,5.19
2021-08-22 09:30:00,4,1054.76,5.87,39.07,2.46,48.64,34.78,40.96,4.62
2021-08-22 10:30:00,4,988.01,4.81,40.44,4.43,53.41,32.14,37.85,4.56
2021-08-22 11:30:00,4,934.6,4.3,42.16,6.17,58.17,32.34,37.53,4.37
2021-08-22 12:30:00,4,854.49,3.19,38.39,14.13,52.93,29.18,33.72,4.02
2021-08-22 13:30:00,4,801.09,2.79,36.33,20.92,49.59,26.61,30.98,3.99
2021-08-22 14:30:00,4,807.76,3.55,38.39,22.35,53.88,27.22,31.76,4.18
2021-08-22 15:30:00,4,867.84,4.75,45.93,18.77,63.9,32.34,37.64,4.81
2021-08-22 16:30:00,4,974.66,6.71,56.89,10.55,78.2,40.9,47.19,5.38
2021-08-22 17:30:00,4,1054.76,7.82,62.38,4.43,83.92,47.34,54.15,5.7
2021-08-22 18:30:00,5,1548.77,21.01,63.75,0.51,78.2,67.21,81.99,9.88
2021-08-22 19:30:00,5,2243.04,36.21,58.95,0,62.94,97.32,126.42,13.93
2021-08-22 20:30:00,5,2750.4,43.36,52.09,0,52.45,121.89,162.87,14.69
2021-08-22 21:30:00,5,2857.21,41.13,46.61,0,42.92,129.5,177,14.19
2021-08-22 22:30:00,5,2696.99,33.53,43.53,0,35.29,122.98,170.01,12.92
2021-08-22 23:30:00,5,2403.26,27.49,41.13,0,29.09,109.6,150.11,10.01
2021-08-23 00:30:00,5,2002.72,19.89,38.04,0,23.6,91.31,121.58,7.22
2021-08-23 01:30:00,5,1789.09,16.09,33.93,0.01,24.08,85.44,111.29,7.47
2021-08-23 02:30:00,5,1655.58,14.19,30.16,0.01,24.56,83.05,104.47,7.92
2021-08-23 03:30:00,5,1615.52,14.98,27.08,0.01,26.46,85.14,104.47,8.36
2021-08-23 04:30:00,5,1602.17,16.54,24.68,0,28.13,88.42,106.58,8.61
2021-08-23 05:30:00,5,1642.23,19.67,22.96,0,29.8,91.52,109.21,9.37
2021-08-23 06:30:00,5,1922.61,29.95,21.59,0.01,34.81,103.76,125.42,12.29
2021-08-23 07:30:00,5,2643.59,55.43,21.76,0.63,46.25,133.59,168.99,17.23
2021-08-23 08:30:00,5,3337.86,81.36,28.1,1.92,57.7,159.99,205.63,20.27
2021-08-23 09:30:00,5,1708.98,31.29,50.72,13.95,81.06,90.58,110.82,12.41
2021-08-23 10:30:00,5,1495.36,20.56,58.95,26.46,88.69,84.72,103.01,11.78
2021-08-23 11:30:00,5,1522.06,16.09,67.17,38.98,95.37,93.08,111.92,12.29
2021-08-23 12:30:00,5,1401.9,8.27,61.01,61.51,80.11,86.74,103.64,11.15
2021-08-23 13:30:00,5,1188.28,3.52,48.67,77.96,59.61,70.02,83.57,9.63
2021-08-23 14:30:00,5,1068.12,1.77,45.24,78.68,51.98,61.41,73.01,9.12
2021-08-23 15:30:00,5,1068.12,1.08,47.3,65.09,49.11,58.51,69.72,9.63
2021-08-23 16:30:00,5,1161.58,0.91,54.84,42.92,48.16,60.99,72.94,10.64
2021-08-23 17:30:00,5,1228.33,0.7,60.32,24.32,43.87,61.01,73.27,11.02
2021-08-23 18:30:00,5,2857.21,49.17,74.03,0.57,51.02,119.75,160.67,21.53
2021-08-23 19:30:00,5,5020.14,116.23,67.86,0,64.85,221.32,306.43,31.67
2021-08-23 20:30:00,5,6195.07,143.05,65.12,0,71.53,297.1,412.95,37.49
2021-08-23 21:30:00,5,7049.56,157.36,60.32,0,75.34,357.59,488.37,40.03
2021-08-23 22:30:00,5,7476.81,166.3,54.15,0,71.53,402.12,538.54,33.95
2021-08-23 23:30:00,5,6835.94,153.78,49.35,0,54.84,370.13,491.7,21.03
2021-08-24 00:30:00,5,4219.06,86.73,49.35,0,34.33,211.74,284,10.89
2021-08-24 01:30:00,5,2964.02,54.54,42.84,0,28.13,144.89,197.58,8.61
2021-08-24 02:30:00,5,2349.85,38.89,35.99,0,26.23,114.82,157.67,7.73
2021-08-24 03:30:00,5,2029.42,31.29,30.5,0,26.7,101.27,137.05,7.41
2021-08-24 04:30:00,5,1895.9,27.72,26.73,0,28.13,95.94,127.48,7.47
2021-08-24 05:30:00,5,1895.9,28.39,23.99,0,30.52,96.1,126,8.36
2021-08-24 06:30:00,5,2296.45,42.02,22.96,0,39.58,116.33,152.07,12.03
2021-08-24 07:30:00,5,3417.97,80.47,24.33,0.03,58.17,170.25,222.32,19.25
2021-08-24 08:30:00,5,4486.08,123.38,28.79,0.13,78.2,221.07,283.88,24.32
2021-08-24 09:30:00,5,2777.1,65.27,58.95,1,121.12,144.98,176.21,17.48
2021-08-24 10:30:00,5,2429.96,46.05,69.92,1.63,119.21,125.91,151.97,15.83
2021-08-24 11:30:00,5,2136.23,30.4,69.92,1.31,102.04,105.25,127.1,13.3
2021-08-24 12:30:00,5,1655.58,9.28,60.32,8.76,64.85,68.9,83.95,9.63
2021-08-24 13:30:00,4,1415.25,2.32,50.04,20.56,46.73,49.96,61.09,8.23
2021-08-24 14:30:00,4,1335.14,1.44,46.61,25.75,42.44,44.6,54.28,8.23
2021-08-24 15:30:00,4,1321.79,0.89,47.98,25.03,42.44,44.94,54.46,8.87
2021-08-24 16:30:00,5,1415.25,0.89,55.52,16.63,47.68,50.13,60.78,10.64
2021-08-24 17:30:00,5,1548.77,1.66,64.43,8.58,53.41,55.56,67.59,12.54
2021-08-24 18:30:00,5,3631.59,75.1,73.34,0.07,69.62,139.72,185.05,27.11
2021-08-24 19:30:00,5,6942.75,184.18,66.49,0,84.88,303.4,404.15,36.48
2021-08-24 20:30:00,5,9078.98,246.76,58.95,0,85.83,446.65,584.69,34.96
2021-08-24 21:30:00,5,9292.6,232.46,54.15,0,73.43,469.8,609.76,29.39
2021-08-24 22:30:00,5,8438.11,191.33,48.67,0,61.04,429.11,559.92,22.55
2021-08-24 23:30:00,5,7049.56,151.99,41.81,0,45.78,353.14,461.15,14.06
2021-08-25 00:30:00,5,3738.4,65.27,40.1,0,29.8,171.72,225.94,8.61
2021-08-25 01:30:00,5,2483.37,37.55,37.01,0,24.08,112.35,155.28,6.97
2021-08-25 02:30:00,5,1922.61,25.93,35.64,0,21.94,86.34,130.07,6.52
2021-08-25 03:30:00,5,1615.52,18.77,34.62,0,20.98,75.84,129.21,6.27
2021-08-25 04:30:00,5,1335.14,11.74,30.5,0.02,20.03,70.09,134.79,6.78
2021-08-25 05:30:00,5,1108.17,8.05,26.39,0.1,19.79,64.18,128.01,9.5
2021-08-25 06:30:00,5,1068.12,7.71,28.79,0.37,23.6,59.63,116.96,16.47
2021-08-25 07:30:00,5,1214.98,13.3,33.59,2.71,30.04,59.1,112.43,23.05
2021-08-25 08:30:00,5,1094.82,14.98,30.85,15.02,30.99,46.78,102.01,20.77
2021-08-25 09:30:00,5,620.84,5.48,17.14,46.49,22.17,34.34,122.29,12.54
2021-08-25 10:30:00,5,540.73,3.24,13.02,75.82,20.98,42.51,169.73,10.64
2021-08-25 11:30:00,5,487.33,2.1,10.2,101.57,19.55,50.65,198.72,8.87
2021-08-25 12:30:00,5,440.6,1.63,8.48,110.15,16.93,50.95,194.5,7.47
2021-08-25 13:30:00,5,433.92,1.59,8.74,117.3,16.93,50.99,185.12,7.16
2021-08-25 14:30:00,5,447.27,1.65,9.85,121.59,18.12,50.77,176.66,7.22
2021-08-25 15:30:00,5,614.17,2.82,17.99,118.73,25.51,55.27,173.41,9.5
2021-08-25 16:30:00,5,841.14,4.02,30.5,105.86,31.47,60.97,172.21,12.54
2021-08-25 17:30:00,5,1054.76,4.25,45.93,75.82,34.81,62.79,169.55,15.2
2021-08-25 18:30:00,5,1508.71,2.57,71.29,29.33,40.05,75.09,184.12,20.52
2021-08-25 19:30:00,5,2029.42,8.16,78.83,1.61,44.82,96.22,214,27.87
2021-08-25 20:30:00,5,2269.75,16.99,69.92,0.07,44.35,107.92,230.59,32.17
2021-08-25 21:30:00,5,2323.15,19.45,66.49,0.03,41.96,111.46,231.24,33.44
2021-08-25 22:30:00,5,2056.12,14.98,62.38,0.11,36.72,101.02,209.08,30.91
2021-08-25 23:30:00,5,1495.36,6.04,54.84,2.01,27.18,72.49,158.25,24.32
2021-08-26 00:30:00,5,854.49,0.19,37.01,17.52,18.12,43.47,109,17.73
2021-08-26 01:30:00,4,614.17,0,23.99,32.9,16.45,34.59,92.86,15.96
2021-08-26 02:30:00,4,507.36,0,18.17,42.2,16.69,31.64,90.24,15.2
2021-08-26 03:30:00,4,447.27,0,15.94,44.7,17.17,30.08,89.53,14.31
2021-08-26 04:30:00,4,420.57,0,15.25,41.49,17.64,27.59,85.75,13.55
2021-08-26 05:30:00,4,420.57,0,15.77,36.48,18.36,26.16,89.53,12.92
2021-08-26 06:30:00,5,487.33,0.04,19.88,29.33,21.22,29.41,110.76,13.55
2021-08-26 07:30:00,5,627.52,1.79,25.71,20.56,24.8,35.67,137.71,15.2
2021-08-26 08:30:00,5,674.25,7.04,22.96,25.03,25.75,39.94,164.45,15.07
2021-08-26 09:30:00,5,587.46,6.43,17.14,44.7,22.65,44.27,204.36,12.92
2021-08-26 10:30:00,5,534.06,3.86,14.57,75.82,21.94,52.14,236.47,11.65
2021-08-26 11:30:00,5,480.65,2.35,11.65,107.29,20.98,60.38,262.75,10.13
2021-08-26 12:30:00,5,427.25,1.69,9.25,117.3,17.64,61.21,269.75,7.92
2021-08-26 13:30:00,5,423.91,1.66,9.51,121.59,17.88,61.81,264.38,7.16
2021-08-26 14:30:00,5,440.6,1.75,10.8,127.32,19.55,62.67,259.68,7.03
2021-08-26 15:30:00,5,727.65,3.63,24.33,117.3,26.7,72.24,268.35,10.51
2021-08-26 16:30:00,5,1054.76,5.14,41.47,87.26,30.99,78.8,275.78,13.68
2021-08-26 17:30:00,5,1375.2,6.59,61.69,49.35,34.33,83.87,282.69,16.47
2021-08-26 18:30:00,5,3124.24,55.88,86.37,4.65,54.36,141.19,358.95,33.95
2021-08-26 19:30:00,5,5393.98,130.53,80.88,0.01,76.29,243.26,500.73,54.21
2021-08-26 20:30:00,5,6515.5,157.36,77.46,0,91.55,312.06,595.49,65.86
2021-08-26 21:30:00,5,6568.91,153.78,74.03,0,93.46,333.17,611.05,67.89
2021-08-26 22:30:00,5,5661.01,125.17,65.8,0,66.76,293.97,527.08,42.56
2021-08-26 23:30:00,5,3791.81,81.36,55.52,0,40.05,193.11,348.61,25.33
2021-08-27 00:30:00,5,1001.36,2.6,45.24,10.91,17.88,50.52,111.22,15.2
2021-08-27 01:30:00,4,600.82,0,23.99,35.76,16.21,29.64,61.92,13.55
2021-08-27 02:30:00,3,514.03,0,17.48,42.56,16.69,23.39,46.79,13.3
2021-08-27 03:30:00,3,494,0,16.28,40.77,17.17,21.23,42.77,13.93
2021-08-27 04:30:00,3,507.36,0,16.79,36.84,17.41,21.39,44.14,14.69
2021-08-27 05:30:00,3,534.06,0.01,19.02,31.47,18.36,22.41,49.07,15.83
2021-08-27 06:30:00,4,647.54,0.19,26.05,21.64,22.17,26.84,62.36,17.99
2021-08-27 07:30:00,4,894.55,4.97,34.27,11.8,28.85,35.3,86.66,21.28
2021-08-27 08:30:00,5,1068.12,15.87,32.9,18.6,34.33,40.71,108.48,21.53
2021-08-27 09:30:00,5,1014.71,15.42,31.53,37.19,39.1,42.67,124.56,20.01
2021-08-27 10:30:00,5,974.66,10.51,32.9,72.96,45.3,51.73,147.2,19.51
2021-08-27 11:30:00,5,894.55,5.48,29.47,137.33,49.59,70.78,183.55,18.24
2021-08-27 12:30:00,5,667.57,0.81,24.68,130.18,37.19,65.32,220.98,13.93
2021-08-27 13:30:00,5,600.82,0.67,25.02,97.28,32.9,58.31,247.45,11.78
2021-08-27 14:30:00,5,600.82,0.57,28.1,82.25,33.38,57.2,258.91,11.27
2021-08-27 15:30:00,5,1068.12,2.18,52.78,45.42,40.05,70.34,281.14,16.47
2021-08-27 16:30:00,5,1789.09,13.75,74.71,13.05,47.68,90.86,306.14,22.29
2021-08-27 17:30:00,5,2429.96,38.45,79.51,3.17,51.98,110.47,323.82,27.11
2021-08-27 18:30:00,5,2777.1,48.28,78.14,0.46,54.36,122.85,324.96,31.16
2021-08-27 19:30:00,5,2696.99,38,68.55,0,50.55,124.77,309.89,34.45
2021-08-27 20:30:00,5,2296.45,21.91,58.26,0.03,42.92,114.61,280.18,33.44
2021-08-27 21:30:00,5,1735.69,6.04,53.47,1.43,34.33,95.66,242.45,28.12
2021-08-27 22:30:00,5,1535.42,2.54,49.35,3.62,30.99,89.69,228.28,25.84
2021-08-27 23:30:00,5,1361.85,1.75,45.93,4.78,27.18,82.4,209.11,21.79
2021-08-28 00:30:00,5,1054.76,0.47,38.04,10.55,20.98,70.45,183.68,16.47
2021-08-28 01:30:00,5,841.14,0.04,28.1,19.31,16.21,62.92,168.18,13.3
2021-08-28 02:30:00,5,754.36,0.03,23.99,20.92,15.02,59.77,159.67,11.65
2021-08-28 03:30:00,5,741.01,0.06,23.31,17.52,15.5,58.92,154.34,10.39
2021-08-28 04:30:00,5,754.36,0.21,23.65,12.16,15.97,58.75,149.11,8.99
2021-08-28 05:30:00,5,794.41,0.92,24.68,6.17,16.93,58.94,144.5,8.23
2021-08-28 06:30:00,5,961.3,5.59,25.71,1.24,20.27,64.01,148.47,9.63
2021-08-28 07:30:00,5,1388.55,20.79,25.36,1.11,28.61,77.5,167.72,14.31
2021-08-28 08:30:00,5,1708.98,34.87,28.1,5.99,38.62,86.14,179.24,18.24
2021-08-28 09:30:00,5,1228.33,20.56,36.33,23.25,57.22,68.88,148.73,16.97
2021-08-28 10:30:00,5,1268.39,17.66,49.35,38.27,79.16,79.03,157.16,18.75
2021-08-28 11:30:00,5,1401.9,11.51,65.12,67.23,95.37,103.09,182.2,20.77
2021-08-28 12:30:00,5,1161.58,3.74,45.93,123.02,69.62,105.2,177.68,18.49
2021-08-28 13:30:00,5,894.55,1.69,27.08,160.22,48.16,94.39,159.59,15.58
2021-08-28 14:30:00,5,774.38,1.15,20.74,177.38,41.96,90.7,155.58,14.57
2021-08-28 15:30:00,5,727.65,0.95,19.71,183.11,39.1,90.4,159.5,14.31
2021-08-28 16:30:00,5,787.74,0.92,25.02,183.11,44.35,100.49,175.41,14.95
2021-08-28 17:30:00,5,934.6,0.64,35.64,181.68,57.7,119.17,197.2,15.58
2021-08-28 18:30:00,5,1375.2,0.14,62.38,147.34,96.32,159.08,237.51,17.73
2021-08-28 19:30:00,5,1869.2,0,86.37,89.41,131.61,210.25,287.41,17.23
2021-08-28 20:30:00,5,2002.72,0,98.71,47.92,125.89,219.97,292.18,13.68
2021-08-28 21:30:00,5,1655.58,0.01,80.2,28.25,80.11,162.02,219.96,11.27
2021-08-28 22:30:00,5,1375.2,0.24,54.84,14.66,42.92,105.94,152.37,10.39
2021-08-28 23:30:00,5,1201.63,0.81,43.18,7.06,28.85,80.11,116.35,8.61
2021-08-29 00:30:00,5,1001.36,0.73,35.99,6.44,22.17,67.69,93.7,6.46
2021-08-29 01:30:00,5,881.2,0.42,30.5,7.96,20.03,63.22,83.61,6.02
2021-08-29 02:30:00,5,814.44,0.4,26.73,7.87,19.07,61.55,79.68,6.08
2021-08-29 03:30:00,5,787.74,0.59,25.02,6.17,19.79,61.74,79.31,6.21
2021-08-29 04:30:00,5,767.71,0.8,24.33,5.19,21.46,61.51,78.21,6.21
2021-08-29 05:30:00,5,761.03,0.95,25.02,5.23,23.84,61.46,75.82,6.33
2021-08-29 06:30:00,5,841.14,1.54,29.47,5.05,30.52,67.99,80.19,7.03
2021-08-29 07:30:00,5,1068.12,6.37,35.64,5.19,41.01,84.15,97.75,8.87
2021-08-29 08:30:00,5,1214.98,13.86,38.04,14.31,52.93,96.87,111.59,9.88
2021-08-29 09:30:00,5,1014.71,12.74,40.78,33.62,68.67,91.81,104.31,7.79
2021-08-29 10:30:00,5,988.01,12.41,45.93,50.07,84.88,100.73,113.34,7.28
2021-08-29 11:30:00,5,1014.71,11.4,54.15,68.67,101.09,116.28,129.47,7.03
2021-08-29 12:30:00,5,988.01,8.16,54.15,100.14,99.18,125.03,140.38,6.27
2021-08-29 13:30:00,5,988.01,5.64,50.72,138.76,95.37,137.55,154.87,5.76
2021-08-29 14:30:00,5,1054.76,4.25,51.41,175.95,102.04,160.24,178.55,5.7
2021-08-29 15:30:00,5,1161.58,2.65,50.04,214.58,104.9,188.03,208.6,5.89
2021-08-29 16:30:00,5,1321.79,2.01,63.06,220.3,119.21,211.98,235.12,6.65
2021-08-29 17:30:00,5,1455.31,1.58,97.33,173.09,154.5,220.34,245.04,6.78
2021-08-29 18:30:00,5,1655.58,0.52,132.98,91.55,188.83,218.78,247.05,8.74
2021-08-29 19:30:00,5,1815.8,0,116.53,43.99,143.05,200.76,231.14,12.29
2021-08-29 20:30:00,5,1682.28,0,72.66,38.27,66.76,156.74,184.13,13.05
2021-08-29 21:30:00,5,1388.55,0,43.53,43.63,32.9,134.57,156.58,11.02
2021-08-29 22:30:00,5,1228.33,0,33.93,43.99,26.23,137.79,156.76,9.63
2021-08-29 23:30:00,5,1121.52,0,31.19,37.19,23.6,130.72,146.22,7.79
2021-08-30 00:30:00,5,934.6,0.01,28.79,31.11,26.23,105.15,115.57,6.4
2021-08-30 01:30:00,5,894.55,0.03,29.13,23.25,30.99,83.32,92.49,6.65
2021-08-30 02:30:00,5,881.2,0.05,29.13,19.49,33.38,75.07,84.32,6.27
2021-08-30 03:30:00,5,907.9,0.11,30.85,16.27,37.67,77.88,87.7,5.57
2021-08-30 04:30:00,5,961.3,0.32,32.56,11,41.01,76.97,87.35,5.57
2021-08-30 05:30:00,5,1001.36,1.51,33.59,4.29,43.39,69.14,80.33,6.14
2021-08-30 06:30:00,5,1094.82,7.38,33.24,0.41,50.07,62.03,74.49,7.35
2021-08-30 07:30:00,5,1295.09,21.01,33.59,1.63,67.71,66.04,81.87,9.75
2021-08-30 08:30:00,5,1468.66,33.53,39.07,5.05,94.41,74.6,92.99,11.4
2021-08-30 09:30:00,5,1255.04,31.74,50.72,12.52,129.7,70.52,85.89,8.61
2021-08-30 10:30:00,5,1081.47,22.58,56.89,30.4,139.24,66.54,80.28,7.16
2021-08-30 11:30:00,5,988.01,14.98,56.21,57.22,137.33,66.01,78.12,6.08
2021-08-30 12:30:00,5,881.2,9.5,52.09,85.12,122.07,64.32,73.99,5.13
2021-08-30 13:30:00,5,807.76,7.38,50.04,87.26,110.63,57.49,65.52,4.88
2021-08-30 14:30:00,4,714.3,6.82,49.35,70.1,103,45.97,53.07,4.94
2021-08-30 15:30:00,4,700.95,8.72,52.09,54.36,105.86,41.66,48.82,5.7
2021-08-30 16:30:00,4,761.03,11.18,58.26,47.21,111.58,45.89,53.92,6.4
2021-08-30 17:30:00,4,827.79,8.16,62.38,45.06,96.32,49.05,57.55,7.03
2021-08-30 18:30:00,5,1214.98,3.21,76.77,22.17,75.34,61.57,76.36,11.53
2021-08-30 19:30:00,5,1762.39,4.97,79.51,2.39,58.65,84.13,111.38,16.47
2021-08-30 20:30:00,5,2136.23,12.41,71.29,0.17,53.88,105.94,144.59,17.73
2021-08-30 21:30:00,5,2136.23,13.41,63.75,0.1,50.07,110.74,154.52,16.09
2021-08-30 22:30:00,5,1842.5,9.95,54.84,0.26,44.35,98.53,139.51,13.68
2021-08-30 23:30:00,5,1415.25,5.53,46.61,1.12,38.62,76.44,108.11,10.26
2021-08-31 00:30:00,5,961.3,1.01,40.78,6.8,40.53,52.54,70.7,7.09
2021-08-31 01:30:00,4,807.76,0.3,36.67,11.36,41.96,45.19,57.99,6.27
2021-08-31 02:30:00,4,767.71,0.31,33.59,11.09,40.53,43.94,55.46,6.08
2021-08-31 03:30:00,4,761.03,0.78,33.24,6.62,41.96,45.64,56.93,5.89
2021-08-31 04:30:00,4,767.71,2.21,32.9,2.39,43.87,47.47,57.83,5.45
2021-08-31 05:30:00,4,794.41,4.64,31.87,0.74,45.3,47.51,57.06,5.32
2021-08-31 06:30:00,4,894.55,8.05,31.87,0.32,48.16,48.09,58.8,6.4
2021-08-31 07:30:00,5,1094.82,15.65,33.59,1.7,56.27,52.46,66.67,8.61
2021-08-31 08:30:00,5,1161.58,21.23,35.99,9.3,65.8,52.66,68.03,9.63
2021-08-31 09:30:00,4,961.3,16.54,40.44,24.32,79.16,45.22,57.09,7.73
2021-08-31 10:30:00,4,854.49,12.85,44.55,35.76,87.74,42,52.48,7.03
2021-08-31 11:30:00,4,787.74,10.95,47.98,39.7,95.37,37.38,46.58,6.27
2021-08-31 12:30:00,4,867.84,11.18,53.47,32.9,97.28,37.88,46.85,6.9
2021-08-31 13:30:00,4,1014.71,12.07,61.01,20.92,98.23,42.5,52.39,7.98
2021-08-31 14:30:00,4,1121.52,9.28,69.92,9.57,100.14,47.05,57.99,8.61
2021-08-31 15:30:00,5,1214.98,8.94,74.71,4.92,104.9,54.13,66,9.25
2021-08-31 16:30:00,5,1214.98,8.38,76.08,11.98,103.95,57.75,69.27,8.87
2021-08-31 17:30:00,5,1161.58,4.41,74.71,20.74,88.69,56.92,66.81,7.98
2021-08-31 18:30:00,5,1255.04,1.31,76.08,16.63,75.34,60.08,72.19,9.37
2021-08-31 19:30:00,5,1535.42,3.49,80.88,3.26,76.29,74.34,93.67,12.29
2021-08-31 20:30:00,5,1735.69,9.61,78.14,0.28,82.97,90.73,117.04,13.55
2021-08-31 21:30:00,5,1668.93,11.18,70.6,0.15,86.78,92.36,117.04,11.53
2021-08-31 22:30:00,5,1388.55,7.82,58.26,0.45,75.34,79.9,98.76,8.99
2021-08-31 23:30:00,5,1094.82,4.02,49.35,1.72,60.56,63.5,76.31,6.4
2021-09-01 00:30:00,5,834.47,1.02,40.78,6.35,48.64,50.42,57.99,4.37
2021-09-01 01:30:00,4,747.68,0.43,35.64,9.57,43.39,48.32,54.79,4.12
2021-09-01 02:30:00,4,714.3,0.45,33.24,9.12,41.96,48.88,55.34,3.99
2021-09-01 03:30:00,5,714.3,0.84,32.9,6.17,42.44,51.58,58.22,3.93
2021-09-01 04:30:00,5,720.98,1.41,32.56,3.93,42.44,51.36,57.7,3.8
2021-09-01 05:30:00,4,747.68,2.21,31.87,2.62,41.49,46.9,52.78,3.99
2021-09-01 06:30:00,4,881.2,5.87,33.24,0.96,46.25,47.18,54.51,5.32
2021-09-01 07:30:00,5,1241.68,17.88,36.33,0.25,61.04,60.3,72.87,8.11
2021-09-01 08:30:00,5,1628.88,33.53,42.84,0.54,82.97,76.64,94.1,10.64
2021-09-01 09:30:00,5,1762.39,41.13,47.98,0.64,104.9,88.12,107.91,11.65
2021-09-01 10:30:00,5,1642.23,39.79,52.09,0.91,122.07,89.78,108.88,10.89
2021-09-01 11:30:00,5,1415.25,34.87,58.26,2.01,137.33,83.28,99.11,8.87
2021-09-01 12:30:00,5,1094.82,21.91,67.86,12.7,141.14,64.81,75.64,5.83
2021-09-01 13:30:00,5,1014.71,18.55,72.66,26.82,148.77,59.61,69.39,5.19
2021-09-01 14:30:00,5,988.01,17.21,74.03,41.49,158.31,61.32,71.1,5
2021-09-01 15:30:00,5,1068.12,12.74,77.46,49.35,152.59,68.95,80.24,6.14
2021-09-01 16:30:00,5,1255.04,7.94,87.74,40.05,141.14,77.7,91.79,8.36
2021-09-01 17:30:00,5,1441.96,3.63,100.08,18.6,131.61,80.1,96.4,10.13
2021-09-01 18:30:00,5,1922.61,10.28,100.08,1.42,110.63,93.39,119.7,15.2
2021-09-01 19:30:00,5,2803.8,29.06,87.74,0,87.74,134.41,182.84,22.04
2021-09-01 20:30:00,5,3631.59,44.26,80.88,0,79.16,182.75,253.53,24.83
2021-09-01 21:30:00,5,4005.43,49.17,76.77,0,71.53,208.77,292.59,23.56
2021-09-01 22:30:00,5,3791.81,44.26,70.6,0,60.56,201.23,285.98,20.27
2021-09-01 23:30:00,5,3204.35,34.87,62.38,0,48.16,168.53,241.17,14.57
2021-09-02 00:30:00,5,2429.96,21.68,55.52,0,35.29,125.83,176.59,9.25
2021-09-02 01:30:00,5,1895.9,11.96,47.98,0.04,30.04,102.27,133.47,7.47
2021-09-02 02:30:00,5,1548.77,6.54,39.76,0.27,28.85,91.43,112.85,6.9
2021-09-02 03:30:00,5,1361.85,4.14,35.3,0.64,31.47,87.82,104.12,6.46
2021-09-02 04:30:00,5,1255.04,4.08,32.9,0.63,33.85,85.1,97.91,6.08
2021-09-02 05:30:00,5,1188.28,4.64,32.22,0.64,35.76,83.3,93.08,5.89
2021-09-02 06:30:00,5,1174.93,4.86,36.33,1.07,43.39,92.7,102.48,6.78
2021-09-02 07:30:00,5,1388.55,10.06,45.24,0.94,56.74,114.7,129.37,9.88
2021-09-02 08:30:00,5,1628.88,18.55,52.78,2.48,74.39,131.61,149.78,12.92
2021-09-02 09:30:00,5,1522.06,15.2,66.49,11.98,93.46,122.47,138.31,10.89
2021-09-02 10:30:00,5,1468.66,16.76,84.31,13.77,127.79,120.85,136.46,9.63
2021-09-02 11:30:00,5,1522.06,24.59,101.45,8.94,179.29,128.1,145.1,8.74
2021-09-02 12:30:00,5,1428.6,23.25,105.56,12.88,194.55,116.56,131.93,6.71
2021-09-02 13:30:00,5,1295.09,21.91,109.67,26.11,196.46,104.81,118.55,5.19
2021-09-02 14:30:00,5,1214.98,22.58,104.19,32.9,205.99,98.39,111.31,4.31
2021-09-02 15:30:00,5,1268.39,19,97.33,35.05,188.83,97.09,110.6,5.45
2021-09-02 16:30:00,5,1508.71,21.91,109.67,23.6,196.46,111.02,127.32,7.66
2021-09-02 17:30:00,5,1762.39,30.85,130.24,9.21,215.53,127.5,145.9,8.61
2021-09-02 18:30:00,5,2323.15,43.81,137.09,1.04,190.74,151.29,177.38,13.3
2021-09-02 19:30:00,5,2910.61,50.52,119.27,0,131.61,174.57,211.82,17.99
2021-09-02 20:30:00,5,3017.43,42.47,94.59,0,83.92,175.88,217.33,17.48
2021-09-02 21:30:00,5,2830.51,28.39,73.34,0,55.79,161.12,202.56,16.09
2021-09-02 22:30:00,5,2830.51,23.69,63.75,0.01,47.21,161.48,206.18,15.96
2021-09-02 23:30:00,5,2803.8,23.02,61.69,0.01,42.44,162.98,207.69,13.43
2021-09-03 00:30:00,5,2590.18,18.77,59.63,0.02,37.19,151.81,187.67,9.12
2021-09-03 01:30:00,5,2483.37,13.41,56.89,0.06,37.19,149.52,180.26,8.11
2021-09-03 02:30:00,5,2403.26,8.27,55.52,0.34,39.1,151.86,181.67,8.49
2021-09-03 03:30:00,5,2376.56,5.03,55.52,1.02,41.01,159.34,189.61,8.74
2021-09-03 04:30:00,5,2243.04,2.68,54.15,2.5,40.05,161.07,190.18,7.85
2021-09-03 05:30:00,5,2029.42,1.73,49.35,4.25,38.62,151.99,176.21,7.28
2021-09-03 06:30:00,5,1548.77,0.32,47.3,16.09,49.59,132.34,149.57,7.47
2021-09-03 07:30:00,5,1708.98,5.31,55.52,3.67,58.65,131.51,152.93,11.27
2021-09-03 08:30:00,5,1842.5,16.32,58.95,1.83,71.53,126.32,149.61,13.17
2021-09-03 09:30:00,5,1455.31,9.72,70.6,8.4,94.41,104.4,119.76,9.37
2021-09-03 10:30:00,5,1268.39,8.49,72.66,11.36,103.95,95.81,108.15,7.92
2021-09-03 11:30:00,5,1188.28,9.84,74.03,10.82,110.63,91.57,102.63,7.28
2021-09-03 12:30:00,5,1068.12,5.76,68.55,16.45,94.41,73.4,81.9,5.89
2021-09-03 13:30:00,5,988.01,3.3,63.75,21.64,81.06,58.95,66.11,5.64
2021-09-03 14:30:00,5,974.66,2.71,61.69,21.28,78.2,51.64,58.56,6.02
2021-09-03 15:30:00,5,1361.85,10.51,68.55,7.87,76.29,62.05,74.16,9.5
2021-09-03 16:30:00,5,2109.53,38.89,69.23,1.29,78.2,86.29,107.48,14.82
2021-09-03 17:30:00,5,2857.21,75.1,67.86,0.34,83.92,109.98,139.79,21.28
2021-09-03 18:30:00,5,3524.78,100.14,69.92,0.04,95.37,139.32,178.9,28.88
2021-09-03 19:30:00,5,3791.81,98.35,65.8,0,91.55,164.19,210.75,28.12
2021-09-03 20:30:00,5,3685,83.15,60.32,0,79.16,172.51,219.08,23.31
2021-09-03 21:30:00,5,3284.45,59.9,55.52,0,65.8,158.09,199.54,19
2021-09-03 22:30:00,5,3044.13,48.28,52.09,0,59.13,150.62,190.67,17.23
2021-09-03 23:30:00,5,2777.1,43.81,48.67,0,52.93,137.42,172.81,13.55
2021-09-04 00:30:00,5,2269.75,33.98,45.24,0,44.35,109.39,135,8.49
2021-09-04 01:30:00,5,1762.39,20.79,40.78,0,37.19,84.94,102.86,6.21
2021-09-04 02:30:00,5,1428.6,12.52,37.36,0.02,34.33,71.44,84.13,5.57
2021-09-04 03:30:00,5,1255.04,9.16,34.96,0.04,34.81,67.44,77.45,5.38
2021-09-04 04:30:00,5,1174.93,8.16,32.9,0.07,34.33,66.09,74.82,5.26
2021-09-04 05:30:00,5,1081.47,8.16,29.82,0.07,32.42,61.6,69.29,5.45
2021-09-04 06:30:00,5,1054.76,10.28,27.08,0.05,33.38,56.01,64.98,7.16
2021-09-04 07:30:00,5,1214.98,18.33,25.71,0.46,38.62,58.94,72.33,9.88
2021-09-04 08:30:00,5,1348.5,27.05,26.39,2.48,47.68,61.89,77.26,11.4
2021-09-04 09:30:00,5,1268.39,23.47,31.19,5.81,53.88,59.04,71.96,9.88
2021-09-04 10:30:00,5,1188.28,15.42,40.1,8.49,58.17,59.43,70.84,9.12
2021-09-04 11:30:00,5,1134.87,7.1,51.41,8.32,64.85,62.12,72.48,9.12
2021-09-04 12:30:00,5,1068.12,0.59,54.84,10.46,61.04,62.47,71.79,8.49
2021-09-04 13:30:00,5,1121.52,0.49,56.89,13.05,61.99,65.38,75.05,8.61
2021-09-04 14:30:00,5,1214.98,1.44,66.49,11.18,72.48,72.05,82.88,9.25
2021-09-04 15:30:00,5,1335.14,4.75,71.97,8.94,80.11,80.09,92.43,10.13
2021-09-04 16:30:00,5,1401.9,4.25,72.66,11.62,71.53,81.74,95.01,10.13
2021-09-04 17:30:00,5,1401.9,2.07,69.92,19.31,57.7,76.32,89.24,9.75
2021-09-04 18:30:00,5,2777.1,38.89,83.63,1.5,54.84,125.34,161.2,20.27
2021-09-04 19:30:00,5,4646.3,99.24,74.71,0,62.94,217.6,290.25,31.67
2021-09-04 20:30:00,5,5767.82,125.17,67.86,0,69.62,286.42,387.94,39.01
2021-09-04 21:30:00,5,6675.72,146.63,60.32,0,74.39,355.12,478.06,44.08
2021-09-04 22:30:00,5,7370,164.51,49.35,0,67.71,411.53,545.64,37.49
2021-09-04 23:30:00,5,6942.75,157.36,40.44,0,49.11,391.57,509.85,22.55
2021-09-05 00:30:00,5,4486.08,92.98,39.07,0,29.09,236.58,304.56,10.51
2021-09-05 01:30:00,5,2990.72,51.41,36.33,0,21.94,151.48,193.86,7.85
2021-09-05 02:30:00,5,2216.34,30.4,33.24,0,20.03,112.54,143.27,6.9
2021-09-05 03:30:00,5,1895.9,21.68,29.82,0,20.03,100.27,127.98,6.84
2021-09-05 04:30:00,5,1922.61,23.92,23.99,0,22.65,108.48,138.29,8.23
2021-09-05 05:30:00,5,2109.53,30.4,20.39,0,27.66,122.65,150.36,11.65
2021-09-05 06:30:00,5,2696.99,48.28,20.39,0,39.1,155.08,190.01,18.75
2021-09-05 07:30:00,5,4058.84,92.98,22.96,0.38,51.98,222.83,281.51,25.08
2021-09-05 08:30:00,5,5020.14,128.75,33.93,1.99,56.74,261.3,330.22,23.31
2021-09-05 09:30:00,5,1562.12,15.2,48.67,42.56,60.08,88.14,104.68,11.02
2021-09-05 10:30:00,5,1308.44,7.38,41.13,84.4,56.27,75.8,89.08,10.26
2021-09-05 11:30:00,5,1241.68,4.64,38.04,137.33,60.56,90.09,103.02,9.88
2021-09-05 12:30:00,5,1094.82,2.43,28.79,188.83,53.88,100.14,112.02,8.36
2021-09-05 13:30:00,5,1068.12,1.62,26.05,220.3,51.98,109.6,121.37,7.79
2021-09-05 14:30:00,5,1161.58,1.44,31.53,243.19,61.99,129.25,142.29,8.36
2021-09-05 15:30:00,5,1281.74,1.36,39.07,243.19,71.53,144.13,158.81,8.99
2021-09-05 16:30:00,5,1455.31,1.26,52.09,226.02,81.06,156.92,173.69,10.13
2021-09-05 17:30:00,5,1682.28,0.79,71.29,197.41,94.41,172.08,191.64,11.53
2021-09-05 18:30:00,5,3417.97,0.64,154.91,68.67,103,271.49,317.13,24.83
2021-09-05 19:30:00,5,5821.23,26.15,197.41,0.13,107.77,425.88,513.43,40.53
2021-09-05 20:30:00,5,7156.37,57.22,175.48,0,105.86,514.43,628.99,47.62
2021-09-05 21:30:00,5,7370,70.63,146.69,0,94.41,527.19,646.41,46.1
2021-09-05 22:30:00,5,7156.37,75.1,115.16,0,69.62,501.1,611.93,30.15
2021-09-05 23:30:00,5,6195.07,67.06,87.74,0,44.82,410.67,498.22,14.95
2021-09-06 00:30:00,5,3391.27,20.34,70.6,0.02,27.42,207.91,251.22,7.98
2021-09-06 01:30:00,5,2643.59,14.75,52.78,0.01,26.46,150.88,187.68,9.37
2021-09-06 02:30:00,5,2429.96,16.99,39.76,0,29.09,138.11,175.84,11.4
2021-09-06 03:30:00,5,2590.18,25.26,30.85,0,34.33,150.79,195.96,14.31
2021-09-06 04:30:00,5,2883.91,38,22.62,0,38.15,174.46,228.02,15.96
2021-09-06 05:30:00,5,3177.64,51.86,17.82,0,41.49,194.82,252.1,17.99
2021-09-06 06:30:00,5,4005.43,79.57,16.79,0,50.55,239.44,306.5,24.32
2021-09-06 07:30:00,5,6248.47,151.99,20.22,0.18,67.71,348.22,447.88,32.17
2021-09-06 08:30:00,5,8544.92,239.61,31.53,0.54,76.29,444.94,575.33,33.44
2021-09-06 09:30:00,5,1695.63,26.6,71.29,14.48,107.77,90.56,111.99,12.92
2021-09-06 10:30:00,5,1335.14,18.55,71.97,22.89,114.44,75.66,91.73,11.53
2021-09-06 11:30:00,5,1255.04,15.87,74.03,28.97,118.26,73.29,87.97,11.27
2021-09-06 12:30:00,5,1161.58,11.62,69.23,40.77,106.81,69.38,82.31,10.77
2021-09-06 13:30:00,5,1121.52,9.61,71.29,53.64,106.81,70.21,82.32,10.26
2021-09-06 14:30:00,5,1161.58,11.18,85.68,55.79,131.61,80.55,93.37,9.88
2021-09-06 15:30:00,5,1268.39,16.09,104.19,52.21,165.94,99.03,113.71,10.13
2021-09-06 16:30:00,5,1495.36,21.68,122.01,45.06,190.74,120.5,138.2,11.4
2021-09-06 17:30:00,5,1735.69,23.02,142.57,27.54,202.18,140.29,161.48,12.67
2021-09-06 18:30:00,5,3898.62,92.98,146.69,1.83,183.11,242.24,298.59,31.92
2021-09-06 19:30:00,5,7049.56,196.7,116.53,0,150.68,405.34,517.1,47.12
2021-09-06 20:30:00,5,9078.98,239.61,95.96,0,118.26,523.34,672.36,44.08
2021-09-06 21:30:00,5,8865.36,196.7,87.74,0,88.69,516.37,667.25,35.47
2021-09-06 22:30:00,5,7797.24,143.05,77.46,0,67.71,458.63,596.48,26.09
2021-09-06 23:30:00,5,6301.88,102.82,63.75,0,48.16,369.51,479.42,15.71
2021-09-07 00:30:00,5,3044.13,24.81,61.01,0.02,30.28,183.38,235.54,10.13
2021-09-07 01:30:00,5,2162.93,7.38,55.52,0.41,26.46,147.85,187.92,8.23
2021-09-07 02:30:00,5,1789.09,2.24,47.98,2.55,25.03,149.83,184.78,7.28
2021-09-07 03:30:00,5,1548.77,0.61,39.07,7.33,26.46,150.99,178.72,6.78
2021-09-07 04:30:00,5,1348.5,0.17,32.56,13.59,28.61,141.1,160.92,6.02
2021-09-07 05:30:00,5,1228.33,0.07,30.16,18.95,31.95,147.58,162.5,5.57
2021-09-07 06:30:00,5,1214.98,0.91,37.36,12.16,49.59,166.72,178.25,5.89
2021-09-07 07:30:00,5,1495.36,12.74,42.84,1.5,70.57,160.8,174.89,8.11
2021-09-07 08:30:00,5,1735.69,29.5,44.55,1.54,94.41,143.96,159.56,9.12
2021-09-07 09:30:00,5,1642.23,29.5,56.89,0.91,120.16,115.29,129.5,7.47
2021-09-07 10:30:00,5,1508.71,25.93,65.8,1.99,144.96,89.69,102.26,6.59
2021-09-07 11:30:00,5,1401.9,21.68,64.43,3.53,148.77,70.39,81.1,6.02
2021-09-07 12:30:00,5,1321.79,15.65,60.32,4.47,131.61,53.32,61.71,5.19
2021-09-07 13:30:00,4,1295.09,12.52,58.95,3.26,119.21,45.94,53.04,4.88
2021-09-07 14:30:00,4,1308.44,9.72,56.89,1.5,109.67,43.27,49.79,4.88
2021-09-07 15:30:00,4,1321.79,6.82,58.26,1.86,102.04,43.12,50.69,5.64
2021-09-07 16:30:00,4,1375.2,7.94,63.75,1.9,107.77,47.54,56.97,6.65
2021-09-07 17:30:00,5,1441.96,10.39,69.23,1.23,114.44,51.91,62.86,7.6
2021-09-07 18:30:00,5,1535.42,11.29,69.23,0.41,108.72,57.09,70.83,9.5
2021-09-07 19:30:00,5,1655.58,10.84,61.01,0.19,88.69,64.32,83.18,11.91
2021-09-07 20:30:00,5,1682.28,10.84,54.15,0.15,76.29,67.52,90.33,12.41
2021-09-07 21:30:00,5,1548.77,9.28,47.3,0.25,64.85,60.93,83.98,11.27
2021-09-07 22:30:00,5,1375.2,6.65,43.18,0.6,56.74,52.1,73.52,10.13
2021-09-07 23:30:00,4,1188.28,3.97,41.13,1.59,51.02,42.85,60.55,8.36
2021-09-08 00:30:00,4,974.66,1.34,37.01,5.23,44.82,33.85,46.66,6.59
2021-09-08 01:30:00,4,854.49,0.37,31.53,10.73,40.53,29.82,39.84,6.21
2021-09-08 02:30:00,4,767.71,0.22,27.76,13.05,38.15,27.46,35.61,6.08
2021-09-08 03:30:00,4,727.65,0.33,27.76,11,39.58,27.49,34.94,6.14
2021-09-08 04:30:00,4,700.95,0.49,28.79,9.12,41.96,28.55,35.88,6.14
2021-09-08 05:30:00,4,687.6,0.54,29.82,9.21,43.87,29.43,36.53,6.14
2021-09-08 06:30:00,4,720.98,0.66,32.56,9.92,48.16,30.84,38.41,6.65
2021-09-08 07:30:00,4,781.06,3.16,35.3,10.64,53.41,31.48,40.67,7.85
2021-09-08 08:30:00,4,767.71,7.6,32.9,20.39,58.17,29.57,38.66,7.98
2021-09-08 09:30:00,4,680.92,7.15,29.82,38.27,58.65,28,35.04,6.97
2021-09-08 10:30:00,4,627.52,5.53,27.76,62.94,58.65,31.35,37.46,6.52
2021-09-08 11:30:00,4,587.46,4.08,25.71,91.55,57.7,38.54,43.72,5.89
2021-09-08 12:30:00,4,554.09,3.21,22.62,115.87,53.88,46.02,50.5,5.13
2021-09-08 13:30:00,4,554.09,3.02,22.62,127.32,53.88,49.79,54.1,4.56
2021-09-08 14:30:00,5,574.11,3.1,24.68,131.61,57.22,52.36,56.84,4.5
2021-09-08 15:30:00,5,654.22,3.49,34.96,121.59,70.57,55.88,61.3,5.19
2021-09-08 16:30:00,5,774.38,3.55,53.47,89.41,89.65,56.49,63.47,6.27
2021-09-08 17:30:00,5,907.9,1.9,69.23,50.78,98.23,52.88,61.27,7.28
2021-09-08 18:30:00,4,988.01,0.24,72.66,26.82,96.32,49.58,60.88,8.99
2021-09-08 19:30:00,4,1028.06,0.17,65.8,18.06,85.83,48.64,63.77,10.77
2021-09-08 20:30:00,4,1001.36,0.09,55.52,21.1,67.71,46.55,63.08,11.15
2021-09-08 21:30:00,4,921.25,0.01,43.87,30.76,52.45,43.42,59.02,10.39
2021-09-08 22:30:00,4,881.2,0,40.1,34.69,48.16,44.56,59.46,9.63
2021-09-08 23:30:00,4,814.44,0.01,38.73,31.47,47.21,41.8,54.61,7.92
2021-09-09 00:30:00,4,694.28,0.01,34.96,28.25,44.35,36.15,44.18,5.57
2021-09-09 01:30:00,4,634.19,0.02,31.19,25.03,42.92,35.64,41.29,4.43
2021-09-09 02:30:00,4,607.49,0.04,29.47,21.46,42.44,38.39,43.28,3.96
2021-09-09 03:30:00,4,614.17,0.09,29.82,17.7,44.35,42.38,47.04,3.8
2021-09-09 04:30:00,4,647.54,0.21,31.19,13.77,45.3,45.64,50.24,3.83
2021-09-09 05:30:00,4,694.28,0.55,33.24,9.48,46.25,48.59,53.48,4.12
2021-09-09 06:30:00,5,814.44,2.54,37.01,3.98,50.07,54.42,61.35,5.51
2021-09-09 07:30:00,5,1028.06,10.28,39.76,1.97,60.56,62.61,73.09,7.35
2021-09-09 08:30:00,5,1148.22,18.77,41.13,6.62,75.34,65.76,77.87,7.92
2021-09-09 09:30:00,5,1028.06,16.99,44.55,14.48,91.55,56.21,66.45,6.52
2021-09-09 10:30:00,4,947.95,12.96,49.35,20.74,101.09,48.58,57.9,6.46
2021-09-09 11:30:00,4,907.9,9.61,55.52,25.03,107.77,45.5,54.12,6.33
2021-09-09 12:30:00,4,807.76,5.25,52.78,38.62,94.41,38.2,44.95,5.38
2021-09-09 13:30:00,4,754.36,3.74,48.67,50.78,83.92,33.57,39.51,5.19
2021-09-09 14:30:00,4,741.01,3.52,48.67,54.36,82.97,31.39,37.16,5.38
2021-09-09 15:30:00,4,921.25,5.31,61.01,43.63,93.46,38.54,46.46,7.85
2021-09-09 16:30:00,4,1161.58,7.49,75.4,26.46,101.09,47.69,58.51,10.13
2021-09-09 17:30:00,5,1348.5,8.49,83.63,11.98,94.41,51.57,64.38,11.53
2021-09-09 18:30:00,5,1522.06,9.05,84.31,2.15,86.78,56.82,74.28,14.31
2021-09-09 19:30:00,5,1708.98,9.39,75.4,0.45,71.53,68.44,93.35,16.97
2021-09-09 20:30:00,5,1815.8,7.26,69.92,0.78,60.56,78.92,109.19,16.97
2021-09-09 21:30:00,5,1708.98,2.38,63.75,4.78,50.07,80.97,111.71,14.82
2021-09-09 22:30:00,5,1548.77,0.37,55.52,13.41,44.82,81.57,110.21,12.79
2021-09-09 23:30:00,5,1321.79,0.06,47.98,22.53,43.87,81.48,104.54,9.63
2021-09-10 00:30:00,5,1054.76,0,39.41,37.55,45.3,85.75,99.02,6.02
2021-09-10 01:30:00,5,934.6,0,33.24,45.42,48.16,94.63,102.31,4.37
2021-09-10 02:30:00,5,854.49,0,31.19,40.05,50.07,89.4,94.58,3.42
2021-09-10 03:30:00,5,814.44,0.02,34.27,27.54,53.88,74.61,78.8,2.88
2021-09-10 04:30:00,5,814.44,0.13,36.67,17.17,55.31,62.03,66.28,3.04
2021-09-10 05:30:00,5,841.14,0.55,37.36,10.1,54.36,55.01,59.55,3.58
2021-09-10 06:30:00,5,921.25,2.24,38.73,4.56,55.79,54.12,61.28,5.32
2021-09-10 07:30:00,5,1094.82,8.38,41.13,1.04,61.04,56.73,68.73,7.66
2021-09-10 08:30:00,5,1228.33,14.98,43.87,1.79,68.67,54.77,68.86,8.23
2021-09-10 09:30:00,4,1094.82,10.95,50.04,4.69,80.11,43.14,53.27,6.59
2021-09-10 10:30:00,4,1014.71,7.94,54.84,5.32,90.6,36.78,45.17,5.95
2021-09-10 11:30:00,4,934.6,5.59,59.63,3.67,99.18,31.54,38.88,5.13
2021-09-10 12:30:00,4,854.49,2.57,54.84,20.39,90.6,26.77,32.42,4.37
2021-09-10 13:30:00,4,834.47,2.96,48.67,45.42,84.88,30.22,35.35,4.18
2021-09-10 14:30:00,4,814.44,3.07,44.55,62.94,80.11,34.97,39.92,4.37
2021-09-10 15:30:00,4,867.84,3.21,50.04,60.08,86.78,41.39,47.27,5.45
2021-09-10 16:30:00,4,974.66,2.65,57.58,41.49,85.83,45.74,52.96,6.08
2021-09-10 17:30:00,4,1054.76,1.31,61.01,25.39,72.48,45,52.8,5.95
2021-09-10 18:30:00,4,1161.58,0.5,60.32,15.91,61.99,47.25,56.8,6.46
2021-09-10 19:30:00,5,1241.68,0.62,57.58,11.98,57.7,52.6,65.05,7.54
2021-09-10 20:30:00,5,1295.09,1.12,54.84,8.05,57.22,55.68,69.76,7.92
2021-09-10 21:30:00,5,1241.68,1.31,50.04,6.71,54.36,53.07,66.22,7.22
2021-09-10 22:30:00,4,1161.58,1.62,45.93,5.32,51.98,49.85,61.02,6.33
2021-09-10 23:30:00,4,1041.41,1.76,42.5,4.43,49.59,45.29,53.44,4.81
2021-09-11 00:30:00,4,867.84,0.88,37.36,6.88,42.44,40.12,44.95,3.29
2021-09-11 01:30:00,4,761.03,0.19,29.82,12.7,34.33,38.52,42.02,2.76
2021-09-11 02:30:00,4,707.63,0.11,26.39,15.2,31.47,39.57,42.69,2.69
2021-09-11 03:30:00,4,694.28,0.12,26.05,14.84,32.42,41.68,44.65,2.5
2021-09-11 04:30:00,4,707.63,0.2,26.39,12.7,32.42,43.47,46.39,2.57
2021-09-11 05:30:00,4,741.01,0.44,27.76,9.48,32.9,44.93,48.04,2.79
2021-09-11 06:30:00,4,821.11,1.57,30.16,5.05,36.24,46.38,50.69,3.48
2021-09-11 07:30:00,4,961.3,4.92,32.9,1.48,39.58,48.72,54.83,4.31
2021-09-11 08:30:00,4,1014.71,6.82,34.96,1.15,41.49,49.03,55.26,4.24
2021-09-11 09:30:00,4,961.3,1.62,36.33,7.78,38.62,43.66,48.73,3.61
2021-09-11 10:30:00,4,921.25,0.85,34.96,12.34,40.53,41.04,45.81,3.58
2021-09-11 11:30:00,4,881.2,2.6,32.56,16.99,43.39,40.14,44.56,3.48
2021-09-11 12:30:00,4,867.84,3.55,31.87,25.03,45.3,40.63,44.88,3.58
2021-09-11 13:30:00,4,847.82,1.87,35.99,24.68,49.59,40.07,44.26,3.77
2021-09-11 14:30:00,4,807.76,1.06,38.39,26.82,54.36,37.51,41.65,3.96
2021-09-11 15:30:00,4,814.44,1.31,41.81,27.9,60.56,35.56,39.87,4.18
2021-09-11 16:30:00,4,881.2,1.24,43.53,23.96,57.7,35.38,40.16,4.56
2021-09-11 17:30:00,4,961.3,1.01,43.87,18.24,48.64,34.51,39.63,4.75
2021-09-11 18:30:00,4,1068.12,0.96,46.61,10.28,44.35,39.64,46.33,5.38
2021-09-11 19:30:00,5,1188.28,2.07,47.3,4.43,43.87,50.78,60.33,6.4
2021-09-11 20:30:00,5,1255.04,3.52,46.61,1.99,44.82,60.31,72.3,7.09
2021-09-11 21:30:00,5,1228.33,3.19,43.53,2.15,41.96,63.41,77.5,7.54
2021-09-11 22:30:00,5,1148.22,1.79,40.1,4.16,38.15,62.53,77.2,7.41
2021-09-11 23:30:00,5,1028.06,0.8,36.67,7.42,34.33,60.82,73.28,6.14
2021-09-12 00:30:00,5,894.55,0.29,31.87,11.36,31.47,57.83,65.4,4.18
2021-09-12 01:30:00,5,834.47,0.18,28.45,12.88,30.28,59.08,63.97,3.26
2021-09-12 02:30:00,5,814.44,0.22,27.08,11.44,30.04,59.28,62.78,2.79
2021-09-12 03:30:00,5,821.11,0.36,27.42,8.94,29.09,59.15,62.18,2.88
2021-09-12 04:30:00,5,847.82,0.55,27.42,6.97,28.61,59.07,62.18,3.29
2021-09-12 05:30:00,5,894.55,0.85,27.76,5.68,28.85,59.28,62.71,3.77
2021-09-12 06:30:00,5,988.01,2.29,29.82,3.22,31.95,60.83,65.89,4.81
2021-09-12 07:30:00,5,1161.58,7.71,32.56,0.86,39.1,64.53,72.56,6.33
2021-09-12 08:30:00,5,1268.39,13.97,34.62,1.4,47.68,62.09,71.52,6.84
2021-09-12 09:30:00,5,1228.33,12.52,40.44,2.68,54.84,52.14,62.5,6.97
2021-09-12 10:30:00,5,1228.33,9.16,48.67,4.16,64.85,50.13,61.78,7.66
2021-09-12 11:30:00,5,1241.68,8.05,57.58,5.5,79.16,52.37,64.48,8.11
2021-09-12 12:30:00,5,1268.39,6.76,67.86,6.35,93.46,56.72,68.01,8.04
2021-09-12 13:30:00,5,1295.09,5.2,78.14,5.99,106.81,61.82,72.18,7.6
2021-09-12 14:30:00,5,1321.79,3.91,89.11,5.28,125.89,68.66,78.9,7.41
2021-09-12 15:30:00,5,1388.55,8.27,93.22,12.7,146.87,80.39,91.57,7.6
2021-09-12 16:30:00,5,1508.71,10.95,94.59,20.39,146.87,95.69,109.31,7.92
2021-09-12 17:30:00,5,1508.71,6.59,86.37,21.28,117.3,100.78,116.38,7.73
2021-09-12 18:30:00,5,1642.23,2.04,72.66,10.91,75.34,104.85,126.04,9.37
2021-09-12 19:30:00,5,2002.72,4.02,63.06,2.08,55.31,121.67,152.87,12.29
2021-09-12 20:30:00,5,2296.45,7.6,57.58,0.41,51.02,141.75,181.79,13.93
2021-09-12 21:30:00,5,2429.96,8.49,56.21,0.25,48.64,152.61,197.32,13.68
2021-09-12 22:30:00,5,2349.85,7.15,53.47,0.35,43.87,150.42,196.06,12.16
2021-09-12 23:30:00,5,2109.53,5.25,50.04,0.68,37.19,136.52,177.49,9.25
2021-09-13 00:30:00,5,1815.8,3.13,45.93,1.34,30.99,117.44,150.04,6.52
2021-09-13 01:30:00,5,1708.98,2.93,42.16,1.38,30.99,111.26,140.13,6.65
2021-09-13 02:30:00,5,1628.88,2.46,37.7,1.68,30.99,106.37,133.38,6.71
2021-09-13 03:30:00,5,1562.12,2.4,34.96,1.72,31.95,103.72,129.79,6.78
2021-09-13 04:30:00,5,1508.71,2.63,33.59,1.57,33.38,100.07,124.75,6.78
2021-09-13 05:30:00,5,1468.66,3.8,33.93,1.01,35.29,96.92,117.87,7.03
2021-09-13 06:30:00,5,1588.82,8.38,35.64,0.36,39.58,99.96,123.48,9.12
2021-09-13 07:30:00,5,2109.53,23.25,40.78,1.83,51.98,123.01,158.4,14.31
2021-09-13 08:30:00,5,2536.77,35.32,53.47,11.8,71.53,149.88,194.12,18.49
2021-09-13 09:30:00,5,2216.34,23.92,74.71,38.62,115.4,161.18,198.9,16.09
2021-09-13 10:30:00,5,2109.53,13.86,89.11,72.96,141.14,182.98,219.3,15.07
2021-09-13 11:30:00,5,2002.72,6.54,93.22,107.29,154.5,196.55,230.54,14.06
2021-09-13 12:30:00,5,1628.88,4.58,98.71,113.01,188.83,183.09,208.23,8.23
2021-09-13 13:30:00,5,1588.82,5.2,111.04,113.01,217.44,190.32,212.21,6.52
2021-09-13 14:30:00,5,1602.17,6.37,126.12,100.14,251.77,199.91,219.94,5.83
2021-09-13 15:30:00,5,1588.82,6.43,131.61,80.82,255.59,201.1,219.96,5.7
2021-09-13 16:30:00,5,1642.23,4.41,134.35,56.51,244.14,192.59,212.38,6.84
2021-09-13 17:30:00,5,1762.39,2.71,135.72,30.4,226.97,180.76,202.18,8.74
2021-09-13 18:30:00,5,2162.93,4.25,130.24,7.69,183.11,177.35,207.16,14.31
2021-09-13 19:30:00,5,2750.4,14.19,109.67,0.12,125.89,188.31,233.48,19.51
2021-09-13 20:30:00,5,3070.83,22.13,90.48,0.01,88.69,195.12,251.46,19.76
2021-09-13 21:30:00,5,2883.91,19.22,74.71,0.02,61.99,177.02,235.69,16.97
2021-09-13 22:30:00,5,2563.48,14.19,63.06,0.07,50.07,159.51,215.39,15.33
2021-09-13 23:30:00,5,2269.75,10.51,56.89,0.19,43.87,145.32,193.75,12.29
2021-09-14 00:30:00,5,1895.9,6.31,51.41,0.55,38.15,126.43,164.62,8.49
2021-09-14 01:30:00,5,1668.93,3.19,45.93,1.61,36.72,115.82,147.49,7.47
2021-09-14 02:30:00,5,1522.06,1.7,39.76,3.09,35.76,109.59,138.23,7.28
2021-09-14 03:30:00,5,1468.66,1.68,35.99,3,36.72,106.28,133.76,7.41
2021-09-14 04:30:00,5,1428.6,2.71,33.93,1.65,37.67,102.8,129.58,7.35
2021-09-14 05:30:00,5,1428.6,5.81,32.56,0.44,39.1,99.14,122.65,7.6
2021-09-14 06:30:00,5,1588.82,13.41,30.85,0.06,42.44,101.57,126.25,9.37
2021-09-14 07:30:00,5,2109.53,30.85,31.87,0.51,52.45,120.98,153.58,13.43
2021-09-14 08:30:00,5,2510.07,45.6,36.67,1.63,64.85,139.68,176.93,15.2
2021-09-14 09:30:00,5,2403.26,39.34,44.55,3.26,72.48,145.35,184.47,15.96
2021-09-14 10:30:00,5,2162.93,27.49,49.35,6.08,74.39,143.24,184.22,16.97
2021-09-14 11:30:00,5,1869.2,15.87,53.47,12.34,74.39,126.04,163.76,16.47
2021-09-14 12:30:00,5,1375.2,9.84,51.41,29.33,85.83,87.81,113.65,12.92
2021-09-14 13:30:00,5,1134.87,7.04,48.67,55.08,88.69,69.9,89.46,11.27
2021-09-14 14:30:00,5,988.01,4.97,42.84,87.98,85.83,63.61,79.67,10.51
2021-09-14 15:30:00,5,1028.06,4.14,40.78,103,73.43,65.78,82.07,12.03
2021-09-14 16:30:00,5,1308.44,4.08,48.67,92.98,63.9,76.7,98.82,15.83
2021-09-14 17:30:00,5,1588.82,3.35,63.75,67.95,63.9,84.71,111.72,18.24
2021-09-14 18:30:00,5,3524.78,36.21,97.33,5.14,64.85,160.46,217.27,27.87
2021-09-14 19:30:00,5,6301.88,109.97,80.88,0,77.25,306.9,414.94,36.99
2021-09-14 20:30:00,5,8651.73,169.87,65.8,0,93.46,470.12,628.44,44.58
2021-09-14 21:30:00,5,10574.34,214.58,56.21,0,103.95,615.85,817.02,50.66
2021-09-14 22:30:00,5,11215.21,228.88,47.3,0,94.41,677.83,908.8,41.54
2021-09-14 23:30:00,5,9719.85,200.27,41.81,0,68.67,588.66,804.72,24.57
2021-09-15 00:30:00,5,5874.63,103.71,50.72,0,43.39,342.72,465.65,12.29
2021-09-15 01:30:00,5,3471.37,38.45,56.21,0.01,31.95,205.75,270.95,8.61
2021-09-15 02:30:00,5,1789.09,3.91,47.3,10.37,26.7,120.67,149.07,7.73
2021-09-15 03:30:00,5,867.84,0,25.71,43.99,35.29,61.95,72.32,7.73
2021-09-15 04:30:00,4,734.33,0.03,27.08,26.11,37.67,42.1,50.83,8.49
2021-09-15 05:30:00,4,754.36,0.4,29.82,12.16,36.72,35.85,45.51,10.01
2021-09-15 06:30:00,4,881.2,3.47,31.87,3.35,39.1,36.05,48.51,13.05
2021-09-15 07:30:00,4,1174.93,16.54,31.19,4.02,49.11,44.28,63.14,17.73
2021-09-15 08:30:00,5,1388.55,29.06,34.62,12.7,65.8,51.12,74.41,20.01
2021-09-15 09:30:00,4,1081.47,25.03,38.73,28.61,90.6,43.83,62.23,16.47
2021-09-15 10:30:00,4,894.55,18.55,42.5,53.64,105.86,48.32,64.61,15.07
2021-09-15 11:30:00,5,767.71,11.62,42.5,95.84,111.58,61.66,76.21,12.79
2021-09-15 12:30:00,5,667.57,6.54,33.59,134.47,94.41,66.2,77.5,9.12
2021-09-15 13:30:00,5,660.9,4.64,28.79,154.5,81.06,66.24,76.37,7.47
2021-09-15 14:30:00,5,660.9,3.69,26.05,158.79,71.53,66.03,76.74,7.35
2021-09-15 15:30:00,5,854.49,4.02,32.56,148.77,70.57,76.4,90.49,10.51
2021-09-15 16:30:00,5,1121.52,4.36,45.24,131.61,75.34,91.74,110.36,13.81
2021-09-15 17:30:00,5,1361.85,3.19,61.69,94.41,77.25,100.06,122.18,16.21
2021-09-15 18:30:00,5,2403.26,4.69,100.08,21.99,71.53,137.69,176.34,24.07
2021-09-15 19:30:00,5,4058.84,36.21,100.08,0.01,71.53,222.53,294.25,31.41
2021-09-15 20:30:00,5,5393.98,65.27,89.11,0,79.16,312.18,410.9,33.44
2021-09-15 21:30:00,5,6195.07,80.47,83.63,0,83.92,381.89,495.51,31.67
2021-09-15 22:30:00,5,6515.5,85.83,74.03,0,80.11,426.04,545.25,25.59
2021-09-15 23:30:00,5,6141.66,83.15,63.75,0,64.85,415.23,530.71,16.09
2021-09-16 00:30:00,5,4859.92,58.12,58.95,0,43.39,324.19,425.7,8.36
2021-09-16 01:30:00,5,3631.59,34.87,55.52,0,34.33,242.01,332.35,6.65
2021-09-16 02:30:00,5,2696.99,20.12,50.72,0.01,31.47,184.88,257.52,6.4
2021-09-16 03:30:00,5,2082.82,11.18,46.61,0.08,30.99,153.61,209.49,6.33
2021-09-16 04:30:00,5,1789.09,6.93,42.5,0.26,31.47,141.65,185.43,6.33
2021-09-16 05:30:00,5,1668.93,6.04,40.78,0.49,33.85,138.36,176.08,6.78
2021-09-16 06:30:00,5,1522.06,2.6,47.3,4.29,44.82,123.8,152.2,8.74
2021-09-16 07:30:00,5,1815.8,10.95,54.15,3.4,59.13,124.94,154.75,13.05
2021-09-16 08:30:00,5,1949.31,20.56,56.89,14.66,73.43,123.61,154.81,15.58
2021-09-16 09:30:00,5,1508.71,13.41,54.15,48.64,81.06,110.67,135.81,13.81
2021-09-16 10:30:00,5,1268.39,8.61,45.24,92.98,81.06,113.88,138.1,12.67
2021-09-16 11:30:00,5,974.66,4.41,30.5,148.77,73.43,117.24,138.43,10.01
2021-09-16 12:30:00,5,741.01,1.84,17.65,194.55,56.27,116.3,131.09,7.22
2021-09-16 13:30:00,5,747.68,1.45,17.82,217.44,54.84,118.48,131.17,7.6
2021-09-16 14:30:00,5,794.41,1.37,21.08,220.3,56.74,118.47,131.05,8.74
2021-09-16 15:30:00,5,934.6,1.79,29.47,188.83,61.99,111.83,125.45,11.53
2021-09-16 16:30:00,5,1201.63,2.85,48.67,140.19,80.11,113.09,129.62,14.44
2021-09-16 17:30:00,5,1428.6,3.33,76.08,89.41,96.32,118.2,136.13,15.2
2021-09-16 18:30:00,5,1441.96,0.59,77.46,50.07,68.67,99.53,117.93,16.21
2021-09-16 19:30:00,5,1615.52,0.1,73.34,24.32,59.13,96.44,122.28,21.53
2021-09-16 20:30:00,5,1789.09,2.04,72.66,6.26,64.85,103.88,136.48,25.08
2021-09-16 21:30:00,5,1869.2,4.75,65.12,1.72,65.8,109.64,145.97,24.57
2021-09-16 22:30:00,5,2029.42,2.96,63.06,3.71,60.56,125.5,165.08,24.07
2021-09-16 23:30:00,5,1949.31,0.3,57.58,17.17,53.88,133.77,170.09,19.25
2021-09-17 00:30:00,5,1615.52,0,45.24,40.77,45.78,126.99,151.43,11.53
2021-09-17 01:30:00,5,1335.14,0,34.96,57.94,40.53,122.45,140.15,7.98
2021-09-17 02:30:00,5,1161.58,0,28.79,64.37,37.19,119.99,134.78,6.65
2021-09-17 03:30:00,5,1108.17,0,26.73,64.37,38.62,120.88,132.88,5.51
2021-09-17 04:30:00,5,1121.52,0,28.45,59.37,42.92,124.86,134.87,4.5
2021-09-17 05:30:00,5,1148.22,0,32.56,52.21,48.64,128.26,137.69,4.18
2021-09-17 06:30:00,5,1241.68,0,39.07,42.2,50.07,127.71,140.98,5.95
2021-09-17 07:30:00,5,1535.42,1.84,50.72,30.76,53.41,134.15,156.97,10.01
2021-09-17 08:30:00,5,1682.28,7.94,52.09,43.27,57.7,143.87,174.6,12.41
2021-09-17 09:30:00,5,1268.39,7.94,42.16,66.52,62.94,121.99,146.44,9.63
2021-09-17 10:30:00,5,1054.76,5.87,35.99,90.84,66.76,116.9,136.23,9.37
2021-09-17 11:30:00,5,881.2,4.19,30.5,111.58,65.8,109.42,123.4,8.11
2021-09-17 12:30:00,5,747.68,3.19,27.42,113.01,62.94,93.85,103.29,6.33
2021-09-17 13:30:00,5,801.09,2.52,32.56,105.86,69.62,102.27,111.26,6.59
2021-09-17 14:30:00,5,807.76,1.36,37.7,82.97,71.53,94.03,101.95,6.33
2021-09-17 15:30:00,5,894.55,0.69,45.24,55.08,73.43,86.54,96.68,8.23
2021-09-17 16:30:00,5,1014.71,0.91,52.78,33.62,73.43,83.18,96.93,10.39
2021-09-17 17:30:00,5,1081.47,1.9,59.63,13.41,71.53,71.23,87.07,11.78
2021-09-17 18:30:00,5,1134.87,4.58,58.26,3,66.76,62.16,80.79,13.68
2021-09-17 19:30:00,5,1281.74,7.82,54.15,0.71,63.9,64.44,88.43,17.23
2021-09-17 20:30:00,5,1401.9,9.95,52.09,0.29,63.9,70.92,100.03,20.01
2021-09-17 21:30:00,5,1375.2,8.72,50.04,0.4,60.56,69.73,100,19.76
2021-09-17 22:30:00,5,1201.63,5.98,47.3,0.89,57.7,58.89,85.43,16.47
2021-09-17 23:30:00,4,934.6,3.97,45.93,1.79,57.22,44.47,63.8,11.78
2021-09-18 00:30:00,4,694.28,1.27,40.44,5.81,51.98,31.41,43.4,7.47
2021-09-18 01:30:00,4,620.84,0.17,30.5,14.13,40.05,27.12,36.09,5.64
2021-09-18 02:30:00,4,634.19,0.11,26.39,16.09,34.33,26.83,34.4,4.88
2021-09-18 03:30:00,4,667.57,0.26,27.08,11.44,33.38,27.22,34.26,4.69
2021-09-18 04:30:00,4,700.95,0.78,28.1,6.17,34.81,27.59,34.69,4.81
2021-09-18 05:30:00,4,734.33,2.18,29.13,2.41,37.19,28.91,36.48,5.13
2021-09-18 06:30:00,4,814.44,5.31,29.13,0.74,40.05,31.64,40.85,6.33
2021-09-18 07:30:00,4,961.3,12.07,28.79,2.62,47.21,36.49,49.06,8.36
2021-09-18 08:30:00,4,1014.71,17.21,30.16,6.26,58.65,37.82,51.67,9.5
2021-09-18 09:30:00,4,834.47,15.65,33.59,10.55,77.25,32.19,42.32,7.22
2021-09-18 10:30:00,4,741.01,10.28,37.01,18.24,79.16,30.32,38.36,6.33
2021-09-18 11:30:00,4,674.25,5.64,38.39,30.4,77.25,29.52,36.16,5.76
2021-09-18 12:30:00,4,620.84,5.25,33.93,51.5,71.53,29.98,35.86,5.32
2021-09-18 13:30:00,4,600.82,4.92,30.85,75.1,68.67,35.07,40.66,5.07
2021-09-18 14:30:00,4,600.82,4.36,26.73,100.14,63.9,41.88,47.12,5
2021-09-18 15:30:00,5,741.01,4.53,31.19,108.72,61.99,52.97,60.24,7.28
2021-09-18 16:30:00,5,934.6,4.75,42.16,97.28,65.8,61.77,71.78,9.63
2021-09-18 17:30:00,5,1134.87,3.47,56.89,70.81,67.71,66.24,78.93,11.4
2021-09-18 18:30:00,5,1388.55,0.44,67.17,42.56,64.85,74.09,91.56,13.81
2021-09-18 19:30:00,5,1735.69,0.05,67.86,24.32,55.79,92.23,119.47,17.23
2021-09-18 20:30:00,5,2002.72,0.38,68.55,13.23,50.55,109.48,144.87,17.73
2021-09-18 21:30:00,5,1922.61,0.4,62.38,12.34,42.92,108.43,146.15,15.2
2021-09-18 22:30:00,5,1655.58,0.13,52.09,17.7,35.76,98.49,133.42,12.67
2021-09-18 23:30:00,5,1361.85,0.02,42.84,25.75,29.8,83.55,111.26,9.63
2021-09-19 00:30:00,5,1041.41,0,32.9,36.12,25.27,69.08,87.24,6.9
2021-09-19 01:30:00,5,894.55,0,26.39,41.84,24.08,66.06,79.91,6.21
2021-09-19 02:30:00,5,834.47,0,22.96,45.42,25.03,68.32,80.31,5.76
2021-09-19 03:30:00,5,827.79,0,22.62,46.49,28.13,74.35,85.64,5.51
2021-09-19 04:30:00,5,854.49,0,23.31,43.27,30.99,83.32,94.61,5.32
2021-09-19 05:30:00,5,894.55,0,25.02,37.91,32.9,95.17,107.04,5.38
2021-09-19 06:30:00,5,1014.71,0.03,30.16,28.97,35.76,109.62,123.59,6.52
2021-09-19 07:30:00,5,1255.04,2.79,38.39,20.21,41.49,123.74,142.61,9.12
2021-09-19 08:30:00,5,1401.9,10.51,40.78,31.83,51.02,130.46,151.67,10.39
2021-09-19 09:30:00,5,988.01,10.17,37.36,57.94,68.67,93.87,107.37,7.47
2021-09-19 10:30:00,5,834.47,8.61,35.3,82.97,74.39,87.88,99.03,7.09
2021-09-19 11:30:00,5,774.38,6.31,33.93,120.16,78.2,97.84,107.99,7.03
2021-09-19 12:30:00,5,654.22,4.08,26.05,141.62,65.8,86.05,93.84,5.76
2021-09-19 13:30:00,5,594.14,3.3,22.62,147.34,57.7,73.11,79.66,5
2021-09-19 14:30:00,5,587.46,3.21,23.99,145.91,58.65,68.69,74.94,5.07
2021-09-19 15:30:00,5,854.49,4.86,37.7,130.18,64.85,79.45,89.53,8.87
2021-09-19 16:30:00,5,1228.33,6.37,55.52,100.14,66.76,92.17,107.08,12.79
2021-09-19 17:30:00,5,1508.71,5.09,73.34,60.8,62.94,97.88,115.76,14.95
2021-09-19 18:30:00,5,1789.09,0.94,86.37,24.68,57.22,106.27,128.77,17.48
2021-09-19 19:30:00,5,2109.53,1.15,82.25,8.76,48.16,123.25,154.11,20.01
2021-09-19 20:30:00,5,2323.15,2.96,74.03,3.49,41.49,140.42,177.8,19.51
2021-09-19 21:30:00,5,2296.45,3.49,65.12,2.57,35.76,147.37,186.62,16.47
2021-09-19 22:30:00,5,2296.45,6.43,61.01,0.85,32.9,151.43,193.96,14.44
2021-09-19 23:30:00,5,2189.64,10.62,56.21,0.14,29.33,147.17,189.26,11.02
2021-09-20 00:30:00,5,1895.9,11.4,49.35,0.07,24.8,132.62,168.67,7.85
2021-09-20 01:30:00,5,1708.98,11.18,42.5,0.06,25.75,126.61,159.4,7.79
2021-09-20 02:30:00,5,1562.12,9.72,35.99,0.08,25.75,122.96,153.43,7.6
2021-09-20 03:30:00,5,1482.01,9.72,31.53,0.06,26.94,124.89,154.87,7.54
2021-09-20 04:30:00,5,1441.96,10.06,28.45,0.06,27.9,128.78,158.29,7.41
2021-09-20 05:30:00,5,1415.25,10.62,27.76,0.06,29.09,130.68,159.23,7.66
2021-09-20 06:30:00,5,1495.36,13.08,30.5,0.08,34.33,136.39,165.87,9.88
2021-09-20 07:30:00,5,1976.01,26.6,35.64,1.22,46.25,158.51,196.37,14.82
2021-09-20 08:30:00,5,2376.56,41.13,42.16,7.42,61.99,175.57,219.02,19.25
2021-09-20 09:30:00,5,1455.31,21.68,56.21,38.27,104.9,121.12,144.56,12.67
2021-09-20 10:30:00,5,1094.82,12.41,52.09,73.67,102.04,98.66,114.64,10.13
2021-09-20 11:30:00,5,921.25,6.15,41.81,121.59,84.88,93.9,105.57,8.49
2021-09-20 12:30:00,5,774.38,3.02,28.45,164.51,61.99,87.43,95.82,6.84
2021-09-20 13:30:00,5,727.65,2.32,23.65,181.68,52.45,81.03,88.12,6.21
2021-09-20 14:30:00,5,714.3,2.21,23.99,183.11,51.5,79.73,86.64,6.27
2021-09-20 15:30:00,5,1148.22,4.14,44.55,161.65,58.17,100.45,114.17,12.29
2021-09-20 16:30:00,5,1735.69,6.04,74.03,121.59,67.71,124.49,146.25,18.24
2021-09-20 17:30:00,5,2189.64,5.36,104.19,65.8,75.34,134.3,161.41,21.28
2021-09-20 18:30:00,5,2510.07,1.51,124.75,18.6,81.06,141.12,174.28,23.81
2021-09-20 19:30:00,5,2803.8,3.55,109.67,3.8,70.57,152.31,195.26,26.09
2021-09-20 20:30:00,5,2910.61,7.26,93.22,0.94,58.65,160.47,209.48,25.08
2021-09-20 21:30:00,5,2616.88,4.64,80.2,2.06,47.68,148.79,196.42,21.03
2021-09-20 22:30:00,5,2323.15,2.65,72.66,3.76,41.49,136.46,181.77,17.73
2021-09-20 23:30:00,5,1976.01,1.82,64.43,4.87,35.76,121.63,160.89,13.17
2021-09-21 00:30:00,5,1562.12,0.71,53.47,8.32,28.85,102.18,132.14,8.61
2021-09-21 01:30:00,5,1295.09,0.21,42.16,12.88,25.51,90.88,115.01,7.16
2021-09-21 02:30:00,5,1134.87,0.09,34.27,16.27,24.08,84.76,105.87,6.65
2021-09-21 03:30:00,5,1068.12,0.11,31.19,15.74,25.51,83.33,103.04,6.71
2021-09-21 04:30:00,5,1054.76,0.3,31.19,11.36,28.13,83.16,101.7,6.84
2021-09-21 05:30:00,5,1068.12,0.91,32.9,6.71,31.95,83.66,101.5,7.22
2021-09-21 06:30:00,5,1148.22,3.05,37.36,3.26,40.53,91.21,109.99,8.87
2021-09-21 07:30:00,5,1428.6,12.29,40.78,3.71,51.02,108.76,132.44,12.16
2021-09-21 08:30:00,5,1642.23,22.35,43.53,15.74,61.04,120.23,146.01,14.95
2021-09-21 09:30:00,5,1401.9,15.42,45.93,42.56,67.71,112.1,132.76,13.93
2021-09-21 10:30:00,5,1241.68,8.61,46.61,75.1,73.43,113.65,130.59,12.92
2021-09-21 11:30:00,5,1121.52,4.75,47.3,104.43,80.11,123.01,137.04,11.78
2021-09-21 12:30:00,5,907.9,2.77,37.01,121.59,65.8,105.92,115.73,9.25
2021-09-21 13:30:00,5,854.49,2.71,33.24,135.9,59.61,100.8,109.2,8.61
2021-09-21 14:30:00,5,881.2,2.96,35.64,143.05,62.94,104.89,113.28,8.61
2021-09-21 15:30:00,5,961.3,3.16,44.55,137.33,71.53,108.12,117.56,9.5
2021-09-21 16:30:00,5,1094.82,2.93,61.01,114.44,82.97,110.88,121.94,10.77
2021-09-21 17:30:00,5,1214.98,1.51,74.03,87.26,88.69,108.54,120.64,11.27
2021-09-21 18:30:00,5,1682.28,0.14,95.96,47.21,89.65,126.23,146.58,15.07
2021-09-21 19:30:00,5,2323.15,0.15,102.82,19.67,77.25,161.01,195.09,19
2021-09-21 20:30:00,5,2670.29,0.64,95.96,11.09,62.94,189.39,233.24,18.75
2021-09-21 21:30:00,5,2563.48,0.26,79.51,15.74,50.07,197.18,242.42,16.09
2021-09-21 22:30:00,5,2296.45,0.04,65.8,23.6,42.44,194.2,235.7,13.81
2021-09-21 23:30:00,5,1976.01,0.01,56.21,28.25,36.72,186.94,220.51,10.64
2021-09-22 00:30:00,5,1642.23,0,45.24,32.54,32.42,176.59,198.05,7.09
2021-09-22 01:30:00,5,1522.06,0,37.7,32.19,32.9,177.93,192.73,6.14
2021-09-22 02:30:00,5,1508.71,0.01,34.62,30.04,36.24,180.14,191.21,5.64
2021-09-22 03:30:00,5,1495.36,0,35.3,33.26,44.82,171.48,179.17,5.07
2021-09-22 04:30:00,5,1455.31,0,33.93,35.76,45.78,156.53,162.41,4.75
2021-09-22 05:30:00,5,1401.9,0,30.5,43.27,41.49,137.66,142.26,4.56
2021-09-22 06:30:00,5,1375.2,0,29.47,58.65,39.58,107.09,112.1,4.94
2021-09-22 07:30:00,5,1482.01,0.13,37.7,62.94,43.87,84.51,92.19,6.46
2021-09-22 08:30:00,5,1588.82,0.41,47.98,57.94,51.02,74.39,83.59,7.22
2021-09-22 09:30:00,5,1575.47,0.07,51.41,52.21,56.74,66.35,76.01,7.6
2021-09-22 10:30:00,5,1522.06,0.09,52.09,50.78,61.99,61.09,70.64,7.98
2021-09-22 11:30:00,5,1468.66,0.15,53.47,45.78,66.76,57.91,66.87,8.11
2021-09-22 12:30:00,4,1335.14,0.45,46.61,57.22,58.65,44.75,51.68,6.71
2021-09-22 13:30:00,4,1295.09,1.13,49.35,61.51,63.9,39.04,45.44,6.14
2021-09-22 14:30:00,4,1321.79,2.71,63.75,48.64,89.65,44.65,51.87,6.27
2021-09-22 15:30:00,5,1575.47,7.15,83.63,25.39,123.98,66.6,77.43,8.23
2021-09-22 16:30:00,5,1869.2,16.09,93.22,8.23,137.33,88.97,103.29,9.37
2021-09-22 17:30:00,5,2082.82,27.49,91.85,1.77,135.42,98.67,114.74,9.5
2021-09-22 18:30:00,5,2162.93,30.85,82.25,0.09,118.26,104.53,124.78,11.4
2021-09-22 19:30:00,5,2296.45,27.27,69.23,0,86.78,114.28,142.46,13.68
2021-09-22 20:30:00,5,2296.45,21.68,62.38,0.01,64.85,116.8,148.93,13.93
2021-09-22 21:30:00,5,2136.23,14.98,56.21,0.04,50.07,108.17,139.37,12.92
2021-09-22 22:30:00,5,2029.42,13.19,47.98,0.05,42.92,104.99,134.8,12.41
2021-09-22 23:30:00,5,1869.2,12.74,43.18,0.04,38.62,101.68,128.92,10.64
2021-09-23 00:30:00,5,1628.88,9.28,40.1,0.12,34.33,93.85,115.04,8.23
2021-09-23 01:30:00,5,1441.96,4.92,37.36,0.67,32.42,92.17,108.47,7.35
2021-09-23 02:30:00,5,1281.74,1.96,34.27,2.71,31.95,96.22,109.96,6.52
2021-09-23 03:30:00,5,1174.93,0.96,32.9,5.1,34.33,104.97,116.85,5.7
2021-09-23 04:30:00,5,1094.82,0.88,32.9,5.63,37.19,112.02,122.5,5.19
2021-09-23 05:30:00,5,1068.12,1.47,34.27,4.16,39.58,115.5,125.28,5
2021-09-23 06:30:00,5,1148.22,4.81,36.67,1.4,44.35,118.47,129.65,5.89
2021-09-23 07:30:00,5,1401.9,14.75,38.73,0.92,53.88,120.93,137.7,8.23
2021-09-23 08:30:00,5,1535.42,24.59,40.44,5.45,65.8,113.82,132.91,9.5
2021-09-23 09:30:00,5,1268.39,16.99,46.61,20.39,79.16,91.19,105.75,7.41
2021-09-23 10:30:00,5,1121.52,11.18,51.41,41.49,86.78,85.74,97.97,7.16
2021-09-23 11:30:00,5,1054.76,8.05,54.15,63.66,94.41,89.15,100.1,7.09
2021-09-23 12:30:00,5,947.95,4.64,49.35,87.98,84.88,82.94,91.56,6.4
2021-09-23 13:30:00,5,921.25,3.16,52.78,94.41,88.69,79.22,87.14,6.27
2021-09-23 14:30:00,5,961.3,2.43,67.17,82.97,110.63,80.22,88.73,6.4
2021-09-23 15:30:00,5,1228.33,4.08,95.96,53.64,150.68,95.77,107.53,8.61
2021-09-23 16:30:00,5,1562.12,9.28,119.27,27.18,175.48,116.42,132.03,10.26
2021-09-23 17:30:00,5,1762.39,13.19,123.38,9.3,171.66,124.81,142.51,10.26
2021-09-23 18:30:00,5,1949.31,14.53,108.3,0.71,137.33,129.37,152.66,12.67
2021-09-23 19:30:00,5,2323.15,17.88,89.11,0.05,96.32,148.92,185.72,16.72
2021-09-23 20:30:00,5,2696.99,20.56,79.51,0.02,76.29,172.03,221.86,18.75
2021-09-23 21:30:00,5,2830.51,20.12,72.66,0.02,63.9,179.81,238.03,18.24
2021-09-23 22:30:00,5,2696.99,17.88,64.43,0.02,55.31,172.71,233.26,16.72
2021-09-23 23:30:00,5,2429.96,15.42,57.58,0.04,48.16,155.13,209.62,13.3
2021-09-24 00:30:00,5,2002.72,11.51,52.09,0.08,41.01,130.39,173.7,8.99
2021-09-24 01:30:00,5,1708.98,7.82,45.24,0.21,37.67,113.87,149.27,7.54
2021-09-24 02:30:00,5,1468.66,5.36,39.07,0.49,35.29,101.78,131.6,6.97
2021-09-24 03:30:00,5,1348.5,4.36,35.3,0.72,35.29,95.38,121.7,6.84
2021-09-24 04:30:00,5,1295.09,4.47,33.59,0.73,36.24,91.22,115.92,6.84
2021-09-24 05:30:00,5,1295.09,6.15,32.9,0.45,37.19,88.55,112.31,7.16
2021-09-24 06:30:00,5,1455.31,11.51,33.24,0.16,40.53,92.95,118.58,9.12
2021-09-24 07:30:00,5,1949.31,26.38,37.01,1.57,53.88,112.43,145.04,13.43
2021-09-24 08:30:00,5,2189.64,36.21,47.3,8.76,76.29,123.58,158.51,15.71
2021-09-24 09:30:00,5,1695.63,25.71,59.63,27.54,111.58,104.11,130.67,13.05
2021-09-24 10:30:00,5,1468.66,19.67,65.12,53.64,131.61,100.81,124.81,12.54
2021-09-24 11:30:00,5,1295.09,14.75,67.17,87.26,148.77,102.91,123.64,11.53
2021-09-24 12:30:00,5,881.2,9.84,54.15,101.57,129.7,72.77,84.54,6.4
2021-09-24 13:30:00,5,794.41,7.49,52.09,101.57,118.26,63.31,72.39,5.57
2021-09-24 14:30:00,5,794.41,6.2,54.84,88.69,116.35,57.71,66.33,6.14
2021-09-24 15:30:00,5,921.25,6.48,63.06,70.1,118.26,59.25,69.15,8.36
2021-09-24 16:30:00,5,1188.28,8.61,79.51,50.07,131.61,71,83.92,10.89
2021-09-24 17:30:00,5,1468.66,8.38,100.08,25.75,139.24,82.52,98.58,12.41
2021-09-24 18:30:00,5,2136.23,16.54,112.41,2.17,129.7,110.5,137.74,17.48
2021-09-24 19:30:00,5,3257.75,40.68,102.82,0,107.77,167.28,218.5,25.33
2021-09-24 20:30:00,5,4165.65,56.33,94.59,0,93.46,226.69,302.13,28.37
2021-09-24 21:30:00,5,4325.87,54.99,86.37,0,77.25,242.59,329.2,25.59
2021-09-24 22:30:00,5,3791.81,41.57,73.34,0,61.04,214.29,297.18,20.77
2021-09-24 23:30:00,5,2857.21,26.38,59.63,0.01,48.64,161.17,225.43,14.19
2021-09-25 00:30:00,5,1922.61,11.96,49.35,0.11,40.05,106.58,148.02,8.61
2021-09-25 01:30:00,5,1441.96,4.69,40.1,0.78,33.38,81.68,110.79,6.33
2021-09-25 02:30:00,5,1188.28,2.01,32.9,2.28,29.56,67.5,89.85,5.57
2021-09-25 03:30:00,5,1068.12,1.36,29.82,3.31,29.33,59.95,78.58,5.19
2021-09-25 04:30:00,5,1028.06,1.79,29.47,2.55,31.95,57.01,73.78,5.19
2021-09-25 05:30:00,5,1054.76,3.8,30.5,0.97,39.1,57.79,72.93,5.7
2021-09-25 06:30:00,5,1174.93,9.39,31.87,0.18,48.16,64.39,81.62,7.6
2021-09-25 07:30:00,5,1495.36,21.46,32.9,1.77,61.04,80.16,104.61,11.02
2021-09-25 08:30:00,5,1708.98,32.19,38.04,8.58,80.11,93.16,122.26,12.79
2021-09-25 09:30:00,5,1255.04,26.15,47.3,23.96,115.4,75.47,95.96,8.11
2021-09-25 10:30:00,5,1081.47,21.46,53.47,41.49,133.51,77.65,96.28,6.59
2021-09-25 11:30:00,5,1001.36,13.3,54.84,75.82,137.33,90.86,109.03,5.83
2021-09-25 12:30:00,5,854.49,6.04,42.84,123.02,112.53,93.39,107.36,4.31
2021-09-25 13:30:00,5,781.06,3.27,34.96,154.5,94.41,95.08,105.91,3.8
2021-09-25 14:30:00,5,747.68,2.35,33.93,161.65,89.65,92.84,102.15,3.83
2021-09-25 15:30:00,5,807.76,2.29,37.36,150.2,87.74,92.29,102.18,5.26
2021-09-25 16:30:00,5,961.3,2.32,47.3,133.04,90.6,99.86,111.97,7.22
2021-09-25 17:30:00,5,1108.17,1.26,58.95,105.86,91.55,105.03,119.58,8.61
2021-09-25 18:30:00,5,1468.66,0.07,71.97,67.23,85.83,118.39,139.35,11.78
2021-09-25 19:30:00,5,2002.72,0.01,81.57,34.69,74.39,144.9,176.56,15.07
2021-09-25 20:30:00,5,2349.85,0.15,87.05,17.7,62.94,166.2,205.78,14.82
2021-09-25 21:30:00,5,2269.75,0.18,78.14,16.09,47.21,160.46,200.97,12.79
2021-09-25 22:30:00,5,2216.34,0.22,67.17,15.38,39.58,157.22,199.13,12.67
2021-09-25 23:30:00,5,2189.64,0.31,61.01,13.23,36.72,156.92,197.9,11.02
2021-09-26 00:30:00,5,1922.61,0.19,50.72,14.13,31.47,143.95,177.95,7.79
2021-09-26 01:30:00,5,1535.42,0.05,37.36,18.6,28.13,120.14,145.05,6.14
2021-09-26 02:30:00,5,1161.58,0.04,28.45,19.67,28.13,87.97,103.34,5.38
2021-09-26 03:30:00,5,907.9,0.15,29.47,14.48,41.01,58.51,66.19,4.69
2021-09-26 04:30:00,5,894.55,0.65,32.22,7.33,46.73,52.48,58.71,4.56
2021-09-26 05:30:00,5,947.95,2.82,33.24,1.88,50.07,53.5,59.85,5.07
2021-09-26 06:30:00,5,1054.76,8.27,32.22,0.19,54.36,56.98,65.72,6.52
2021-09-26 07:30:00,5,1241.68,16.32,32.9,0.6,63.9,62.95,76.33,8.61
2021-09-26 08:30:00,5,1375.2,24.14,35.3,4.25,78.2,67.25,83.55,9.63
2021-09-26 09:30:00,5,1241.68,24.14,43.18,13.77,108.72,60.96,73.65,6.9
2021-09-26 10:30:00,5,1108.17,16.99,46.61,33.98,114.44,58.26,68.5,5.57
2021-09-26 11:30:00,5,1014.71,9.5,43.18,72.96,103,63.49,71.88,5.13
2021-09-26 12:30:00,5,934.6,5.25,36.67,120.16,90.6,76.4,83.45,4.69
2021-09-26 13:30:00,5,907.9,3.63,33.93,145.91,83.92,84.78,91.13,4.43
2021-09-26 14:30:00,5,881.2,3.13,33.93,145.91,81.06,79.83,85.83,4.69
2021-09-26 15:30:00,5,988.01,3.58,40.44,125.89,82.02,76.43,83.82,6.65
2021-09-26 16:30:00,5,1174.93,4.08,52.78,98.71,82.97,76.49,86.16,8.49
2021-09-26 17:30:00,5,1348.5,2.71,67.17,65.8,83.92,74.2,85.96,9.5
2021-09-26 18:30:00,5,1535.42,0.2,73.34,39.34,76.29,75.49,91.33,11.15
2021-09-26 19:30:00,5,1815.8,0.03,69.23,26.11,59.61,88.72,113.4,13.55
2021-09-26 20:30:00,5,2029.42,0.17,66.49,17.17,49.59,104.1,137.17,13.81
2021-09-26 21:30:00,5,2002.72,0.18,58.26,16.09,40.53,106.12,141.98,12.29
2021-09-26 22:30:00,5,1815.8,0.12,49.35,17.7,34.81,100.28,134.74,11.15
2021-09-26 23:30:00,5,1562.12,0.07,42.16,20.21,31.47,89.02,117.66,8.99
2021-09-27 00:30:00,5,1281.74,0.03,35.3,23.25,28.61,77.16,98.36,6.84
2021-09-27 01:30:00,5,1188.28,0.05,32.9,20.92,30.28,77.07,95.24,6.84
2021-09-27 02:30:00,5,1134.87,0.07,30.16,18.6,30.52,79.08,95.39,6.71
2021-09-27 03:30:00,5,1134.87,0.18,30.16,14.13,31.47,83.19,97.98,6.59
2021-09-27 04:30:00,5,1201.63,0.64,31.87,7.96,32.9,89.36,104.73,6.78
2021-09-27 05:30:00,5,1295.09,2.79,33.93,2.46,34.81,95.74,113.21,7.41
2021-09-27 06:30:00,5,1562.12,11.18,34.27,0.21,40.53,106.08,130.07,10.01
2021-09-27 07:30:00,5,2162.93,31.74,36.67,1.27,57.22,130.58,168.3,15.45
2021-09-27 08:30:00,5,2563.48,48.28,48.67,7.69,89.65,148.04,192.29,19.51
2021-09-27 09:30:00,5,1949.31,38.45,70.6,24.32,150.68,124.29,155.49,15.83
2021-09-27 10:30:00,5,1762.39,34.87,87.05,45.78,194.55,128.25,157.6,13.81
2021-09-27 11:30:00,5,1562.12,29.5,98.71,75.1,234.6,139.65,167.83,11.15
2021-09-27 12:30:00,5,1281.74,19.22,90.48,110.15,221.25,135.04,158.56,8.23
2021-09-27 13:30:00,5,1108.17,11.51,77.46,134.47,196.46,127.2,146.76,6.78
2021-09-27 14:30:00,5,1001.36,7.26,68.55,147.34,177.38,118.19,135.42,6.59
2021-09-27 15:30:00,5,1428.6,7.04,75.4,128.75,144.96,127.4,151.61,14.31
2021-09-27 16:30:00,5,2296.45,8.27,97.33,95.84,113.49,157.3,195.49,24.07
2021-09-27 17:30:00,5,3097.53,7.6,127.49,46.49,93.46,179.04,228.41,30.4
2021-09-27 18:30:00,5,4806.52,46.49,138.46,1.31,84.88,239.13,315.5,40.03
2021-09-27 19:30:00,5,7049.56,116.23,115.16,0,90.6,353.08,471.36,46.61
2021-09-27 20:30:00,5,8758.55,159.14,104.19,0,95.37,460.99,617.46,46.1
2021-09-27 21:30:00,5,8758.55,157.36,97.33,0,84.88,473.89,645.25,38.51
2021-09-27 22:30:00,5,7690.43,132.32,82.94,0,69.62,429.35,591.4,26.85
2021-09-27 23:30:00,5,5874.63,95.67,67.17,0,51.02,332.63,457.43,15.45
2021-09-28 00:30:00,5,2590.18,16.09,67.17,0.18,35.76,157.79,213.67,9.5
2021-09-28 01:30:00,5,1815.8,2.15,56.21,4.43,32.9,125.5,165.09,7.54
2021-09-28 02:30:00,5,1482.01,0.11,40.44,16.45,31.47,114.23,145.9,7.03
2021-09-28 03:30:00,5,1361.85,0.04,33.59,20.56,31.95,109.8,138.21,7.03
2021-09-28 04:30:00,5,1348.5,0.14,33.59,15.56,32.9,107.27,134.51,7.16
2021-09-28 05:30:00,5,1388.55,1.13,36.67,6.62,34.81,106.24,133.48,7.6
2021-09-28 06:30:00,5,1602.17,8.38,37.36,0.66,39.1,111.41,142.61,9.88
2021-09-28 07:30:00,5,2162.93,29.06,37.7,1.61,51.98,130.36,172.27,15.07
2021-09-28 08:30:00,5,2563.48,44.7,46.61,9.48,72.48,141.27,188.3,18.75
2021-09-28 09:30:00,5,1655.58,26.82,58.26,35.76,115.4,102.24,131.11,13.93
2021-09-28 10:30:00,5,1268.39,14.31,55.52,79.39,112.53,91.27,113.62,12.29
2021-09-28 11:30:00,5,988.01,6.76,44.55,138.76,100.14,91.33,107.39,10.39
2021-09-28 12:30:00,5,761.03,3.49,31.19,164.51,79.16,78.32,87.63,6.9
2021-09-28 13:30:00,5,727.65,3.19,33.59,155.93,81.06,70.45,77.67,5.95
2021-09-28 14:30:00,5,734.33,3.33,41.81,135.9,93.46,66.9,73.82,6.02
2021-09-28 15:30:00,5,907.9,4.08,55.52,114.44,107.77,73.69,83,8.87
2021-09-28 16:30:00,5,1148.22,4.53,67.17,95.84,111.58,83.85,96.54,11.53
2021-09-28 17:30:00,5,1348.5,2.77,77.46,70.81,102.04,87.06,102.43,12.92
2021-09-28 18:30:00,5,1535.42,0.17,78.14,44.7,84.88,89.39,109.41,14.95
2021-09-28 19:30:00,5,1762.39,0.03,72.66,27.9,67.71,98.81,127.22,17.73
2021-09-28 20:30:00,5,1949.31,0.37,71.29,14.31,60.56,108.28,144.6,18.24
2021-09-28 21:30:00,5,1842.5,0.94,63.06,8.4,51.02,101.02,139.2,15.96
2021-09-28 22:30:00,5,1588.82,1.09,52.09,7.33,42.44,83.77,117.76,13.43
2021-09-28 23:30:00,5,1295.09,0.85,44.55,8.14,36.24,65.32,91.17,9.88
2021-09-29 00:30:00,5,1001.36,0.33,36.33,11.98,31.47,50.86,67.15,6.97
2021-09-29 01:30:00,4,894.55,0.18,31.53,14.13,30.04,48.5,61.07,6.21
2021-09-29 02:30:00,4,854.49,0.16,28.79,14.66,30.04,49.94,61.7,5.89
2021-09-29 03:30:00,5,854.49,0.23,29.47,12.7,33.38,54.46,66.45,5.76
2021-09-29 04:30:00,5,867.84,0.4,31.19,10.19,37.67,59.26,71.6,5.64
2021-09-29 05:30:00,5,907.9,0.82,33.59,7.42,41.01,63.84,76.64,5.83
2021-09-29 06:30:00,5,921.25,1.23,38.73,7.06,52.45,68.07,80.87,6.27
2021-09-29 07:30:00,5,1081.47,6.71,41.81,5.81,60.56,70.88,87.18,8.61
2021-09-29 08:30:00,5,1214.98,14.75,41.47,16.27,68.67,71.98,90.14,10.13
2021-09-29 09:30:00,5,1108.17,13.64,43.18,40.05,79.16,69.12,84.25,8.61
2021-09-29 10:30:00,5,1014.71,10.39,45.24,73.67,90.6,74.13,87.4,8.36
2021-09-29 11:30:00,5,947.95,7.38,44.55,124.45,100.14,85.7,97.8,8.11
2021-09-29 12:30:00,5,827.79,4.25,34.27,168.8,87.74,86.05,95.48,6.46
2021-09-29 13:30:00,5,754.36,3.24,29.82,180.24,77.25,79.52,87.44,5.83
2021-09-29 14:30:00,5,720.98,3.16,30.5,168.8,73.43,69.94,77.28,5.95
2021-09-29 15:30:00,5,881.2,4.36,43.87,150.2,86.78,73.58,83.48,8.87
2021-09-29 16:30:00,5,1121.52,4.64,59.63,128.75,92.51,84.43,98.4,12.41
2021-09-29 17:30:00,5,1321.79,2.35,73.34,100.14,84.88,91.76,108.52,14.82
2021-09-29 18:30:00,5,1535.42,0.09,78.14,72.96,74.39,101.5,122.69,17.23
2021-09-29 19:30:00,5,1762.39,0,73.34,56.51,62.94,115.12,143.99,19.51
2021-09-29 20:30:00,5,1922.61,0,70.6,45.42,56.74,126.1,161.02,19.51
2021-09-29 21:30:00,5,1869.2,0,63.06,42.92,49.59,125.97,161.82,16.72
2021-09-29 22:30:00,5,1708.98,0,55.52,43.99,44.35,122.25,155.31,14.19
2021-09-29 23:30:00,5,1508.71,0,49.35,47.21,40.05,115.19,142.2,10.64
2021-09-30 00:30:00,5,1255.04,0,40.44,53.64,35.29,108.47,128.03,7.35
2021-09-30 01:30:00,5,1148.22,0,33.24,56.51,32.9,112.13,128.9,6.52
2021-09-30 02:30:00,5,1094.82,0,29.13,55.08,31.47,118.41,134.71,6.21
2021-09-30 03:30:00,5,1108.17,0,28.45,47.21,31.95,125.26,142.26,6.21
2021-09-30 04:30:00,5,1148.22,0,30.16,35.41,33.38,131.93,150.32,6.08
2021-09-30 05:30:00,5,1228.33,0.06,34.62,22.17,34.81,138.5,157.59,6.65
2021-09-30 06:30:00,5,1468.66,2.54,43.18,6.71,40.53,147.21,170.73,9.25
2021-09-30 07:30:00,5,2056.12,19.89,48.67,1.92,54.84,167.57,203.43,14.44
2021-09-30 08:30:00,5,2483.37,39.79,55.52,10.19,78.2,184.65,227.49,17.48
2021-09-30 09:30:00,5,2002.72,29.95,69.23,33.98,121.12,176.66,209.72,13.05
2021-09-30 10:30:00,5,1789.09,19,78.83,72.96,137.33,178.01,206.65,11.53
2021-09-30 11:30:00,5,1548.77,10.51,76.77,127.32,144.96,185.21,208.03,9.37
2021-09-30 12:30:00,5,1134.87,4.64,52.09,175.95,112.53,150.69,164.43,6.65
2021-09-30 13:30:00,5,974.66,3.24,42.16,188.83,90.6,127.65,138.01,5.76
2021-09-30 14:30:00,5,947.95,3.1,45.24,185.97,91.55,121.19,130.85,5.76
2021-09-30 15:30:00,5,1001.36,3.24,56.89,173.09,103.95,120.82,131.18,6.4
2021-09-30 16:30:00,5,1148.22,3.1,80.2,153.07,127.79,129.98,142.32,7.6
2021-09-30 17:30:00,5,1321.79,1.43,109.67,117.3,150.68,139.67,154.11,8.87
2021-09-30 18:30:00,5,2296.45,0.76,174.11,36.48,169.75,187.01,217.27,18.24
2021-09-30 19:30:00,5,3791.81,23.92,202.89,0.12,165.94,269.85,327.13,30.4
2021-09-30 20:30:00,5,5020.14,50.07,191.93,0,148.77,347.52,428.54,35.97
2021-09-30 21:30:00,5,6088.26,72.42,163.14,0,120.16,408.69,512.07,35.97
2021-09-30 22:30:00,5,6942.75,93.88,127.49,0,92.51,451.81,570.09,30.4
2021-09-30 23:30:00,5,6942.75,102.82,97.33,0,65.8,438.64,550.4,20.01
2021-10-01 00:30:00,5,6088.26,94.77,71.29,0,41.96,384.97,475.31,12.16
2021-10-01 01:30:00,5,5500.79,84.94,53.47,0,34.81,357.58,436.74,12.03
2021-10-01 02:30:00,5,5073.55,75.1,42.5,0,36.72,346,418.65,14.95
2021-10-01 03:30:00,5,4966.74,76,36.33,0,42.92,356.62,429.27,18.49
2021-10-01 04:30:00,5,5126.95,83.15,32.56,0,46.25,381.56,456.99,18.49
2021-10-01 05:30:00,5,5233.76,90.3,33.93,0,50.55,405.83,481.27,18.24
2021-10-01 06:30:00,5,4432.68,65.27,58.95,0,64.85,354.79,414.4,18.75
2021-10-01 07:30:00,5,5126.95,83.15,72.66,0.51,82.02,388.81,459.59,24.07
2021-10-01 08:30:00,5,6088.26,110.87,89.11,3.89,97.28,436.01,519.83,27.11
2021-10-01 09:30:00,5,2883.91,33.98,112.41,40.77,162.13,282.08,318.41,12.92
2021-10-01 10:30:00,5,2349.85,15.65,100.08,103,143.05,258.67,290.33,10.26
2021-10-01 11:30:00,5,2216.34,6.48,74.71,203.13,125.89,269.87,301.07,9.63
2021-10-01 12:30:00,5,1682.28,2.07,38.73,294.69,81.06,232.55,255.83,8.36
2021-10-01 13:30:00,5,1335.14,1.27,27.42,308.99,59.61,192.91,210.6,8.23
2021-10-01 14:30:00,5,1308.44,1.17,30.16,311.85,62.94,188.33,205.09,8.61
2021-10-01 15:30:00,5,2189.64,2.96,73.34,237.47,71.53,230.28,260.55,17.99
2021-10-01 16:30:00,5,3524.78,5.81,138.46,133.04,79.16,290.19,339.55,28.12
2021-10-01 17:30:00,5,5020.14,13.64,208.38,32.19,87.74,346.83,413.88,36.48
2021-10-01 18:30:00,5,6835.94,58.12,233.05,0.39,103.95,440.56,533.69,46.61
2021-10-01 19:30:00,5,8224.49,95.67,224.83,0,108.72,529.81,649.02,47.62
2021-10-01 20:30:00,5,7904.05,92.09,191.93,0,89.65,502.44,625.37,36.99
2021-10-01 21:30:00,5,6034.85,65.27,139.83,0,64.85,381.8,481.45,27.11
2021-10-01 22:30:00,5,4646.3,50.07,101.45,0,51.02,288.35,371.24,22.29
2021-10-01 23:30:00,5,3578.19,38.89,82.94,0,39.1,220.57,285.76,15.96
2021-10-02 00:30:00,5,2429.96,12.85,74.71,0.18,27.18,153.82,192.01,10.01
2021-10-02 01:30:00,5,2109.53,7.38,63.75,0.31,24.08,142.36,174.49,7.66
2021-10-02 02:30:00,5,2376.56,11.06,61.01,0.06,27.66,164.94,200.8,7.66
2021-10-02 03:30:00,5,3204.35,19.89,65.8,0,32.9,222.45,267.62,8.36
2021-10-02 04:30:00,5,3791.81,25.71,68.55,0,36.72,267.4,319.55,8.87
2021-10-02 05:30:00,5,3845.22,27.49,69.23,0,43.39,280.44,332.12,10.13
2021-10-02 06:30:00,5,3845.22,27.94,78.83,0,61.99,288.57,335.61,12.79
2021-10-02 07:30:00,5,4219.06,40.68,82.94,1.26,80.11,320.73,373.36,17.48
2021-10-02 08:30:00,5,4058.84,41.57,82.25,12.88,87.74,318.26,370.43,19.51
2021-10-02 09:30:00,5,2536.77,13.19,65.8,72.24,75.34,213.5,245.8,15.71
2021-10-02 10:30:00,5,1869.2,5.7,45.24,145.91,65.8,166.34,192.08,14.95
2021-10-02 11:30:00,5,1441.96,2.4,26.73,211.72,57.7,136.44,156.78,14.57
2021-10-02 12:30:00,5,867.84,1.19,13.2,200.27,32.42,79.56,90.66,9.37
2021-10-02 13:30:00,5,707.63,1.12,11.31,178.81,24.32,54.22,61.97,7.6
2021-10-02 14:30:00,4,674.25,1.2,12.51,168.8,23.84,46.05,53.21,7.41
2021-10-02 15:30:00,5,894.55,2.35,23.99,144.48,28.37,50.57,61.55,10.39
2021-10-02 16:30:00,5,1214.98,3.38,41.47,111.58,32.9,59.49,76.08,13.81
2021-10-02 17:30:00,5,1508.71,2.29,61.69,67.95,35.76,65.45,86.26,16.72
2021-10-02 18:30:00,5,1895.9,0.28,80.88,24.32,41.01,78.89,107.21,21.28
2021-10-02 19:30:00,5,2269.75,3.74,81.57,3.8,44.82,99.28,139.03,25.84
2021-10-02 20:30:00,5,2403.26,9.95,71.29,0.39,43.39,112.28,160.27,26.6
2021-10-02 21:30:00,5,2376.56,12.85,64.43,0.13,40.05,114.96,165.17,24.57
2021-10-02 22:30:00,5,2216.34,12.41,59.63,0.13,36.72,108.13,156.39,22.04
2021-10-02 23:30:00,5,1842.5,8.05,54.15,0.48,30.28,87.62,126.91,16.97
2021-10-03 00:30:00,5,1335.14,2.26,45.24,3.13,22.41,60.58,87.6,12.03
2021-10-03 01:30:00,4,1054.76,0.41,35.3,8.94,19.31,47.06,68.05,9.75
2021-10-03 02:30:00,4,921.25,0.1,28.79,14.84,19.07,42.14,60.95,8.49
2021-10-03 03:30:00,4,841.14,0.02,24.68,23.6,19.79,41.4,58.81,7.66
2021-10-03 04:30:00,4,781.06,0,22.28,31.47,20.5,42.85,59.1,6.78
2021-10-03 05:30:00,4,767.71,0,22.62,33.62,21.46,45.71,61.56,6.4
2021-10-03 06:30:00,5,894.55,0.04,29.47,26.82,25.27,52.92,71.04,7.47
2021-10-03 07:30:00,5,1188.28,3.24,40.44,14.48,32.42,64.52,88.75,10.89
2021-10-03 08:30:00,5,1295.09,12.63,38.73,23.25,38.15,66.38,92.53,12.92
2021-10-03 09:30:00,5,947.95,8.05,30.85,60.08,40.05,53.67,73.4,10.51
2021-10-03 10:30:00,4,807.76,4.92,23.65,94.41,37.19,49.28,68.03,10.13
2021-10-03 11:30:00,4,680.92,2.54,16.28,128.75,32.9,47.49,65.88,8.99
2021-10-03 12:30:00,4,460.63,1.26,7.97,113.01,17.41,28.54,43.28,5.45
2021-10-03 13:30:00,3,427.25,1.3,7.71,100.14,14.9,21.4,34.27,4.62
2021-10-03 14:30:00,3,433.92,1.38,9.08,100.14,16.21,20.01,32.4,5
2021-10-03 15:30:00,4,640.87,2.85,19.19,90.84,23.37,25.94,42.7,8.23
2021-10-03 16:30:00,4,934.6,4.36,34.62,74.39,29.56,35.98,59.43,12.41
2021-10-03 17:30:00,4,1214.98,3.55,53.47,45.42,32.42,43.27,72.04,16.09
2021-10-03 18:30:00,5,1869.2,8.94,78.83,5.28,39.58,66.07,106.84,23.81
2021-10-03 19:30:00,5,2723.69,34.42,73.34,0,47.68,105.67,166.09,33.95
2021-10-03 20:30:00,5,3204.35,46.05,66.49,0,50.07,135.7,211.68,39.52
2021-10-03 21:30:00,5,3311.16,48.28,61.01,0,48.16,148.12,229.52,38
2021-10-03 22:30:00,5,3231.05,49.17,55.52,0,44.35,147.76,228.17,34.45
2021-10-03 23:30:00,5,2857.21,45.6,50.04,0,36.24,127.55,197.77,26.09
2021-10-04 00:30:00,5,2136.23,34.42,43.87,0,25.99,89.92,142.98,17.99
2021-10-04 01:30:00,5,1695.63,25.03,38.04,0,24.56,69.44,112.36,16.97
2021-10-04 02:30:00,5,1375.2,17.43,33.93,0.01,24.08,57.48,95.08,16.97
2021-10-04 03:30:00,4,1108.17,10.17,31.87,0.05,23.6,46.86,80.01,18.24
2021-10-04 04:30:00,4,961.3,6.87,29.82,0.2,23.6,41.76,73.12,19.76
2021-10-04 05:30:00,4,881.2,5.25,29.13,0.62,24.32,39.05,68.7,21.53
2021-10-04 06:30:00,4,974.66,6.71,32.22,0.72,30.52,42.18,71.83,24.57
2021-10-04 07:30:00,5,1321.79,18.55,34.96,2.19,40.53,53.21,87.09,29.89
2021-10-04 08:30:00,5,1482.01,27.72,37.36,11.98,47.21,55.47,89.09,30.91
2021-10-04 09:30:00,4,1201.63,17.66,38.04,34.33,49.11,44.93,70.96,25.33
2021-10-04 10:30:00,4,1121.52,12.07,40.44,64.37,57.22,49.06,74.32,24.07
2021-10-04 11:30:00,5,1121.52,8.16,43.87,107.29,69.62,63.95,89.56,24.32
2021-10-04 12:30:00,4,707.63,3.33,22.96,127.32,41.96,42.63,62.25,13.43
2021-10-04 13:30:00,4,594.14,2.29,17.82,133.04,32.9,36.15,54.59,9.88
2021-10-04 14:30:00,4,614.17,2.24,20.22,135.9,35.29,36.43,55.56,9.88
2021-10-04 15:30:00,5,1949.31,14.31,73.34,75.1,52.45,84.96,127.89,24.07
2021-10-04 16:30:00,5,3685,46.05,113.79,23.6,64.85,147.5,217.26,35.47
2021-10-04 17:30:00,5,4966.74,108.18,112.41,3.4,71.53,186.16,273.41,43.06
2021-10-04 18:30:00,5,6835.94,194.91,100.08,0.05,90.6,264.25,380.9,58.77
2021-10-04 19:30:00,5,8651.73,250.34,90.48,0,114.44,368.8,527.83,79.04
2021-10-04 20:30:00,5,9399.41,261.07,82.94,0,131.61,434.58,629.43,96.26
2021-10-04 21:30:00,5,9826.66,261.07,78.14,0,144.96,484.58,701.97,110.45
2021-10-04 22:30:00,5,10787.96,286.1,74.03,0,154.5,575.67,819.5,116.53
2021-10-04 23:30:00,5,11749.27,311.14,71.29,0,146.87,666.12,930.81,101.33
2021-10-05 00:30:00,5,11749.27,321.87,67.17,0,116.35,695.08,948.96,68.9
2021-10-05 01:30:00,5,12176.51,343.32,66.49,0,100.14,746.79,970.89,50.66
2021-10-05 02:30:00,5,12817.38,364.78,71.97,0,97.28,815.77,998.61,47.12
2021-10-05 03:30:00,5,12603.76,346.9,82.25,0,98.23,816.86,956.69,44.08
2021-10-05 04:30:00,5,11535.65,311.14,87.05,0,94.41,754.17,868.92,37.49
2021-10-05 05:30:00,5,10253.91,271.8,84.31,0,90.6,676.01,780.34,32.93
2021-10-05 06:30:00,5,8865.36,232.46,78.14,0,95.37,586.75,691.23,32.42
2021-10-05 07:30:00,5,8544.92,232.46,77.46,0.31,113.49,570.99,698.67,38
2021-10-05 08:30:00,5,9185.79,264.65,87.74,2.33,123.98,596.22,745.92,36.48
2021-10-05 09:30:00,5,2750.4,89.41,104.19,17.17,251.77,222.03,275.22,10.26
2021-10-05 10:30:00,5,2109.53,62.59,108.3,34.69,244.14,183.2,229.35,12.29
2021-10-05 11:30:00,5,1949.31,38.89,116.53,67.95,219.35,187.96,232.15,13.3
2021-10-05 12:30:00,5,1241.68,21.91,91.85,95.84,188.83,132.96,162.46,7.28
2021-10-05 13:30:00,5,1041.41,11.18,71.97,131.61,143.05,119.19,142.79,6.4
2021-10-05 14:30:00,5,1094.82,6.87,70.6,164.51,135.42,134.64,158.44,7.22
2021-10-05 15:30:00,5,2136.23,8.38,113.79,134.47,137.33,208.77,249.24,17.23
2021-10-05 16:30:00,5,3952.03,13.3,189.19,65.09,139.24,327.46,394.05,30.65
2021-10-05 17:30:00,5,5767.82,34.87,246.76,9.12,141.14,438.9,527.99,41.54
2021-10-05 18:30:00,5,7476.81,76.89,257.73,0.12,152.59,562.94,677.32,52.18
2021-10-05 19:30:00,5,8331.3,78.68,257.73,0,156.4,655.37,789.69,55.22
2021-10-05 20:30:00,5,8010.86,48.73,249.51,0,152.59,688.81,825.81,48.64
2021-10-05 21:30:00,5,6408.69,4.02,227.57,2.41,160.22,659.28,773.85,30.91
2021-10-05 22:30:00,5,7049.56,12.85,224.83,0.02,154.5,726.12,852.91,34.96
2021-10-05 23:30:00,5,7583.62,19,230.31,0,144.96,777.36,913.57,36.99
2021-10-06 00:30:00,5,8331.3,36.21,222.09,0,110.63,834.89,984.12,30.65
2021-10-06 01:30:00,5,9399.41,62.59,205.64,0,108.72,924.09,1093.78,41.04
2021-10-06 02:30:00,5,10681.15,94.77,200.15,0,144.96,1021.85,1215.86,70.93
2021-10-06 03:30:00,5,11535.65,116.23,191.93,0,183.11,1069.67,1278.88,102.34
2021-10-06 04:30:00,5,11322.02,123.38,168.62,0,181.2,1063.62,1269.3,102.34
2021-10-06 05:30:00,5,10787.96,121.59,143.95,0,133.51,1031.14,1216.3,57.76
2021-10-06 06:30:00,5,7690.43,59.9,141.2,0,114.44,787.49,910.21,20.77
2021-10-06 07:30:00,5,7156.37,59.01,137.09,1.1,120.16,729.03,846.02,19
2021-10-06 08:30:00,5,7476.81,69.74,156.28,10.73,141.14,756.71,879.29,20.27
2021-10-06 09:30:00,5,3391.27,18.11,127.49,83.69,209.81,434.81,501.4,4.62
2021-10-06 10:30:00,5,2536.77,8.61,90.48,167.37,160.22,340.39,395.42,6.27
2021-10-06 11:30:00,5,2189.64,4.19,63.06,266.08,141.14,323.54,374.83,6.97
2021-10-06 12:30:00,5,1441.96,1.84,30.85,280.38,90.6,216.92,252.95,7.47
2021-10-06 13:30:00,5,974.66,1.44,20.05,237.47,60.56,134.68,160,6.9
2021-10-06 14:30:00,5,827.79,1.59,20.05,205.99,52.45,101.05,125.67,7.22
2021-10-06 15:30:00,5,1188.28,3.58,39.76,158.79,54.36,98.96,133.82,13.68
2021-10-06 16:30:00,5,1895.9,6.31,74.03,105.86,60.56,119.68,170.49,22.04
2021-10-06 17:30:00,5,2616.88,6.04,115.16,43.27,65.8,141.38,205,28.63
2021-10-06 18:30:00,5,3524.78,20.79,134.35,1.24,73.43,179.81,260.89,38.51
2021-10-06 19:30:00,5,4379.27,47.39,116.53,0,77.25,233.69,337.1,48.13
2021-10-06 20:30:00,5,4699.71,53.2,102.82,0,74.39,271.06,388.17,46.1
2021-10-06 21:30:00,5,4806.52,52.3,91.85,0,68.67,292.43,412.56,38.51
2021-10-06 22:30:00,5,4753.11,53.64,80.88,0,63.9,305.05,424,32.93
2021-10-06 23:30:00,5,4325.87,52.75,69.23,0,51.02,281.09,384.91,23.05
2021-10-07 00:30:00,5,3337.86,41.13,56.89,0,34.81,220.89,299.56,13.17
2021-10-07 01:30:00,5,2590.18,26.6,48.67,0,28.37,178.91,242.2,10.51
2021-10-07 02:30:00,5,2216.34,15.87,45.93,0.05,27.18,160.01,217.71,9.5
2021-10-07 03:30:00,5,2029.42,9.16,44.55,0.23,26.7,149.99,204.88,8.74
2021-10-07 04:30:00,5,1895.9,7.38,42.5,0.33,26.46,143.66,196.9,7.85
2021-10-07 05:30:00,5,1869.2,10.17,40.1,0.13,27.66,141.42,193.25,7.85
2021-10-07 06:30:00,5,2189.64,22.8,40.44,0.01,35.29,157.3,213.53,11.02
2021-10-07 07:30:00,5,3124.24,54.54,43.87,0.48,49.59,200.62,274.31,18.49
2021-10-07 08:30:00,5,3898.62,82.25,54.84,3.98,61.04,230.65,315.73,24.57
2021-10-07 09:30:00,5,2296.45,22.8,75.4,44.35,93.46,187.87,241.55,17.99
2021-10-07 10:30:00,5,1976.01,12.96,65.8,95.84,103,196.18,244.94,18.24
2021-10-07 11:30:00,5,1708.98,6.37,52.09,177.38,103.95,211.94,255.81,16.72
2021-10-07 12:30:00,5,1094.82,1.79,20.74,234.6,56.27,156.15,186.12,11.27
2021-10-07 13:30:00,5,947.95,1.19,15.25,237.47,42.44,134.88,161.24,9.37
2021-10-07 14:30:00,5,934.6,1.22,16.79,228.88,41.96,127.53,153.25,9.5
2021-10-07 15:30:00,5,1482.01,3.35,44.55,183.11,51.5,145.48,179.9,16.21
2021-10-07 16:30:00,5,2483.37,6.37,91.85,113.01,63.9,182.96,233.32,25.59
2021-10-07 17:30:00,5,3471.37,8.83,143.95,33.98,71.53,214.95,279.26,33.44
2021-10-07 18:30:00,5,4806.52,44.7,153.54,0.33,82.97,270.28,357.39,46.61
2021-10-07 19:30:00,5,6195.07,85.83,132.98,0,91.55,354.39,473.38,61.81
2021-10-07 20:30:00,5,6835.94,97.45,116.53,0,89.65,411.48,555.09,60.29
2021-10-07 21:30:00,5,7049.56,94.77,105.56,0,83.92,443.09,597.75,50.16
2021-10-07 22:30:00,5,6729.13,85.83,100.08,0,77.25,440.42,591.65,43.06
2021-10-07 23:30:00,5,5767.82,66.16,95.96,0,60.56,383.42,513.23,31.16
2021-10-08 00:30:00,5,4379.27,38,91.85,0,41.96,297.8,391.63,18.24
2021-10-08 01:30:00,5,3417.97,15.2,85,0.26,34.33,249.26,318.65,13.55
2021-10-08 02:30:00,5,2857.21,4.02,74.03,2.55,31.47,221.88,278.11,11.4
2021-10-08 03:30:00,5,2429.96,1.24,59.63,6.44,29.33,202.31,251.09,10.26
2021-10-08 04:30:00,5,2189.64,1.02,51.41,7.51,27.18,190.42,234.54,9.63
2021-10-08 05:30:00,5,2056.12,1.51,48.67,6.26,25.99,181.5,221.55,9.25
2021-10-08 06:30:00,5,2216.34,5.42,54.15,3.13,30.04,184.07,226.92,11.91
2021-10-08 07:30:00,5,2910.61,28.16,60.32,1.3,40.53,205.84,264.06,18.75
2021-10-08 08:30:00,5,3471.37,51.41,69.92,9.03,47.68,212.71,281.29,23.56
2021-10-08 09:30:00,5,1842.5,11.4,61.01,75.1,54.36,135.68,180.63,17.23
2021-10-08 10:30:00,5,1588.82,8.16,52.09,123.02,62.94,130.6,174.15,17.99
2021-10-08 11:30:00,5,1495.36,5.42,47.3,188.83,72.48,148.3,191.85,18.24
2021-10-08 12:30:00,5,921.25,2.12,20.91,203.13,42.44,105.18,140.09,11.4
2021-10-08 13:30:00,5,767.71,1.52,15.42,200.27,33.38,90.93,121.05,9.12
2021-10-08 14:30:00,5,754.36,1.51,16.45,194.55,33.38,85.07,113.79,9.12
2021-10-08 15:30:00,5,1268.39,4.02,42.5,155.93,44.35,101.52,138.29,15.45
2021-10-08 16:30:00,5,2216.34,7.82,87.05,98.71,58.65,136.76,188.68,24.32
2021-10-08 17:30:00,5,3150.94,11.29,134.35,28.61,67.71,167.34,233,31.92
2021-10-08 18:30:00,5,4539.49,53.2,138.46,0.23,80.11,226.24,316.14,46.1
2021-10-08 19:30:00,5,6248.47,101.92,123.38,0,91.55,322.31,450.17,63.84
2021-10-08 20:30:00,5,7263.18,118.02,116.53,0,93.46,402.99,562.08,69.92
2021-10-08 21:30:00,5,7904.05,121.59,111.04,0,93.46,469.73,646.76,63.33
2021-10-08 22:30:00,5,8758.55,141.26,106.93,0,97.28,540.4,735.85,62.82
2021-10-08 23:30:00,5,9185.79,164.51,104.19,0,93.46,567.97,766.92,57.25
2021-10-09 00:30:00,5,8651.73,173.45,98.71,0,72.48,539.29,715.42,40.03
2021-10-09 01:30:00,5,7690.43,159.14,89.11,0,42.92,482.46,618.07,20.52
2021-10-09 02:30:00,5,6515.5,134.11,78.14,0,27.66,414.14,512.71,11.65
2021-10-09 03:30:00,5,5287.17,103.71,68.55,0,21.7,333.67,407.31,8.36
2021-10-09 04:30:00,5,4112.24,70.63,59.63,0,20.27,257.43,316.85,7.85
2021-10-09 05:30:00,5,3070.83,39.34,53.47,0,20.74,195.06,246.34,8.74
2021-10-09 06:30:00,5,2349.85,17.66,53.47,0.05,26.23,154,203.69,13.05
2021-10-09 07:30:00,5,2563.48,27.94,52.78,1.29,34.81,157.06,218.45,21.28
2021-10-09 08:30:00,5,2777.1,40.23,56.21,9.92,39.58,156.55,226.89,26.35
2021-10-09 09:30:00,5,1895.9,14.98,57.58,56.51,43.39,120.11,179.69,21.03
2021-10-09 10:30:00,5,1762.39,10.51,55.52,101.57,52.45,122.8,182.53,22.29
2021-10-09 11:30:00,5,1762.39,6.37,51.41,177.38,62.94,153.87,213.76,24.07
2021-10-09 12:30:00,5,781.06,1.82,16.62,185.97,34.33,89.99,138.06,10.51
2021-10-09 13:30:00,5,580.79,1.24,11.31,173.09,25.03,74.61,121.53,7.54
2021-10-09 14:30:00,5,560.76,1.23,11.65,165.94,24.8,71.24,121.84,7.41
2021-10-09 15:30:00,5,1134.87,4.3,37.7,130.18,34.81,90.85,151.66,13.81
2021-10-09 16:30:00,5,2136.23,9.39,80.88,75.82,47.21,128.36,204.56,22.29
2021-10-09 17:30:00,5,3150.94,18.77,122.01,17.7,55.31,162.37,253.51,29.39
2021-10-09 18:30:00,5,4272.46,52.75,122.01,0.13,64.85,208.11,317.83,40.03
2021-10-09 19:30:00,5,5233.76,81.36,105.56,0,72.48,266.11,399.44,51.68
2021-10-09 20:30:00,5,5714.42,87.62,95.96,0,72.48,311.47,462.86,57.25
2021-10-09 21:30:00,5,5874.63,84.94,89.11,0,69.62,338.13,495.95,56.74
2021-10-09 22:30:00,5,5874.63,82.25,85.68,0,66.76,351.2,509.89,54.21
2021-10-09 23:30:00,5,5287.17,70.63,84.31,0,56.74,320.16,465.33,42.56
2021-10-10 00:30:00,5,4753.11,66.16,78.83,0,43.39,290.74,421.47,29.39
2021-10-10 01:30:00,5,4913.33,77.78,69.23,0,36.24,310.69,440.03,22.8
2021-10-10 02:30:00,5,5020.14,89.41,58.95,0,33.85,329.5,457.01,18.75
2021-10-10 03:30:00,5,4859.92,92.98,52.78,0,42.92,325.22,445.83,26.35
2021-10-10 04:30:00,5,4486.08,88.51,50.72,0,53.88,303.47,414.92,38.51
2021-10-10 05:30:00,5,4112.24,82.25,50.04,0,61.04,278.72,384.78,52.69
2021-10-10 06:30:00,5,4379.27,92.09,52.78,0,79.16,287.46,400.67,73.97
2021-10-10 07:30:00,5,5500.79,134.11,56.89,0.27,108.72,335.24,476.58,101.33
2021-10-10 08:30:00,5,6408.69,173.45,65.8,2.41,116.35,355.26,518.65,104.37
2021-10-10 09:30:00,5,2723.69,37.1,76.08,31.83,57.22,171.79,272.61,40.03
2021-10-10 10:30:00,5,2216.34,15.2,69.92,90.84,56.27,157.42,254.17,30.15
2021-10-10 11:30:00,5,1949.31,6.93,57.58,180.24,61.99,175.08,269.58,26.85
2021-10-10 12:30:00,5,801.09,1.96,18.85,191.69,36.72,102.75,170.89,10.77
2021-10-10 13:30:00,5,587.46,1.33,12.85,177.38,27.9,86.69,146.28,7.35
2021-10-10 14:30:00,5,567.44,1.27,13.71,170.23,28.61,82.36,141.57,7.16
2021-10-10 15:30:00,5,1708.98,8.83,63.75,104.43,46.73,120.33,196.58,19.51
2021-10-10 16:30:00,5,3578.19,28.61,126.12,38.62,67.71,193.4,296.13,32.42
2021-10-10 17:30:00,5,5500.79,81.36,152.17,4.74,83.92,272.08,401.76,44.58
2021-10-10 18:30:00,5,7690.43,153.78,146.69,0.04,105.86,380.22,543.45,64.85
2021-10-10 19:30:00,5,9826.66,212.79,137.09,0,131.61,514.15,712.77,89.17
2021-10-10 20:30:00,5,11642.46,253.92,131.61,0,156.4,659.39,883.6,112.47
2021-10-10 21:30:00,5,13031.01,275.37,134.35,0,171.66,785,1021.78,125.65
2021-10-10 22:30:00,5,13885.5,293.26,138.46,0,169.75,866.33,1107.27,127.67
2021-10-10 23:30:00,5,13671.88,286.1,137.09,0,148.77,856.69,1080.83,114.5
2021-10-11 00:30:00,5,11749.27,246.76,124.75,0,103,734.13,916.31,80.05
2021-10-11 01:30:00,5,9506.23,203.85,102.82,0,61.04,584.62,724.78,47.12
2021-10-11 02:30:00,5,6729.13,139.48,85,0,38.62,395.14,491.24,30.65
2021-10-11 03:30:00,5,3311.16,49.17,69.92,0,29.09,189.99,245.68,21.79
2021-10-11 04:30:00,5,1695.63,9.61,52.09,0.56,24.08,103.06,142.42,19.51
2021-10-11 05:30:00,5,1148.22,1.7,38.39,5.63,23.6,77.48,111.02,20.01
2021-10-11 06:30:00,5,1121.52,0.95,38.73,11.8,28.37,75.72,109.61,22.8
2021-10-11 07:30:00,5,1668.93,12.74,48.67,3.13,40.05,96.39,140.5,30.15
2021-10-11 08:30:00,5,2216.34,34.87,50.72,10.46,51.02,115.25,167,35.47
2021-10-11 09:30:00,5,2403.26,36.66,63.06,26.46,62.94,127.3,181.23,37.49
2021-10-11 10:30:00,5,2483.37,25.26,79.51,65.8,77.25,151.39,207.26,38
2021-10-11 11:30:00,5,2403.26,13.41,84.31,144.48,93.46,194.41,248.99,36.48
2021-10-11 12:30:00,5,1028.06,4.08,32.22,170.23,56.74,94.94,121.89,19.51
2021-10-11 13:30:00,5,734.33,2.32,20.39,177.38,41.96,74.58,95.66,14.19
2021-10-11 14:30:00,5,694.28,2.01,20.39,183.11,41.49,68.7,89.14,13.3
2021-10-11 15:30:00,5,1602.17,6.43,60.32,144.48,58.17,102.54,139.01,23.05
2021-10-11 16:30:00,5,3257.75,14.53,128.87,82.97,82.97,173.91,238.32,36.48
2021-10-11 17:30:00,5,5073.55,37.55,194.67,15.91,107.77,251.38,343.14,48.64
2021-10-11 18:30:00,5,8010.86,119.81,208.38,0.08,143.05,390.77,528.05,72.96
2021-10-11 19:30:00,5,11535.65,218.15,202.89,0,173.57,598.52,795.63,103.35
2021-10-11 20:30:00,5,14526.37,289.68,194.67,0,188.83,810.37,1054.25,128.69
2021-10-11 21:30:00,5,16021.73,307.56,186.44,0,179.29,925.57,1180.97,131.73
2021-10-11 22:30:00,5,15594.48,282.53,180.96,0,152.59,925.76,1162.64,117.54
2021-10-11 23:30:00,5,13458.25,223.52,168.62,0,116.35,822.73,1007.47,84.1
2021-10-12 00:30:00,5,9506.23,135.9,146.69,0,70.57,599.39,718.04,48.13
2021-10-12 01:30:00,5,6462.1,82.25,117.9,0,44.82,411.81,494.44,34.96
2021-10-12 02:30:00,5,4486.08,56.77,90.48,0,33.85,279.86,343.58,28.63
2021-10-12 03:30:00,5,2964.02,35.32,66.49,0,29.56,178.88,229.87,24.83
2021-10-12 04:30:00,5,2376.56,28.61,49.35,0,28.85,141.9,191.27,23.81
2021-10-12 05:30:00,5,2109.53,27.27,40.1,0,30.99,128.44,178.16,24.83
2021-10-12 06:30:00,5,2536.77,43.36,37.7,0,41.49,150.21,210.62,32.93
2021-10-12 07:30:00,5,4272.46,101.92,41.47,0.29,62.94,231.52,323.8,50.66
2021-10-12 08:30:00,5,5928.04,166.3,54.84,2.39,76.29,298.59,414.48,59.28
2021-10-12 09:30:00,5,2590.18,43.81,72.66,25.75,80.11,141.18,193.37,35.47
2021-10-12 10:30:00,5,2616.88,29.06,91.85,65.09,98.23,162.32,216.1,35.97
2021-10-12 11:30:00,5,2777.1,16.54,106.93,147.34,118.26,214,272.43,35.47
2021-10-12 12:30:00,5,1308.44,5.36,47.3,194.55,77.25,116.02,153.05,19
2021-10-12 13:30:00,5,947.95,2.77,29.47,214.58,60.56,103.33,135.73,14.82
2021-10-12 14:30:00,5,894.55,1.96,26.39,231.74,60.08,110.14,142.67,14.19
2021-10-12 15:30:00,5,1695.63,4.69,61.69,185.97,68.67,141.91,189.94,22.55
2021-10-12 16:30:00,5,3124.24,10.28,123.38,104.43,81.06,192.6,266.52,33.44
2021-10-12 17:30:00,5,4432.68,23.69,175.48,21.28,86.78,228.1,323.07,41.04
2021-10-12 18:30:00,5,6355.29,92.09,167.25,0.08,101.09,302.19,429.38,57.76
2021-10-12 19:30:00,5,8438.11,162.72,137.09,0,117.3,418.61,591.05,79.04
2021-10-12 20:30:00,5,9506.23,193.12,105.56,0,121.12,505.17,711.45,91.2
2021-10-12 21:30:00,5,9933.47,202.06,82.94,0,116.35,567.03,795.2,93.22
2021-10-12 22:30:00,5,9719.85,194.91,67.86,0,101.09,583.05,814.92,85.12
2021-10-12 23:30:00,5,8010.86,157.36,58.95,0,72.48,491.12,691.27,62.32
2021-10-13 00:30:00,5,4432.68,65.27,63.75,0,42.44,270.9,397.04,34.96
2021-10-13 01:30:00,5,2696.99,18.33,64.43,0.13,33.38,175.2,271.53,26.35
2021-10-13 02:30:00,5,1949.31,2.57,58.26,5.1,30.99,143.53,227.19,23.31
2021-10-13 03:30:00,5,1575.47,0.06,43.87,21.1,29.56,134.88,207.84,21.28
2021-10-13 04:30:00,5,1468.66,0.02,38.04,25.39,28.85,140.19,207.77,18.75
2021-10-13 05:30:00,5,1508.71,0.13,40.1,20.03,30.28,149.47,215.44,16.97
2021-10-13 06:30:00,5,1842.5,3.21,50.72,7.33,37.19,168.48,240.14,19.76
2021-10-13 07:30:00,5,2616.88,22.58,60.32,1.61,52.45,206.78,293.25,29.89
2021-10-13 08:30:00,5,3204.35,42.47,67.86,11,66.76,236.24,331.98,36.99
2021-10-13 09:30:00,5,3231.05,34.87,82.94,35.76,83.92,251.33,346.11,37.49
2021-10-13 10:30:00,5,2937.32,18.77,82.25,89.41,92.51,263.71,353.81,34.96
2021-10-13 11:30:00,5,2243.04,7.71,58.26,167.37,89.65,256.51,334,29.64
2021-10-13 12:30:00,5,867.84,1.82,17.48,200.27,53.41,127.7,176.36,13.17
2021-10-13 13:30:00,5,654.22,1.4,13.02,188.83,35.29,93.69,135.76,9.88
2021-10-13 14:30:00,5,620.84,1.38,13.54,180.24,30.04,83.14,123.08,9.5
2021-10-13 15:30:00,5,921.25,2.71,28.45,158.79,38.62,93.45,138.03,13.68
2021-10-13 16:30:00,5,1401.9,3.44,52.78,128.75,49.59,116.74,171.12,19.51
2021-10-13 17:30:00,5,1842.5,1.38,80.2,87.98,55.31,139.31,202.83,24.57
2021-10-13 18:30:00,5,2323.15,0.01,98.71,52.21,62.94,170.45,247.55,31.67
2021-10-13 19:30:00,5,2696.99,0,101.45,36.48,66.76,204.83,297.37,39.52
2021-10-13 20:30:00,5,2803.8,0.01,91.85,32.54,64.85,229.65,330.15,43.57
2021-10-13 21:30:00,5,2750.4,0.01,82.25,32.9,60.56,241.48,341.05,44.58
2021-10-13 22:30:00,5,2590.18,0,74.03,34.69,56.27,242.25,334.33,43.06
2021-10-13 23:30:00,5,2216.34,0,63.06,40.77,47.21,222.72,300.31,36.48
2021-10-14 00:30:00,5,1708.98,0,47.98,52.93,36.72,192.91,254.63,27.87
2021-10-14 01:30:00,5,1441.96,0,37.36,60.8,32.9,178.22,233.87,24.57
2021-10-14 02:30:00,5,1335.14,0,32.56,60.8,31.95,171.31,225.34,23.31
2021-10-14 03:30:00,5,1295.09,0,31.19,55.79,30.99,166.25,218.87,23.31
2021-10-14 04:30:00,5,1281.74,0,31.19,47.92,30.28,162.91,213.88,23.81
2021-10-14 05:30:00,5,1335.14,0.01,34.62,38.27,30.99,161.69,212.19,24.83
2021-10-14 06:30:00,5,1615.52,0.53,47.98,20.92,37.19,173.39,228.76,29.13
2021-10-14 07:30:00,5,2296.45,12.29,63.06,4.11,49.11,201.87,271.43,37.49
2021-10-14 08:30:00,5,2750.4,30.4,65.8,15.38,58.17,217.54,296.44,40.53
2021-10-14 09:30:00,5,2456.67,20.12,69.23,52.93,66.76,206.15,280.4,34.96
2021-10-14 10:30:00,5,2136.23,10.95,58.95,108.72,70.57,204.36,275.34,31.67
2021-10-14 11:30:00,5,1762.39,5.2,42.5,181.68,66.76,205.89,271.97,27.87
2021-10-14 12:30:00,5,841.14,1.43,15.25,226.02,40.05,119.91,160.59,12.54
2021-10-14 13:30:00,5,674.25,1.31,13.2,205.99,32.9,93.22,125.08,9.63
2021-10-14 14:30:00,5,647.54,1.41,14.74,194.55,32.9,84.26,113.06,9.12
2021-10-14 15:30:00,5,947.95,2.85,30.85,167.37,41.96,92.44,124.58,13.43
2021-10-14 16:30:00,5,1455.31,4.19,57.58,127.32,51.98,110.11,149.9,19.25
2021-10-14 17:30:00,5,1922.61,2.26,89.11,76.53,57.22,122.46,167.94,24.32
2021-10-14 18:30:00,5,2296.45,0.03,106.93,38.62,62.94,137.69,189.68,30.15
2021-10-14 19:30:00,5,2429.96,0.01,97.33,33.62,62.94,152.1,210.12,34.96
2021-10-14 20:30:00,5,2323.15,0,79.51,40.41,57.7,156.66,216.07,36.99
2021-10-14 21:30:00,5,2216.34,0,69.23,42.92,52.93,158.05,215.94,37.49
2021-10-14 22:30:00,5,2243.04,0,67.86,36.12,50.55,160.62,218.38,38
2021-10-14 23:30:00,5,2056.12,0.02,64.43,29.68,43.39,149.51,201.92,33.95
2021-10-15 00:30:00,5,1668.93,0.02,54.15,28.97,33.38,125.62,167.33,27.11
2021-10-15 01:30:00,5,1428.6,0.01,45.24,30.4,29.33,114.77,151.96,25.08
2021-10-15 02:30:00,5,1348.5,0.01,40.1,30.4,29.09,114.11,150.28,24.57
2021-10-15 03:30:00,5,1321.79,0.01,38.04,28.61,29.33,118.32,155.1,24.83
2021-10-15 04:30:00,5,1348.5,0.04,38.39,24.68,29.8,124.92,162.55,25.08
2021-10-15 05:30:00,5,1428.6,0.23,42.16,17.35,31.95,134.81,173.97,25.59
2021-10-15 06:30:00,5,1762.39,4.02,52.09,5.63,39.1,156.24,202.16,29.64
2021-10-15 07:30:00,5,2536.77,23.69,60.32,1.77,52.93,194.48,256.01,38.51
2021-10-15 08:30:00,5,3070.83,41.57,68.55,12.52,62.94,218.18,289.76,42.05
2021-10-15 09:30:00,5,3017.43,30.85,81.57,42.2,71.53,225.2,297.51,39.01
2021-10-15 10:30:00,5,2830.51,16.32,80.2,104.43,80.11,237.92,308.86,35.47
2021-10-15 11:30:00,5,2349.85,6.87,61.01,200.27,84.88,244.82,308.79,29.64
2021-10-15 12:30:00,5,1108.17,2.1,24.33,243.19,57.22,132.3,166.85,15.45
2021-10-15 13:30:00,5,881.2,1.72,19.88,234.6,46.73,106.21,133.15,12.29
2021-10-15 14:30:00,5,854.49,1.73,21.76,228.88,47.68,100.66,126.05,12.16
2021-10-15 15:30:00,5,1548.77,4.41,54.15,185.97,58.65,125.81,162.37,20.01
2021-10-15 16:30:00,5,2750.4,8.49,108.3,113.01,72.48,171.92,228.04,30.15
2021-10-15 17:30:00,5,3845.22,12.85,161.77,30.04,80.11,206.69,279.1,38
2021-10-15 18:30:00,5,4646.3,36.21,163.14,0.11,87.74,240.99,327.48,47.12
2021-10-15 19:30:00,5,4913.33,45.15,138.46,0,87.74,266.04,365.93,53.7
2021-10-15 20:30:00,5,4699.71,39.34,115.16,0,81.06,275.45,381.29,54.72
2021-10-15 21:30:00,5,4432.68,33.53,98.71,0,73.43,281.16,386.98,54.21
2021-10-15 22:30:00,5,4486.08,34.87,90.48,0,68.67,296.32,404.69,53.7
2021-10-15 23:30:00,5,4165.65,32.63,85,0,56.27,283.32,383.19,45.09
2021-10-16 00:30:00,5,3391.27,19.67,78.83,0.07,39.58,235.47,314.61,30.15
2021-10-16 01:30:00,5,2643.59,5.76,68.55,1.32,29.8,196.44,258.71,21.79
2021-10-16 02:30:00,5,2269.75,1.68,56.89,4.16,26.94,178.87,232.28,17.73
2021-10-16 03:30:00,5,2109.53,1.36,48.67,4.83,25.99,174.21,224.12,15.33
2021-10-16 04:30:00,5,2136.23,3.19,45.93,2.15,25.99,182.62,233.33,13.68
2021-10-16 05:30:00,5,2349.85,9.72,43.87,0.28,28.13,198.55,253.09,13.55
2021-10-16 06:30:00,5,2964.02,29.06,43.53,0.01,36.72,236.46,302.76,19.25
2021-10-16 07:30:00,5,4432.68,75.1,47.3,0.35,54.36,316.34,408.48,34.96
2021-10-16 08:30:00,5,5447.39,107.29,62.38,3.89,66.76,363.37,466.57,45.6
2021-10-16 09:30:00,5,3417.97,28.61,97.33,48.64,85.83,265.13,326.56,33.95
2021-10-16 10:30:00,5,3391.27,15.65,106.93,127.32,113.49,300.8,361.76,33.44
2021-10-16 11:30:00,5,3524.78,7.6,97.33,266.08,135.42,390,453.86,31.67
2021-10-16 12:30:00,5,1949.31,4.64,74.71,331.88,221.25,299,334.32,12.54
2021-10-16 13:30:00,5,1522.06,3.58,65.8,360.49,225.07,270.87,298.4,8.61
2021-10-16 14:30:00,5,1375.2,2.79,63.75,383.38,226.97,260.38,286.09,8.36
2021-10-16 15:30:00,5,2483.37,4.86,113.79,286.1,209.81,302.48,345.48,21.53
2021-10-16 16:30:00,5,4325.87,6.76,191.93,165.94,183.11,384.65,452.27,36.48
2021-10-16 17:30:00,5,6141.66,7.6,285.15,45.78,173.57,458.55,546.67,49.14
2021-10-16 18:30:00,5,7797.24,39.34,307.08,0.18,179.29,518.78,628.32,69.92
2021-10-16 19:30:00,5,9185.79,84.04,268.7,0,179.29,595.34,737.42,93.22
2021-10-16 20:30:00,5,10574.34,119.81,230.31,0,177.38,696.14,873.48,111.46
2021-10-16 21:30:00,5,11108.4,139.48,186.44,0,152.59,742.64,944.05,109.43
2021-10-16 22:30:00,5,10360.72,144.84,138.46,0,110.63,703.31,902.53,89.17
2021-10-16 23:30:00,5,8438.11,123.38,101.45,0,69.62,578.88,740.41,59.78
2021-10-17 00:30:00,5,5073.55,59.9,85.68,0,39.1,374.58,466.87,31.92
2021-10-17 01:30:00,5,3311.16,18.77,78.83,0.14,29.33,279.46,337.51,23.05
2021-10-17 02:30:00,5,2429.96,1.3,64.43,10.46,25.99,241.24,282.9,20.27
2021-10-17 03:30:00,5,1922.61,0,43.18,39.7,28.37,219.03,247.5,15.83
2021-10-17 04:30:00,5,1615.52,0,31.19,55.79,35.29,202.88,222.31,9.37
2021-10-17 05:30:00,5,1361.85,0,27.42,83.69,51.98,191.18,203.87,5.13
2021-10-17 06:30:00,5,1108.17,0,37.36,121.59,80.11,185.16,194.78,3.83
2021-10-17 07:30:00,5,1308.44,0.06,45.24,114.44,79.16,199.55,213.34,6.71
2021-10-17 08:30:00,5,1548.77,1.45,53.47,92.98,72.48,198.88,217.16,10.26
2021-10-17 09:30:00,5,1562.12,5.2,47.98,90.12,66.76,190.43,210.98,12.16
2021-10-17 10:30:00,5,1468.66,5.53,40.78,111.58,63.9,192.64,213.86,13.3
2021-10-17 11:30:00,5,1335.14,4.19,35.64,151.63,69.62,194.69,213.99,12.92
2021-10-17 12:30:00,5,947.95,0.8,42.84,117.3,87.74,126.08,135.34,6.27
2021-10-17 13:30:00,5,867.84,0.59,46.61,87.98,85.83,90.77,96.96,5.07
2021-10-17 14:30:00,5,867.84,0.52,47.3,74.39,80.11,76.15,81.67,5.19
2021-10-17 15:30:00,5,1041.41,0.66,58.95,55.08,84.88,78.33,85.76,7.47
2021-10-17 16:30:00,5,1401.9,0.98,82.25,27.18,97.28,95.06,106.96,10.64
2021-10-17 17:30:00,5,1708.98,2.1,94.59,8.05,92.51,109.12,124.74,11.78
2021-10-17 18:30:00,5,2269.75,14.75,87.74,0.57,69.62,129.71,155.12,14.69
2021-10-17 19:30:00,5,3150.94,38,74.71,0,60.08,175.09,218.88,19.76
2021-10-17 20:30:00,5,4005.43,57.22,65.8,0,62.94,231.17,293.58,23.31
2021-10-17 21:30:00,5,4539.49,67.06,60.32,0,61.99,273.29,347.81,24.07
2021-10-17 22:30:00,5,4379.27,60.8,55.52,0,55.31,270.76,347.14,20.27
2021-10-17 23:30:00,5,3578.19,44.26,50.04,0,44.35,221.29,286.5,13.55
2021-10-18 00:30:00,5,2643.59,27.94,45.24,0,39.58,164.92,212.43,7.98
2021-10-18 01:30:00,5,2136.23,20.79,42.16,0,44.35,137.13,171.61,6.59
2021-10-18 02:30:00,5,1735.69,14.31,40.44,0.03,48.64,115.25,137.62,5.57
2021-10-18 03:30:00,5,1335.14,6.48,40.78,0.72,50.07,92.4,104.51,4.69
2021-10-18 04:30:00,5,1134.87,2.82,39.76,2.15,50.07,78.8,87.54,4.37
2021-10-18 05:30:00,5,1108.17,3.49,38.73,1.74,51.98,72.8,81.18,4.81
2021-10-18 06:30:00,5,1228.33,8.38,38.04,0.42,55.31,79.06,89.19,6.65
2021-10-18 07:30:00,5,1548.77,17.66,39.07,0.05,64.85,101.44,116.81,9.75
2021-10-18 08:30:00,5,1815.8,26.38,39.76,0.05,72.48,115.71,135.04,11.27
2021-10-18 09:30:00,5,1895.9,30.85,37.01,0.18,74.39,114.59,135.31,11.65
2021-10-18 10:30:00,5,1869.2,31.29,33.59,0.26,72.48,104.25,125.91,11.91
2021-10-18 11:30:00,5,1735.69,29.06,31.87,0.34,69.62,88.24,108.73,11.15
2021-10-18 12:30:00,5,1655.58,30.4,32.22,0.37,71.53,81.53,100.63,10.64
2021-10-18 13:30:00,5,1615.52,32.19,34.62,0.41,78.2,79.41,96.87,10.13
2021-10-18 14:30:00,5,1508.71,31.29,37.36,0.46,86.78,75.94,91.77,9.63
2021-10-18 15:30:00,5,1335.14,26.38,40.1,0.51,85.83,67.86,83.46,8.74
2021-10-18 16:30:00,5,1308.44,22.35,41.13,0.31,71.53,63.4,81.33,9.63
2021-10-18 17:30:00,5,1361.85,22.35,42.16,0.09,65.8,61.41,81.44,10.77
2021-10-18 18:30:00,5,1682.28,29.95,43.87,0.01,63.9,75,102.71,14.19
2021-10-18 19:30:00,5,2296.45,40.23,47.3,0,64.85,109.56,153.8,18.49
2021-10-18 20:30:00,5,2723.69,44.7,49.35,0,63.9,140.88,201.41,20.01
2021-10-18 21:30:00,5,2990.72,46.94,48.67,0,62.94,160.86,232.57,19.76
2021-10-18 22:30:00,5,2964.02,46.05,45.93,0,60.08,163.59,238.1,17.99
2021-10-18 23:30:00,5,2536.77,38.89,41.81,0,51.02,136.94,204.93,13.43
2021-10-19 00:30:00,5,1895.9,27.72,38.04,0,40.53,100.8,154.35,8.23
2021-10-19 01:30:00,5,1482.01,18.77,37.36,0,37.67,89.13,128.25,6.14
2021-10-19 02:30:00,5,1241.68,12.52,38.39,0.01,38.15,89.37,113.12,5.38
2021-10-19 03:30:00,5,1068.12,7.04,36.67,0.24,36.72,77.92,92.01,5.19
2021-10-19 04:30:00,5,974.66,4.02,33.59,1.04,33.38,65.36,76.65,4.88
2021-10-19 05:30:00,5,947.95,3.19,32.56,1.81,33.38,63.5,74.21,4.75
2021-10-19 06:30:00,5,1041.41,5.31,33.59,1.19,35.76,71.63,84.9,6.08
2021-10-19 07:30:00,5,1308.44,12.29,34.96,1.95,41.01,83.88,103.44,9.25
2021-10-19 08:30:00,5,1441.96,18.77,34.27,13.41,44.82,86.16,108.74,11.27
2021-10-19 09:30:00,5,1348.5,15.87,34.96,35.05,48.16,86.12,107.77,11.91
2021-10-19 10:30:00,5,1228.33,9.61,33.59,72.24,51.02,94.52,115.24,12.41
2021-10-19 11:30:00,5,1094.82,5.09,28.1,124.45,50.07,106.93,126.02,12.79
2021-10-19 12:30:00,5,774.38,2.15,14.74,144.48,31.95,79.8,91.1,8.87
2021-10-19 13:30:00,5,700.95,1.66,13.02,153.07,30.52,81.82,90.9,7.35
2021-10-19 14:30:00,5,700.95,1.58,14.22,157.36,31.47,83.99,92.85,7.47
2021-10-19 15:30:00,5,988.01,2.93,28.79,133.04,36.72,89.49,103.61,11.65
2021-10-19 16:30:00,5,1441.96,3.97,52.09,97.28,41.96,100.94,123.59,17.23
2021-10-19 17:30:00,5,1869.2,1.93,82.94,49.35,45.3,109.76,139.66,22.55
2021-10-19 18:30:00,5,2376.56,2.12,106.93,9.57,51.02,128.04,167.75,28.88
2021-10-19 19:30:00,5,2750.4,10.39,100.08,0.64,53.41,147.95,198.87,32.42
2021-10-19 20:30:00,5,2696.99,12.96,86.37,0.27,48.64,149.4,202.73,30.65
2021-10-19 21:30:00,5,2376.56,9.95,74.71,0.53,41.96,135.26,184.5,25.08
2021-10-19 22:30:00,5,2162.93,7.26,68.55,1.06,38.15,124.89,170.92,20.52
2021-10-19 23:30:00,5,1842.5,3.52,63.06,3.4,31.95,108.4,146.03,14.57
2021-10-20 00:30:00,5,1388.55,0.39,51.41,15.02,23.6,84.94,110.44,9.12
2021-10-20 01:30:00,5,1121.52,0.01,39.07,30.04,20.98,76.83,96.75,7.28
2021-10-20 02:30:00,5,1028.06,0,32.22,38.98,21.22,77.25,94.61,6.59
2021-10-20 03:30:00,5,1001.36,0,29.13,40.77,21.46,80.35,96.78,6.14
2021-10-20 04:30:00,5,1041.41,0.01,29.13,35.05,21.7,84.44,100.89,5.89
2021-10-20 05:30:00,5,1108.17,0.06,32.56,25.39,23.13,89.88,107.75,6.21
2021-10-20 06:30:00,5,1401.9,2.01,42.84,10.01,29.33,103.79,127.26,8.74
2021-10-20 07:30:00,5,2029.42,17.66,50.04,1.48,40.53,131.17,167.49,14.19
2021-10-20 08:30:00,5,2536.77,37.55,54.15,8.85,49.11,151.58,196.79,18.49
2021-10-20 09:30:00,5,2483.37,32.63,63.06,27.9,55.31,152.87,197.17,20.77
2021-10-20 10:30:00,5,2296.45,20.12,66.49,65.8,61.04,158.99,201.44,23.81
2021-10-20 11:30:00,5,2029.42,10.17,59.63,130.18,67.71,172.28,210.99,23.81
2021-10-20 12:30:00,5,1054.76,2.99,26.05,183.11,51.02,108.96,126.89,13.68
2021-10-20 13:30:00,5,854.49,2.01,18.85,188.83,40.53,92.13,105.93,11.65
2021-10-20 14:30:00,5,854.49,2.04,20.56,178.81,40.05,87.57,101.26,11.65
2021-10-20 15:30:00,5,1695.63,7.15,56.21,117.3,48.16,117.09,145.09,19.76
2021-10-20 16:30:00,5,3044.13,20.12,105.56,45.42,59.13,168.49,218.2,30.15
2021-10-20 17:30:00,5,4272.46,58.12,127.49,4.34,64.85,208.16,275.31,39.01
2021-10-20 18:30:00,5,5393.98,100.14,126.12,0.01,72.48,257.97,345.11,50.16
2021-10-20 19:30:00,5,5393.98,87.62,117.9,0,72.48,276.83,371.5,55.22
2021-10-20 20:30:00,5,3952.03,42.47,98.71,0.08,60.56,222.01,298.94,48.64
2021-10-20 21:30:00,5,2189.64,0.82,77.46,12.88,43.87,139.19,189.29,35.97
2021-10-20 22:30:00,5,2082.82,0.08,67.86,23.96,42.44,141.87,193.6,35.47
2021-10-20 23:30:00,5,1949.31,0.03,63.75,28.97,37.19,137.71,187,31.41
2021-10-21 00:30:00,5,1588.82,0,53.47,36.84,28.61,119.24,160.73,24.07
2021-10-21 01:30:00,5,1335.14,0,43.53,42.92,24.32,110.27,148.73,21.03
2021-10-21 02:30:00,5,1228.33,0,37.7,44.35,22.65,108.21,145.97,19.25
2021-10-21 03:30:00,5,1188.28,0,34.62,41.84,21.94,109.48,147.47,16.97
2021-10-21 04:30:00,5,1174.93,0,33.59,37.91,21.94,111.75,150.91,14.95
2021-10-21 05:30:00,5,1214.98,0.02,36.33,32.19,23.37,115.88,158.3,13.68
2021-10-21 06:30:00,5,1482.01,0.62,48.67,19.13,29.33,130.54,181.81,15.96
2021-10-21 07:30:00,5,2082.82,11.06,63.06,4.47,38.62,158.74,227.23,22.8
2021-10-21 08:30:00,5,2403.26,28.16,61.01,15.56,42.44,169.49,251.03,26.6
2021-10-21 09:30:00,5,1895.9,18.55,54.15,45.42,42.44,142.32,228.21,25.59
2021-10-21 10:30:00,5,1575.47,12.41,45.24,75.82,44.35,132.01,219.07,26.35
2021-10-21 11:30:00,5,1335.14,7.49,38.39,118.73,45.3,127.96,207.32,24.57
2021-10-21 12:30:00,5,794.41,3.41,22.62,153.07,37.19,86.28,164.16,15.07
2021-10-21 13:30:00,5,640.87,2.54,18.51,160.22,33.38,70.9,146.72,11.65
2021-10-21 14:30:00,5,600.82,2.35,18.68,158.79,31.95,63.68,124.93,11.27
2021-10-21 15:30:00,5,680.92,2.68,23.99,144.48,32.42,60.73,111.86,12.29
2021-10-21 16:30:00,5,854.49,2.88,35.64,118.73,33.85,62.55,109.53,14.44
2021-10-21 17:30:00,5,1028.06,1.16,50.72,89.41,34.33,64.3,110.38,16.72
2021-10-21 18:30:00,5,1255.04,0,61.69,65.09,37.19,72.5,120.62,20.52
2021-10-21 19:30:00,5,1441.96,0,64.43,54.36,39.1,84.53,137.48,25.33
2021-10-21 20:30:00,5,1508.71,0,61.01,51.5,38.15,92.01,148.66,28.12
2021-10-21 21:30:00,5,1495.36,0,58.26,49.35,36.24,94.78,152.72,28.88
2021-10-21 22:30:00,5,1468.66,0,55.52,46.49,34.81,95.23,152.45,29.13
2021-10-21 23:30:00,5,1308.44,0,50.72,46.49,30.99,87.05,138.64,26.6
2021-10-22 00:30:00,5,1001.36,0,40.1,51.5,24.08,71,114.09,22.04
2021-10-22 01:30:00,5,814.44,0,31.53,55.79,21.7,62.59,101.72,20.52
2021-10-22 02:30:00,5,734.33,0,27.08,53.64,20.98,58.24,95.94,20.01
2021-10-22 03:30:00,5,687.6,0,24.68,48.64,20.74,54.6,90.54,20.27
2021-10-22 04:30:00,5,654.22,0,23.31,43.63,20.74,51.68,85.76,20.77
2021-10-22 05:30:00,5,634.19,0,23.31,41.49,21.7,50.34,84.36,21.03
2021-10-22 06:30:00,5,714.3,0.01,28.1,38.98,26.46,53.92,92.17,21.79
2021-10-22 07:30:00,5,934.6,1.23,38.73,31.47,31.95,61.94,106.56,23.56
2021-10-22 08:30:00,5,1041.41,7.49,38.39,38.62,34.33,62.79,108.43,23.05
2021-10-22 09:30:00,5,907.9,8.16,30.85,60.08,34.33,56.11,97.51,19.76
2021-10-22 10:30:00,5,814.44,6.65,26.73,82.97,37.19,55.45,93.82,18.75
2021-10-22 11:30:00,5,734.33,4.81,23.99,113.01,39.58,56.59,91.8,17.23
2021-10-22 12:30:00,4,527.38,2.65,15.08,125.89,26.94,41.1,68.46,10.39
2021-10-22 13:30:00,4,480.65,2.35,13.88,125.89,23.6,35.23,59.35,8.36
2021-10-22 14:30:00,4,494,2.4,15.94,128.75,25.03,35.58,58.75,8.36
2021-10-22 15:30:00,5,1762.39,17.88,65.12,68.67,41.96,79.4,121.8,20.77
2021-10-22 16:30:00,5,3578.19,59.9,108.3,19.85,59.13,147.15,215.37,33.95
2021-10-22 17:30:00,5,5233.76,128.75,122.01,2.44,71.53,203.89,290.92,46.1
2021-10-22 18:30:00,5,7263.18,209.21,126.12,0,99.18,298.59,413.76,69.92
2021-10-22 19:30:00,5,10040.28,293.26,128.87,0,148.77,465.89,626.11,110.45
2021-10-22 20:30:00,5,12924.19,375.51,135.72,0,213.62,680.54,891.16,166.18
2021-10-22 21:30:00,5,15167.24,422,145.32,0,270.84,858.02,1102.14,222.92
2021-10-22 22:30:00,5,15380.86,411.27,145.32,0,270.84,889.27,1135.08,245.21
2021-10-22 23:30:00,5,13565.06,357.63,132.98,0,221.25,771.78,979.78,218.87
2021-10-23 00:30:00,5,9719.85,268.22,111.04,0,123.98,528.91,672.74,126.66
2021-10-23 01:30:00,5,6195.07,171.66,85,0,45.78,314.01,405.03,38.51
2021-10-23 02:30:00,5,3631.59,93.88,63.75,0,21.7,179.09,236.44,15.83
2021-10-23 03:30:00,5,1682.28,27.27,47.98,0.01,16.45,90,125.86,14.06
2021-10-23 04:30:00,5,1214.98,10.17,37.7,0.18,15.97,74.61,106.51,11.65
2021-10-23 05:30:00,5,1121.52,7.26,31.19,0.48,16.69,74.46,105.01,10.39
2021-10-23 06:30:00,5,1415.25,15.65,29.82,0.14,22.17,90.17,125.54,13.3
2021-10-23 07:30:00,5,2243.04,42.92,31.87,0.41,33.38,127.01,176.77,21.03
2021-10-23 08:30:00,5,2937.32,70.63,37.36,3.76,42.44,152.02,212.88,26.85
2021-10-23 09:30:00,5,2456.67,47.39,53.47,17.52,49.11,131.96,182.92,27.11
2021-10-23 10:30:00,5,2483.37,32.63,72.66,46.49,62.94,151.36,202.13,28.88
2021-10-23 11:30:00,5,2483.37,19,87.05,105.86,83.92,190.66,240.08,27.61
2021-10-23 12:30:00,5,1028.06,5.59,37.01,147.34,55.79,83.28,107,12.54
2021-10-23 13:30:00,5,707.63,2.68,21.94,164.51,41.01,65.19,83.78,8.99
2021-10-23 14:30:00,5,634.19,2.24,21.25,163.08,44.35,63.1,80.76,7.98
2021-10-23 15:30:00,5,881.2,3.55,36.67,135.9,50.55,70.37,92.03,11.78
2021-10-23 16:30:00,5,1295.09,4.14,55.52,94.41,43.87,78.94,105.93,16.97
2021-10-23 17:30:00,5,1615.52,1.65,71.97,46.49,34.33,79.47,109.26,21.28
2021-10-23 18:30:00,5,1869.2,0.76,79.51,13.59,31.47,84.46,117.93,26.6
2021-10-23 19:30:00,5,1922.61,1.82,70.6,6.88,31.47,92.06,128.91,30.65
2021-10-23 20:30:00,5,1735.69,0.98,60.32,10.28,30.52,93.4,129.64,31.41
2021-10-23 21:30:00,5,1562.12,0.34,52.09,15.38,27.9,90.69,125.45,30.15
2021-10-23 22:30:00,5,1655.58,0.96,52.78,9.84,26.94,96.19,133.23,29.13
2021-10-23 23:30:00,5,1668.93,2.71,51.41,3.76,23.6,94.87,130.99,23.81
2021-10-24 00:30:00,5,1482.01,3.49,45.24,2.08,18.36,84.78,116.25,16.21
2021-10-24 01:30:00,5,1375.2,3.63,39.76,1.5,16.21,82.28,111.54,11.91
2021-10-24 02:30:00,5,1335.14,4.08,36.33,0.98,15.5,85.11,113.49,9.5
2021-10-24 03:30:00,5,1361.85,5.14,34.27,0.51,16.21,91.35,119.63,8.49
2021-10-24 04:30:00,5,1401.9,6.04,33.59,0.33,17.41,97.5,125.68,8.36
2021-10-24 05:30:00,5,1468.66,8.27,33.24,0.17,18.84,105.12,134.06,8.74
2021-10-24 06:30:00,5,1762.39,16.54,33.24,0.03,23.84,123.23,157.76,11.4
2021-10-24 07:30:00,5,2536.77,39.79,35.64,0.21,35.29,160.86,209.14,18.24
2021-10-24 08:30:00,5,3231.05,66.16,41.13,2.39,47.21,194.29,252.95,24.32
2021-10-24 09:30:00,5,2536.77,39.34,58.95,13.23,59.13,166.7,211.36,23.05
2021-10-24 10:30:00,5,2243.04,21.01,68.55,25.39,64.85,163.23,204.57,23.05
2021-10-24 11:30:00,5,1869.2,6.71,69.92,31.47,63.9,151.78,188.54,22.29
2021-10-24 12:30:00,5,867.84,0.01,34.27,81.54,43.39,89.96,109.09,10.89
2021-10-24 13:30:00,5,620.84,0.01,22.62,100.14,32.42,69.94,82.42,6.9
2021-10-24 14:30:00,5,580.79,0.02,21.76,103,31.95,67.63,78,6.46
2021-10-24 15:30:00,5,801.09,0.86,32.9,92.98,37.67,80.18,93.89,9.75
2021-10-24 16:30:00,5,1188.28,1.93,50.72,72.96,41.49,100.81,120.86,14.95
2021-10-24 17:30:00,5,1575.47,0.81,72.66,45.06,42.44,113.25,138.31,19
2021-10-24 18:30:00,5,2082.82,1.12,97.33,14.31,42.92,124.73,158.48,23.81
2021-10-24 19:30:00,5,2536.77,9.84,98.71,0.83,42.92,143.57,190.03,26.6
2021-10-24 20:30:00,5,2803.8,18.55,86.37,0.04,42.92,163.11,220.31,25.08
2021-10-24 21:30:00,5,2777.1,19.89,74.03,0.02,39.58,168.09,230.49,20.52
2021-10-24 22:30:00,5,2429.96,14.08,63.06,0.17,35.29,156.97,214.95,15.71
2021-10-24 23:30:00,5,1869.2,3.35,54.84,6.35,29.56,130.55,173.58,10.13
2021-10-25 00:30:00,5,1535.42,0.41,47.3,14.13,23.84,114.77,146.94,6.14
2021-10-25 01:30:00,5,1695.63,2.21,48.67,4.65,25.51,127.96,161.78,6.71
2021-10-25 02:30:00,5,1869.2,5.87,46.61,0.94,28.37,144.03,182.01,8.49
2021-10-25 03:30:00,5,2296.45,16.32,43.87,0.04,36.24,179.46,228.57,13.05
2021-10-25 04:30:00,5,3044.13,35.76,39.41,0,51.5,243.12,308.09,21.53
2021-10-25 05:30:00,5,3898.62,59.9,37.7,0,76.29,319.82,397.95,34.45
2021-10-25 06:30:00,5,5126.95,95.67,38.04,0,109.67,411.85,504.95,54.72
2021-10-25 07:30:00,5,7370,168.09,38.39,0.07,122.07,560.98,686.62,65.86
2021-10-25 08:30:00,5,9506.23,246.76,44.55,0.78,103.95,674.19,829.55,45.6
2021-10-25 09:30:00,5,4058.84,78.68,87.05,12.88,141.14,315.37,381.16,21.53
2021-10-25 10:30:00,5,3631.59,46.05,109.67,42.92,148.77,311.08,377.88,24.07
2021-10-25 11:30:00,5,3364.56,21.01,113.79,115.87,141.14,336.91,409.43,24.57
2021-10-25 12:30:00,5,1335.14,6.93,50.72,158.79,100.14,176.03,212.52,6.97
2021-10-25 13:30:00,5,894.55,2.77,27.42,183.11,64.85,126.68,150.35,6.08
2021-10-25 14:30:00,5,794.41,1.82,23.31,191.69,58.17,110.65,129.85,6.97
2021-10-25 15:30:00,5,1214.98,3.33,43.87,148.77,61.99,121.01,146.29,13.43
2021-10-25 16:30:00,5,2002.72,5.42,82.25,87.26,65.8,146.97,185.88,22.04
2021-10-25 17:30:00,5,2750.4,5.76,124.75,22.89,66.76,166.33,217.16,28.88
2021-10-25 18:30:00,5,3391.27,21.68,128.87,0.13,68.67,191.56,254.9,36.99
2021-10-25 19:30:00,5,3791.81,32.19,115.16,0,67.71,224.08,302.31,39.52
2021-10-25 20:30:00,5,3952.03,30.85,104.19,0,63.9,252.15,340.66,34.45
2021-10-25 21:30:00,5,3845.22,25.71,93.22,0.01,58.17,265.58,355.1,27.36
2021-10-25 22:30:00,5,3524.78,18.55,85,0.07,51.98,260.36,343.42,21.79
2021-10-25 23:30:00,5,2830.51,9.05,74.71,0.94,41.01,223.65,288.92,14.57
2021-10-26 00:30:00,5,2029.42,1.44,60.32,7.51,29.56,172.32,215.38,8.61
2021-10-26 01:30:00,5,1588.82,0.17,45.93,17.35,25.03,146.29,177.12,7.03
2021-10-26 02:30:00,5,1388.55,0.06,38.04,21.82,23.6,134.68,160.46,6.46
2021-10-26 03:30:00,5,1281.74,0.07,33.93,21.82,22.89,127.4,151.94,6.08
2021-10-26 04:30:00,5,1228.33,0.12,32.9,18.95,22.89,123.34,148.05,5.95
2021-10-26 05:30:00,5,1255.04,0.34,34.96,14.66,24.56,123.67,148.59,6.27
2021-10-26 06:30:00,5,1482.01,2.82,42.5,6.35,30.99,135.8,164.2,8.49
2021-10-26 07:30:00,5,2029.42,16.76,50.04,1.38,42.44,164,203.42,13.81
2021-10-26 08:30:00,5,2403.26,32.63,54.15,10.91,53.41,178.51,223.66,18.75
2021-10-26 09:30:00,5,2136.23,25.48,58.26,34.33,63.9,167.09,206.46,21.03
2021-10-26 10:30:00,5,2029.42,18.33,58.26,66.52,70.57,173.32,212.34,23.81
2021-10-26 11:30:00,5,1815.8,10.28,51.41,115.87,71.53,175.02,210.95,22.8
2021-10-26 12:30:00,5,794.41,3.07,20.05,148.77,38.15,74.04,93.4,10.64
2021-10-26 13:30:00,5,627.52,2.29,15.42,147.34,29.56,53.31,70.6,8.36
2021-10-26 14:30:00,4,614.17,2.26,16.62,143.05,30.28,49.71,67.35,8.36
2021-10-26 15:30:00,5,1255.04,6.76,44.55,104.43,42.44,75.26,104.09,16.09
2021-10-26 16:30:00,5,2403.26,16.09,90.48,50.07,56.27,122.9,171.41,26.85
2021-10-26 17:30:00,5,3524.78,38.45,122.01,6.44,64.85,164.47,230.08,35.97
2021-10-26 18:30:00,5,4432.68,71.53,116.53,0.01,73.43,211.21,294.75,46.61
2021-10-26 19:30:00,5,4859.92,74.21,106.93,0,76.29,249.83,349.42,55.22
2021-10-26 20:30:00,5,4753.11,59.01,102.82,0,72.48,266.37,375.36,56.74
2021-10-26 21:30:00,5,4592.9,46.05,98.71,0,67.71,276.65,389.22,52.69
2021-10-26 22:30:00,5,4646.3,44.26,94.59,0,63.9,293.01,411.72,49.14
2021-10-26 23:30:00,5,4379.27,41.57,87.74,0,52.45,279.52,393.1,38
2021-10-27 00:30:00,5,3578.19,30.85,76.77,0,37.19,232.14,324.04,23.56
2021-10-27 01:30:00,5,2910.61,19,63.75,0.06,30.52,199.11,269.35,16.47
2021-10-27 02:30:00,5,2483.37,11.18,54.84,0.31,27.9,180.64,236.78,12.41
2021-10-27 03:30:00,5,2243.04,6.99,49.35,0.78,26.7,171.17,219.39,10.01
2021-10-27 04:30:00,5,2189.64,7.26,46.61,0.67,26.7,170.06,215.95,9.12
2021-10-27 05:30:00,5,2349.85,12.85,45.93,0.19,29.09,180,227.51,9.75
2021-10-27 06:30:00,5,2910.61,29.95,47.3,0.01,37.67,213.78,270.96,14.57
2021-10-27 07:30:00,5,4112.24,67.06,52.09,0.29,52.93,276.74,355.22,23.31
2021-10-27 08:30:00,5,4699.71,88.51,64.43,4.56,61.04,300.54,388.1,27.87
2021-10-27 09:30:00,5,3524.78,33.98,91.85,40.05,66.76,243.18,309.91,26.6
2021-10-27 10:30:00,5,3070.83,15.2,82.94,107.29,75.34,244.92,307,28.37
2021-10-27 11:30:00,5,2403.26,6.59,58.26,188.83,80.11,236.32,290.01,24.32
2021-10-27 12:30:00,5,1014.71,1.87,18.51,205.99,48.64,102.68,127.73,11.27
2021-10-27 13:30:00,5,794.41,1.57,14.91,191.69,36.72,68.46,87.1,10.26
2021-10-27 14:30:00,5,767.71,1.62,16.62,183.11,36.24,60.68,78.15,10.51
2021-10-27 15:30:00,5,1081.47,2.85,33.24,160.22,45.78,73.77,96.42,14.82
2021-10-27 16:30:00,5,1642.23,3.49,61.69,121.59,55.31,97.28,129.6,20.77
2021-10-27 17:30:00,5,2162.93,1.13,93.22,72.96,59.13,114.45,154.74,25.84
2021-10-27 18:30:00,5,2643.59,0.02,113.79,36.12,61.99,137.6,186.45,32.17
2021-10-27 19:30:00,5,3017.43,0.14,112.41,22.35,62.94,165.47,226.54,39.52
2021-10-27 20:30:00,5,3097.53,0.15,101.45,21.82,59.61,185.27,253.85,43.06
2021-10-27 21:30:00,5,3044.13,0.09,90.48,23.6,55.79,195.46,266.43,44.58
2021-10-27 22:30:00,5,2937.32,0.1,82.94,22.89,51.5,197.54,267.28,43.57
2021-10-27 23:30:00,5,2563.48,0.1,74.03,22.71,42.44,176.99,237.31,35.97
2021-10-28 00:30:00,5,2002.72,0.04,59.63,27.18,31.47,142.9,187.74,25.08
2021-10-28 01:30:00,5,1695.63,0.02,48.67,30.04,27.42,127.63,163.15,20.01
2021-10-28 02:30:00,5,1562.12,0.02,42.84,29.33,26.46,123.84,155.7,16.72
2021-10-28 03:30:00,5,1522.06,0.04,40.1,26.11,25.99,125.13,155.65,14.31
2021-10-28 04:30:00,5,1535.42,0.12,39.76,20.56,25.51,129.47,159.81,12.29
2021-10-28 05:30:00,5,1615.52,0.71,43.53,11.98,26.46,138.61,170,11.15
2021-10-28 06:30:00,5,1976.01,7.94,50.04,2.3,32.42,162.18,200.62,13.81
2021-10-28 07:30:00,5,2830.51,33.08,54.15,0.6,45.3,206.93,262.13,22.55
2021-10-28 08:30:00,5,3364.56,50.96,62.38,7.96,54.84,231.57,295.38,29.13
2021-10-28 09:30:00,5,2777.1,27.05,74.03,41.84,64.85,208.33,260.81,30.15
2021-10-28 10:30:00,5,2510.07,15.2,69.92,92.98,74.39,213.12,262.4,30.65
2021-10-28 11:30:00,5,2243.04,8.38,58.95,158.79,81.06,225.92,272.23,28.12
2021-10-28 12:30:00,5,974.66,2.77,22.62,178.81,45.3,97.38,119.13,12.67
2021-10-28 13:30:00,5,741.01,2.18,17.48,170.23,34.81,65.37,82.47,10.51
2021-10-28 14:30:00,5,707.63,2.24,19.02,160.22,34.81,58.55,75.24,10.39
2021-10-28 15:30:00,5,1708.98,10.06,61.69,101.57,50.07,97.45,130.66,21.28
2021-10-28 16:30:00,5,3337.86,29.95,116.53,36.12,66.76,167.02,226.25,33.95
2021-10-28 17:30:00,5,4753.11,73.31,139.83,3.62,76.29,219.48,299.02,44.08
2021-10-28 18:30:00,5,6034.85,118.02,138.46,0,86.78,279.78,379.63,56.74
2021-10-28 19:30:00,5,6782.53,123.38,132.98,0,89.65,341.22,464.99,67.89
2021-10-28 20:30:00,5,6835.94,109.97,123.38,0,83.92,379.09,519.26,71.94
2021-10-28 21:30:00,5,6675.72,93.88,112.41,0,75.34,397.03,538.66,65.86
2021-10-28 22:30:00,5,6301.88,80.47,100.08,0,65.8,393.52,529.13,55.73
2021-10-28 23:30:00,5,5020.14,56.77,87.74,0,49.59,320.52,427.78,36.99
2021-10-29 00:30:00,5,3231.05,22.8,76.08,0.02,33.38,210.04,279.84,21.03
2021-10-29 01:30:00,5,2563.48,14.19,62.38,0.06,28.61,173.6,228.37,15.33
2021-10-29 02:30:00,5,2296.45,11.4,54.15,0.09,26.94,161.28,208.16,12.54
2021-10-29 03:30:00,5,2216.34,11.18,47.98,0.08,26.46,160.06,203.77,10.77
2021-10-29 04:30:00,5,2269.75,14.31,43.53,0.03,26.94,166.57,209.9,10.13
2021-10-29 05:30:00,5,2456.67,21.91,40.1,0,29.33,182.6,228.34,10.77
2021-10-29 06:30:00,5,3070.83,42.47,39.41,0,38.62,223.44,279.43,15.96
2021-10-29 07:30:00,5,4432.68,86.73,43.53,0.16,56.27,301.79,381.96,26.85
2021-10-29 08:30:00,5,5500.79,121.59,57.58,2.68,69.62,356.54,451.53,35.47
2021-10-29 09:30:00,5,4913.33,66.16,106.93,23.6,79.16,343.5,424.29,38
2021-10-29 10:30:00,5,5447.39,34.87,143.95,84.4,95.37,431,525.59,43.57
2021-10-29 11:30:00,5,5500.79,14.19,137.09,217.44,107.77,531.04,635.69,41.04
2021-10-29 12:30:00,5,1655.58,3.74,43.87,251.77,103,195.98,228.09,12.79
2021-10-29 13:30:00,5,1094.82,2.46,29.47,246.05,82.02,132.98,155.75,9.37
2021-10-29 14:30:00,5,974.66,1.96,27.42,246.05,77.25,117.2,137.56,9.63
2021-10-29 15:30:00,5,1735.69,4.69,65.12,185.97,84.88,148.59,181.2,19
2021-10-29 16:30:00,5,3150.94,9.39,128.87,95.84,92.51,208.07,263.52,30.91
2021-10-29 17:30:00,5,4379.27,21.23,180.96,14.31,90.6,244.61,318.76,39.52
2021-10-29 18:30:00,5,5180.36,50.52,171.36,0.01,88.69,273.69,361.89,48.64
2021-10-29 19:30:00,5,5020.14,41.13,150.8,0,82.02,280.8,375.66,52.69
2021-10-29 20:30:00,5,4272.46,13.41,137.09,1.83,69.62,260.01,348.56,49.65
2021-10-29 21:30:00,5,3578.19,0.35,113.79,18.06,60.08,239.24,318.59,45.6
2021-10-29 22:30:00,5,3337.86,0.04,95.96,27.54,55.79,236.56,313.05,44.08
2021-10-29 23:30:00,5,2883.91,0.01,82.25,33.26,46.25,213.87,280.03,36.99
2021-10-30 00:30:00,5,2296.45,0,63.75,43.27,33.85,180.92,230.25,26.6
2021-10-30 01:30:00,5,1922.61,0,46.61,51.5,25.99,167.53,204.73,19.76
2021-10-30 02:30:00,5,1789.09,0,39.07,50.07,22.41,167.25,197.95,14.95
2021-10-30 03:30:00,5,1789.09,0,35.99,45.06,20.5,172.42,200.63,11.65
2021-10-30 04:30:00,5,1815.8,0,34.27,42.56,20.03,179.44,205.96,10.51
2021-10-30 05:30:00,5,1922.61,0,35.3,39.34,20.5,189.96,215.54,10.39
2021-10-30 06:30:00,5,2162.93,0.09,44.55,30.04,24.8,205.1,233.51,13.43
2021-10-30 07:30:00,5,2723.69,2.99,64.43,13.41,33.85,230.36,268.43,21.03
2021-10-30 08:30:00,5,3070.83,12.96,69.92,28.97,41.49,243.92,287.93,27.11
2021-10-30 09:30:00,5,3097.53,12.52,69.23,73.67,47.68,252.52,298.57,29.64
2021-10-30 10:30:00,5,3017.43,8.16,60.32,138.76,53.41,272.23,319.82,29.89
2021-10-30 11:30:00,5,2670.29,3.69,41.47,228.88,56.74,282.62,324.47,27.36
2021-10-30 12:30:00,5,1214.98,1.01,12.68,228.88,35.76,120.35,137.1,14.95
2021-10-30 13:30:00,5,907.9,0.98,10.8,203.13,25.99,76.08,89.69,12.92
2021-10-30 14:30:00,5,854.49,0.98,11.65,200.27,24.56,66.86,79.65,12.79
2021-10-30 15:30:00,5,1028.06,1.55,22.28,188.83,30.99,75.78,92.46,14.69
2021-10-30 16:30:00,5,1348.5,1.55,38.39,165.94,38.62,93.37,116.57,17.73
2021-10-30 17:30:00,5,1628.88,0.34,54.84,135.9,43.39,106.77,134.87,20.77
2021-10-30 18:30:00,5,1895.9,0,61.01,117.3,47.68,127.22,159.98,24.32
2021-10-30 19:30:00,5,2002.72,0,54.15,124.45,50.55,151.77,188.37,27.36
2021-10-30 20:30:00,5,1976.01,0,44.55,134.47,50.07,169.65,207.18,28.63
2021-10-30 21:30:00,5,1949.31,0,38.73,131.61,47.21,176.47,213.78,29.13
2021-10-30 22:30:00,5,1976.01,0,39.07,113.01,43.39,177.31,215.66,30.4
2021-10-30 23:30:00,5,1815.8,0,38.04,97.28,35.76,163.61,199.17,28.37
2021-10-31 00:30:00,5,1522.06,0,32.56,87.98,26.7,139.41,169.04,24.32
2021-10-31 01:30:00,5,1335.14,0,27.42,82.97,22.89,125.72,153.15,22.8
2021-10-31 02:30:00,5,1255.04,0,25.02,77.96,21.46,120.99,147.84,22.04
2021-10-31 03:30:00,5,1214.98,0,23.99,70.81,20.74,120.18,147.27,21.79
2021-10-31 04:30:00,5,1188.28,0,23.31,62.94,20.03,118.11,145.2,20.77
2021-10-31 05:30:00,5,1161.58,0,25.02,53.64,20.27,116.48,144.5,20.01
2021-10-31 06:30:00,5,1295.09,0.02,33.24,39.7,23.84,121.98,154.43,21.03
2021-10-31 07:30:00,5,1655.58,1.51,51.41,18.42,31.47,137.46,180.16,25.08
2021-10-31 08:30:00,5,1949.31,12.07,56.21,17.17,36.72,147.5,198.6,27.61
2021-10-31 09:30:00,5,1949.31,16.32,52.78,36.84,40.05,147.55,202.15,26.85
2021-10-31 10:30:00,5,1789.09,12.07,47.98,69.38,44.82,146.93,202.24,25.84
2021-10-31 11:30:00,5,1535.42,6.93,39.41,117.3,49.11,144.21,196.74,23.05
2021-10-31 12:30:00,5,761.03,1.56,13.02,164.51,30.28,91.52,136.21,11.02
2021-10-31 13:30:00,5,640.87,1.13,10.11,167.37,25.99,82.78,125.74,8.87
2021-10-31 14:30:00,5,627.52,1.13,11.48,165.94,26.94,79.61,120.54,8.74
2021-10-31 15:30:00,5,1682.28,7.93,56.21,100.14,44.35,120.33,176.44,19.25
2021-10-31 16:30:00,5,3204.35,25.03,105.56,31.47,61.99,183.51,261.5,30.15
2021-10-31 17:30:00,5,4539.49,68.84,122.01,2.12,73.43,234.84,330.99,40.53
2021-10-31 18:30:00,5,6034.85,123.38,124.75,0,93.46,304.37,423.56,59.78
2021-10-31 19:30:00,5,7370,159.14,124.75,0,117.3,390.67,536.4,81.06
2021-10-31 20:30:00,5,8117.68,178.81,115.16,0,133.51,465.04,630.56,95.25
2021-10-31 21:30:00,5,8438.11,185.97,106.93,0,133.51,505.91,677.02,97.27
2021-10-31 22:30:00,5,9078.98,200.27,98.71,0,123.98,566.19,742.65,88.16
2021-10-31 23:30:00,5,9719.85,223.52,89.11,0,109.67,633.62,809.38,69.92
2021-11-01 00:30:00,5,9613.04,225.31,81.57,0,89.65,643.17,803.56,50.66
2021-11-01 01:30:00,5,9292.6,216.36,80.2,0,83.92,637.1,788.64,47.12
2021-11-01 02:30:00,5,8651.73,194.91,84.31,0,87.74,614.32,760.05,52.69
2021-11-01 03:30:00,5,8224.49,177.03,87.74,0,101.09,592.5,735.19,62.82
2021-11-01 04:30:00,5,8010.86,168.09,85.68,0,106.81,591.94,730.44,66.88
2021-11-01 05:30:00,5,8010.86,168.09,82.25,0,102.04,604.6,736.58,65.86
2021-11-01 06:30:00,5,8865.36,194.91,80.2,0,99.18,678.24,817.21,69.92
2021-11-01 07:30:00,5,10894.78,261.07,78.14,0.08,104.9,797.66,962.7,81.06
2021-11-01 08:30:00,5,12176.51,321.87,84.31,1.27,105.86,837.35,1014.03,81.06
2021-11-01 09:30:00,5,6942.75,143.05,106.93,10.46,89.65,456.84,566.24,52.69
2021-11-01 10:30:00,5,5714.42,67.06,137.09,41.84,83.92,392.16,492.94,47.62
2021-11-01 11:30:00,5,5020.14,25.03,135.72,121.59,80.11,391.38,485.86,42.05
2021-11-01 12:30:00,5,1335.14,4.92,41.13,178.81,65.8,135.23,175.68,14.19
2021-11-01 13:30:00,5,961.3,3.3,30.5,188.83,58.17,109.87,145.43,12.16
2021-11-01 14:30:00,5,934.6,3.35,35.99,185.97,68.66,108.47,143.56,12.29
2021-11-01 15:30:00,5,1869.2,8.72,85.68,127.32,96.32,152.77,202.76,22.55
2021-11-01 16:30:00,5,3524.78,20.12,149.43,47.21,105.86,218.69,291.97,34.96
2021-11-01 17:30:00,5,4859.92,50.96,169.99,3.76,91.55,252.17,341.74,43.06
2021-11-01 18:30:00,5,5767.82,88.51,152.17,0,76.29,273.97,377.97,52.18
2021-11-01 19:30:00,5,5393.98,75.1,130.24,0,66.76,283.4,388.56,55.22
2021-11-01 20:30:00,5,4379.27,34.42,117.9,0.21,57.7,266.88,358.53,48.64
2021-11-01 21:30:00,5,2964.02,0.04,94.59,35.76,46.73,226.79,297.73,36.48
2021-11-01 22:30:00,5,2803.8,0,87.74,45.06,45.3,244.1,315.04,34.96
2021-11-01 23:30:00,5,2643.59,0,82.25,43.63,40.05,256.23,322.51,27.11
2021-11-02 00:30:00,5,2296.45,0,67.86,46.49,31.95,252.04,308.54,16.47
2021-11-02 01:30:00,5,2056.12,0,52.78,50.78,28.13,255.93,306.13,12.29
2021-11-02 02:30:00,5,1922.61,0,42.5,52.93,25.75,264.07,310.06,10.26
2021-11-02 03:30:00,5,1895.9,0,38.04,52.21,25.99,276.03,320.02,9.12
2021-11-02 04:30:00,5,1895.9,0,36.33,50.78,26.46,287.29,329.63,7.92
2021-11-02 05:30:00,5,1949.31,0,38.39,45.06,26.7,298.42,340.4,7.35
2021-11-02 06:30:00,5,2216.34,0.11,50.04,31.47,30.52,318.53,364.21,9.25
2021-11-02 07:30:00,5,2910.61,3.97,76.77,10.64,41.01,351.83,408.09,14.44
2021-11-02 08:30:00,5,3364.56,16.99,87.05,17.7,50.54,367.18,427.75,18.24
2021-11-02 09:30:00,5,2777.1,11.4,74.03,68.66,55.79,330.89,378.42,17.73
2021-11-02 10:30:00,5,2429.96,9.16,58.95,103,57.7,323.98,366.04,19.51
2021-11-02 11:30:00,5,2243.04,6.82,50.04,140.19,59.13,334.75,374.6,20.01
2021-11-02 12:30:00,5,1214.98,2.57,27.08,203.13,55.31,215.35,240.57,10.64
2021-11-02 13:30:00,5,1028.06,1.84,22.96,214.58,48.64,184.71,209.84,10.51
2021-11-02 14:30:00,5,1028.06,1.7,25.7,214.58,50.07,178.66,204.73,11.53
2021-11-02 15:30:00,5,2536.77,9.5,95.96,113.01,67.71,239.95,289.31,27.61
2021-11-02 16:30:00,5,4806.52,41.13,157.65,21.46,82.02,331.27,408.22,44.08
2021-11-02 17:30:00,5,6835.94,110.86,167.25,1.04,91.55,397.07,494.5,59.28
2021-11-02 18:30:00,5,8758.54,171.66,175.48,0,100.14,462.36,583.53,74.98
2021-11-02 19:30:00,5,9719.85,185.97,171.36,0,92.51,519.59,661.82,78.02
2021-11-02 20:30:00,5,9078.98,144.84,164.51,0,80.11,527.94,666.67,71.94
2021-11-02 21:30:00,5,4272.46,3.69,153.54,14.31,54.84,337.65,417.01,37.49
2021-11-02 22:30:00,5,3417.97,0,111.04,37.91,47.68,319.77,391.66,33.44
2021-11-02 23:30:00,5,3044.13,0,95.96,41.13,39.58,310.83,372.29,25.08
2021-11-03 00:30:00,5,2510.07,0,76.77,50.07,30.52,285.38,330.13,15.33
2021-11-03 01:30:00,5,2082.82,0,56.21,60.8,26.7,271.82,305.92,11.53
2021-11-03 02:30:00,5,1842.5,0,40.78,70.1,25.03,266.57,295.77,9.75
2021-11-03 03:30:00,5,1869.2,0,38.73,61.51,24.32,277.5,307.87,8.49
2021-11-03 04:30:00,5,2109.53,0.01,45.93,39.7,25.27,300.16,336.12,8.23
2021-11-03 05:30:00,5,2429.96,0.82,58.26,15.91,29.09,327.35,372.56,10.01
2021-11-03 06:30:00,5,3364.56,22.8,65.8,0.46,41.96,388.87,454.57,17.73
2021-11-03 07:30:00,5,5447.39,90.3,65.8,0.1,61.04,509.62,611.06,30.4
2021-11-03 08:30:00,5,6782.53,144.84,71.29,1.59,70.57,567.61,680.76,38.5
2021-11-03 09:30:00,5,3898.62,49.17,80.2,17.17,62.94,387.65,451.79,29.64
2021-11-03 10:30:00,5,3257.75,23.25,80.2,57.22,67.71,358.87,415.74,29.39
2021-11-03 11:30:00,5,2750.4,11.06,70.6,125.89,78.2,353.06,403.53,25.59
2021-11-03 12:30:00,5,1201.63,2.82,29.82,188.83,53.88,184.96,210.77,11.78
2021-11-03 13:30:00,5,934.6,1.84,23.31,194.55,43.39,136.42,158.04,10.64
2021-11-03 14:30:00,5,907.9,1.55,25.02,191.69,43.87,122.69,143.73,11.78
2021-11-03 15:30:00,5,1815.8,4.92,72.66,128.75,60.56,157.5,193.44,22.29
2021-11-03 16:30:00,5,3524.78,18.55,141.2,37.19,80.11,226.67,287.52,35.97
2021-11-03 17:30:00,5,5340.58,67.06,160.4,1.59,88.69,288.89,369.64,46.61
2021-11-03 18:30:00,5,7476.81,137.69,161.77,0,96.32,374.41,484.44,62.82
2021-11-03 19:30:00,5,9613.04,200.27,159.03,0,107.77,499.49,647.35,79.04
2021-11-03 20:30:00,5,10147.09,216.36,154.91,0,104.9,560.27,728.73,84.1
2021-11-03 21:30:00,5,8758.54,189.54,143.95,0,86.78,482.19,636.81,78.02
2021-11-03 22:30:00,5,7476.81,168.09,126.12,0,72.48,416.49,552.08,71.94
2021-11-03 23:30:00,5,6034.85,134.11,105.56,0,54.84,345.37,455.93,55.73
2021-11-04 00:30:00,5,3845.21,66.16,87.74,0,34.81,240.65,313.04,35.46
2021-11-04 01:30:00,5,2830.51,29.06,80.88,0,30.99,219.39,280.72,31.16
2021-11-04 02:30:00,5,2590.18,12.29,78.14,0.33,31.95,242.48,300.56,29.64
2021-11-04 03:30:00,5,2616.88,1.01,69.23,11.44,33.38,284.52,337.24,26.6
2021-11-04 04:30:00,5,2830.51,0.03,56.21,26.46,33.38,324.6,376.49,21.28
2021-11-04 05:30:00,5,3150.94,0.28,58.26,19.85,35.29,359.59,415.33,17.48
2021-11-04 06:30:00,5,3898.62,11.29,69.92,2.68,44.35,412.48,482.88,20.77
2021-11-04 07:30:00,5,5340.58,51.86,77.46,0.18,61.99,498.73,597.18,32.42
2021-11-04 08:30:00,5,6301.88,87.62,89.11,2.59,76.29,548.66,661.43,40.02
2021-11-04 09:30:00,5,5500.79,52.75,122.01,19.31,100.14,522.57,619.17,41.54
2021-11-04 10:30:00,5,5554.2,32.63,154.91,65.8,139.24,569.11,666.76,47.62
2021-11-04 11:30:00,5,5661.01,18.55,165.88,153.06,183.11,636.26,736.01,48.64
2021-11-04 12:30:00,5,2590.18,4.69,71.97,271.8,164.03,374.6,429.89,22.04
2021-11-04 13:30:00,5,2029.42,2.43,49.35,323.3,141.14,328.96,374.24,15.71
2021-11-04 14:30:00,5,2056.12,2.21,57.58,343.32,169.75,349.72,395.92,13.55
2021-11-04 15:30:00,5,3898.62,5.42,156.28,214.58,204.09,458.64,534.18,35.97
2021-11-04 16:30:00,5,7049.56,20.79,315.31,58.65,259.4,633.66,757.4,81.06
2021-11-04 17:30:00,5,10467.53,108.18,405.79,2.03,324.25,806.74,977.75,127.67
2021-11-04 18:30:00,5,14099.12,223.52,444.17,0,392.91,989.56,1207.13,182.39
2021-11-04 19:30:00,5,17089.84,303.98,433.21,0,453.95,1175.39,1446.75,243.19
2021-11-04 20:30:00,5,17730.71,321.87,356.44,0,438.69,1226.1,1523.29,267.51
2021-11-04 21:30:00,5,16876.22,303.98,285.15,0,392.91,1191.72,1481.47,271.56
2021-11-04 22:30:00,5,16021.73,278.95,238.54,0,362.4,1149.28,1424.24,267.51
2021-11-04 23:30:00,5,13885.5,232.46,200.15,0,301.36,1022.31,1256.64,229
2021-11-05 00:30:00,5,10787.96,168.09,160.4,0,188.83,828.39,1006.96,139.83
2021-11-05 01:30:00,5,8758.54,125.17,130.24,0,116.35,715.92,862.94,83.09
2021-11-05 02:30:00,5,7690.43,99.24,111.04,0,84.88,658.54,796.13,57.76
2021-11-05 03:30:00,5,6622.31,77.78,95.96,0,64.85,604.2,739.69,41.04
2021-11-05 04:30:00,5,5874.63,66.16,80.2,0,53.41,559.12,688.79,30.65
2021-11-05 05:30:00,5,5661.01,68.84,69.23,0,50.07,553.03,675.71,26.09
2021-11-05 06:30:00,5,6462.1,97.45,63.75,0,59.13,608,736.62,31.41
2021-11-05 07:30:00,5,8758.54,175.24,65.12,0.05,81.06,749.01,908.71,46.61
2021-11-05 08:30:00,5,11108.4,268.22,76.77,0.73,92.51,859.43,1046.48,52.18
2021-11-05 09:30:00,5,6088.26,83.15,130.24,14.13,94.41,506.68,609.56,42.56
2021-11-05 10:30:00,5,6088.26,49.62,154.91,48.64,103.95,522.39,631.21,48.13
2021-11-05 11:30:00,5,5874.63,23.47,154.91,130.18,111.58,555.66,667.51,45.6
2021-11-05 12:30:00,5,1562.12,3.02,36.33,231.74,71.53,210.43,243.81,14.31
2021-11-05 13:30:00,5,1148.22,1.69,22.96,240.33,55.31,162.85,187.15,11.65
2021-11-05 14:30:00,5,1081.47,1.54,24.33,237.46,55.31,143.24,165.33,12.29
2021-11-05 15:30:00,5,2510.07,8.05,95.96,143.05,77.25,198.23,243.01,27.87
2021-11-05 16:30:00,5,4966.74,35.32,180.96,32.9,103,302.71,384.74,45.6
2021-11-05 17:30:00,5,7263.18,110.86,202.89,1.5,117.3,390.21,501.87,59.78
2021-11-05 18:30:00,5,9292.6,182.39,202.89,0.04,137.33,484.46,626.68,83.09
2021-11-05 19:30:00,5,10787.96,214.58,194.67,0,158.31,587.98,765.41,109.43
2021-11-05 20:30:00,5,11322.02,214.58,175.48,0,167.85,659.47,862.86,128.69
2021-11-05 21:30:00,5,11428.83,212.79,148.06,0,164.03,718.63,931.22,135.78
2021-11-05 22:30:00,5,11215.21,211,120.64,0,135.42,749.89,956.83,119.57
2021-11-05 23:30:00,5,9933.47,196.7,98.71,0,91.55,684.61,859.88,86.13
2021-11-06 00:30:00,5,7263.18,148.42,86.37,0,49.59,502.99,620.7,51.68
2021-11-06 01:30:00,5,5020.14,89.41,80.2,0,28.61,357.3,433.21,33.94
2021-11-06 02:30:00,5,3631.59,46.49,74.71,0,22.65,285.9,340.68,26.85
2021-11-06 03:30:00,5,2590.18,10.73,65.8,0.47,21.7,237.32,274.24,26.09
2021-11-06 04:30:00,5,2429.96,4.58,58.95,1.14,20.98,230.02,262.56,26.09
2021-11-06 05:30:00,5,2483.37,3.91,56.89,1.61,21.22,228.54,258.58,24.07
2021-11-06 06:30:00,5,2777.1,5.64,61.69,1.68,25.51,240.46,273.05,24.32
2021-11-06 07:30:00,5,3471.37,18.1,71.29,1.92,35.29,276.06,320.46,29.89
2021-11-06 08:30:00,5,4058.84,25.7,83.63,16.81,42.44,309.84,360.71,33.44
2021-11-06 09:30:00,5,3952.03,7.82,73.34,104.43,52.93,336.13,377.4,34.45
2021-11-06 10:30:00,5,3898.62,3.24,46.61,211.72,58.65,358.09,395.69,34.45
2021-11-06 11:30:00,5,3791.81,1.42,27.42,306.13,60.56,365.34,398.17,34.96
2021-11-06 12:30:00,5,2883.91,0.58,13.37,329.02,38.62,273.33,295.62,29.13
2021-11-06 13:30:00,5,2296.45,0.55,12.34,320.43,29.33,215.44,237.74,23.56
2021-11-06 14:30:00,5,2082.82,0.52,13.19,317.57,27.18,192.15,214.91,21.79
2021-11-06 15:30:00,5,2162.93,0.76,24.68,297.55,32.42,185.14,211.17,23.05
2021-11-06 16:30:00,5,2403.26,0.6,41.47,257.49,37.67,190.7,221.03,25.08
2021-11-06 17:30:00,5,2643.59,0.09,55.52,205.99,40.05,196.63,230.58,27.36
2021-11-06 18:30:00,5,2937.32,0,65.12,165.94,43.87,209.93,249.23,30.91
2021-11-06 19:30:00,5,3150.94,0,67.17,143.05,46.25,229.8,276.9,34.96
2021-11-06 20:30:00,5,3177.64,0,63.06,125.89,45.3,237.97,289.37,37.49
2021-11-06 21:30:00,5,3017.43,0,57.58,114.44,42.92,231.56,283.31,37.49
2021-11-06 22:30:00,5,2750.4,0,50.04,107.29,40.05,215.73,264.79,35.46
2021-11-06 23:30:00,5,2323.15,0,40.78,105.86,32.42,188.12,229.5,30.4
2021-11-07 00:30:00,5,1842.5,0,30.5,105.86,24.32,158.99,190.59,24.57
2021-11-07 01:30:00,5,1588.82,0,24.33,101.57,21.22,146.52,174.39,22.29
2021-11-07 02:30:00,5,1495.36,0,22.28,95.84,20.98,144.71,171.42,21.03
2021-11-07 03:30:00,5,1441.96,0,21.76,87.98,20.74,146.74,173.22,20.52
2021-11-07 04:30:00,5,1415.25,0,22.96,79.39,20.74,148.83,175.54,19.76
2021-11-07 05:30:00,5,1441.96,0,26.39,67.23,21.46,151.94,179.69,17.99
2021-11-07 06:30:00,5,1655.58,0,38.73,50.07,25.99,165.18,197.71,19
2021-11-07 07:30:00,5,2162.93,0.92,63.06,24.68,34.81,191.9,235.14,23.81
2021-11-07 08:30:00,5,2456.67,9.61,71.29,22.35,40.05,206.15,254.86,25.84
2021-11-07 09:30:00,5,2403.26,13.63,63.75,46.49,42.92,204.97,252.99,25.08
2021-11-07 10:30:00,5,2269.74,10.51,56.21,85.12,49.59,212.98,259.95,24.32
2021-11-07 11:30:00,5,2029.42,6.15,46.61,143.05,56.74,218.76,262.24,22.29
2021-11-07 12:30:00,5,1455.31,1.29,16.79,226.02,45.78,176.21,207.02,14.06
2021-11-07 13:30:00,5,1241.68,0.91,13.19,234.6,41.01,147.24,176.54,12.41
2021-11-07 14:30:00,5,1201.63,0.88,14.74,237.46,41.48,137.52,166.94,12.79
2021-11-07 15:30:00,5,2082.82,3.69,56.89,170.23,51.98,166.6,210.22,21.79
2021-11-07 16:30:00,5,3471.37,7.82,117.9,72.96,62.94,222.62,288.36,31.16
2021-11-07 17:30:00,5,4699.71,27.05,160.4,5.81,70.57,269.92,354.3,40.02
2021-11-07 18:30:00,5,5981.45,72.42,160.4,0,82.02,332.36,437.45,54.21
2021-11-07 19:30:00,5,7049.56,100.14,146.69,0,87.74,405.48,535.49,66.88
2021-11-07 20:30:00,5,7156.37,103.71,122.01,0,80.11,447.71,591.45,69.92
2021-11-07 21:30:00,5,6835.94,94.77,101.45,0,66.76,457.59,600.4,65.86
2021-11-07 22:30:00,5,6408.69,78.68,95.96,0,56.27,448.51,579.91,58.26
2021-11-07 23:30:00,5,5287.17,50.96,91.85,0,41.01,381.57,483.63,43.06
2021-11-08 00:30:00,5,2750.4,1.38,78.83,10.82,27.89,225.99,280.56,28.63
2021-11-08 01:30:00,5,2323.15,0.12,59.63,20.21,27.66,203.76,251.57,25.08
2021-11-08 02:30:00,5,2296.45,0.04,51.41,25.03,28.61,209.68,256.2,21.03
2021-11-08 03:30:00,5,2376.56,0.02,46.61,30.04,28.85,223.73,270.6,17.48
2021-11-08 04:30:00,5,2403.26,0.01,43.87,34.69,29.09,235.18,280.65,15.33
2021-11-08 05:30:00,5,2483.37,0.02,45.93,32.9,30.28,246.36,290.89,14.19
2021-11-08 06:30:00,5,2883.91,0.96,61.01,18.24,36.72,274.22,323.88,17.48
2021-11-08 07:30:00,5,3845.21,14.75,81.57,1.79,50.54,331.9,398.2,26.6
2021-11-08 08:30:00,5,4592.9,33.97,91.85,10.1,59.6,374.38,450.11,33.44
2021-11-08 09:30:00,5,4646.3,23.47,100.08,47.92,65.8,391.75,464.56,37.49
2021-11-08 10:30:00,5,4806.52,11.73,97.33,135.9,75.34,433.98,508.12,41.54
2021-11-08 11:30:00,5,4646.3,4.64,71.29,277.52,81.06,458.23,527.53,41.54
2021-11-08 12:30:00,5,2510.07,0.99,21.08,337.6,58.65,221.88,245.42,27.87
2021-11-08 13:30:00,5,2002.72,0.91,18.16,326.16,46.73,170.34,189.05,22.55
2021-11-08 14:30:00,5,1869.2,0.92,19.71,329.02,44.82,154.15,172.23,21.03
2021-11-08 15:30:00,5,2883.91,3.35,67.86,263.21,60.08,197.02,232.9,29.39
2021-11-08 16:30:00,5,4539.49,5.76,143.95,147.34,77.25,276.8,340.86,39.52
2021-11-08 17:30:00,5,6088.26,8.72,222.09,30.04,84.88,340.89,426.03,49.65
2021-11-08 18:30:00,5,7476.81,39.79,238.54,0.03,94.41,423.29,532.35,63.33
2021-11-08 19:30:00,5,8117.68,43.36,227.57,0,94.41,498.6,626.87,71.94
2021-11-08 20:30:00,5,7690.43,22.13,200.15,0.24,82.97,517.86,643.98,68.9
2021-11-08 21:30:00,5,6622.31,4.25,161.77,4.11,68.66,492.18,602.23,61.3
2021-11-08 22:30:00,5,5874.63,1.09,127.49,10.37,59.6,463.65,561.95,55.73
2021-11-08 23:30:00,5,4753.11,0.16,95.96,22.89,46.25,391.04,467.22,44.58
2021-11-09 00:30:00,5,3337.86,0,61.69,48.64,32.9,291.12,340.99,31.92
2021-11-09 01:30:00,5,2536.77,0,43.87,63.66,29.56,239.99,278.7,26.09
2021-11-09 02:30:00,5,2136.23,0,34.27,75.1,29.33,216.74,250.44,22.55
2021-11-09 03:30:00,5,1869.2,0,29.13,80.82,28.85,203.2,233.99,19.51
2021-11-09 04:30:00,5,1762.39,0,28.1,76.53,27.66,194.62,223.77,16.47
2021-11-09 05:30:00,5,1708.98,0,30.5,67.23,27.89,190.06,219.34,13.93
2021-11-09 06:30:00,5,1922.61,0,42.84,50.78,33.86,199.69,233.74,14.82
2021-11-09 07:30:00,5,2590.18,1.55,71.97,22.17,48.16,233.93,281.95,21.53
2021-11-09 08:30:00,5,3231.05,16.99,83.63,18.78,63.9,269.93,330.52,27.61
2021-11-09 09:30:00,5,3391.27,21.01,85.68,48.64,81.06,290.78,354.97,31.92
2021-11-09 10:30:00,5,3391.27,13.97,85,105.86,93.46,318.02,385.82,33.94
2021-11-09 11:30:00,5,3231.05,7.49,73.34,194.55,102.04,345.15,413.11,31.66
2021-11-09 12:30:00,5,2056.12,2.26,32.22,280.38,82.02,244.76,282.62,17.73
2021-11-09 13:30:00,5,1735.69,1.47,23.65,291.82,67.71,201.25,231.43,15.45
2021-11-09 14:30:00,5,1615.52,1.27,23.65,286.1,61.99,178.82,206.91,15.58
2021-11-09 15:30:00,5,2403.26,2.93,61.01,231.74,70.57,211.58,252.48,24.07
2021-11-09 16:30:00,5,3791.81,4.25,124.75,141.62,82.02,275.52,338.54,33.94
2021-11-09 17:30:00,5,4913.33,2.04,194.67,41.84,86.78,311.4,390.47,41.54
2021-11-09 18:30:00,5,6462.1,32.19,222.09,0.28,97.27,383.52,487.52,56.24
2021-11-09 19:30:00,5,8010.86,62.58,216.6,0,109.67,490.36,628.47,73.97
2021-11-09 20:30:00,5,8758.54,59.9,211.12,0,111.58,570.48,733.38,83.09
2021-11-09 21:30:00,5,9185.79,52.3,205.64,0,107.77,637.26,815.41,85.12
2021-11-09 22:30:00,5,9613.04,54.99,200.15,0,103.95,704.63,896.29,87.14
2021-11-09 23:30:00,5,9506.23,60.8,183.7,0,89.65,719.76,908.16,74.98
2021-11-10 00:30:00,5,8438.11,59.01,153.54,0,70.57,657.96,816.91,52.69
2021-11-10 01:30:00,5,7263.18,53.2,124.75,0,64.85,596.87,730.2,45.09
2021-11-10 02:30:00,5,6408.69,50.51,105.56,0,66.76,554.12,672.91,45.6
2021-11-10 03:30:00,5,5821.23,49.62,93.22,0,68.66,517.07,627.59,47.12
2021-11-10 04:30:00,5,5287.17,49.17,82.94,0,60.08,477.24,581.36,41.04
2021-11-10 05:30:00,5,5020.14,54.09,77.46,0,51.02,452.84,550.32,34.45
2021-11-10 06:30:00,5,5554.2,77.78,75.4,0,53.88,478.66,582.55,34.45
2021-11-10 07:30:00,5,7583.62,148.42,77.46,0.05,71.53,595.67,733.08,45.09
2021-11-10 08:30:00,5,9719.85,236.03,84.31,0.8,82.97,700.29,865.88,56.24
2021-11-10 09:30:00,5,6034.85,96.56,112.41,10.82,84.88,458.08,558.03,61.81
2021-11-10 10:30:00,5,5767.82,51.41,143.95,43.99,92.51,460.53,560.49,62.32
2021-11-10 11:30:00,5,5607.6,21.01,145.32,135.9,97.27,504.86,604.13,56.24
2021-11-10 12:30:00,5,3231.05,1.47,31.87,346.18,74.39,324.86,365.95,34.96
2021-11-10 13:30:00,5,2616.88,0.82,19.54,343.32,53.41,260.85,294.5,28.88
2021-11-10 14:30:00,5,2536.77,0.74,20.91,343.32,50.07,246.11,278.83,27.61
2021-11-10 15:30:00,5,3738.4,2.91,80.2,257.49,66.76,297.73,350.7,35.46
2021-11-10 16:30:00,5,5767.82,5.31,171.36,124.45,85.83,398.28,483.15,45.6
2021-11-10 17:30:00,5,7583.62,19.22,246.76,12.7,96.32,472.79,583.27,56.24
2021-11-10 18:30:00,5,9292.6,70.63,254.99,0,112.53,568.63,709.39,74.98
2021-11-10 19:30:00,5,10681.15,103.71,246.76,0,127.79,678.4,858.74,99.3
2021-11-10 20:30:00,5,11322.02,116.23,224.83,0,131.61,760,972.47,114.5
2021-11-10 21:30:00,5,11535.64,125.17,200.15,0,129.7,818.19,1049.75,119.57
2021-11-10 22:30:00,5,11535.64,132.32,174.11,0,122.07,852.33,1096.93,116.53
2021-11-10 23:30:00,5,10681.15,126.96,148.06,0,100.14,803.76,1043.01,96.26
2021-11-11 00:30:00,5,8865.36,107.29,122.01,0,69.62,679.38,883.47,63.84
2021-11-11 01:30:00,5,7476.81,86.72,98.71,0,55.79,591.74,758.58,44.58
2021-11-11 02:30:00,5,6675.72,73.31,82.94,0,51.5,550.69,691.69,34.96
2021-11-11 03:30:00,5,6141.66,60.8,72.66,0,50.54,528.78,653.24,29.64
2021-11-11 04:30:00,5,5767.82,51.86,67.17,0,48.64,519.55,632.36,25.33
2021-11-11 05:30:00,5,5714.42,50.96,65.12,0,49.11,528.12,632.78,23.31
2021-11-11 06:30:00,5,6515.5,71.53,69.92,0,58.17,590.08,701.95,28.12
2021-11-11 07:30:00,5,8865.36,143.05,79.51,0.05,77.25,748.46,895.25,42.56
2021-11-11 08:30:00,5,11535.64,236.03,97.33,0.93,91.55,899.76,1077.05,56.24
2021-11-11 09:30:00,5,8117.68,93.88,172.73,15.74,103,668.88,789.11,52.69
2021-11-11 10:30:00,5,8010.86,46.04,219.35,67.23,119.21,701.28,822.21,55.22
2021-11-11 11:30:00,5,8117.68,19.45,219.35,191.69,135.42,784.38,909.04,52.18
2021-11-11 12:30:00,5,3524.78,2.77,65.12,394.82,158.31,455.03,509.86,22.55
2021-11-11 13:30:00,5,2777.1,1.06,30.85,423.43,108.72,373.07,416.27,19
2021-11-11 14:30:00,5,2349.85,0.82,26.05,383.38,82.97,305.01,343.1,18.49
2021-11-11 15:30:00,5,2937.32,1.98,64.43,286.1,79.15,305.45,354.01,25.84
2021-11-11 16:30:00,5,4272.46,2.68,132.98,165.94,84.88,365.67,436.34,35.46
2021-11-11 17:30:00,5,5500.79,1.13,205.64,50.07,86.78,414.28,501.26,43.57
2021-11-11 18:30:00,5,6515.5,14.53,227.57,1.03,91.55,467.03,570.77,54.21
2021-11-11 19:30:00,5,7156.37,32.19,202.89,0.01,93.46,525.95,649.96,64.85
2021-11-11 20:30:00,5,7263.18,38,169.99,0,86.78,561.87,702.41,68.9
2021-11-11 21:30:00,5,7583.62,53.64,142.57,0,81.06,602.13,760.82,71.94
2021-11-11 22:30:00,5,8438.11,83.15,122.01,0,79.15,671.32,853.88,76
2021-11-11 23:30:00,5,8331.3,97.45,106.93,0,67.71,667.76,852.05,63.84
2021-11-12 00:30:00,5,7049.56,84.94,90.48,0,49.11,566.99,725.2,38
2021-11-12 01:30:00,5,5821.23,64.37,77.46,0,39.58,485.41,616.49,25.33
2021-11-12 02:30:00,5,4966.74,48.28,67.86,0,35.76,434.91,544.68,19.25
2021-11-12 03:30:00,5,4379.27,36.66,61.69,0,33.86,404.02,499.94,16.21
2021-11-12 04:30:00,5,4219.06,31.74,58.95,0,35.76,400.94,489.75,16.21
2021-11-12 05:30:00,5,4379.27,32.19,61.01,0,41.96,418.98,504.76,19.51
2021-11-12 06:30:00,5,5126.95,50.07,67.17,0,55.79,474.23,568.15,28.37
2021-11-12 07:30:00,5,7156.37,109.08,81.57,0.07,73.43,604.09,728.75,39.01
2021-11-12 08:30:00,5,9078.98,169.87,106.93,1.77,81.06,700.46,849.34,42.56
2021-11-12 09:30:00,5,6835.94,70.63,163.14,25.03,84.88,578.49,690.58,40.02
2021-11-12 10:30:00,5,6568.91,33.08,174.11,89.41,93.46,599.29,708.11,44.08
2021-11-12 11:30:00,5,5981.45,12.41,132.98,217.44,97.27,626.73,726.93,39.52
2021-11-12 12:30:00,5,1895.9,2.15,30.85,266.08,72.48,247.64,287.34,15.58
2021-11-12 13:30:00,5,1295.09,1.56,20.73,237.46,50.54,168.51,200.07,12.29
2021-11-12 14:30:00,5,1174.93,1.45,21.42,223.16,46.73,146.92,176.38,12.54
2021-11-12 15:30:00,5,2269.74,5.81,73.34,150.2,62.94,189.66,236,24.57
2021-11-12 16:30:00,5,4058.84,16.76,146.69,50.07,80.11,263.47,337.4,37.49
2021-11-12 17:30:00,5,5500.79,55.88,175.48,2.44,87.74,313.39,407.35,47.62
2021-11-12 18:30:00,5,6835.94,103.71,175.48,0,98.23,380.21,495.34,61.81
2021-11-12 19:30:00,5,7904.05,121.59,164.51,0,105.86,461.85,604.57,76
2021-11-12 20:30:00,5,8331.3,123.38,137.09,0,103,522.07,686.91,83.09
2021-11-12 21:30:00,5,8224.49,118.02,116.53,0,93.46,553.19,725.36,83.09
2021-11-12 22:30:00,5,7797.24,105.5,106.93,0,80.11,555.97,718.83,76
2021-11-12 23:30:00,5,6622.31,77.78,102.82,0,58.17,484.08,613.64,57.76
2021-11-13 00:30:00,5,4699.71,29.5,100.08,0.07,36.24,358.96,442.3,35.46
2021-11-13 01:30:00,5,3578.19,4.58,86.37,2.57,27.18,304.38,366.99,26.35
2021-11-13 02:30:00,5,3124.24,0.59,67.86,9.92,24.8,290.7,345.28,22.8
2021-11-13 03:30:00,5,2937.32,0.1,54.15,19.31,24.32,299.95,350.45,19.51
2021-11-13 04:30:00,5,2910.61,0.03,45.93,26.82,24.8,329.22,377.03,15.33
2021-11-13 05:30:00,5,3070.83,0.03,45.24,29.68,25.99,374.74,422.32,12.29
2021-11-13 06:30:00,5,3524.78,0.54,58.26,20.74,31.47,435.21,489.19,14.19
2021-11-13 07:30:00,5,4432.68,9.28,82.25,3.4,43.39,513.84,584.01,22.55
2021-11-13 08:30:00,5,5020.14,27.27,87.74,7.24,53.41,563.6,643.55,28.63
2021-11-13 09:30:00,5,5126.95,25.7,94.59,31.83,61.99,581.47,661.9,33.44
2021-11-13 10:30:00,5,5393.98,17.21,104.19,88.69,71.53,623.47,710.07,36.48
2021-11-13 11:30:00,5,5393.98,9.05,97.33,191.69,79.15,664.36,753.29,35.46
2021-11-13 12:30:00,5,2456.67,1.51,28.1,311.85,90.6,351.36,389.54,17.99
2021-11-13 13:30:00,5,1869.2,0.95,17.82,294.69,71.53,263.29,293.55,14.19
2021-11-13 14:30:00,5,1708.98,0.8,17.48,283.24,61.99,237.22,265.15,14.31
2021-11-13 15:30:00,5,2109.53,1.55,40.44,231.74,61.99,245.69,279.56,19.25
2021-11-13 16:30:00,5,2883.91,1.77,80.88,153.06,64.85,272.73,318.35,25.33
2021-11-13 17:30:00,5,3524.78,0.38,120.64,75.82,64.85,285.66,339.78,29.89
2021-11-13 18:30:00,5,4005.43,0.03,141.2,32.19,65.8,301.95,363.29,35.97
2021-11-13 19:30:00,5,4165.65,0.07,128.87,26.46,65.8,320.08,388.29,40.53
2021-11-13 20:30:00,5,4058.84,0.02,108.3,31.47,60.56,326.48,396.79,42.05
2021-11-13 21:30:00,5,3952.03,0.04,97.33,29.33,53.88,325.15,394.18,42.56
2021-11-13 22:30:00,5,4005.43,0.36,98.71,17.17,49.11,329.89,400.19,43.06
2021-11-13 23:30:00,5,3791.81,0.84,93.22,11.27,39.1,308.76,371.95,38
2021-11-14 00:30:00,5,3204.35,0.43,78.14,13.77,27.42,263.54,312.71,28.88
2021-11-14 01:30:00,5,2777.1,0.19,63.75,16.99,23.37,237.04,278.29,25.33
2021-11-14 02:30:00,5,2563.48,0.18,55.52,16.63,22.65,225.53,264.15,24.32
2021-11-14 03:30:00,5,2510.07,0.44,52.78,12.16,23.13,225.69,265.58,23.05
2021-11-14 04:30:00,5,2590.18,1.9,52.78,4.87,23.6,232.35,274.63,21.03
2021-11-14 05:30:00,5,2723.69,7.26,52.78,0.86,25.99,243.64,289.01,20.52
2021-11-14 06:30:00,5,3311.16,23.92,54.84,0.06,34.33,281.44,337.1,26.6
2021-11-14 07:30:00,5,4646.3,66.16,61.01,0.07,49.59,362.94,442.88,43.57
2021-11-14 08:30:00,5,5500.79,101.03,67.86,1.86,57.7,403.16,493.92,52.18
2021-11-14 09:30:00,5,4486.08,62.58,82.94,13.23,61.04,351.49,423.29,46.61
2021-11-14 10:30:00,5,4539.49,39.79,105.56,43.63,72.48,378.25,452.73,46.1
2021-11-14 11:30:00,5,4753.11,21.01,122.01,113.01,85.83,439.54,516.7,44.08
2021-11-14 12:30:00,5,2296.45,2.26,35.99,280.38,84.88,263.42,291.96,21.79
2021-11-14 13:30:00,5,1762.39,1.19,21.08,286.1,62.94,201.73,223.41,16.72
2021-11-14 14:30:00,5,1628.88,0.99,21.25,277.52,58.65,183.17,203.56,16.21
2021-11-14 15:30:00,5,2803.8,4.14,79.51,183.11,71.53,236.22,276.63,27.11
2021-11-14 16:30:00,5,4646.3,9.95,161.77,63.66,88.69,325.48,395.3,40.53
2021-11-14 17:30:00,5,6301.88,45.15,205.64,2.86,108.72,393.87,487.03,59.28
2021-11-14 18:30:00,5,8010.86,105.5,208.38,0,143.05,477,594.43,87.14
2021-11-14 19:30:00,5,9078.98,134.11,194.67,0,165.94,550.3,691.94,110.45
2021-11-14 20:30:00,5,8972.17,130.53,164.51,0,158.31,567.65,718.49,116.53
2021-11-14 21:30:00,5,8331.3,118.02,135.72,0,131.61,553.35,700.23,109.43
2021-11-14 22:30:00,5,7690.43,103.71,116.53,0,97.27,528.79,664.2,90.18
2021-11-14 23:30:00,5,6515.5,79.57,104.19,0,61.04,456.61,568.39,60.8
2021-11-15 00:30:00,5,4806.52,45.6,95.96,0,35.76,339.18,414.28,35.46
2021-11-15 01:30:00,5,3898.62,28.16,86.37,0.01,32.9,280.61,340.64,29.64
2021-11-15 02:30:00,5,3417.97,21.01,77.46,0.04,32.42,257.85,313.16,28.88
2021-11-15 03:30:00,5,3150.94,18.55,67.86,0.06,32.42,249.29,302.79,28.88
2021-11-15 04:30:00,5,2964.02,17.43,61.01,0.09,31.47,243.53,293.36,28.37
2021-11-15 05:30:00,5,2750.4,18.55,55.52,0.08,30.99,233.19,278.36,28.37
2021-11-15 06:30:00,5,2803.8,25.93,54.15,0.04,38.62,235.18,280.47,34.96
2021-11-15 07:30:00,5,3898.62,57.22,63.75,0.08,55.31,297.87,363.77,48.13
2021-11-15 08:30:00,5,5020.14,97.45,69.23,1.79,68.66,354.59,438.53,56.24
2021-11-15 09:30:00,5,5393.98,99.24,87.05,8.4,82.02,377.44,465.52,56.24
2021-11-15 10:30:00,5,5607.6,69.74,120.64,27.89,98.23,413.5,507.35,55.22
2021-11-15 11:30:00,5,5447.39,32.63,143.95,88.69,110.63,459.17,553.13,49.14
2021-11-15 12:30:00,5,1642.23,4.3,47.3,211.72,108.72,216.06,246.58,13.55
2021-11-15 13:30:00,5,1148.22,2.32,28.1,220.3,80.11,163.93,185.83,9.63
2021-11-15 14:30:00,5,1001.36,1.79,25.02,214.58,71.53,141.41,160.56,8.99
2021-11-15 15:30:00,5,1895.9,5.36,68.55,141.62,82.97,178.83,213.55,20.27
2021-11-15 16:30:00,5,3524.78,15.2,135.72,45.06,96.32,254.63,316.48,33.94
2021-11-15 17:30:00,5,4913.33,52.75,161.77,1.92,97.27,308.81,389.96,43.57
2021-11-15 18:30:00,5,5928.04,91.2,153.54,0,99.18,361.56,457.85,54.72
2021-11-15 19:30:00,5,6034.85,85.83,134.35,0,96.32,392.94,498.6,61.3
2021-11-15 20:30:00,5,4966.74,46.94,115.16,0.01,82.97,357.64,452.18,55.73
2021-11-15 21:30:00,5,4005.43,17.66,102.82,0.15,69.62,313.06,393.63,49.65
2021-11-15 22:30:00,5,4325.87,29.5,93.22,0.01,66.76,342.38,434.01,53.7
2021-11-15 23:30:00,5,4325.87,38.44,83.63,0,55.79,340.62,431.38,48.64
2021-11-16 00:30:00,5,3685,35.76,72.66,0,40.05,294.55,369.59,36.48
2021-11-16 01:30:00,5,3150.94,29.06,63.06,0,33.38,260.67,323.19,31.66
2021-11-16 02:30:00,5,2830.51,24.36,56.21,0,30.99,243.61,298.74,29.39
2021-11-16 03:30:00,5,2643.59,21.46,51.41,0.01,29.8,234.26,285.19,27.61
2021-11-16 04:30:00,5,2536.77,19.89,48.67,0.01,29.09,226.63,272.91,25.59
2021-11-16 05:30:00,5,2510.07,22.58,46.61,0,29.8,223.36,266.37,23.81
2021-11-16 06:30:00,5,2937.32,36.66,47.3,0,37.67,245.81,294.06,28.37
2021-11-16 07:30:00,5,4058.84,73.31,50.72,0.05,53.88,312.3,381.27,42.05
2021-11-16 08:30:00,5,5126.95,111.76,56.89,1.3,67.71,365.66,451.63,51.68
2021-11-16 09:30:00,5,5126.95,104.61,74.71,6.88,82.97,372.2,457.65,53.7
2021-11-16 10:30:00,5,5340.58,76.89,106.93,23.25,98.23,407.32,500.45,54.72
2021-11-16 11:30:00,5,5233.76,38.44,137.09,73.67,110.63,452.13,550.27,50.16
2021-11-16 12:30:00,5,1789.09,4.58,47.3,205.99,97.27,250.91,286.77,15.33
2021-11-16 13:30:00,5,1308.44,2.32,28.79,226.02,74.39,204.03,230.64,11.02
2021-11-16 14:30:00,5,1214.98,1.63,26.05,231.74,67.71,193.27,217.49,11.15
2021-11-16 15:30:00,5,1976.01,3.44,62.38,173.09,75.34,229.44,265.83,20.27
2021-11-16 16:30:00,5,3364.56,5.92,128.87,76.53,84.88,294.72,353.46,31.92
2021-11-16 17:30:00,5,4539.49,20.34,178.22,6.26,85.83,341.97,417.99,40.53
2021-11-16 18:30:00,5,5500.79,50.51,172.73,0,88.69,387.95,478,50.66
2021-11-16 19:30:00,5,5661.01,48.28,153.54,0,87.74,419.04,520.33,56.74
2021-11-16 20:30:00,5,5126.95,27.94,131.61,0.05,79.15,409.37,511.65,56.24
2021-11-16 21:30:00,5,4753.11,18.55,115.16,0.12,71.53,400.95,503.05,55.22
2021-11-16 22:30:00,5,4966.74,28.61,102.82,0.01,67.71,424.23,536.28,57.76
2021-11-16 23:30:00,5,4806.52,35.76,91.85,0,55.31,414.33,524.4,50.66
2021-11-17 00:30:00,5,4112.24,32.19,80.2,0,40.05,361.81,452.32,36.48
2021-11-17 01:30:00,5,3578.19,24.14,70.6,0.01,33.86,326.87,401.54,29.39
2021-11-17 02:30:00,5,3231.05,19.22,63.75,0.03,31.47,310.78,375.15,24.07
2021-11-17 03:30:00,5,3257.75,22.58,55.52,0.01,29.8,316.68,380.41,19
2021-11-17 04:30:00,5,3471.37,29.95,50.04,0,30.28,334.02,400.08,16.47
2021-11-17 05:30:00,5,3685,38.44,47.98,0,33.86,348.06,414.23,17.73
2021-11-17 06:30:00,5,4539.49,65.27,49.35,0,46.73,402.45,479.85,26.6
2021-11-17 07:30:00,5,6942.75,143.05,55.52,0.03,69.62,556.02,672.42,46.1
2021-11-17 08:30:00,5,9719.85,239.61,68.55,0.8,85.83,710.08,859.61,61.3
2021-11-17 09:30:00,5,7370,141.26,112.41,8.67,95.37,566.59,674.2,58.77
2021-11-17 10:30:00,5,7904.05,87.62,180.96,37.55,114.44,648.46,762.01,62.82
2021-11-17 11:30:00,5,7797.24,33.53,205.64,133.04,123.98,744.3,865.84,56.24
2021-11-17 12:30:00,5,2670.29,8.94,94.59,208.85,236.51,352.94,397.38,16.72
2021-11-17 13:30:00,5,1815.8,6.37,69.23,211.72,211.72,280.46,314.35,9.25
2021-11-17 14:30:00,5,1522.06,4.97,63.75,211.72,202.18,266.1,297.42,7.85
2021-11-17 15:30:00,5,3070.83,12.74,124.75,120.16,177.38,351.69,407.04,27.36
2021-11-17 16:30:00,5,5714.42,45.15,197.41,26.82,162.12,492.33,582.97,52.18
2021-11-17 17:30:00,5,8651.73,144.84,222.09,0.99,186.92,634.63,760.6,84.1
2021-11-17 18:30:00,5,11749.27,253.92,227.57,0,232.7,793.97,957.14,125.65
2021-11-17 19:30:00,5,14526.37,321.87,216.6,0,234.6,983.89,1189.85,145.91
2021-11-17 20:30:00,5,17089.84,375.51,202.89,0,200.27,1213.63,1453.11,137.81
2021-11-17 21:30:00,5,19439.7,414.85,194.67,0,167.85,1421.48,1683.25,125.65
2021-11-17 22:30:00,5,21148.68,439.88,189.19,0,150.68,1567.4,1836.56,119.57
2021-11-17 23:30:00,5,20721.44,418.42,180.96,0,129.7,1568.93,1826.87,101.33
2021-11-18 00:30:00,5,15380.86,275.37,180.96,0,114.44,1222.99,1404.53,63.84
2021-11-18 01:30:00,5,13565.06,232.46,186.44,0,99.18,1127.05,1278.74,51.68
2021-11-18 02:30:00,5,13244.63,225.31,189.19,0,85.83,1120.09,1258.69,46.1
2021-11-18 03:30:00,5,13671.88,239.61,178.22,0,66.76,1196.5,1346.27,36.98
2021-11-18 04:30:00,5,14739.99,271.8,157.65,0,56.27,1340.46,1518.22,27.11
2021-11-18 05:30:00,5,15594.48,293.25,138.46,0,64.85,1453.5,1648.1,28.12
2021-11-18 06:30:00,5,16235.35,311.14,122.01,0,92.51,1517.75,1729.2,43.06
2021-11-18 07:30:00,5,17730.71,368.36,109.67,0.02,110.63,1627.52,1870.69,55.73
2021-11-18 08:30:00,5,19226.07,439.88,115.16,0.44,114.44,1708.09,1969.93,52.69
2021-11-18 09:30:00,5,14099.12,296.83,175.48,3.98,139.24,1337.61,1511.89,37.49
2021-11-18 10:30:00,5,13565.06,212.79,276.92,16.99,152.59,1349.44,1516.2,42.56
2021-11-18 11:30:00,5,13565.06,73.31,394.82,100.14,175.48,1490.2,1656.89,40.02
2021-11-18 12:30:00,5,3845.21,46.04,241.28,86.55,446.32,633.86,687.1,0.7
2021-11-18 13:30:00,5,2723.69,28.61,191.93,101.57,362.4,450.62,488.91,0.24
2021-11-18 14:30:00,5,2563.48,19.45,186.44,111.58,339.51,415.97,452.38,0.01
2021-11-18 15:30:00,5,4325.87,38.89,230.31,49.35,308.99,548.12,613.86,19.51
2021-11-18 16:30:00,5,7476.81,116.23,282.41,7.6,328.06,736.84,852.88,65.86
2021-11-18 17:30:00,5,10787.96,228.88,320.79,0.46,377.66,901.94,1070.15,113.49
2021-11-18 18:30:00,5,14099.12,336.17,356.44,0,442.5,1072.65,1293.03,170.23
2021-11-18 19:30:00,5,17303.47,396.97,372.89,0,488.28,1293.3,1558.42,231.03
2021-11-18 20:30:00,5,18371.58,379.09,356.44,0,450.13,1442.18,1718.54,241.16
2021-11-18 21:30:00,5,14953.61,243.19,301.6,0,274.66,1276.22,1491.14,139.83
2021-11-18 22:30:00,5,13351.44,185.97,268.7,0,205.99,1199.34,1393.79,106.39
2021-11-18 23:30:00,5,12496.95,162.72,252.25,0,171.66,1151.89,1331.46,91.2
2021-11-19 00:30:00,5,12390.14,166.3,241.28,0,131.61,1159.48,1342.76,77.01
2021-11-19 01:30:00,5,12603.76,173.45,227.57,0,144.96,1185.61,1391.26,93.22
2021-11-19 02:30:00,5,12069.7,162.72,222.09,0,181.2,1148.5,1361.62,129.7
2021-11-19 03:30:00,5,10360.72,128.75,216.6,0,204.09,1003.32,1203.39,174.28
2021-11-19 04:30:00,5,8224.49,94.77,183.7,0,183.11,813.03,975.8,186.44
2021-11-19 05:30:00,5,6462.1,75.1,135.72,0,133.51,650.78,774.4,143.89
2021-11-19 06:30:00,5,5981.45,85.83,97.33,0,77.25,577.04,684.8,57.25
2021-11-19 07:30:00,5,7583.62,153.78,78.14,0.03,75.34,643.89,774.92,43.57
2021-11-19 08:30:00,5,9719.85,239.61,76.77,0.69,84.88,731.68,888.77,48.13
2021-11-19 09:30:00,5,5554.2,89.41,108.3,10.82,92.51,465.4,551.66,44.08
2021-11-19 10:30:00,5,5661.01,61.69,132.98,32.19,107.77,500.95,596.49,50.16
2021-11-19 11:30:00,5,5500.79,33.08,149.43,84.4,121.12,542.33,645.29,47.12
2021-11-19 12:30:00,5,1789.09,7.26,62.38,163.08,141.14,282.51,317.96,9.88
2021-11-19 13:30:00,5,1348.5,4.58,47.3,185.97,123.98,227.57,254.12,6.97
2021-11-19 14:30:00,5,1281.74,3.38,45.24,197.41,116.35,202.29,226.48,7.92
2021-11-19 15:30:00,5,2883.91,13.75,113.79,101.57,112.53,257.29,306.13,26.85
2021-11-19 16:30:00,5,5447.39,64.37,171.36,15.38,110.63,355.12,441.19,46.1
2021-11-19 17:30:00,5,7690.43,160.93,174.11,0.6,112.53,428.93,540.16,60.8
2021-11-19 18:30:00,5,9719.85,243.19,168.62,0,129.7,516.94,653.33,84.1
2021-11-19 19:30:00,5,10894.78,264.64,154.91,0,137.33,604.06,764.7,100.31
2021-11-19 20:30:00,5,10787.96,236.03,134.35,0,125.89,644.48,818.2,103.35
2021-11-19 21:30:00,5,10574.34,209.21,117.9,0,111.58,678.97,858.33,99.3
2021-11-19 22:30:00,5,10787.96,205.64,105.56,0,101.09,734.68,925.29,95.25
2021-11-19 23:30:00,5,10574.34,200.27,93.22,0,82.97,736.23,923.25,78.02
2021-11-20 00:30:00,5,9078.98,177.03,80.2,0,54.84,641.86,803.04,48.64
2021-11-20 01:30:00,5,7156.37,134.11,67.86,0,34.81,525.55,651.69,26.6
2021-11-20 02:30:00,5,5447.39,90.3,59.63,0,26.46,423.3,518.19,15.83
2021-11-20 03:30:00,5,3578.19,38.89,58.26,0,24.56,308.46,368.43,12.16
2021-11-20 04:30:00,5,2883.91,19.89,56.21,0.04,25.03,271.3,318.94,12.29
2021-11-20 05:30:00,5,2803.8,16.54,55.52,0.08,28.13,270.76,315.22,14.06
2021-11-20 06:30:00,5,3177.64,23.92,60.32,0.03,37.67,299.36,349.91,20.52
2021-11-20 07:30:00,5,4165.65,50.96,67.86,0.02,53.41,363.36,431.08,32.93
2021-11-20 08:30:00,5,4859.92,68.84,82.94,0.73,64.85,403.48,482.31,39.52
2021-11-20 09:30:00,5,4432.68,41.57,108.3,9.12,73.43,384.58,453.93,37.49
2021-11-20 10:30:00,5,4646.3,35.32,117.9,33.62,87.74,417.19,491.95,40.02
2021-11-20 11:30:00,5,4699.71,23.47,123.38,90.12,102.04,457.46,536.67,38.5
2021-11-20 12:30:00,5,2056.12,6.15,58.26,188.83,101.09,271.79,305.42,13.81
2021-11-20 13:30:00,5,1588.82,3.86,42.84,211.72,83.92,216.24,242.63,10.77
2021-11-20 14:30:00,5,1468.66,2.79,40.1,223.16,78.2,200.09,224.54,11.02
2021-11-20 15:30:00,5,2323.15,5.03,82.94,147.34,77.25,234.86,274.17,21.03
2021-11-20 16:30:00,5,3898.62,14.08,152.17,36.84,77.25,298.77,363.7,32.42
2021-11-20 17:30:00,5,5340.58,64.37,164.51,0.61,77.25,346.45,431.89,41.54
2021-11-20 18:30:00,5,6568.91,116.23,150.8,0,82.02,398.26,502.37,53.7
2021-11-20 19:30:00,5,6942.75,121.59,131.61,0,81.06,438.22,556.37,61.81
2021-11-20 20:30:00,5,6355.29,91.2,112.41,0,70.57,429.76,545.22,59.78
2021-11-20 21:30:00,5,5340.58,53.64,102.82,0,60.56,395.83,497.48,53.2
2021-11-20 22:30:00,5,5180.36,45.6,95.96,0,57.22,400.22,503.91,52.69
2021-11-20 23:30:00,5,4699.71,39.34,89.11,0,47.68,370.59,467.96,44.58
2021-11-21 00:30:00,5,3685,25.93,80.2,0.03,34.33,304.08,382.11,31.16
2021-11-21 01:30:00,5,2937.32,11.51,71.97,0.51,29.09,262.31,323.78,25.33
2021-11-21 02:30:00,5,2456.67,2.93,63.75,3.98,27.18,243.86,292.89,23.31
2021-11-21 03:30:00,5,2136.23,0.38,52.09,13.23,26.23,238.08,278.78,22.04
2021-11-21 04:30:00,5,2002.72,0.08,45.24,21.99,25.27,244.04,279.1,21.03
2021-11-21 05:30:00,5,1976.01,0.03,42.84,30.04,25.99,253.05,284.3,20.52
2021-11-21 06:30:00,5,2109.53,0.04,49.35,33.62,30.99,269.06,301.15,22.29
2021-11-21 07:30:00,5,2696.99,1.72,71.97,15.2,41.01,307.25,350.39,28.37
2021-11-21 08:30:00,5,3231.05,14.98,78.83,14.31,48.16,335.2,386.96,31.92
2021-11-21 09:30:00,5,3391.27,22.13,76.09,37.19,53.88,346.56,401.79,32.93
2021-11-21 10:30:00,5,3311.16,17.66,73.34,72.24,59.13,349.75,406.62,31.92
2021-11-21 11:30:00,5,2803.8,9.95,60.32,124.45,60.56,326.59,375.82,27.11
2021-11-21 12:30:00,5,1161.58,2.88,24.33,173.09,45.78,144.59,161.8,12.03
2021-11-21 13:30:00,5,961.3,1.98,18.68,181.67,37.67,117.6,130.62,11.02
2021-11-21 14:30:00,5,974.66,1.73,19.19,185.97,37.67,109.98,121.89,11.65
2021-11-21 15:30:00,5,1308.44,2.49,33.93,160.22,41.01,118.33,134.94,15.58
2021-11-21 16:30:00,5,1815.8,2.54,59.63,115.87,44.35,139.91,164.25,20.52
2021-11-21 17:30:00,5,2216.34,0.47,87.74,63.66,44.35,156.32,186.3,24.83
2021-11-21 18:30:00,5,2536.77,0.03,100.08,32.54,45.78,175.68,211.27,29.89
2021-11-21 19:30:00,5,2536.77,0.02,87.74,33.26,45.3,189.18,228.99,33.44
2021-11-21 20:30:00,5,2269.74,0,67.86,47.92,40.53,186.28,224.29,33.94
2021-11-21 21:30:00,5,2002.72,0,54.15,57.22,36.72,176.19,210.54,32.93
2021-11-21 22:30:00,5,1895.9,0,48.67,57.22,34.33,170.16,202.26,32.17
2021-11-21 23:30:00,5,1695.63,0,42.5,60.8,29.56,160,186.84,28.37
2021-11-22 00:30:00,5,1428.6,0,34.27,70.81,26.23,151.84,171.4,23.56
2021-11-22 01:30:00,5,1361.85,0,30.16,78.68,29.8,161.86,179.54,21.53
2021-11-22 02:30:00,5,1335.14,0,26.73,83.68,31.47,174.77,191.8,18.75
2021-11-22 03:30:00,5,1335.14,0,24.33,85.12,30.04,182.82,199.69,15.58
2021-11-22 04:30:00,5,1348.5,0,23.65,82.97,28.61,187.06,204.43,13.3
2021-11-22 05:30:00,5,1401.9,0,25.36,79.39,29.8,190.2,208.44,11.65
2021-11-22 06:30:00,5,1588.82,0,33.59,69.38,35.29,200.16,222.33,13.05
2021-11-22 07:30:00,5,2002.72,0.11,52.78,48.64,43.87,219.82,250.64,19.25
2021-11-22 08:30:00,5,2243.04,4.64,62.38,40.41,50.07,228.61,263.97,23.31
2021-11-22 09:30:00,5,2162.93,9.72,53.47,61.51,55.79,223.95,259.02,24.07
2021-11-22 10:30:00,5,2029.42,8.83,46.61,90.84,60.56,218.59,253.54,23.56
2021-11-22 11:30:00,5,1762.39,6.15,38.73,128.75,61.99,199.9,230.61,20.27
2021-11-22 12:30:00,5,1068.12,3.02,22.62,155.93,46.73,121.55,140.23,11.65
2021-11-22 13:30:00,5,881.2,2.29,18.51,161.65,40.53,96.65,112.41,10.26
2021-11-22 14:30:00,5,821.11,1.9,18.51,164.51,40.05,90.22,105.47,10.77
2021-11-22 15:30:00,5,934.6,2.07,26.39,157.36,45.78,95.18,112.46,13.17
2021-11-22 16:30:00,5,1121.52,1.56,39.41,138.76,51.5,103.61,123.57,16.21
2021-11-22 17:30:00,5,1295.09,0.21,51.41,113.01,52.93,110.9,133.14,19.51
2021-11-22 18:30:00,5,1482.01,0,58.26,95.84,54.36,122.72,148.5,23.56
2021-11-22 19:30:00,5,1602.17,0,56.21,88.69,52.45,136.12,166.03,27.61
2021-11-22 20:30:00,5,1615.52,0,50.72,85.12,46.73,144.06,175.71,29.39
2021-11-22 21:30:00,5,1602.17,0,46.61,79.39,41.96,148.53,179.95,29.39
2021-11-22 22:30:00,5,1602.17,0,45.24,73.67,38.62,152.91,184.32,29.13
2021-11-22 23:30:00,5,1482.01,0,41.47,70.81,32.9,149.02,176.18,26.09
2021-11-23 00:30:00,5,1255.04,0,34.62,72.24,25.99,138.78,159.88,21.79
2021-11-23 01:30:00,5,1174.93,0,29.13,73.67,23.37,136.41,155.13,20.52
2021-11-23 02:30:00,5,1134.87,0,26.39,74.39,22.41,138.49,156.04,19.76
2021-11-23 03:30:00,5,1121.52,0,24.33,75.1,21.93,139.02,155.82,19
2021-11-23 04:30:00,5,1108.17,0,23.65,73.67,21.93,140.7,157.03,16.72
2021-11-23 05:30:00,5,1134.87,0,25.7,68.66,23.6,143.94,160.5,14.06
2021-11-23 06:30:00,5,1308.44,0,35.3,55.07,30.04,157.82,178.23,14.31
2021-11-23 07:30:00,5,1735.69,0.39,58.26,29.68,41.48,184.83,214.55,19
2021-11-23 08:30:00,5,1976.01,7.6,67.17,18.78,50.54,202.53,237.2,21.28
2021-11-23 09:30:00,5,1869.2,14.53,57.58,35.41,58.17,201.73,236.51,21.79
2021-11-23 10:30:00,5,1789.09,15.2,52.09,54.36,66.76,200.73,236.79,23.05
2021-11-23 11:30:00,5,1668.93,11.62,47.98,81.54,72.48,197.45,232.35,21.79
2021-11-23 12:30:00,5,1121.52,3.58,26.73,154.5,58.65,170.41,194.55,10.89
2021-11-23 13:30:00,5,988.01,2.43,21.59,170.23,47.68,147.3,168.18,10.01
2021-11-23 14:30:00,5,947.95,2.1,22.28,170.23,44.82,133.79,153.39,10.77
2021-11-23 15:30:00,5,1655.58,5.31,55.52,121.59,54.36,160.66,191.79,19
2021-11-23 16:30:00,5,2883.91,12.74,112.41,46.49,66.76,214.5,265.06,29.64
2021-11-23 17:30:00,5,3952.03,41.57,141.2,2.41,71.53,257.97,322.86,38
2021-11-23 18:30:00,5,5714.42,107.29,139.83,0,83.92,345.64,438.46,54.21
2021-11-23 19:30:00,5,7476.81,155.57,131.61,0,98.23,469.46,600.24,73.97
2021-11-23 20:30:00,5,8224.49,160.93,117.9,0,102.04,552.62,706.68,85.12
2021-11-23 21:30:00,5,8438.11,155.57,109.67,0,102.04,608.31,774.47,90.18
2021-11-23 22:30:00,5,8865.36,151.99,104.19,0,101.09,662.07,834.4,91.2
2021-11-23 23:30:00,5,8651.73,143.05,98.71,0,86.78,658.15,821.64,77.01
2021-11-24 00:30:00,5,7476.81,119.81,93.22,0,63.9,583.3,722.69,52.69
2021-11-24 01:30:00,5,6942.75,109.08,85.68,0,54.36,558.47,684.47,42.05
2021-11-24 02:30:00,5,7049.56,113.55,78.14,0,51.98,585.05,708.84,36.48
2021-11-24 03:30:00,5,7156.37,118.02,70.6,0,51.5,614.58,738.02,32.42
2021-11-24 04:30:00,5,7156.37,118.02,68.55,0,54.84,623.56,741.17,30.65
2021-11-24 05:30:00,5,6782.53,109.08,74.71,0,60.08,607.71,713.92,31.41
2021-11-24 06:30:00,5,6622.31,107.29,82.94,0,70.57,589.8,691.93,42.05
2021-11-24 07:30:00,5,8331.3,168.09,89.11,0.02,83.92,683.16,812.65,61.81
2021-11-24 08:30:00,5,11428.83,293.25,95.96,0.74,93.46,856.2,1023.88,81.06
2021-11-24 09:30:00,5,14739.99,389.81,127.49,3.13,102.04,1065.28,1259.97,88.16
2021-11-24 10:30:00,5,17303.47,364.78,252.25,11.18,114.44,1291.12,1507.57,85.12
2021-11-24 11:30:00,5,18371.58,180.6,460.62,57.94,125.89,1514.58,1736.5,67.89
2021-11-24 12:30:00,5,2964.02,12.74,112.41,171.66,165.94,326.87,363.76,14.82
2021-11-24 13:30:00,5,2056.12,7.71,82.25,191.69,148.77,257.13,284.94,11.27
2021-11-24 14:30:00,5,1869.2,6.31,85,194.55,164.03,253.12,280.17,10.64
2021-11-24 15:30:00,5,3524.78,17.88,165.88,98.71,190.73,348.7,402,28.12
2021-11-24 16:30:00,5,6301.88,63.48,235.8,16.27,185.01,485.6,573.89,47.62
2021-11-24 17:30:00,5,8544.92,135.9,238.54,0.68,154.5,553.99,663.7,58.26
2021-11-24 18:30:00,5,10253.91,189.54,227.57,0,131.61,596.88,726.03,69.92
2021-11-24 19:30:00,5,11001.59,205.64,202.89,0,111.58,652.17,803.38,80.05
2021-11-24 20:30:00,5,10467.53,180.6,172.73,0,92.51,682.13,838.63,81.06
2021-11-24 21:30:00,5,7583.62,95.67,142.57,0,70.57,594.65,721.46,64.34
2021-11-24 22:30:00,5,6462.1,67.95,126.12,0,58.17,567.76,686.42,50.66
2021-11-24 23:30:00,5,5874.63,62.58,116.53,0,45.78,547.68,655.46,31.92
2021-11-25 00:30:00,5,5287.17,56.77,105.56,0,32.42,512.74,603.92,17.23
2021-11-25 01:30:00,5,4966.74,51.41,91.85,0,27.42,508.17,591.96,12.67
2021-11-25 02:30:00,5,4592.9,41.13,79.51,0,26.7,513.97,591.3,11.91
2021-11-25 03:30:00,5,4379.27,33.53,69.92,0,27.66,528.82,601.49,11.4
2021-11-25 04:30:00,5,4112.24,27.72,63.75,0.01,27.18,532.61,597.6,9.5
2021-11-25 05:30:00,5,3791.81,22.35,60.32,0.04,28.13,521.52,576.97,8.61
2021-11-25 06:30:00,5,3685,22.8,61.01,0.08,36.72,519,572.52,11.4
2021-11-25 07:30:00,5,4753.11,51.86,73.34,0.04,52.45,590.54,663.62,18.24
2021-11-25 08:30:00,5,6088.26,95.67,84.31,1.5,65.8,663,754.76,24.07
2021-11-25 09:30:00,5,5714.42,71.53,105.56,11.98,75.34,625.14,712.31,26.09
2021-11-25 10:30:00,5,5554.2,46.04,124.75,38.98,78.2,619.18,709.08,32.93
2021-11-25 11:30:00,5,5180.36,24.36,128.87,94.41,81.06,610.98,698.03,33.44
2021-11-25 12:30:00,5,1842.5,7.82,69.23,165.94,121.12,279.2,309.04,12.54
2021-11-25 13:30:00,5,1468.66,6.2,61.01,175.95,114.44,230.69,253.67,10.77
2021-11-25 14:30:00,5,1401.9,5.36,64.43,177.38,115.39,218.93,240.62,11.15
2021-11-25 15:30:00,5,3097.53,19,139.83,83.68,125.89,297.49,344.68,30.4
2021-11-25 16:30:00,5,5714.42,72.42,200.15,12.16,139.24,427.63,508.29,59.78
2021-11-25 17:30:00,5,7690.43,155.57,200.15,0.48,158.31,508.61,607.8,89.17
2021-11-25 18:30:00,5,9185.79,216.36,197.41,0,185.01,578.45,693.4,123.62
2021-11-25 19:30:00,5,9826.66,227.09,186.44,0,190.73,639.25,771.73,143.89
2021-11-25 20:30:00,5,9292.6,198.48,159.03,0,154.5,638.3,778.01,129.7
2021-11-25 21:30:00,5,7904.05,150.2,131.61,0,94.41,570.21,702.2,86.13
2021-11-25 22:30:00,5,6942.75,125.17,115.16,0,64.85,511.36,633.78,55.73
2021-11-25 23:30:00,5,5874.63,101.92,108.3,0,42.92,426.73,526.57,30.91
2021-11-26 00:30:00,5,4005.43,54.54,101.45,0,25.27,292.74,354.29,13.55
2021-11-26 01:30:00,5,3204.35,35.32,89.11,0,22.41,247.96,297.32,10.51
2021-11-26 02:30:00,5,2883.91,27.72,74.03,0.01,23.84,235.75,281.83,10.39
2021-11-26 03:30:00,5,2777.1,26.6,62.38,0.01,27.42,239.94,287.41,11.91
2021-11-26 04:30:00,5,2777.1,29.06,52.78,0,32.9,249.73,300.48,14.69
2021-11-26 05:30:00,5,2964.02,38,46.61,0,41.96,267.97,323.89,20.27
2021-11-26 06:30:00,5,4005.43,71.53,45.93,0,59.13,339.63,413.31,30.65
2021-11-26 07:30:00,5,6782.53,162.72,51.41,0.01,73.43,515.61,632.15,35.46
2021-11-26 08:30:00,5,9826.66,286.1,62.38,0.4,77.25,690.86,840.92,33.44
2021-11-26 09:30:00,5,6835.94,180.6,80.88,3.76,77.25,471.06,567.08,30.4
2021-11-26 10:30:00,5,7156.37,151.99,123.38,11.8,90.6,490.97,589.75,42.05
2021-11-26 11:30:00,5,7797.24,98.35,205.64,38.98,108.72,570.49,676.72,44.58
2021-11-26 12:30:00,5,3017.43,33.97,153.54,82.97,255.58,287.29,328.7,23.05
2021-11-26 13:30:00,5,2483.37,30.4,153.54,85.12,308.99,265.39,302.71,17.73
2021-11-26 14:30:00,5,2349.85,37.1,178.22,65.8,400.54,269.02,307.75,14.82
2021-11-26 15:30:00,5,3952.03,86.72,213.86,23.6,392.91,350.23,415.94,32.17
2021-11-26 16:30:00,5,6515.5,173.45,227.57,4.56,324.25,467.09,567.16,52.69
2021-11-26 17:30:00,5,8544.92,250.34,230.31,0.29,278.47,523.85,646.25,69.92
2021-11-26 18:30:00,5,9933.47,282.53,233.05,0,267.03,555.35,698.26,94.23
2021-11-26 19:30:00,5,11322.02,296.83,213.86,0,242.23,625.89,800.51,120.58
2021-11-26 20:30:00,5,12496.95,311.14,183.7,0,221.25,719.88,924.34,143.89
2021-11-26 21:30:00,5,12817.38,307.56,152.17,0,192.64,759.86,977.38,149.97
2021-11-26 22:30:00,5,12496.95,296.83,128.87,0,171.66,772.01,991.35,149.97
2021-11-26 23:30:00,5,11642.46,282.53,115.16,0,146.87,738.07,940.58,131.73
2021-11-27 00:30:00,5,10040.28,250.34,101.45,0,104.9,638.78,802.1,89.17
2021-11-27 01:30:00,5,8117.68,202.06,82.25,0,61.04,533.94,661.78,44.58
2021-11-27 02:30:00,5,6515.5,159.14,62.38,0,37.19,456.41,557.16,23.05
2021-11-27 03:30:00,5,5500.79,130.53,47.3,0,29.09,415.34,500.22,16.72
2021-11-27 04:30:00,5,4753.11,106.39,39.07,0,26.46,389.93,461.72,14.57
2021-11-27 05:30:00,5,4219.06,87.62,35.99,0,25.75,367.95,429.45,13.93
2021-11-27 06:30:00,5,4325.87,84.94,36.67,0,30.04,381.22,443.61,15.96
2021-11-27 07:30:00,5,5821.23,128.75,41.47,0.01,41.01,475.01,557.84,18.24
2021-11-27 08:30:00,5,7690.43,200.27,50.04,0.41,48.64,577.24,675.86,18.24
2021-11-27 09:30:00,5,6034.85,126.96,75.4,4.65,50.54,454.45,526.11,20.77
2021-11-27 10:30:00,5,6195.07,95.67,108.3,15.91,55.31,453.69,532.85,29.13
2021-11-27 11:30:00,5,5767.82,48.73,137.09,51.5,57.22,445.44,530.25,31.92
2021-11-27 12:30:00,5,1281.74,9.5,62.38,120.16,122.07,150.83,170.87,8.23
2021-11-27 13:30:00,5,894.55,6.43,50.04,134.47,110.63,122.92,138.83,6.65
2021-11-27 14:30:00,5,827.79,4.25,45.24,147.34,102.04,122.35,137.07,6.97
2021-11-27 15:30:00,5,1869.2,8.83,87.74,90.84,93.46,170.02,199.9,18.75
2021-11-27 16:30:00,5,3631.59,28.61,138.46,18.42,75.34,239.37,293.32,32.93
2021-11-27 17:30:00,5,5073.55,77.78,143.95,0.64,64.85,285.65,356.98,43.57
2021-11-27 18:30:00,5,6301.88,119.81,143.95,0,65.8,332.64,422.3,56.24
2021-11-27 19:30:00,5,6675.72,125.17,132.98,0,61.99,375.98,478.39,57.76
2021-11-27 20:30:00,5,5981.45,92.98,120.64,0,52.45,379.48,476.06,43.06
2021-11-27 21:30:00,5,4058.84,33.53,108.3,0,40.05,310.72,380.2,26.6
2021-11-27 22:30:00,5,3524.78,21.46,95.96,0.03,35.29,302.35,368.1,19.51
2021-11-27 23:30:00,5,3150.94,16.99,85.68,0.08,29.09,296.14,356.87,12.79
2021-11-28 00:30:00,5,2670.29,10.06,75.4,0.43,21.93,279.42,330.04,7.6
2021-11-28 01:30:00,5,2323.15,3.86,63.75,2.48,19.31,275.2,318.09,6.4
2021-11-28 02:30:00,5,2082.82,0.84,51.41,8.85,18.36,277.58,316.01,6.33
2021-11-28 03:30:00,5,1976.01,0.23,43.18,15.38,19.31,285.37,322.17,6.46
2021-11-28 04:30:00,5,1949.31,0.15,40.44,18.06,20.03,294.58,330.63,6.52
2021-11-28 05:30:00,5,2002.72,0.4,42.5,14.84,20.98,304.4,340.6,7.16
2021-11-28 06:30:00,5,2349.85,5.14,50.72,5.01,25.75,329.61,371.98,10.13
2021-11-28 07:30:00,5,3284.45,28.39,61.01,0.14,36.72,385.15,443.47,14.95
2021-11-28 08:30:00,5,4112.24,54.99,69.92,1.63,46.73,430.03,499.14,17.48
2021-11-28 09:30:00,5,3952.03,42.47,81.57,10.91,51.02,420.59,487,18.24
2021-11-28 10:30:00,5,4058.84,38,89.11,26.11,54.84,434.86,508.72,24.07
2021-11-28 11:30:00,5,3898.62,25.03,94.59,56.51,60.08,451.53,529.17,27.11
2021-11-28 12:30:00,5,1508.71,7.04,63.06,141.62,123.98,289.68,318.47,7.41
2021-11-28 13:30:00,5,1214.98,5.42,57.58,157.36,125.89,259.41,282.61,5.57
2021-11-28 14:30:00,5,1174.93,4.08,58.95,163.08,125.89,258.25,280.86,5.51
2021-11-28 15:30:00,5,2483.37,11.4,119.27,83.68,121.12,322.63,364.97,20.77
2021-11-28 16:30:00,5,4753.11,50.07,180.96,11.8,116.35,431.57,502.2,39.52
2021-11-28 17:30:00,5,7049.56,128.75,202.89,0.47,137.33,538.3,632.27,61.3
2021-11-28 18:30:00,5,9399.41,194.91,244.02,0,204.09,669.39,789.5,100.31
2021-11-28 19:30:00,5,11535.64,225.31,285.15,0,282.29,829.09,982.73,147.94
2021-11-28 20:30:00,5,13244.63,236.03,318.05,0,350.95,999.58,1184.94,198.6
2021-11-28 21:30:00,5,14099.12,227.09,326.28,0,381.47,1116.19,1329.6,233.05
2021-11-28 22:30:00,5,13671.88,193.12,301.6,0,339.51,1141.13,1373.4,222.92
2021-11-28 23:30:00,5,11642.46,141.26,249.51,0,225.07,1029.57,1258.53,154.02
2021-11-29 00:30:00,5,8972.17,96.56,189.19,0,108.72,845.97,1047.57,68.9
2021-11-29 01:30:00,5,7476.81,79.57,142.57,0,70.57,736.75,912.8,43.06
2021-11-29 02:30:00,5,6568.91,75.1,109.67,0,58.17,672.86,830.64,34.45
2021-11-29 03:30:00,5,5928.04,72.42,86.37,0,53.88,624.28,765.52,30.4
2021-11-29 04:30:00,5,5340.58,69.74,69.92,0,50.07,585.83,712.23,26.09
2021-11-29 05:30:00,5,4966.74,68.84,61.69,0,48.64,566.31,679.67,23.05
2021-11-29 06:30:00,5,5287.17,84.04,56.89,0,53.88,589.75,702.94,25.33
2021-11-29 07:30:00,5,7263.18,144.84,58.95,0.01,65.8,711.19,851.56,30.65
2021-11-29 08:30:00,5,9292.6,218.15,69.23,0.47,71.53,817.5,975.38,31.41
2021-11-29 09:30:00,5,6301.88,101.92,111.04,8.14,77.25,601.35,704.3,30.65
2021-11-29 10:30:00,5,5821.23,58.11,128.87,30.76,86.78,576.05,676.49,37.49
2021-11-29 11:30:00,5,4913.33,24.14,119.27,90.12,93.46,544.84,635.58,33.44
2021-11-29 12:30:00,5,1335.14,4.3,37.7,164.51,89.65,212.87,239.35,7.73
2021-11-29 13:30:00,5,867.84,2.6,22.96,164.51,55.79,140.28,157.42,6.78
2021-11-29 14:30:00,5,801.09,2.21,22.28,160.22,51.02,125.24,140.43,7.54
2021-11-29 15:30:00,5,1188.28,3.58,41.81,131.61,59.6,143.99,165.17,13.17
2021-11-29 16:30:00,5,1869.2,4.19,77.46,82.97,67.71,180.29,212.12,21.03
2021-11-29 17:30:00,5,2456.67,1.63,115.16,27.89,66.76,209.04,249.22,27.11
2021-11-29 18:30:00,5,2964.02,7.6,123.38,2.28,66.76,236.96,285.92,34.96
2021-11-29 19:30:00,5,3150.94,10.62,111.04,0.82,62.94,256.35,313.04,41.04
2021-11-29 20:30:00,5,3017.43,6.37,98.71,2.35,55.79,258.03,315.9,43.57
2021-11-29 21:30:00,5,2750.4,2.18,87.05,7.06,48.16,244.96,298.44,43.06
2021-11-29 22:30:00,5,2510.07,0.5,76.09,16.09,42.92,227.42,275.61,40.53
2021-11-29 23:30:00,5,2056.12,0.06,61.69,29.33,34.33,192.12,229.01,33.44
2021-11-30 00:30:00,5,1508.71,0,45.24,43.27,25.51,154.58,179,25.59
2021-11-30 01:30:00,5,1268.39,0,35.64,52.93,22.89,139.68,159.1,22.29
2021-11-30 02:30:00,5,1201.63,0,30.85,58.65,25.03,142.35,160.21,19.51
2021-11-30 03:30:00,5,1214.98,0,27.76,65.09,28.61,159.54,177.81,16.09
2021-11-30 04:30:00,5,1281.74,0,26.73,70.81,30.28,186.72,206.54,12.16
2021-11-30 05:30:00,5,1415.25,0,28.45,71.53,30.99,216.7,239.19,9.25
2021-11-30 06:30:00,5,1695.63,0,37.36,62.94,35.29,249.08,277.05,9.5
2021-11-30 07:30:00,5,2216.34,0.1,59.63,40.77,44.35,288.31,326.82,13.43
2021-11-30 08:30:00,5,2563.48,5.53,70.6,30.4,51.02,308.52,352.33,15.45
2021-11-30 09:30:00,5,2510.07,11.06,63.75,45.78,58.17,307.07,350.41,17.23
2021-11-30 10:30:00,5,2429.96,11.4,57.58,68.66,65.8,307.96,351.49,20.77
2021-11-30 11:30:00,5,2216.34,8.38,51.41,104.43,70.57,295.71,335.8,19.51
2021-11-30 12:30:00,5,1428.6,3.69,30.5,150.2,53.88,209.35,236.66,10.51
2021-11-30 13:30:00,5,1214.98,2.63,25.02,165.94,46.25,184.16,208.09,9.63
2021-11-30 14:30:00,5,1188.28,2.29,26.39,168.8,47.21,176.88,200.35,10.89
2021-11-30 15:30:00,5,1895.9,3.8,62.38,117.3,56.27,201.69,236.98,20.01
2021-11-30 16:30:00,5,3204.35,9.95,123.38,34.33,66.76,252.78,308.61,31.66
2021-11-30 17:30:00,5,4432.68,46.04,143.95,1.02,72.48,298.33,370.23,40.53
2021-11-30 18:30:00,5,5928.04,105.5,135.72,0,83.92,377.23,473.23,55.73
2021-11-30 19:30:00,5,7690.43,150.2,123.38,0,95.37,498.66,631.79,74.98
2021-11-30 20:30:00,5,8651.73,162.72,109.67,0,95.37,597.17,761.78,86.13
2021-11-30 21:30:00,5,8972.17,157.36,98.71,0,87.74,657.24,838.5,87.14
2021-11-30 22:30:00,5,8865.36,143.05,95.96,0,78.2,680.66,865.46,74.98
2021-11-30 23:30:00,5,7476.81,106.39,93.22,0,58.65,591.76,752.23,46.1
2021-12-01 00:30:00,5,5126.95,58.11,85,0,39.58,430.24,547.86,23.31
2021-12-01 01:30:00,5,3952.03,35.76,73.34,0,34.33,358.17,454.32,16.97
2021-12-01 02:30:00,5,3284.45,24.59,65.8,0.01,34.33,326.65,407.96,15.2
2021-12-01 03:30:00,5,3124.24,23.02,58.26,0.01,34.33,324.46,400.24,14.19
2021-12-01 04:30:00,5,3337.86,29.95,51.41,0,35.29,347.03,424.67,13.68
2021-12-01 05:30:00,5,3738.4,43.36,47.3,0,39.1,379.97,463.31,15.07
2021-12-01 06:30:00,5,4753.11,74.21,45.24,0,49.59,448.18,546.53,21.79
2021-12-01 07:30:00,5,7156.37,150.2,48.67,0.01,69.62,601.52,736.13,34.45
2021-12-01 08:30:00,5,9292.6,232.46,58.26,0.34,80.11,719.56,880.2,39.01
2021-12-01 09:30:00,5,6675.72,143.05,79.51,2.95,85.83,538.82,645.5,35.97
2021-12-01 10:30:00,5,6942.75,121.59,113.79,9.03,100.14,568.31,681.33,46.1
2021-12-01 11:30:00,5,7263.18,84.94,167.25,26.11,116.35,625.19,745.49,52.18
2021-12-01 12:30:00,5,3578.19,21.23,130.24,87.98,160.22,396,459.25,23.31
2021-12-01 13:30:00,5,2830.51,12.74,109.67,115.87,150.68,350.22,405.44,15.33
2021-12-01 14:30:00,5,2376.56,8.49,95.96,124.45,139.24,314.83,365.74,10.64
2021-12-01 15:30:00,5,2830.51,8.83,116.53,88.69,127.79,338.38,400,18.24
2021-12-01 16:30:00,5,4058.84,16.32,161.77,27.18,113.49,410.25,492.76,31.16
2021-12-01 17:30:00,5,5180.36,49.62,174.11,1.15,99.18,457.55,552.75,40.02
2021-12-01 18:30:00,5,6088.26,85.83,163.14,0,91.55,494.41,602.47,50.66
2021-12-01 19:30:00,5,6622.31,96.56,145.32,0,85.83,525.07,649.81,60.8
2021-12-01 20:30:00,5,6729.13,94.77,123.38,0,79.15,533.84,669.79,63.84
2021-12-01 21:30:00,5,6408.69,86.72,102.82,0,71.53,526.67,664.54,58.26
2021-12-01 22:30:00,5,5874.63,71.53,93.22,0,63.9,496.61,625.08,50.16
2021-12-01 23:30:00,5,4699.71,45.15,89.11,0,50.54,422.42,528.27,36.98
2021-12-02 00:30:00,5,3284.45,14.75,85,0.34,37.19,337.91,411.86,22.29
2021-12-02 01:30:00,5,2590.18,1.9,74.03,6.71,32.42,304.62,360.32,16.21
2021-12-02 02:30:00,5,2269.74,0.09,58.95,21.46,31.47,289.35,334.37,13.43
2021-12-02 03:30:00,5,2162.93,0.02,50.72,28.25,30.52,286.36,326.84,11.91
2021-12-02 04:30:00,5,2269.74,0.09,52.09,22.53,30.52,295.98,337.53,11.15
2021-12-02 05:30:00,5,2483.37,0.95,58.95,11.44,33.38,313.18,358.19,11.4
2021-12-02 06:30:00,5,3070.83,11.96,67.86,1.35,42.92,354.18,409.67,15.71
2021-12-02 07:30:00,5,4219.06,44.26,74.71,0.01,57.7,424.58,501.2,23.31
2021-12-02 08:30:00,5,4966.74,69.74,85.68,0.64,65.8,463.86,552.65,25.08
2021-12-02 09:30:00,5,4913.33,63.48,93.22,3.22,71.53,458.62,545.43,25.33
2021-12-02 10:30:00,5,5180.36,65.27,100.08,6.88,80.11,480.25,577.08,30.91
2021-12-02 11:30:00,5,4966.74,50.51,108.3,14.31,86.78,471.7,569.19,33.94
2021-12-02 12:30:00,5,2670.29,9.72,90.48,62.94,98.23,323.63,369.37,15.33
2021-12-02 13:30:00,5,2216.34,5.98,78.14,77.25,92.51,288.39,321.68,13.17
2021-12-02 14:30:00,5,2056.12,4.14,74.03,77.25,86.78,264.02,292.54,13.05
2021-12-02 15:30:00,5,2082.82,2.51,76.09,67.23,79.15,253.95,279.94,13.55
2021-12-02 16:30:00,5,2296.45,1.01,85.68,47.92,69.62,264.36,288.61,13.68
2021-12-02 17:30:00,5,2429.96,0.24,93.22,28.97,57.7,258.08,280.27,11.78
2021-12-02 18:30:00,5,2670.29,1.48,100.08,12.16,51.98,254.73,280.11,11.91
2021-12-02 19:30:00,5,3070.83,6.48,101.45,2.48,53.88,271.13,306.12,15.33
2021-12-02 20:30:00,5,3417.97,11.06,98.71,0.64,58.17,289.83,333.57,18.49
2021-12-02 21:30:00,5,3685,14.53,95.96,0.23,60.56,313.37,368.73,21.53
2021-12-02 22:30:00,5,3845.21,16.32,94.59,0.14,57.22,335.46,402.04,20.27
2021-12-02 23:30:00,5,3631.59,12.85,90.48,0.35,47.21,332.12,395.99,14.44
2021-12-03 00:30:00,5,3070.83,4.02,80.2,4.11,35.29,311.95,359.67,8.23
2021-12-03 01:30:00,5,2590.18,0.21,61.69,19.13,30.28,307.41,341.8,6.08
2021-12-03 02:30:00,5,2296.45,0.01,46.61,32.9,27.42,314.71,342.02,5.19
2021-12-03 03:30:00,5,2136.23,0,37.7,38.62,24.8,323.2,347.11,4.75
2021-12-03 04:30:00,5,2056.12,0.01,34.62,34.33,23.13,329.38,351.67,4.62
2021-12-03 05:30:00,5,2056.12,0.06,36.33,26.11,23.37,333.41,354.94,4.94
2021-12-03 06:30:00,5,2243.04,0.72,45.93,16.45,27.89,348.23,373.43,6.9
2021-12-03 07:30:00,5,2857.21,10.39,61.01,1.97,38.15,384.46,422.73,11.65
2021-12-03 08:30:00,5,3524.78,34.87,63.75,2.28,48.16,423.87,475.76,15.96
2021-12-03 09:30:00,5,3898.62,46.94,69.23,9.03,60.08,449.4,508.38,19
2021-12-03 10:30:00,5,3952.03,41.13,80.2,19.85,73.43,464.28,527.05,22.8
2021-12-03 11:30:00,5,3738.4,27.27,90.48,37.91,90.6,465.49,525.02,25.84
2021-12-03 12:30:00,5,2323.15,10.06,67.86,83.68,91.55,314.12,350.02,16.47
2021-12-03 13:30:00,5,1895.9,6.87,56.89,110.15,82.97,268.96,297.75,13.68
2021-12-03 14:30:00,5,1949.31,6.09,63.06,125.89,93.46,285.14,314.63,14.69
2021-12-03 15:30:00,5,3631.59,23.02,126.12,56.51,107.77,375.41,431.67,34.96
2021-12-03 16:30:00,5,6248.47,86.72,178.22,7.51,152.59,505.07,599.95,72.96
2021-12-03 17:30:00,5,8865.36,187.75,194.67,0.34,209.81,621.7,749.15,114.5
2021-12-03 18:30:00,5,11749.27,282.53,219.35,0,278.47,781.37,947.89,168.2
2021-12-03 19:30:00,5,13458.25,311.14,222.09,0,324.25,916.88,1122.46,212.79
2021-12-03 20:30:00,5,13137.82,275.37,197.41,0,293.73,938.31,1168.07,202.66
2021-12-03 21:30:00,5,12390.14,239.61,164.51,0,198.36,930.4,1167.57,125.65
2021-12-03 22:30:00,5,12176.51,223.52,146.69,0,164.03,942.31,1188.74,102.34
2021-12-03 23:30:00,5,11428.83,209.21,135.72,0,146.87,890.51,1133.16,96.26
2021-12-04 00:30:00,5,9506.23,173.45,126.12,0,112.53,761.46,970.54,69.92
2021-12-04 01:30:00,5,7797.24,135.9,113.79,0,72.48,656.69,834.06,39.01
2021-12-04 02:30:00,5,6408.69,107.29,97.33,0,45.3,581.53,734.63,19
2021-12-04 03:30:00,5,4913.33,76,74.71,0,31.47,490.92,614.16,11.15
2021-12-04 04:30:00,5,4005.43,58.11,58.26,0,28.85,434.77,533.77,10.51
2021-12-04 05:30:00,5,3791.81,56.33,48.67,0,30.99,423.88,510.77,11.78
2021-12-04 06:30:00,5,4165.65,72.42,42.84,0,38.62,454.39,541.27,16.47
2021-12-04 07:30:00,5,5661.01,123.38,41.47,0,49.59,552.18,658.61,21.03
2021-12-04 08:30:00,5,6835.94,173.45,45.24,0.45,55.79,615.62,730.45,19
2021-12-04 09:30:00,5,4379.27,98.35,60.32,5.28,79.15,447.34,517.5,14.95
2021-12-04 10:30:00,5,3952.03,66.16,73.34,16.99,82.02,427.03,494.42,19
2021-12-04 11:30:00,5,3524.78,33.97,84.31,47.21,82.02,417.41,480.17,20.52
2021-12-04 12:30:00,5,1388.55,6.2,38.73,123.02,66.76,216.42,239.62,7.6
2021-12-04 13:30:00,5,1134.87,3.13,26.39,151.63,45.3,182.36,198.57,7.73
2021-12-04 14:30:00,5,1108.17,2.54,26.39,158.79,44.82,164.59,178.47,8.61
2021-12-04 15:30:00,5,2243.04,10.73,74.71,85.83,52.93,203.66,235.68,20.52
2021-12-04 16:30:00,5,3898.62,41.13,120.64,16.45,59.6,276.09,333.26,32.42
2021-12-04 17:30:00,5,5180.36,96.56,132.98,0.69,65.8,318.82,391.85,42.05
2021-12-04 18:30:00,5,6248.47,141.26,145.32,0,86.78,368.84,456.81,61.3
2021-12-04 19:30:00,5,7049.56,151.99,154.91,0,114.44,435.88,542.51,85.12
2021-12-04 20:30:00,5,7156.37,135.9,157.65,0,127.79,481.58,599.43,98.29
2021-12-04 21:30:00,5,7263.18,119.81,159.03,0,135.42,515.29,636.89,105.38
2021-12-04 22:30:00,5,8224.49,137.69,156.28,0,146.87,603.78,740.29,116.53
2021-12-04 23:30:00,5,9506.23,169.87,156.28,0,120.16,716.54,867.94,101.33
2021-12-05 00:30:00,5,10040.28,182.39,156.28,0,73.43,776.05,927.42,66.88
2021-12-05 01:30:00,5,10253.91,189.54,142.57,0,50.07,811.38,947.85,47.12
2021-12-05 02:30:00,5,10467.53,187.75,128.87,0,44.35,852.06,966.16,35.46
2021-12-05 03:30:00,5,10360.72,169.87,127.49,0,51.02,871.94,965.56,30.4
2021-12-05 04:30:00,5,10253.91,157.36,130.24,0,55.79,894.36,975.86,27.11
2021-12-05 05:30:00,5,10467.53,160.93,128.87,0,61.99,937.9,1018.45,28.88
2021-12-05 06:30:00,5,11322.02,182.39,122.01,0,72.48,1005.59,1100.11,38
2021-12-05 07:30:00,5,12710.57,236.03,109.67,0.01,76.29,1096.84,1218.36,42.05
2021-12-05 08:30:00,5,13885.5,296.83,104.19,0.4,74.39,1133.5,1268.04,36.48
2021-12-05 09:30:00,5,8758.54,150.2,122.01,5.59,82.97,730.96,813.32,31.16
2021-12-05 10:30:00,5,7476.81,86.72,149.43,24.68,77.25,643.81,721.46,31.41
2021-12-05 11:30:00,5,6462.1,35.32,164.51,85.12,80.11,616.33,688.36,27.36
2021-12-05 12:30:00,5,1869.2,11.06,68.55,105.86,129.7,235.81,256.49,5.26
2021-12-05 13:30:00,5,1255.04,5.76,51.41,110.15,97.27,156.69,170.11,4.81
2021-12-05 14:30:00,5,1121.52,2.85,53.47,107.29,92.51,138.03,150.15,5.51
2021-12-05 15:30:00,5,2323.15,9.72,113.79,40.05,112.53,200.01,231.79,24.32
2021-12-05 16:30:00,5,4325.87,59.01,159.03,3.08,152.59,299.13,356.99,56.74
2021-12-05 17:30:00,5,6088.26,128.75,168.62,0.16,181.2,380.81,456.36,84.1
2021-12-05 18:30:00,5,8117.68,196.7,189.19,0,230.79,485.98,581.09,117.54
2021-12-05 19:30:00,5,10360.72,250.34,224.83,0,308.99,648.77,769.96,164.15
2021-12-05 20:30:00,5,11749.27,264.64,254.99,0,385.28,802.07,945.61,200.63
2021-12-05 21:30:00,5,11962.89,250.34,244.02,0,335.69,877.64,1021.17,147.94
2021-12-05 22:30:00,5,10787.96,211,202.89,0,192.64,840.12,963.14,60.29
2021-12-05 23:30:00,5,8117.68,146.63,154.91,0,106.81,680.43,770.83,18.75
2021-12-06 00:30:00,5,4325.87,53.64,113.79,0,69.62,435.28,482.83,4.94
2021-12-06 01:30:00,5,3791.81,41.13,91.85,0,43.87,400.55,448.57,6.46
2021-12-06 02:30:00,5,3524.78,38,72.66,0,36.72,383.67,434.95,8.61
2021-12-06 03:30:00,5,3417.97,38,57.58,0,36.72,375.25,433.98,11.53
2021-12-06 04:30:00,5,3284.45,38,48.67,0,35.29,363.41,427.73,11.53
2021-12-06 05:30:00,5,3097.53,38.89,43.53,0,35.29,348.3,413.56,11.65
2021-12-06 06:30:00,5,3257.75,49.17,40.78,0,42.92,349.96,418.01,15.83
2021-12-06 07:30:00,5,4272.46,84.04,40.44,0,56.74,401.96,487.7,23.31
2021-12-06 08:30:00,5,4806.52,108.18,42.16,0.39,64.85,416.63,508.89,24.83
2021-12-06 09:30:00,5,3685,77.78,49.35,3.62,82.02,335.75,405.65,21.79
2021-12-06 10:30:00,5,3524.78,64.37,61.69,11.27,97.27,323.18,395.87,24.07
2021-12-06 11:30:00,5,3337.86,47.39,80.2,27.18,110.63,315.66,392.07,26.35
2021-12-06 12:30:00,5,1682.28,15.87,58.95,65.8,96.32,174.35,213.04,12.03
2021-12-06 13:30:00,5,1161.58,8.05,45.24,86.55,85.83,139.98,166.8,6.4
2021-12-06 14:30:00,5,961.3,5.64,40.78,90.12,85.83,119.34,141.05,5.45
2021-12-06 15:30:00,5,1308.44,8.72,58.95,59.37,89.65,124.2,149.85,11.65
2021-12-06 16:30:00,5,2082.82,18.55,89.11,19.13,90.6,152.44,190.19,21.03
2021-12-06 17:30:00,5,2857.21,39.34,102.82,1.13,83.92,180.12,229.98,28.63
2021-12-06 18:30:00,5,3471.37,55.43,104.19,0,78.2,210.28,272.71,36.48
2021-12-06 19:30:00,5,3578.19,45.6,104.19,0,71.53,233.9,306.58,38.5
2021-12-06 20:30:00,5,3417.97,29.06,100.08,0.02,61.99,245.5,322.86,33.44
2021-12-06 21:30:00,5,3284.45,20.34,91.85,0.06,53.88,256.11,334.42,27.11
2021-12-06 22:30:00,5,3337.86,21.01,81.57,0.04,48.16,268.51,348.69,21.28
2021-12-06 23:30:00,5,3070.83,20.56,71.97,0.04,38.15,252.29,325.01,13.93
2021-12-07 00:30:00,5,2483.37,14.31,61.69,0.13,27.42,209.32,263.41,7.73
2021-12-07 01:30:00,5,2002.72,7.38,53.47,0.75,23.6,179.05,218.22,6.02
2021-12-07 02:30:00,5,1682.28,2.4,47.98,4.29,23.37,163.23,193.09,5.45
2021-12-07 03:30:00,5,1455.31,0.35,42.16,14.13,24.32,152.8,176.82,5.19
2021-12-07 04:30:00,5,1388.55,0.21,39.41,17.34,25.03,148.75,171.13,5.19
2021-12-07 05:30:00,5,1415.25,0.56,41.13,13.05,27.66,149.39,171.76,5.64
2021-12-07 06:30:00,5,1642.23,4.47,47.3,4.38,34.33,160,187.02,7.85
2021-12-07 07:30:00,5,2189.64,20.12,50.04,0.13,43.39,182.04,219.77,11.78
2021-12-07 08:30:00,5,2483.37,34.42,50.72,3.44,48.16,184.2,227.06,13.55
2021-12-07 09:30:00,5,2269.74,32.63,48.67,15.38,53.41,160.37,199.04,14.69
2021-12-07 10:30:00,5,2056.12,25.48,47.3,31.47,59.13,149.64,186.91,18.24
2021-12-07 11:30:00,5,1789.09,17.66,45.93,53.64,63.9,139.33,173.81,19.76
2021-12-07 12:30:00,5,894.55,5.7,25.7,97.27,44.35,69.7,85.57,10.26
2021-12-07 13:30:00,5,714.3,3.49,19.36,111.58,33.86,54.89,66.24,8.74
2021-12-07 14:30:00,5,687.6,2.77,18.68,117.3,31.47,54.74,65.29,9.12
2021-12-07 15:30:00,5,988.01,3.97,32.56,101.57,38.15,71.01,86.21,13.43
2021-12-07 16:30:00,5,1508.71,4.75,58.95,66.52,46.25,95.9,119.7,19.25
2021-12-07 17:30:00,5,1976.01,1.9,90.48,24.32,48.16,114.62,144.48,24.32
2021-12-07 18:30:00,5,2456.67,7.93,101.45,2.37,51.5,140.34,179.05,31.41
2021-12-07 19:30:00,5,2857.21,16.54,93.22,0.22,53.41,171.88,222.75,39.52
2021-12-07 20:30:00,5,2990.72,17.21,86.37,0.16,51.5,193.17,252.1,44.58
2021-12-07 21:30:00,5,2990.72,15.87,80.88,0.19,48.16,202.94,264.01,46.1
2021-12-07 22:30:00,5,2883.91,13.86,76.09,0.28,44.35,201.25,261.32,44.58
2021-12-07 23:30:00,5,2510.07,9.28,71.29,0.86,36.24,177.03,228.2,34.96
2021-12-08 00:30:00,5,1949.31,2.77,63.06,4.92,26.94,140.37,176.87,22.55
2021-12-08 01:30:00,5,1615.52,0.39,52.09,14.84,24.08,125.6,153.75,15.83
2021-12-08 02:30:00,5,1482.01,0.08,43.53,23.6,23.84,126.29,150.41,11.53
2021-12-08 03:30:00,5,1428.6,0.03,38.73,28.61,24.08,134.09,155.98,8.74
2021-12-08 04:30:00,5,1428.6,0.03,36.67,29.33,24.32,143.82,164.64,7.03
2021-12-08 05:30:00,5,1482.01,0.09,38.39,26.11,25.27,154.35,175.28,6.4
2021-12-08 06:30:00,5,1735.69,1.08,48.67,15.2,30.04,173.01,198.53,8.11
2021-12-08 07:30:00,5,2323.15,11.4,61.69,1.56,39.58,205.37,243.22,12.79
2021-12-08 08:30:00,5,2857.21,31.74,63.06,3.44,46.73,227.59,274.77,16.09
2021-12-08 09:30:00,5,3017.43,39.79,62.38,14.31,54.36,231.72,282.67,19.25
2021-12-08 10:30:00,5,2883.91,31.74,63.75,32.9,63.9,229.91,280.87,24.07
2021-12-08 11:30:00,5,2456.67,19,61.69,64.37,75.34,215.52,260.45,23.56
2021-12-08 12:30:00,5,1308.44,5.36,33.24,127.32,65.8,130.64,153.2,9.75
2021-12-08 13:30:00,5,1054.76,3.49,25.36,141.62,54.36,103.83,121.21,7.98
2021-12-08 14:30:00,5,988.01,2.93,25.02,144.48,51.98,96.29,112.39,8.36
2021-12-08 15:30:00,5,2082.82,11.85,69.92,82.97,61.04,145.77,180.39,21.03
2021-12-08 16:30:00,5,3898.62,44.7,117.9,17.7,71.53,231.69,294.68,35.46
2021-12-08 17:30:00,5,5500.79,105.5,130.24,0.82,75.34,299.35,383.88,46.61
2021-12-08 18:30:00,5,6942.75,159.14,130.24,0,83.92,378.49,484.59,61.81
2021-12-08 19:30:00,5,7797.24,173.45,115.16,0,85.83,461.73,591.22,73.97
2021-12-08 20:30:00,5,7797.24,157.36,97.33,0,77.25,508.27,650.89,72.96
2021-12-08 21:30:00,5,7476.81,128.75,89.11,0,66.76,520.01,660.76,57.25
2021-12-08 22:30:00,5,6942.75,104.61,89.11,0,58.65,507.01,640.28,44.08
2021-12-08 23:30:00,5,5767.82,76.89,85,0,44.82,428.1,537.05,28.37
2021-12-09 00:30:00,5,4165.65,46.04,74.71,0,31.47,318.34,393.56,15.96
2021-12-09 01:30:00,5,3337.86,30.85,64.43,0,27.66,271.42,331.47,12.16
2021-12-09 02:30:00,5,2964.02,24.36,56.21,0,27.18,253.3,306.04,10.64
2021-12-09 03:30:00,5,2750.4,21.46,50.04,0.01,26.94,245.78,294.94,9.88
2021-12-09 04:30:00,5,2670.29,21.01,45.93,0.01,27.18,243.62,290.21,9.63
2021-12-09 05:30:00,5,2723.69,25.7,43.87,0,29.33,251.03,297.91,10.13
2021-12-09 06:30:00,5,3284.45,43.36,43.87,0,37.67,288.04,343.62,14.31
2021-12-09 07:30:00,5,4646.3,87.62,47.3,0,51.98,371.22,450.43,20.77
2021-12-09 08:30:00,5,5874.63,132.32,52.09,0.49,60.08,433.87,529.79,23.56
2021-12-09 09:30:00,5,6195.07,137.69,63.06,3.17,67.71,447.94,547.54,26.35
2021-12-09 10:30:00,5,6408.69,118.02,89.11,10.28,79.15,471.74,576.86,35.46
2021-12-09 11:30:00,5,6141.66,70.63,131.61,33.97,91.55,485.4,590.41,39.52
2021-12-09 12:30:00,5,2136.23,8.16,66.49,154.5,109.67,229.83,264,14.69
2021-12-09 13:30:00,5,1628.88,4.19,45.93,188.83,87.74,188.55,213.84,11.15
2021-12-09 14:30:00,5,1588.82,3.16,44.55,200.27,84.88,179.95,203.69,11.53
2021-12-09 15:30:00,5,2964.02,10.06,106.93,111.58,89.65,247.26,293.36,26.6
2021-12-09 16:30:00,5,5180.36,44.26,167.25,18.24,90.6,352.93,433.03,42.56
2021-12-09 17:30:00,5,6835.94,114.44,172.73,0.63,87.74,418.08,518.72,52.18
2021-12-09 18:30:00,5,8010.86,162.72,163.14,0,91.55,475.11,591.63,66.88
2021-12-09 19:30:00,5,8651.73,171.66,142.57,0,93.46,535.46,670.64,80.05
2021-12-09 20:30:00,5,8544.92,157.36,119.27,0,83.92,569.01,713.54,76
2021-12-09 21:30:00,5,8224.49,139.47,105.56,0,71.53,585.14,729.75,57.25
2021-12-09 22:30:00,5,7904.05,126.96,98.71,0,59.6,578.32,715.56,39.52
2021-12-09 23:30:00,5,6622.31,97.45,93.22,0,42.92,495.33,604.72,22.04
2021-12-10 00:30:00,5,4539.49,50.07,82.94,0,28.61,351.25,419.77,11.27
2021-12-10 01:30:00,5,3524.78,23.25,73.34,0.04,24.8,288.49,340.76,8.99
2021-12-10 02:30:00,5,3044.13,11.62,67.17,0.26,23.84,267.41,313.63,8.04
2021-12-10 03:30:00,5,2777.1,7.93,61.69,0.5,23.84,258.78,302.22,7.54
2021-12-10 04:30:00,5,2670.29,8.72,55.52,0.32,23.84,254.16,294.84,7.16
2021-12-10 05:30:00,5,2643.59,13.19,52.09,0.08,25.27,253.53,292.9,7.47
2021-12-10 06:30:00,5,3017.43,27.94,50.72,0,31.95,273.6,318.63,10.39
2021-12-10 07:30:00,5,4005.43,64.37,50.72,0.01,43.39,327.76,391.06,16.21
2021-12-10 08:30:00,5,4913.33,105.5,52.09,0.61,51.5,364.3,440.76,19.76
2021-12-10 09:30:00,5,4966.74,114.44,55.52,3.62,57.22,360.15,437.61,23.56
2021-12-10 10:30:00,5,4699.71,90.3,68.55,11.18,65.8,349.6,426.07,30.91
2021-12-10 11:30:00,5,4112.24,52.3,86.37,31.47,72.48,333.99,402.87,31.66
2021-12-10 12:30:00,5,1308.44,4.36,32.56,144.48,56.74,144.69,162.92,10.64
2021-12-10 13:30:00,5,1014.71,2.57,22.28,155.93,43.87,113.17,126.2,8.74
2021-12-10 14:30:00,5,988.01,2.21,23.65,158.79,44.35,111.4,124.25,9.25
2021-12-10 15:30:00,5,1762.39,5.76,60.32,110.15,53.88,148.06,173.9,18.24
2021-12-10 16:30:00,5,3070.83,15.87,116.53,34.69,62.94,207.07,253.86,29.13
2021-12-10 17:30:00,5,4219.06,51.41,138.46,1.41,63.9,251.56,313.72,36.98
2021-12-10 18:30:00,5,5073.55,84.04,132.98,0,65.8,298.33,372.63,46.1
2021-12-10 19:30:00,5,5073.55,73.31,117.9,0,63.9,328.13,408.99,51.17
2021-12-10 20:30:00,5,4379.27,41.57,106.93,0.01,56.74,319.98,395.33,48.64
2021-12-10 21:30:00,5,3578.19,17.88,101.45,0.18,49.59,290.06,353.41,42.56
2021-12-10 22:30:00,5,3231.05,9.39,93.22,1.07,45.78,275.03,333.83,36.98
2021-12-10 23:30:00,5,2696.99,2.99,81.57,6.17,37.19,238.56,286.24,28.12
2021-12-11 00:30:00,5,2029.42,0.21,62.38,21.1,26.7,189.78,222.14,18.24
2021-12-11 01:30:00,5,1642.23,0.01,45.24,34.33,19.79,163.42,187.45,13.17
2021-12-11 02:30:00,5,1522.06,0,38.04,39.34,17.64,154.83,175.46,10.64
2021-12-11 03:30:00,5,1495.36,0,34.27,41.48,17.17,154.5,173.29,8.87
2021-12-11 04:30:00,5,1508.71,0,32.56,41.84,17.17,159.17,177,7.28
2021-12-11 05:30:00,5,1562.12,0.01,33.59,39.34,17.88,167.8,185.61,6.4
2021-12-11 06:30:00,5,1762.39,0.14,42.5,29.33,21.7,187.35,208.85,7.54
2021-12-11 07:30:00,5,2216.34,2.99,61.01,9.48,27.89,219.9,250.51,10.64
2021-12-11 08:30:00,5,2563.48,16.32,64.43,5.63,30.99,240.57,276.83,12.29
2021-12-11 09:30:00,5,2616.88,26.38,58.26,18.78,33.38,247.59,285.76,14.19
2021-12-11 10:30:00,5,2616.88,25.93,57.58,34.69,39.1,255.9,296.42,19.25
2021-12-11 11:30:00,5,2483.37,18.78,57.58,60.8,46.25,260.94,299.6,21.28
2021-12-11 12:30:00,5,1188.28,4.19,27.42,134.47,50.54,147.12,162.08,8.74
2021-12-11 13:30:00,5,1001.36,2.74,20.73,150.2,44.35,123.44,135.53,7.6
2021-12-11 14:30:00,5,974.66,2.24,20.73,155.93,43.39,117.73,129.51,8.36
2021-12-11 15:30:00,5,1922.61,8.49,62.38,94.41,50.54,162.47,190.46,18.49
2021-12-11 16:30:00,5,3417.97,30.85,108.3,21.1,56.74,231.53,282.89,29.39
2021-12-11 17:30:00,5,4592.9,80.47,115.16,0.82,59.13,278.24,344.68,38.5
2021-12-11 18:30:00,5,5554.2,121.59,113.79,0,66.76,328.47,409.07,50.66
2021-12-11 19:30:00,5,6034.85,125.17,104.19,0,65.8,377.32,472.11,58.26
2021-12-11 20:30:00,5,5500.79,95.67,93.22,0,56.74,380.29,474.48,55.73
2021-12-11 21:30:00,5,4432.68,54.54,87.05,0,46.25,338.59,418.41,47.12
2021-12-11 22:30:00,5,4112.24,40.68,82.25,0,41.48,329.99,407.59,41.54
2021-12-11 23:30:00,5,3738.4,33.53,75.4,0,33.38,309.1,377.86,30.4
2021-12-12 00:30:00,5,3017.43,23.47,65.8,0.02,24.08,266.3,319.45,18.75
2021-12-12 01:30:00,5,2563.48,15.42,56.21,0.08,20.98,243.56,287.78,14.31
2021-12-12 02:30:00,5,2323.15,12.07,49.35,0.15,20.27,240.16,279.76,12.16
2021-12-12 03:30:00,5,2243.04,11.51,43.87,0.17,20.27,246.14,284.1,10.77
2021-12-12 04:30:00,5,2243.04,12.18,41.47,0.16,20.74,255.39,292.16,9.88
2021-12-12 05:30:00,5,2349.85,15.87,40.78,0.08,22.41,270.47,307.61,9.88
2021-12-12 06:30:00,5,2803.8,28.39,42.5,0.01,28.61,304.89,349.07,13.05
2021-12-12 07:30:00,5,3791.81,59.01,47.3,0,38.62,369.12,429.33,19
2021-12-12 08:30:00,5,4646.3,93.88,49.35,0.6,44.35,413.68,483.99,22.29
2021-12-12 09:30:00,5,5073.55,109.97,56.21,3.58,48.64,435.63,510.54,26.6
2021-12-12 10:30:00,5,5607.6,111.76,80.88,10.01,57.22,475.4,558.68,35.46
2021-12-12 11:30:00,5,5821.23,81.36,128.87,30.04,68.66,515.72,599.93,37.49
2021-12-12 12:30:00,5,1922.61,10.73,70.6,134.47,102.04,254.82,281.01,10.51
2021-12-12 13:30:00,5,1482.01,6.54,56.21,160.22,88.69,221.09,242.34,6.65
2021-12-12 14:30:00,5,1508.71,5.42,63.06,170.23,98.23,230.86,252.32,6.33
2021-12-12 15:30:00,5,2857.21,12.74,132.98,100.14,131.61,313.07,355.71,26.6
2021-12-12 16:30:00,5,5126.95,45.6,227.57,21.64,181.2,439.49,514.26,63.33
2021-12-12 17:30:00,5,7370,123.38,263.21,0.88,223.16,548.27,648.17,99.3
2021-12-12 18:30:00,5,9826.66,211,276.92,0,267.03,665.5,790.54,139.83
2021-12-12 19:30:00,5,11962.89,264.64,287.89,0,316.62,802.77,950.16,184.42
2021-12-12 20:30:00,5,12390.14,261.07,279.66,0,320.43,862.01,1016.85,208.74
2021-12-12 21:30:00,5,11001.59,207.42,249.51,0,278.47,809.46,949.39,192.52
2021-12-12 22:30:00,5,10040.28,175.24,216.6,0,244.14,769.09,903.43,182.39
2021-12-12 23:30:00,5,9399.41,162.72,197.41,0,223.16,727.44,854.35,170.23
2021-12-13 00:30:00,5,8117.68,143.05,175.48,0,185.01,617.8,727.99,145.91
2021-12-13 01:30:00,5,6942.75,123.38,156.28,0,164.03,539.38,636.6,133.75
2021-12-13 02:30:00,5,6408.69,111.76,145.32,0,162.12,508.9,599.66,131.73
2021-12-13 03:30:00,5,6462.1,113.55,145.32,0,177.38,523.14,614.88,141.86
2021-12-13 04:30:00,5,6568.91,118.02,148.06,0,192.64,537.91,630.62,158.07
2021-12-13 05:30:00,5,6622.31,121.59,148.06,0,204.09,542.64,634.45,174.28
2021-12-13 06:30:00,5,7476.81,146.63,152.17,0,234.6,608.56,710.63,200.63
2021-12-13 07:30:00,5,9826.66,221.73,160.4,0,293.73,782.82,923.09,247.24
2021-12-13 08:30:00,5,12176.51,314.71,161.77,0.44,308.99,930.44,1104.25,253.32
2021-12-13 09:30:00,5,10147.09,268.22,138.46,2.5,158.31,768.72,910.85,93.22
2021-12-13 10:30:00,5,10360.72,253.92,157.65,5.81,125.89,789.97,932.07,72.96
2021-12-13 11:30:00,5,11642.46,218.15,238.54,13.77,129.7,917.69,1063.47,71.94
2021-12-13 12:30:00,5,2723.69,24.81,127.49,80.82,169.75,342.98,375.06,8.23
2021-12-13 13:30:00,5,1869.2,10.73,90.48,118.73,135.42,282.74,305.51,2.56
2021-12-13 14:30:00,5,1642.23,8.27,84.31,123.02,133.51,254.97,276.1,2.94
2021-12-13 15:30:00,5,3150.94,28.61,141.2,53.64,141.14,331.82,377.86,23.81
2021-12-13 16:30:00,5,5447.39,90.3,180.96,7.78,150.68,444.51,520.34,46.61
2021-12-13 17:30:00,5,7156.37,168.09,189.19,0.42,179.29,520.74,613.33,65.86
2021-12-13 18:30:00,5,8544.92,219.94,200.15,0,228.88,593.54,701.96,89.17
2021-12-13 19:30:00,5,10147.09,246.76,213.86,0,240.33,723.18,861.38,106.39
2021-12-13 20:30:00,5,11856.08,271.8,216.6,0,213.62,882.75,1048.88,110.45
2021-12-13 21:30:00,5,12924.19,275.37,211.12,0,185.01,996.6,1179.49,107.41
2021-12-13 22:30:00,5,13671.88,264.64,213.86,0,188.83,1091.22,1292.71,116.53
2021-12-13 23:30:00,5,13244.63,228.88,205.64,0,196.46,1112.94,1318.15,118.55
2021-12-14 00:30:00,5,11215.21,169.87,178.22,0,171.66,1024.08,1203.2,102.34
2021-12-14 01:30:00,5,8865.36,112.65,141.2,0,114.44,903.97,1051.44,65.86
2021-12-14 02:30:00,5,6729.13,67.06,105.56,0,65.8,782.57,900.25,33.94
2021-12-14 03:30:00,5,5393.98,42.02,81.57,0,41.01,682.96,777.37,17.48
2021-12-14 04:30:00,5,4753.11,33.08,69.23,0.01,33.86,619.35,698.88,13.05
2021-12-14 05:30:00,5,4539.49,32.63,65.8,0.01,33.38,578.19,648.4,12.41
2021-12-14 06:30:00,5,4753.11,45.15,66.49,0,40.05,558.75,631.74,16.47
2021-12-14 07:30:00,5,6301.88,97.45,72.66,0,57.7,620.68,718.79,25.59
2021-12-14 08:30:00,5,7476.81,148.42,85,0.14,71.53,655.96,769.89,31.41
2021-12-14 09:30:00,5,6141.66,97.45,104.19,1.92,75.34,536.03,628.52,31.41
2021-12-14 10:30:00,5,5767.82,76,111.04,9.03,77.25,507.56,601.9,38.5
2021-12-14 11:30:00,5,5287.17,52.3,122.01,28.61,80.11,498.91,590.45,39.01
2021-12-14 12:30:00,5,1735.69,14.19,85,82.97,154.5,252.83,280.11,8.49
2021-12-14 13:30:00,5,1335.14,11.4,82.94,87.98,158.31,215.53,236.29,5.38
2021-12-14 14:30:00,5,1335.14,10.62,95.96,81.54,179.29,215.89,236.88,6.02
2021-12-14 15:30:00,5,3097.53,46.04,149.43,25.03,190.73,308.05,356.74,27.61
2021-12-14 16:30:00,5,6088.26,137.69,183.7,3.58,202.18,457.97,544.83,57.25
2021-12-14 17:30:00,5,8865.36,239.61,211.12,0.27,255.58,594.09,710.76,92.21
2021-12-14 18:30:00,5,11322.02,303.98,241.28,0,320.43,720.03,863.71,133.75
2021-12-14 19:30:00,5,12924.19,311.14,249.51,0,362.4,861.43,1038.63,172.26
2021-12-14 20:30:00,5,13671.88,289.68,244.02,0,354.77,999.92,1208.79,192.52
2021-12-14 21:30:00,5,13671.88,253.92,224.83,0,270.84,1065.82,1298.9,168.2
2021-12-14 22:30:00,5,12710.57,209.21,194.67,0,169.75,1029.79,1268.46,110.45
2021-12-14 23:30:00,5,9826.66,144.84,157.65,0,98.23,837.2,1044.2,52.18
2021-12-15 00:30:00,5,5233.76,54.99,117.9,0,57.7,525.09,648.27,16.72
2021-12-15 01:30:00,5,3311.16,20.34,91.85,0.04,45.78,406.43,487.71,9.63
2021-12-15 02:30:00,5,2670.29,9.72,77.46,0.47,39.1,370.07,429,7.73
2021-12-15 03:30:00,5,2429.96,3.8,71.29,2.79,33.86,360.25,407.99,7.28
2021-12-15 04:30:00,5,2456.67,2.35,67.86,4.69,30.99,370.22,415.12,7.35
2021-12-15 05:30:00,5,2616.88,4.14,67.86,3.22,32.9,395.73,441.99,8.11
2021-12-15 06:30:00,5,3204.35,16.09,70.6,0.58,41.01,448.06,503.61,12.41
2021-12-15 07:30:00,5,4379.27,47.39,78.14,0.01,55.79,535.42,610.98,20.01
2021-12-15 08:30:00,5,5073.55,67.95,89.11,1.23,65.8,571.65,658.39,23.31
2021-12-15 09:30:00,5,4806.52,56.33,95.96,9.48,73.43,545.48,630.37,27.11
2021-12-15 10:30:00,5,4753.11,48.28,101.45,25.39,82.02,540.26,631.67,36.48
2021-12-15 11:30:00,5,4058.84,28.61,100.08,58.65,91.55,491.83,577.66,34.45
2021-12-15 12:30:00,5,1441.96,5.7,43.87,138.76,81.06,232.92,260.62,8.04
2021-12-15 13:30:00,5,1081.47,3.44,30.5,154.5,62.94,181.73,200.68,5.83
2021-12-15 14:30:00,5,1001.36,2.71,28.79,157.36,57.22,164.65,181.3,6.71
2021-12-15 15:30:00,5,2056.12,9.16,73.34,92.98,63.9,206.89,240.54,19.76
2021-12-15 16:30:00,5,3898.62,36.66,126.12,18.6,73.43,291.56,355.48,35.46
2021-12-15 17:30:00,5,5500.79,94.77,137.09,0.74,78.2,362.51,449.73,46.61
2021-12-15 18:30:00,5,7156.37,144.84,141.2,0,87.74,452.02,565.32,62.82
2021-12-15 19:30:00,5,8224.49,162.72,138.46,0,95.37,547.94,690.07,79.04
2021-12-15 20:30:00,5,8438.11,144.84,134.35,0,93.46,604.29,761.28,83.09
2021-12-15 21:30:00,5,8331.3,119.81,132.98,0,86.78,634.53,789.61,76
2021-12-15 22:30:00,5,8331.3,109.08,130.24,0,80.11,665.4,818.59,73.97
2021-12-15 23:30:00,5,7797.24,97.45,124.75,0,66.76,643.91,782.16,59.28
2021-12-16 00:30:00,5,6675.72,78.68,116.53,0,49.11,565.31,675.59,39.01
2021-12-16 01:30:00,5,5714.42,59.9,106.93,0,41.96,511.58,607.87,30.4
2021-12-16 02:30:00,5,5073.55,46.94,97.33,0,41.48,482.78,571.59,23.05
2021-12-16 03:30:00,5,4486.08,38,87.05,0,41.96,459.33,543.46,18.75
2021-12-16 04:30:00,5,4112.24,32.19,78.14,0.01,36.24,441.64,518.27,13.3
2021-12-16 05:30:00,5,3845.21,27.72,74.03,0.04,31.95,430.46,498.68,9.88
2021-12-16 06:30:00,5,3471.37,18.78,76.09,0.33,38.62,401.69,461.04,12.41
2021-12-16 07:30:00,5,4486.08,47.83,82.25,0.01,54.84,465.08,543.52,22.04
2021-12-16 08:30:00,5,5821.23,90.3,90.48,0.42,72.48,535.39,634.32,31.66
2021-12-16 09:30:00,5,5714.42,79.57,105.56,2.82,86.78,518.55,614.71,35.46
2021-12-16 10:30:00,5,6141.66,84.04,111.04,5.45,98.23,547.03,661.81,45.6
2021-12-16 11:30:00,5,6141.66,75.1,117.9,8.14,106.81,558.54,687.29,50.66
2021-12-16 12:30:00,5,3524.78,24.36,120.64,32.54,171.66,392.6,463.71,27.87
2021-12-16 13:30:00,5,2536.77,14.75,100.08,53.64,164.03,325.49,378.44,19
2021-12-16 14:30:00,5,1976.01,7.71,75.4,75.82,120.16,276.91,317.74,14.31
2021-12-16 15:30:00,5,1588.82,3.69,58.95,82.25,82.02,221.36,249.08,12.03
2021-12-16 16:30:00,5,1602.17,1.84,67.17,62.94,75.34,199.28,222.28,13.55
2021-12-16 17:30:00,5,1735.69,0.31,82.25,44.7,76.29,201.2,224.17,13.43
2021-12-16 18:30:00,5,2403.26,3.74,108.3,13.05,72.48,235.86,270.46,16.72
2021-12-16 19:30:00,5,3471.37,25.48,111.04,0.1,69.62,301.58,362.27,23.05
2021-12-16 20:30:00,5,4272.46,39.34,105.56,0,68.66,361.47,445.46,25.59
2021-12-16 21:30:00,5,4699.71,42.47,104.19,0,65.8,398.12,496.1,25.59
2021-12-16 22:30:00,5,4379.27,30.4,102.82,0.02,57.7,382.28,476.55,21.28
2021-12-16 23:30:00,5,3257.75,8.38,94.59,4.02,43.87,305.46,378.36,14.31
2021-12-17 00:30:00,5,2082.82,0.12,65.8,23.6,30.52,225.07,270.59,10.26
2021-12-17 01:30:00,5,1628.88,0.05,52.09,26.11,26.7,188.93,220.11,12.29
2021-12-17 02:30:00,5,1441.96,0.04,46.61,27.89,27.89,170.46,194.05,15.45
2021-12-17 03:30:00,5,1321.79,0.01,41.81,37.91,30.04,164.27,184.5,17.23
2021-12-17 04:30:00,5,1268.39,0,37.36,47.92,30.52,163.22,181.66,16.72
2021-12-17 05:30:00,5,1281.74,0,36.67,52.21,31.47,167.58,185.59,16.09
2021-12-17 06:30:00,5,1482.01,0.01,43.87,47.92,35.29,185.92,207.28,17.23
2021-12-17 07:30:00,5,1922.61,0.17,63.75,32.54,43.87,217.94,248.11,20.01
2021-12-17 08:30:00,5,2162.93,3.52,73.34,27.54,51.02,230.27,264.61,19.25
2021-12-17 09:30:00,5,2029.42,10.62,60.32,47.21,57.22,216.24,249.19,18.24
2021-12-17 10:30:00,5,1895.9,13.41,51.41,60.8,61.99,200.54,232.86,19.51
2021-12-17 11:30:00,5,1628.88,11.29,44.55,79.39,63.9,177.61,205.33,17.23
2021-12-17 12:30:00,5,934.6,4.69,23.99,113.01,42.44,100.51,114.44,8.36
2021-12-17 13:30:00,5,767.71,3.13,18.34,124.45,32.9,80.1,90.41,6.78
2021-12-17 14:30:00,5,747.68,2.51,17.65,128.75,30.99,77.4,87.11,7.03
2021-12-17 15:30:00,5,961.3,3.58,29.82,110.15,36.72,81.71,94.92,10.77
2021-12-17 16:30:00,5,1295.09,4.19,51.41,75.1,43.39,88.75,107.68,15.83
2021-12-17 17:30:00,5,1602.17,1.33,76.09,35.41,45.3,93.99,117.36,20.01
2021-12-17 18:30:00,5,1895.9,1.16,86.37,13.41,47.68,107.97,136.71,25.59
2021-12-17 19:30:00,5,1976.01,0.76,79.51,16.09,47.68,124.44,159.01,30.4
2021-12-17 20:30:00,5,1922.61,0.11,67.17,29.68,44.35,134.06,170.04,32.93
2021-12-17 21:30:00,5,1842.5,0.01,59.63,40.77,41.96,139.9,175.43,32.93
2021-12-17 22:30:00,5,1842.5,0.01,56.21,45.42,40.05,145.34,180.82,32.93
2021-12-17 23:30:00,5,1682.28,0,51.41,50.07,34.33,137.45,167.72,29.39
2021-12-18 00:30:00,5,1361.85,0,40.78,58.65,26.23,118.98,140.33,23.05
2021-12-18 01:30:00,5,1134.87,0,29.82,67.23,20.98,109.1,124.8,17.48
2021-12-18 02:30:00,5,1054.76,0,25.02,70.1,20.03,107.73,121.66,13.17
2021-12-18 03:30:00,5,1028.06,0,23.31,70.81,20.03,110.24,123.56,9.75
2021-12-18 04:30:00,5,1014.71,0,22.62,69.38,20.27,113.9,126.97,7.47
2021-12-18 05:30:00,5,1041.41,0,23.99,65.8,20.98,117.5,130.79,6.27
2021-12-18 06:30:00,5,1174.93,0,30.16,57.94,24.32,126.41,142.01,6.65
2021-12-18 07:30:00,5,1455.31,0.03,43.53,44.35,29.8,141.17,162.11,8.23
2021-12-18 08:30:00,5,1535.42,1.68,47.98,44.35,33.86,138.97,160.61,8.11
2021-12-18 09:30:00,5,1281.74,4.64,33.93,68.66,38.15,114.78,131.79,7.47
2021-12-18 10:30:00,5,1161.58,5.42,27.42,85.12,41.48,104.52,120.19,8.99
2021-12-18 11:30:00,5,1054.76,4.58,22.96,104.43,42.44,98.77,112.67,9.12
2021-12-18 12:30:00,5,774.38,2.29,13.19,127.32,27.89,68.26,77.09,6.08
2021-12-18 13:30:00,5,700.95,1.72,10.88,134.47,22.89,58.65,65.88,5.76
2021-12-18 14:30:00,5,700.95,1.49,10.97,137.33,22.41,59.12,66.22,6.21
2021-12-18 15:30:00,5,794.41,1.77,16.79,128.75,28.37,66.39,75.08,8.04
2021-12-18 16:30:00,5,934.6,1.48,26.73,114.44,34.81,76.48,87.63,10.64
2021-12-18 17:30:00,5,1041.41,0.25,37.01,95.84,38.15,82.37,95.44,13.3
2021-12-18 18:30:00,5,1148.22,0,41.81,84.4,40.05,88.55,104.02,16.72
2021-12-18 19:30:00,5,1188.28,0,40.1,82.25,39.1,95.29,113.35,20.01
2021-12-18 20:30:00,5,1174.93,0,35.99,83.68,36.72,101.93,121.29,22.04
2021-12-18 21:30:00,5,1188.28,0,33.24,85.83,35.29,109.67,129.27,22.8
2021-12-18 22:30:00,5,1201.63,0,31.19,86.55,33.38,118.1,137.53,23.31
2021-12-18 23:30:00,5,1148.22,0,28.1,89.41,28.85,120.55,137.28,21.53
2021-12-19 00:30:00,5,1054.76,0,23.31,92.98,24.56,119.85,132.62,18.49
2021-12-19 01:30:00,5,1028.06,0,19.88,94.41,23.13,124.23,135.7,16.47
2021-12-19 02:30:00,5,1054.76,0,18.51,94.41,22.65,129.21,140.4,14.19
2021-12-19 03:30:00,5,1068.12,0,17.65,91.55,22.41,132.96,144.24,12.16
2021-12-19 04:30:00,5,1081.47,0,17.99,87.98,22.89,135.95,147.4,11.02
2021-12-19 05:30:00,5,1121.52,0,19.54,82.97,24.32,140.53,152.66,10.51
2021-12-19 06:30:00,5,1228.33,0,24.33,77.96,28.13,150.9,165.36,11.02
2021-12-19 07:30:00,5,1468.66,0,35.64,67.23,33.86,169.3,188.94,13.05
2021-12-19 08:30:00,5,1668.93,1.15,46.61,55.79,37.19,182.44,205.96,14.31
2021-12-19 09:30:00,5,1762.39,6.43,45.93,55.79,41.01,186.57,212.27,16.09
2021-12-19 10:30:00,5,1735.69,9.28,40.44,67.95,47.21,188,214.83,18.24
2021-12-19 11:30:00,5,1602.17,7.82,35.99,92.98,54.84,188.59,213.97,16.47
2021-12-19 12:30:00,5,1201.63,3.44,22.62,141.62,56.74,169.05,186.95,8.23
2021-12-19 13:30:00,5,1108.17,2.49,19.36,160.22,53.41,164.39,180.63,7.09
2021-12-19 14:30:00,5,1094.82,2.12,19.88,167.37,51.98,159.21,175.16,7.85
2021-12-19 15:30:00,5,1228.33,2.26,28.45,153.06,51.5,161.41,179.75,10.77
2021-12-19 16:30:00,5,1468.66,1.9,43.87,121.59,51.02,169.28,191.32,14.44
2021-12-19 17:30:00,5,1642.23,0.33,58.95,88.69,46.25,169.05,193.21,17.99
2021-12-19 18:30:00,5,1815.8,0,65.12,67.23,43.39,170.79,197.88,22.04
2021-12-19 19:30:00,5,1842.5,0,60.32,62.94,41.48,173.9,204.43,26.09
2021-12-19 20:30:00,5,1762.39,0,52.78,64.37,37.67,172.4,204.07,28.12
2021-12-19 21:30:00,5,1708.98,0,47.3,65.09,34.81,170.57,201.89,28.88
2021-12-19 22:30:00,5,1695.63,0,45.24,62.23,32.42,174.72,206.3,28.63
2021-12-19 23:30:00,5,1575.47,0,41.81,61.51,27.42,171.57,200.24,23.31
2021-12-20 00:30:00,5,1361.85,0,36.33,62.23,22.89,163.59,186.56,16.09
2021-12-20 01:30:00,5,1321.79,0,34.62,60.08,24.32,168.88,190.04,12.16
2021-12-20 02:30:00,5,1335.14,0,33.24,57.94,24.8,177.96,198.86,9.12
2021-12-20 03:30:00,5,1335.14,0,32.22,55.79,24.56,186.04,206.56,6.9
2021-12-20 04:30:00,5,1348.5,0,32.22,53.64,24.56,191.71,211.82,5.76
2021-12-20 05:30:00,5,1401.9,0.01,34.96,48.64,25.75,196.85,217.2,5.45
2021-12-20 06:30:00,5,1615.52,0.09,45.93,36.84,30.04,210.8,235.34,7.22
2021-12-20 07:30:00,5,2136.23,2.4,68.55,13.23,38.15,239.52,274.34,11.65
2021-12-20 08:30:00,5,2563.48,18.1,73.34,6.35,43.87,252.35,294.52,14.69
2021-12-20 09:30:00,5,2696.99,32.63,65.8,19.31,50.07,250.3,295.26,18.24
2021-12-20 10:30:00,5,2643.59,31.29,65.12,35.41,61.99,249.47,295.43,23.81
2021-12-20 11:30:00,5,2403.26,22.35,65.12,60.08,78.2,242.66,284.53,23.81
2021-12-20 12:30:00,5,1508.71,8.83,45.24,110.15,77.25,187.22,211.68,12.41
2021-12-20 13:30:00,5,1308.44,6.03,38.04,133.04,71.53,180.73,201.69,10.01
2021-12-20 14:30:00,5,1308.44,5.03,40.44,141.62,75.34,190.12,211.66,10.77
2021-12-20 15:30:00,5,2830.51,19.67,94.59,71.53,82.97,277.37,325.28,27.61
2021-12-20 16:30:00,5,5126.95,69.74,137.09,12.87,91.55,396.01,478.89,47.12
2021-12-20 17:30:00,5,7049.56,150.2,146.69,0.67,109.67,483.75,591.81,66.88
2021-12-20 18:30:00,5,8972.17,223.52,149.43,0,144.96,588.33,720.64,97.27
2021-12-20 19:30:00,5,10360.72,253.92,141.2,0,167.85,696.96,857.24,120.58
2021-12-20 20:30:00,5,10681.15,246.76,126.12,0,162.12,761.05,938.04,124.63
2021-12-20 21:30:00,5,10467.53,228.88,112.41,0,143.05,791.79,972.38,113.49
2021-12-20 22:30:00,5,10574.34,216.36,101.45,0,121.12,825.7,1009.93,93.22
2021-12-20 23:30:00,5,10040.28,198.48,91.85,0,84.88,799.27,970.37,58.26
2021-12-21 00:30:00,5,8331.3,160.93,82.25,0,50.54,676.2,817.45,27.11
2021-12-21 01:30:00,5,6835.94,125.17,73.34,0,40.53,577.74,693.92,19.25
2021-12-21 02:30:00,5,5928.04,100.14,66.49,0,40.05,519.6,619.21,18.49
2021-12-21 03:30:00,5,5233.76,81.36,61.01,0,39.58,480.5,569.21,17.73
2021-12-21 04:30:00,5,4753.11,69.74,56.21,0,34.81,454.68,533.35,14.06
2021-12-21 05:30:00,5,4539.49,67.95,53.47,0,32.42,444.82,517.06,12.03
2021-12-21 06:30:00,5,5073.55,85.83,54.15,0,38.62,479.28,559.03,16.21
2021-12-21 07:30:00,5,7049.56,150.2,59.63,0,51.98,609.63,721.94,22.29
2021-12-21 08:30:00,5,9078.98,227.09,69.23,0.3,58.17,728.31,862.83,21.53
2021-12-21 09:30:00,5,7690.43,169.87,89.11,3.53,66.76,642.8,750.98,22.04
2021-12-21 10:30:00,5,8331.3,155.57,122.01,11.09,77.25,702.18,823.14,33.44
2021-12-21 11:30:00,5,8438.11,100.14,183.7,35.41,89.65,760.8,889,42.05
2021-12-21 12:30:00,5,2723.69,15.65,94.59,128.75,133.51,325.59,365.13,14.95
2021-12-21 13:30:00,5,1895.9,9.28,64.43,154.5,106.81,247.69,276.28,11.15
2021-12-21 14:30:00,5,1668.93,7.04,55.52,170.23,98.23,235.78,261.84,10.77
2021-12-21 15:30:00,5,2723.69,15.65,94.59,113.01,91.55,292.85,338,23.81
2021-12-21 16:30:00,5,4592.9,42.02,148.06,34.69,84.88,386.68,461.15,38.5
2021-12-21 17:30:00,5,6141.66,92.98,165.88,2.64,81.06,449.49,545.37,49.14
2021-12-21 18:30:00,5,7476.81,137.69,164.51,0,88.69,517.42,633.78,63.84
2021-12-21 19:30:00,5,8438.11,150.2,156.28,0,96.32,601.26,745.53,71.94
2021-12-21 20:30:00,5,8865.36,144.84,143.95,0,95.37,664.46,832.91,66.88
2021-12-21 21:30:00,5,9078.98,137.69,130.24,0,88.69,715.75,895.35,57.76
2021-12-21 22:30:00,5,9185.79,134.11,119.27,0,81.06,748.03,933.19,48.64
2021-12-21 23:30:00,5,8438.11,123.38,106.93,0,62.94,704.72,876.82,33.44
2021-12-22 00:30:00,5,6942.75,102.82,91.85,0,41.96,606.66,745.22,18.24
2021-12-22 01:30:00,5,5767.82,81.36,78.83,0,34.33,539.73,652.2,13.55
2021-12-22 02:30:00,5,4966.74,63.48,70.6,0,31.47,499.96,592.87,11.78
2021-12-22 03:30:00,5,4325.87,46.94,65.12,0,29.56,466.43,545.38,10.64
2021-12-22 04:30:00,5,4058.84,41.13,60.32,0,27.89,457.07,527.65,9.63
2021-12-22 05:30:00,5,4112.24,46.49,55.52,0,28.13,464.44,530.35,9.63
2021-12-22 06:30:00,5,4699.71,68.84,54.15,0,34.33,502.67,574.17,13.3
2021-12-22 07:30:00,5,6515.5,132.32,59.63,0,46.25,613.26,711.77,17.99
2021-12-22 08:30:00,5,8010.86,196.7,69.23,0.53,51.98,679.08,789.7,17.73
2021-12-22 09:30:00,5,6675.72,143.05,86.37,5.1,58.17,575.55,663.86,20.27
2021-12-22 10:30:00,5,7370,137.69,120.64,13.77,69.62,637.63,740.85,33.44
2021-12-22 11:30:00,5,7797.24,92.98,180.96,38.62,83.92,706.74,819.32,42.56
2021-12-22 12:30:00,5,2723.69,14.98,97.33,131.61,125.89,328.27,365.85,16.09
2021-12-22 13:30:00,5,1976.01,9.61,71.29,148.77,105.86,243.87,272.82,13.05
2021-12-22 14:30:00,5,1735.69,7.15,65.12,154.5,99.18,224.45,251.11,12.67
2021-12-22 15:30:00,5,3204.35,21.01,119.27,80.11,101.09,300.18,352.07,29.64
2021-12-22 16:30:00,5,5554.2,69.74,167.25,16.63,112.53,420.18,506.94,52.69
2021-12-22 17:30:00,5,7583.62,143.05,186.44,1.5,141.14,510.67,623.48,79.04
2021-12-22 18:30:00,5,9292.6,198.48,191.93,0.01,175.48,607.69,743.73,109.43
2021-12-22 19:30:00,5,10574.34,214.58,186.44,0,171.66,713.72,875.77,122.61
2021-12-22 20:30:00,5,11108.4,203.85,172.73,0,139.24,792.69,971.44,113.49
2021-12-22 21:30:00,5,11535.64,196.7,161.77,0,109.67,863.91,1044.36,99.3
2021-12-22 22:30:00,5,12390.14,203.85,153.54,0,96.32,962.09,1146.1,92.21
2021-12-22 23:30:00,5,12603.76,211,143.95,0,78.2,1003.99,1178.52,77.01
2021-12-23 00:30:00,5,12176.51,209.21,132.98,0,54.84,983.47,1135.54,53.2
2021-12-23 01:30:00,5,11428.83,193.12,123.38,0,45.78,951.47,1084.84,36.98
2021-12-23 02:30:00,5,10467.53,171.66,115.16,0,45.3,907.38,1027.65,26.85
2021-12-23 03:30:00,5,9399.41,148.42,105.56,0,48.16,848.5,959.37,21.79
2021-12-23 04:30:00,5,8544.92,128.75,97.33,0,47.68,802.45,904.83,17.48
2021-12-23 05:30:00,5,7904.05,118.02,89.11,0,47.68,776.18,871.91,15.71
2021-12-23 06:30:00,5,7904.05,125.17,82.25,0,53.88,775.91,877.08,20.52
2021-12-23 07:30:00,5,9719.85,187.75,81.57,0,66.76,893.73,1024.58,28.88
2021-12-23 08:30:00,5,12390.14,289.68,90.48,0.23,72.48,1039.95,1191.25,29.39
2021-12-23 09:30:00,5,9078.98,187.75,112.41,3.22,80.11,797.95,906.59,25.84
2021-12-23 10:30:00,5,9399.41,166.3,145.32,10.55,81.06,803.55,923.57,38.5
2021-12-23 11:30:00,5,9292.6,107.29,208.38,32.9,89.65,824.44,955.9,44.08
2021-12-23 12:30:00,5,2857.21,27.27,126.12,82.97,207.9,431.35,474.86,0.63
2021-12-23 13:30:00,5,2162.93,19.89,116.53,98.71,219.35,368.21,403.98,0.78
2021-12-23 14:30:00,5,2029.42,18.78,128.87,95.84,259.4,362.53,397.89,0.8
2021-12-23 15:30:00,5,3177.64,38.44,164.51,47.21,240.33,441.11,494.6,13.68
2021-12-23 16:30:00,5,5126.95,77.78,189.19,10.91,171.66,544.37,623.01,33.94
2021-12-23 17:30:00,5,6782.53,126.96,189.19,0.99,125.89,618.8,715.08,49.14
2021-12-23 18:30:00,5,8438.11,171.66,186.44,0,122.07,697.52,817.03,67.89
2021-12-23 19:30:00,5,10574.34,214.58,186.44,0,135.42,832.59,993.94,90.18
2021-12-23 20:30:00,5,12496.95,250.34,175.48,0,144.96,971.78,1179.73,105.38
2021-12-23 21:30:00,5,12710.57,243.19,150.8,0,139.24,1005.85,1237.99,103.35
2021-12-23 22:30:00,5,12069.7,225.31,126.12,0,123.98,988.32,1224.04,93.22
2021-12-23 23:30:00,5,11108.4,209.21,109.67,0,100.14,935.28,1152.16,70.93
2021-12-24 00:30:00,5,9506.23,180.6,100.08,0,64.85,833.3,1010.93,39.52
2021-12-24 01:30:00,5,7904.05,139.47,89.11,0,40.05,733.88,875.94,19.51
2021-12-24 02:30:00,5,6301.88,94.77,78.14,0,28.61,652.55,763.53,11.78
2021-12-24 03:30:00,5,5126.95,56.77,69.92,0,25.27,595.28,679.69,9.25
2021-12-24 04:30:00,5,4379.27,35.32,65.8,0,25.99,554.74,622.92,9.12
2021-12-24 05:30:00,5,3898.62,26.15,64.43,0.02,28.13,522.01,582.03,9.88
2021-12-24 06:30:00,5,3845.21,32.19,64.43,0.01,35.76,510.06,570.34,13.05
2021-12-24 07:30:00,5,4966.74,70.63,71.97,0.05,47.21,573.21,650.21,17.23
2021-12-24 08:30:00,5,6195.07,118.02,78.83,0.77,54.36,631.87,719.44,17.73
2021-12-24 09:30:00,5,6248.47,114.44,89.11,3.71,56.74,624.03,707.74,17.99
2021-12-24 10:30:00,5,6141.66,90.3,104.19,12.52,62.94,617.17,701.4,25.59
2021-12-24 11:30:00,5,5874.63,56.77,128.87,35.05,70.57,619.15,702.88,30.4
2021-12-24 12:30:00,5,2456.67,9.05,82.94,151.63,123.98,435.05,470.97,3.32
2021-12-24 13:30:00,5,1976.01,6.43,70.6,180.24,123.98,388.64,418.18,3.04
2021-12-24 14:30:00,5,1869.2,5.36,71.97,188.83,129.7,385.81,414.19,3.99
2021-12-24 15:30:00,5,3417.97,15.2,143.95,94.41,125.89,468.43,520.04,23.31
2021-12-24 16:30:00,5,5928.04,62.58,200.15,13.23,118.26,592.02,673.77,43.57
2021-12-24 17:30:00,5,8117.68,148.42,205.64,0.65,121.12,693.53,794.85,58.26
2021-12-24 18:30:00,5,10681.15,239.61,222.09,0,148.77,833.85,962.23,82.08
2021-12-24 19:30:00,5,13885.5,311.14,252.25,0,198.36,1041.8,1211.21,120.58
2021-12-24 20:30:00,5,16448.97,339.75,285.15,0,255.58,1242.45,1456.63,162.12
2021-12-24 21:30:00,5,17089.84,307.56,287.89,0,259.4,1328.14,1581.38,172.26
2021-12-24 22:30:00,5,15594.48,246.76,246.76,0,183.11,1281.48,1538.06,123.62
2021-12-24 23:30:00,5,12710.57,180.6,194.67,0,100.14,1135.75,1358.23,56.74
2021-12-25 00:30:00,5,9719.85,126.96,150.8,0,47.21,949.58,1115.59,18.75
2021-12-25 01:30:00,5,8010.86,91.2,123.38,0,30.04,847.25,973.75,10.89
2021-12-25 02:30:00,5,7049.56,71.53,102.82,0,26.7,807.65,916.23,10.26
2021-12-25 03:30:00,5,6622.31,61.69,89.11,0,28.61,805.81,905.9,11.27
2021-12-25 04:30:00,5,6408.69,56.77,81.57,0,29.56,799.4,891.98,10.64
2021-12-25 05:30:00,5,6301.88,58.11,78.14,0,31.47,801.58,886.65,10.01
2021-12-25 06:30:00,5,6622.31,72.42,76.77,0,39.1,822.29,909.15,13.81
2021-12-25 07:30:00,5,8117.68,125.17,75.4,0,52.93,918.58,1026.78,21.28
2021-12-25 08:30:00,5,10040.28,200.27,78.14,0.23,61.99,1025.83,1155.37,23.81
2021-12-25 09:30:00,5,9292.6,185.97,89.11,2.15,68.66,924.75,1043.96,21.79
2021-12-25 10:30:00,5,8865.36,151.99,115.16,7.69,73.43,861.06,978.28,26.6
2021-12-25 11:30:00,5,8438.11,92.09,163.14,26.82,81.06,818.94,929.55,32.17
2021-12-25 12:30:00,5,2376.56,23.25,132.98,89.41,267.03,405.65,441.49,2.72
2021-12-25 13:30:00,5,1922.61,17.43,126.12,108.72,267.03,377.23,408.64,0.76
2021-12-25 14:30:00,5,1869.2,13.75,130.24,117.3,274.66,374.7,406.28,0.74
2021-12-25 15:30:00,5,3150.94,26.15,168.62,58.65,226.97,460.18,512.52,13.93
2021-12-25 16:30:00,5,5393.98,76,200.15,10.64,179.29,583.78,666.33,36.48
2021-12-25 17:30:00,5,7797.24,160.93,216.6,0.69,192.64,707.84,817.42,63.33
2021-12-25 18:30:00,5,10147.09,232.46,235.8,0,238.42,820.46,955.22,100.31
2021-12-25 19:30:00,5,11962.89,264.64,241.28,0,247.96,932.59,1093.49,124.63
2021-12-25 20:30:00,5,13137.82,268.22,235.8,0,217.44,1044.2,1225.61,125.65
2021-12-25 21:30:00,5,13885.5,268.22,216.6,0,158.31,1126.64,1319.2,106.39
2021-12-25 22:30:00,5,14526.37,278.95,194.67,0,112.53,1210.29,1408.44,83.09
2021-12-25 23:30:00,5,15167.24,293.25,180.96,0,77.25,1282.45,1471.25,57.25
2021-12-26 00:30:00,5,15167.24,303.98,169.99,0,50.54,1308.97,1473.56,31.66
2021-12-26 01:30:00,5,14526.37,289.68,157.65,0,41.96,1294.26,1438.39,18.49
2021-12-26 02:30:00,5,12817.38,243.19,143.95,0,45.78,1199.53,1326.93,13.05
2021-12-26 03:30:00,5,10467.53,169.87,130.24,0,53.88,1034.92,1151.2,11.53
2021-12-26 04:30:00,5,9506.23,137.69,112.41,0,50.54,978.98,1098.99,14.95
2021-12-26 05:30:00,5,8544.92,116.23,93.22,0,55.31,914.51,1036.38,23.05
2021-12-26 06:30:00,5,7690.43,108.18,76.09,0,64.85,851.49,977.11,35.46
2021-12-26 07:30:00,5,8438.11,148.42,70.6,0,61.99,891.48,1030.1,31.16
2021-12-26 08:30:00,5,9613.04,207.42,78.14,0.25,54.36,942.49,1081.06,19.76
2021-12-26 09:30:00,5,4913.33,56.33,104.19,1.3,52.93,598.5,666.44,6.65
2021-12-26 10:30:00,5,4165.65,29.95,102.82,4.07,48.64,518.83,577.31,12.41
2021-12-26 11:30:00,5,3738.4,19.22,100.08,8.85,50.54,471.06,525.11,17.23
2021-12-26 12:30:00,5,2162.93,2.01,74.71,71.53,69.62,392.44,423.28,3.36
2021-12-26 13:30:00,5,1895.9,1.87,69.23,79.39,79.15,384.11,409.69,2.53
2021-12-26 14:30:00,5,1922.61,2.37,77.46,65.09,91.55,374.86,400.49,4.5
2021-12-26 15:30:00,5,2296.45,5.76,102.82,32.54,102.04,382.58,413.48,10.64
2021-12-26 16:30:00,5,3150.94,23.25,131.61,4.6,105.86,407.17,446.9,17.48
2021-12-26 17:30:00,5,4005.43,53.64,141.2,0.28,106.81,429.68,475.51,18.49
2021-12-26 18:30:00,5,4753.11,74.21,137.09,0,103,458.23,512.59,19.25
2021-12-26 19:30:00,5,5340.58,82.25,119.27,0,91.55,502.92,568.5,21.28
2021-12-26 20:30:00,5,5714.42,83.15,105.56,0,80.11,542.58,614.53,20.77
2021-12-26 21:30:00,5,5554.2,71.53,95.96,0,67.71,549.49,621.23,18.49
2021-12-26 22:30:00,5,5340.58,56.33,94.59,0,63.9,548.43,616.23,16.47
2021-12-26 23:30:00,5,4806.52,38,94.59,0,60.56,527.66,582.27,11.53
2021-12-27 00:30:00,5,3898.62,15.2,90.48,0.25,59.13,465.28,501.66,5.89
2021-12-27 01:30:00,5,3097.53,1.84,78.14,9.83,55.31,398.08,425.32,4.43
2021-12-27 02:30:00,5,2269.74,0.01,50.72,42.56,49.11,325.86,344.9,3.29
2021-12-27 03:30:00,5,1735.69,0,37.01,65.8,41.96,272.36,287.59,3.32
2021-12-27 04:30:00,5,1602.17,0,36.67,61.51,33.38,241.01,258.57,4.75
2021-12-27 05:30:00,5,1668.93,0,42.5,47.21,31.95,220.63,242.19,6.78
2021-12-27 06:30:00,5,2056.12,0.82,60.32,23.6,37.67,228.15,260.47,11.65
2021-12-27 07:30:00,5,2990.72,16.54,80.2,1.33,51.98,279.25,330.75,18.24
2021-12-27 08:30:00,5,3898.62,49.62,79.51,1.23,65.8,335.46,404.3,22.55
2021-12-27 09:30:00,5,4646.3,75.1,78.14,6.17,79.15,390.71,477.34,27.87
2021-12-27 10:30:00,5,5073.55,76.89,90.48,15.38,89.65,437.03,539.56,34.45
2021-12-27 11:30:00,5,4699.71,51.41,108.3,37.91,101.09,442.77,545.36,36.98
2021-12-27 12:30:00,5,2002.72,31.74,94.59,58.65,198.36,214.59,255.71,16.09
2021-12-27 13:30:00,5,1602.17,30.85,94.59,59.37,215.53,171.16,205.25,12.41
2021-12-27 14:30:00,5,1495.36,29.95,101.45,56.51,228.88,158.66,191.38,12.03
2021-12-27 15:30:00,5,3097.53,67.95,122.01,23.6,200.27,232.03,289.41,31.66
2021-12-27 16:30:00,5,5874.63,146.63,141.2,5.19,200.27,374.32,469.33,66.88
2021-12-27 17:30:00,5,8544.92,239.61,156.28,0.42,247.96,510.64,634.49,109.43
2021-12-27 18:30:00,5,10787.96,296.83,171.36,0,301.36,638.49,790.24,156.04
2021-12-27 19:30:00,5,12283.33,307.56,175.48,0,320.43,769.72,956.81,196.58
2021-12-27 20:30:00,5,12924.19,289.68,165.88,0,289.92,854.19,1074.77,202.66
2021-12-27 21:30:00,5,12603.76,264.64,143.95,0,204.09,868.21,1111.11,151.99
2021-12-27 22:30:00,5,11749.27,232.46,116.53,0,133.51,827.86,1074.46,94.23
2021-12-27 23:30:00,5,9292.6,187.75,89.11,0,80.11,672.02,881.36,45.09
2021-12-28 00:30:00,5,5233.76,100.14,68.55,0,44.35,390.51,517.91,15.45
2021-12-28 01:30:00,5,3417.97,53.2,59.63,0,32.9,270.9,361.04,10.01
2021-12-28 02:30:00,5,2670.29,27.72,56.21,0,28.37,220.24,288.03,7.98
2021-12-28 03:30:00,5,2323.15,15.42,54.15,0.04,27.18,198.34,252.19,7.22
2021-12-28 04:30:00,5,2323.15,15.87,50.04,0.02,28.37,204.38,254.5,7.73
2021-12-28 05:30:00,5,2510.07,23.02,47.3,0,32.42,222.39,274.36,9.63
2021-12-28 06:30:00,5,3124.24,42.02,47.3,0,41.96,266.4,329.53,15.2
2021-12-28 07:30:00,5,4486.08,83.15,52.09,0,58.65,354.32,439.78,23.31
2021-12-28 08:30:00,5,5554.2,123.38,58.95,0.08,71.53,418.74,520.04,26.85
2021-12-28 09:30:00,5,5287.17,118.02,61.69,0.49,83.92,405.84,501.63,25.33
2021-12-28 10:30:00,5,5607.6,125.17,63.75,1.35,98.23,441.64,548.64,32.93
2021-12-28 11:30:00,5,5714.42,121.59,72.66,3.22,113.49,464.37,579.8,38.5
2021-12-28 12:30:00,5,2456.67,54.09,95.96,2.24,211.72,283.78,329.73,4.37
2021-12-28 13:30:00,5,1976.01,50.07,112.41,2.19,259.4,226.23,261.35,4.88
2021-12-28 14:30:00,5,1895.9,55.88,130.24,1.65,308.99,201.9,235.15,7.16
2021-12-28 15:30:00,5,3150.94,102.82,128.87,0.23,267.03,248.82,301.67,23.81
2021-12-28 16:30:00,5,5661.01,193.12,119.27,0.06,192.64,371.81,456.3,43.57
2021-12-28 17:30:00,5,7904.05,275.37,113.79,0.01,158.31,497.86,603.72,56.74
2021-12-28 18:30:00,5,9185.79,300.41,108.3,0,146.87,594.19,721.44,65.86
2021-12-28 19:30:00,5,9933.47,293.25,102.82,0,135.42,691.17,844.49,65.86
2021-12-28 20:30:00,5,10040.28,271.8,101.45,0,123.98,760.49,923.11,51.68
2021-12-28 21:30:00,5,10467.53,278.95,104.19,0,154.5,844.54,1016.47,66.88
2021-12-28 22:30:00,5,12496.95,329.02,112.41,0,226.97,1030.29,1233.89,117.54
2021-12-28 23:30:00,5,14099.12,379.09,124.75,0,286.1,1174.77,1395.13,156.04
2021-12-29 00:30:00,5,14739.99,414.85,137.09,0,312.81,1236.74,1449.67,168.2
2021-12-29 01:30:00,5,14953.61,422,141.2,0,320.43,1287.61,1489.37,168.2
2021-12-29 02:30:00,5,14739.99,396.97,127.49,0,278.47,1291,1477.89,139.83
2021-12-29 03:30:00,5,12817.38,329.02,100.08,0,133.51,1166.81,1323.9,45.6
2021-12-29 04:30:00,5,11749.27,300.41,82.94,0,82.97,1100.95,1243.15,26.6
2021-12-29 05:30:00,5,10574.34,282.53,74.03,0,82.02,1047.4,1172.85,30.91
2021-12-29 06:30:00,5,9933.47,286.1,67.86,0,98.23,1003.08,1119.19,46.61
2021-12-29 07:30:00,5,10787.96,325.44,63.06,0,111.58,1013.4,1149.91,62.82
2021-12-29 08:30:00,5,11535.64,368.36,62.38,0.01,101.09,976.79,1131.83,51.17
2021-12-29 09:30:00,5,4325.87,125.17,87.05,0.55,146.87,468.6,531.54,15.45
2021-12-29 10:30:00,5,3578.19,97.45,81.57,3.76,150.68,417.09,475.1,16.97
2021-12-29 11:30:00,5,3177.64,76.89,79.51,11.62,144.96,393.52,446.66,17.23
2021-12-29 12:30:00,5,2643.59,42.92,80.88,37.91,123.98,366.4,410.57,16.72
2021-12-29 13:30:00,5,2296.45,19,73.34,73.67,102.04,342.57,379.48,17.73
2021-12-29 14:30:00,5,2029.42,9.61,61.69,103,93.46,318.25,351.9,17.99
2021-12-29 15:30:00,5,1922.61,6.09,56.21,108.72,75.34,296.35,330.87,18.49
2021-12-29 16:30:00,5,2189.64,5.7,74.03,75.1,64.85,276.78,315.05,22.29
2021-12-29 17:30:00,5,2483.37,2.68,102.82,28.97,59.13,241.8,282.98,26.35
2021-12-29 18:30:00,5,3017.43,9.83,115.16,2.64,58.65,243.84,293.95,34.45
2021-12-29 19:30:00,5,3685,24.59,105.56,0.05,59.6,286.5,353.35,44.58
2021-12-29 20:30:00,5,4005.43,27.94,98.71,0.02,56.74,326.47,406.34,51.17
2021-12-29 21:30:00,5,4112.24,28.16,93.22,0.01,52.45,348.9,434.38,52.69
2021-12-29 22:30:00,5,4165.65,29.95,87.05,0.01,48.64,355.98,442.43,49.14
2021-12-29 23:30:00,5,3845.21,28.61,81.57,0.01,39.1,328.15,406.25,34.96
2021-12-30 00:30:00,5,3204.35,21.68,74.71,0.03,28.13,278.29,340.55,18.75
2021-12-30 01:30:00,5,2830.51,15.65,68.55,0.1,24.8,256.31,308.34,11.91
2021-12-30 02:30:00,5,2643.59,12.07,63.75,0.24,24.08,251.56,299.47,8.99
2021-12-30 03:30:00,5,2670.29,12.18,58.95,0.25,24.32,260.76,308.82,8.23
2021-12-30 04:30:00,5,2830.51,16.54,55.52,0.1,26.23,280.36,332.41,8.99
2021-12-30 05:30:00,5,3150.94,26.15,53.47,0.02,31.47,308.97,367.45,12.16
2021-12-30 06:30:00,5,4005.43,51.41,54.15,0,42.44,372.8,446.56,19
2021-12-30 07:30:00,5,5928.04,109.97,61.69,0,54.36,498.82,601.74,23.81
2021-12-30 08:30:00,5,7049.56,153.78,73.34,0.89,59.13,551.86,663.34,23.05
2021-12-30 09:30:00,5,5874.63,105.5,90.48,5.81,66.76,458.13,547.34,26.35
2021-12-30 10:30:00,5,5607.6,79.57,105.56,19.13,78.2,445.56,537.34,38
2021-12-30 11:30:00,5,4913.33,45.15,116.53,49.35,87.74,409.08,499.66,38
2021-12-30 12:30:00,5,1575.47,12.85,56.89,90.84,91.55,124.06,155.65,12.79
2021-12-30 13:30:00,5,1174.93,9.61,45.93,94.41,80.11,87.2,111.45,10.01
2021-12-30 14:30:00,5,1108.17,8.49,46.61,92.98,82.02,80.61,103.33,10.13
2021-12-30 15:30:00,5,2723.69,37.1,87.74,40.77,95.37,165.1,213.82,28.88
2021-12-30 16:30:00,5,5287.17,107.29,113.79,8.58,103,303.02,389.91,49.14
2021-12-30 17:30:00,5,7476.81,187.75,123.38,0.86,113.49,404.47,521.18,66.88
2021-12-30 18:30:00,5,8972.17,239.61,131.61,0,137.33,488.43,631.24,91.2
2021-12-30 19:30:00,5,9613.04,232.46,132.98,0,129.7,551.02,714.31,100.31
2021-12-30 20:30:00,5,9292.6,193.12,130.24,0,103,565.94,738.51,85.12
2021-12-30 21:30:00,5,8544.92,151.99,122.01,0,77.25,561.44,726.53,59.28
2021-12-30 22:30:00,5,8010.86,121.59,113.79,0,60.56,550.72,702.76,41.54
2021-12-30 23:30:00,5,6515.5,85.83,105.56,0,41.96,464.21,583.65,23.56
2021-12-31 00:30:00,5,4005.43,32.19,91.85,0.07,26.94,293.98,362.25,10.39
2021-12-31 01:30:00,5,2830.51,7.49,78.83,2.53,23.84,228.33,275.24,8.04
2021-12-31 02:30:00,5,2349.85,0.67,65.8,14.48,23.37,208.85,246.56,7.41
2021-12-31 03:30:00,5,2162.93,0.09,56.89,24.68,23.13,205.5,239.55,6.84
2021-12-31 04:30:00,5,2189.64,0.21,56.89,20.38,22.89,211.83,245.87,6.33
2021-12-31 05:30:00,5,2323.15,1.27,61.69,10.82,24.08,223.39,258.81,6.71
2021-12-31 06:30:00,5,2803.8,11.85,67.86,1.72,30.28,255.44,298.8,10.01
2021-12-31 07:30:00,5,3845.21,44.7,71.97,0.01,41.01,317.08,379.16,15.07
2021-12-31 08:30:00,5,4539.49,74.21,75.4,1.45,46.73,346.1,417.62,16.72
2021-12-31 09:30:00,5,4325.87,72.42,76.77,11.8,51.5,332.65,401.49,18.75
2021-12-31 10:30:00,5,4379.27,62.58,85,23.6,60.56,344.92,418.41,25.84
2021-12-31 11:30:00,5,4005.43,40.68,93.22,47.92,69.62,341.66,413.23,29.39
2021-12-31 12:30:00,5,1642.23,7.49,46.61,134.47,67.71,190.07,216.24,10.26
2021-12-31 13:30:00,5,1295.09,5.03,35.3,148.77,57.22,150.14,169.55,8.49
2021-12-31 14:30:00,5,1214.98,4.36,35.3,150.2,57.22,135.36,153,9.12
2021-12-31 15:30:00,5,2403.26,15.42,84.31,79.39,63.9,192.59,230.15,22.8
2021-12-31 16:30:00,5,4432.68,59.9,131.61,14.31,70.57,290.77,359.5,38.5
2021-12-31 17:30:00,5,6195.07,137.69,138.46,0.8,73.43,363.74,452.96,49.65
2021-12-31 18:30:00,5,7583.62,202.06,131.61,0,80.11,440.87,549.67,63.33
2021-12-31 19:30:00,5,8010.86,202.06,116.53,0,74.39,500.28,622.12,64.34
2021-12-31 20:30:00,5,6782.53,143.05,100.08,0,59.13,472.79,583.46,44.08
2021-12-31 21:30:00,5,4753.11,64.37,91.85,0,46.25,370.56,453.33,25.84
2021-12-31 22:30:00,5,4432.68,45.15,95.96,0,42.44,361.45,441.45,20.52
2021-12-31 23:30:00,5,4005.43,34.87,97.33,0,34.81,339.01,409.74,13.43
2022-01-01 00:30:00,5,3231.05,21.01,89.11,0.05,24.56,287.77,339.9,7.16
2022-01-01 01:30:00,5,2590.18,8.16,74.71,0.84,19.31,255.16,295.66,5.19
2022-01-01 02:30:00,5,2296.45,2.91,63.06,3.31,18.36,245.49,280.9,5
2022-01-01 03:30:00,5,2162.93,1.49,54.15,5.9,18.36,244.88,278.44,5.07
2022-01-01 04:30:00,5,2082.82,1.17,49.35,7.42,18.36,244.7,275.93,4.94
2022-01-01 05:30:00,5,2109.53,2.12,50.04,5.54,18.84,249.29,279.58,5.19
2022-01-01 06:30:00,5,2429.96,9.95,54.84,1.37,23.13,272.61,307.99,7.47
2022-01-01 07:30:00,5,3311.16,36.21,58.95,0.01,31.47,324.96,375.67,11.53
2022-01-01 08:30:00,5,4058.84,67.06,59.63,0.7,36.72,359.59,420.97,13.05
2022-01-01 09:30:00,5,4219.06,75.1,61.69,5.59,41.48,364.71,426.96,13.55
2022-01-01 10:30:00,5,4219.06,64.37,70.6,16.45,48.16,369.55,433.61,17.73
2022-01-01 11:30:00,5,3898.62,39.79,82.25,42.56,56.27,370.4,431.61,20.77
2022-01-01 12:30:00,5,1815.8,5.2,40.44,167.37,64.85,274.33,297.64,5.26
2022-01-01 13:30:00,5,1535.42,3.07,29.82,191.69,56.27,241.67,260.01,4.56
2022-01-01 14:30:00,5,1482.01,2.54,30.5,197.41,56.27,223.48,240.38,5.89
2022-01-01 15:30:00,5,2616.88,8.83,80.2,115.87,58.17,279.17,314.9,19.51
2022-01-01 16:30:00,5,4379.27,31.29,134.35,26.82,60.56,371.97,434.7,33.44
2022-01-01 17:30:00,5,5821.23,85.83,146.69,1.5,72.48,433.4,513.81,47.12
2022-01-01 18:30:00,5,6942.75,132.32,149.43,0,90.6,495.78,592.02,63.84
2022-01-01 19:30:00,5,7583.62,144.84,135.72,0,83.92,554.61,665.74,62.32
2022-01-01 20:30:00,5,7263.18,130.53,109.67,0,61.99,568.17,683.01,44.08
2022-01-01 21:30:00,5,6568.91,110.86,91.85,0,44.82,549.36,656.72,25.84
2022-01-01 22:30:00,5,6088.26,94.77,86.37,0,37.67,523.89,623.79,18.49
2022-01-01 23:30:00,5,5126.95,68.84,83.63,0,28.61,456.28,536.62,11.4
2022-01-02 00:30:00,5,3631.59,31.74,78.14,0.03,20.5,350.99,402.47,6.46
2022-01-02 01:30:00,5,3017.43,13.19,69.92,0.45,18.6,319.42,361.13,5.76
2022-01-02 02:30:00,5,2830.51,4.75,63.06,2.28,18.36,326.03,365.41,5.76
2022-01-02 03:30:00,5,2750.4,1.84,56.21,5.32,18.12,344.43,384.28,5.83
2022-01-02 04:30:00,5,2696.99,1.24,51.41,7.06,18.36,363.32,403.15,5.76
2022-01-02 05:30:00,5,2723.69,2.26,51.41,5.28,19.55,382.93,422.76,6.21
2022-01-02 06:30:00,5,3070.83,10.06,56.21,1.45,24.8,418.7,464.14,8.87
2022-01-02 07:30:00,5,3898.62,33.97,63.06,0.02,33.38,476.76,536.65,12.67
2022-01-02 08:30:00,5,4486.08,56.33,68.55,0.91,38.15,500.67,568.02,13.3
2022-01-02 09:30:00,5,4432.68,56.77,74.03,7.78,41.96,486.37,550.94,13.17
2022-01-02 10:30:00,5,4432.68,49.17,81.57,22.89,48.64,486.9,552.38,16.97
2022-01-02 11:30:00,5,4165.65,30.85,91.85,56.51,57.7,482.73,545.41,20.77
2022-01-02 12:30:00,5,1789.09,5.64,44.55,163.08,64.85,261.92,284.68,6.97
2022-01-02 13:30:00,5,1441.96,3.55,32.9,185.97,55.31,217.63,235.72,5.57
2022-01-02 14:30:00,5,1388.55,2.85,32.22,197.41,55.31,207.45,224.59,6.4
2022-01-02 15:30:00,5,2483.37,9.05,78.83,120.16,55.79,259.53,294.61,19
2022-01-02 16:30:00,5,4112.24,29.95,130.24,31.11,57.22,344.04,404.72,32.42
2022-01-02 17:30:00,5,5554.2,82.25,141.2,1.79,67.71,402.84,481.23,46.1
2022-01-02 18:30:00,5,6675.72,126.96,135.72,0,82.97,466.69,561.86,60.8
2022-01-02 19:30:00,5,7049.56,128.75,120.64,0,69.62,523.09,630.38,53.7
2022-01-02 20:30:00,5,6355.29,90.3,109.67,0,50.07,517.82,617.67,33.94
2022-01-02 21:30:00,5,3898.62,6.26,109.67,2.91,35.29,384.12,445.8,17.73
2022-01-02 22:30:00,5,3898.62,8.94,95.96,1.2,32.9,398.81,466.08,14.95
2022-01-02 23:30:00,5,3845.21,15.2,83.63,0.21,27.89,400.42,467.7,11.27
2022-01-03 00:30:00,5,3417.97,15.87,71.29,0.14,22.41,370.63,429.05,8.36
2022-01-03 01:30:00,5,3124.24,16.09,61.69,0.1,23.84,357.2,410.02,8.87
2022-01-03 02:30:00,5,2937.32,15.65,54.15,0.08,24.8,352.92,402.44,8.74
2022-01-03 03:30:00,5,2803.8,14.98,48.67,0.09,24.8,349.8,396.51,8.49
2022-01-03 04:30:00,5,2643.59,13.52,45.93,0.14,24.08,344.28,386.77,7.73
2022-01-03 05:30:00,5,2590.18,13.63,45.93,0.15,24.8,342.03,381.23,7.73
2022-01-03 06:30:00,5,2910.61,22.35,47.98,0.04,30.04,364.68,408.51,10.39
2022-01-03 07:30:00,5,3898.62,51.86,52.09,0,40.53,429.09,490.61,15.2
2022-01-03 08:30:00,5,4806.52,81.36,58.95,0.82,47.68,475.59,550.13,17.23
2022-01-03 09:30:00,5,4699.71,75.1,67.86,7.24,53.41,465.77,536.58,18.75
2022-01-03 10:30:00,5,4806.52,63.48,82.25,20.92,62.94,478.41,552.94,25.08
2022-01-03 11:30:00,5,4486.08,38.44,98.71,53.64,74.39,478.83,550.57,29.39
2022-01-03 12:30:00,5,2109.53,10.62,60.32,124.45,83.92,248.59,278.41,17.48
2022-01-03 13:30:00,5,1548.77,7.04,45.93,137.33,69.62,178.61,200.52,14.44
2022-01-03 14:30:00,5,1335.14,5.53,42.16,140.19,64.85,162.78,182.13,13.81
2022-01-03 15:30:00,5,1976.01,9.83,69.23,101.57,62.94,195.43,226.67,21.03
2022-01-03 16:30:00,5,3177.64,23.47,113.79,38.27,61.04,253.96,304.75,30.4
2022-01-03 17:30:00,5,4165.65,56.77,131.61,3.4,56.74,291.92,355.29,36.98
2022-01-03 18:30:00,5,4966.74,92.98,122.01,0,57.7,338.65,414.12,44.58
2022-01-03 19:30:00,5,5500.79,101.92,104.19,0,59.13,400.32,490.69,44.08
2022-01-03 20:30:00,5,5607.6,91.2,90.48,0,55.31,447.23,546.91,34.45
2022-01-03 21:30:00,5,5554.2,78.68,83.63,0,50.07,472.38,573,25.84
2022-01-03 22:30:00,5,5500.79,71.53,80.2,0,46.73,494.05,595.6,21.53
2022-01-03 23:30:00,5,5180.36,62.58,76.77,0,38.62,481.62,572,15.07
2022-01-04 00:30:00,5,4753.11,58.11,70.6,0,28.13,459.15,536.49,9.5
2022-01-04 01:30:00,5,4646.3,58.11,64.43,0,25.51,462.6,534.35,9.12
2022-01-04 02:30:00,5,4432.68,52.75,58.26,0,25.99,463.24,530.32,9.75
2022-01-04 03:30:00,5,4165.65,48.28,52.09,0,27.66,462.03,527.25,10.77
2022-01-04 04:30:00,5,4058.84,47.39,47.3,0,29.8,464.3,529.52,12.29
2022-01-04 05:30:00,5,4112.24,53.64,45.24,0,34.33,476.06,543.14,15.45
2022-01-04 06:30:00,5,4966.74,81.36,46.61,0,43.87,537.24,617.37,21.28
2022-01-04 07:30:00,5,7156.37,153.78,53.47,0,55.79,683.45,796.22,25.33
2022-01-04 08:30:00,5,9292.6,236.03,65.8,0.26,59.6,790.19,922.6,23.05
2022-01-04 09:30:00,5,6729.13,146.63,87.05,4.2,62.94,593.88,684.6,23.56
2022-01-04 10:30:00,5,6835.94,126.96,116.53,13.95,71.53,604.11,702.5,33.44
2022-01-04 11:30:00,5,6568.91,75.1,160.4,45.06,82.02,617.89,714.75,38
2022-01-04 12:30:00,5,2323.15,14.19,84.31,114.44,108.72,244.35,278.31,15.96
2022-01-04 13:30:00,5,2002.72,8.72,75.4,123.02,107.77,197.99,227.33,15.45
2022-01-04 14:30:00,5,1869.2,5.36,76.77,113.01,108.72,181.42,209.54,16.21
2022-01-04 15:30:00,5,2563.48,6.54,109.67,62.94,106.81,217.75,259.05,25.59
2022-01-04 16:30:00,5,4165.65,29.95,152.17,10.82,106.81,302.65,370.87,39.01
2022-01-04 17:30:00,5,5928.04,88.51,160.4,0.56,106.81,394,489.14,50.66
2022-01-04 18:30:00,5,8438.11,168.09,161.77,0,111.58,552,689.9,70.93
2022-01-04 19:30:00,5,11215.21,236.03,153.54,0,119.21,764.26,957.96,95.25
2022-01-04 20:30:00,5,13351.44,275.37,141.2,0,123.98,948.87,1187.23,110.45
2022-01-04 21:30:00,5,14099.12,278.95,128.87,0,116.35,1052.56,1318.83,106.39
2022-01-04 22:30:00,5,13458.25,246.76,112.41,0,103,1048.77,1318.7,84.1
2022-01-04 23:30:00,5,11428.83,193.12,95.96,0,81.06,942.12,1185.81,54.21
2022-01-05 00:30:00,5,9078.98,144.84,81.57,0,58.17,791.25,986.25,30.91
2022-01-05 01:30:00,5,7583.62,114.44,72.66,0,53.41,701.31,862.54,27.11
2022-01-05 02:30:00,5,6782.53,95.67,65.8,0,57.22,651.76,792.37,30.15
2022-01-05 03:30:00,5,6301.88,86.72,60.32,0,63.9,637.67,763.33,34.45
2022-01-05 04:30:00,5,6195.07,85.83,57.58,0,59.13,649.26,763.78,30.65
2022-01-05 05:30:00,5,6195.07,90.3,55.52,0,49.59,667.55,771.03,23.81
2022-01-05 06:30:00,5,6835.94,112.65,55.52,0,51.5,715.24,813.2,23.81
2022-01-05 07:30:00,5,9399.41,198.48,61.69,0,71.53,897.75,1021.77,32.93
2022-01-05 08:30:00,5,12603.76,318.29,74.71,0.05,82.02,1106.78,1256.86,32.93
2022-01-05 09:30:00,5,10040.28,239.61,95.96,0.51,89.65,927.88,1036.94,23.56
2022-01-05 10:30:00,5,9613.04,211,115.16,1.37,103.95,903.84,1003.46,24.83
2022-01-05 11:30:00,5,9292.6,178.81,145.32,2.91,135.42,893.45,980.81,22.8
2022-01-05 12:30:00,5,7476.81,116.23,178.22,7.15,190.73,797.95,859.95,14.57
2022-01-05 13:30:00,5,6034.85,77.78,178.22,11.18,194.55,717.42,764.8,8.49
2022-01-05 14:30:00,5,4379.27,45.6,150.8,15.56,169.75,589.26,621.59,4.69
2022-01-05 15:30:00,5,3044.13,19,124.75,12.7,131.61,436.16,455.6,2.53
2022-01-05 16:30:00,5,2616.88,9.05,109.67,8.49,100.14,356.89,372.79,3.61
2022-01-05 17:30:00,5,2563.48,7.04,101.45,3.22,80.11,314.48,330.13,5.38
2022-01-05 18:30:00,5,2510.07,6.82,90.48,2.24,66.76,287.11,303.91,7.16
2022-01-05 19:30:00,5,2296.45,2.32,78.14,8.31,56.27,259.7,277.88,8.36
2022-01-05 20:30:00,5,2082.82,0.23,65.8,24.32,51.02,240.83,258.3,8.36
2022-01-05 21:30:00,5,2029.42,0.01,54.15,42.2,44.35,256.62,273.39,7.85
2022-01-05 22:30:00,5,2136.23,0,49.35,47.92,38.62,285.86,302.4,7.66
2022-01-05 23:30:00,5,2056.12,0,44.55,49.35,33.38,282.04,295.2,6.27
2022-01-06 00:30:00,5,1655.58,0,35.3,53.64,26.94,225.3,234.04,4.69
2022-01-06 01:30:00,5,1174.93,0,27.76,55.07,24.8,142.62,149.32,4.37
2022-01-06 02:30:00,5,821.11,0,24.33,54.36,25.27,81.24,87.01,4.18
2022-01-06 03:30:00,5,674.25,0,24.33,52.21,27.89,54.2,59.8,4.31
2022-01-06 04:30:00,4,654.22,0,25.7,49.35,29.56,48.37,54.49,4.5
2022-01-06 05:30:00,5,727.65,0,28.1,46.49,31.47,59.03,66.13,4.94
2022-01-06 06:30:00,5,1028.06,0.02,36.33,40.77,37.19,98.99,109,6.27
2022-01-06 07:30:00,5,1642.23,0.37,54.84,24.32,46.73,175.82,191.89,8.87
2022-01-06 08:30:00,5,2162.93,4.58,70.6,8.58,56.74,244.69,265.65,10.39
2022-01-06 09:30:00,5,2189.64,10.28,63.75,14.84,59.6,262.09,283.98,10.13
2022-01-06 10:30:00,5,1895.9,8.94,54.15,24.32,57.22,239.77,258.39,9.75
2022-01-06 11:30:00,5,1495.36,5.36,50.04,27.18,57.7,196.58,210.32,9.12
2022-01-06 12:30:00,5,1014.71,0.89,42.5,43.99,51.5,131.79,140.18,6.4
2022-01-06 13:30:00,5,921.25,0.33,40.44,57.94,48.64,119.29,126.98,6.14
2022-01-06 14:30:00,5,934.6,0.18,41.13,65.8,50.07,121.8,129.6,6.9
2022-01-06 15:30:00,5,1895.9,8.83,80.88,18.78,53.41,164.58,186.93,17.99
2022-01-06 16:30:00,5,3578.19,63.48,90.48,0.23,57.7,235.34,280.97,30.15
2022-01-06 17:30:00,5,5340.58,130.53,97.33,0.01,67.71,304.51,374.36,39.01
2022-01-06 18:30:00,5,7156.37,182.39,113.79,0,82.97,391.07,491.66,50.66
2022-01-06 19:30:00,5,7797.24,178.81,119.27,0,80.11,450.88,571.95,47.62
2022-01-06 20:30:00,5,6835.94,132.32,109.67,0,67.71,431.93,544.63,36.48
2022-01-06 21:30:00,5,4646.3,64.37,90.48,0,49.59,329.99,405.43,23.81
2022-01-06 22:30:00,5,3311.16,32.19,71.29,0.01,38.15,280.48,333.11,15.33
2022-01-06 23:30:00,5,2376.56,13.63,61.69,0.69,30.04,239.5,271.17,9.25
2022-01-07 00:30:00,5,1575.47,0.54,48.67,16.81,26.7,196.7,210.91,5.57
2022-01-07 01:30:00,5,1348.5,0.02,35.99,35.05,25.99,185.2,195.1,4.88
2022-01-07 02:30:00,5,1241.68,0,30.16,45.06,26.7,178.35,186.97,4.62
2022-01-07 03:30:00,5,1188.28,0,28.79,50.78,29.56,175.77,183.46,4.56
2022-01-07 04:30:00,5,1188.28,0,27.42,57.22,31.47,183.29,189.7,4.37
2022-01-07 05:30:00,5,1281.74,0,27.08,60.08,32.42,198.4,203.87,4.31
2022-01-07 06:30:00,5,1455.31,0,32.56,52.21,36.72,210.63,216.92,5
2022-01-07 07:30:00,5,1735.69,0.14,45.93,31.47,41.48,214.28,224.29,7.03
2022-01-07 08:30:00,5,1976.01,1.42,57.58,12.16,44.35,207.77,220.46,8.49
2022-01-07 09:30:00,5,1976.01,2.63,54.15,7.24,41.96,193.82,206.51,8.74
2022-01-07 10:30:00,5,1762.39,2.49,46.61,8.23,40.53,172.09,183.62,8.11
2022-01-07 11:30:00,5,1508.71,2.96,41.13,10.19,40.53,143.8,152.99,7.28
2022-01-07 12:30:00,5,1094.82,4.81,26.39,28.97,31.95,85.77,91.24,5.32
2022-01-07 13:30:00,5,881.2,4.86,22.28,40.41,29.09,56.3,60.72,5.07
2022-01-07 14:30:00,4,787.73,5.14,20.91,46.49,29.8,44.11,48.3,5.32
2022-01-07 15:30:00,4,854.49,7.26,25.7,43.63,35.76,43.62,49.5,7.41
2022-01-07 16:30:00,4,1028.06,8.38,35.99,31.83,37.67,49.67,58.41,10.26
2022-01-07 17:30:00,5,1214.98,5.36,52.09,14.66,36.72,55.7,66.76,11.91
2022-01-07 18:30:00,5,1375.2,2.82,61.69,5.99,36.72,67.04,81.47,12.79
2022-01-07 19:30:00,5,1401.9,1.22,59.63,11,35.76,80.45,98.61,13.05
2022-01-07 20:30:00,5,1375.2,0.44,55.52,16.99,35.76,95.06,115.55,12.54
2022-01-07 21:30:00,5,1281.74,0.14,45.93,24.32,30.99,102.76,119.99,10.51
2022-01-07 22:30:00,5,1161.58,0.03,37.01,33.26,26.7,106.08,119.58,8.74
2022-01-07 23:30:00,5,1001.36,0.01,31.19,40.77,24.08,103.08,112.86,6.52
2022-01-08 00:30:00,5,827.79,0,23.99,50.78,21.46,94.53,100.64,4.37
2022-01-08 01:30:00,5,747.68,0,18.16,59.37,18.12,88.95,93.55,3.29
2022-01-08 02:30:00,5,727.65,0,15.94,62.23,17.88,87.89,91.67,2.79
2022-01-08 03:30:00,5,714.3,0,15.59,62.94,18.84,87.02,90.66,2.53
2022-01-08 04:30:00,5,687.6,0,15.42,60.8,19.31,81.73,85.46,2.41
2022-01-08 05:30:00,5,660.9,0,15.94,60.08,20.5,75.05,78.66,2.34
2022-01-08 06:30:00,5,680.92,0,18.85,60.08,23.37,72.26,76.63,2.85
2022-01-08 07:30:00,5,787.73,0,25.7,55.79,26.94,76.66,82.83,3.77
2022-01-08 08:30:00,5,881.2,0.01,32.22,46.49,30.04,80.51,87.67,4.24
2022-01-08 09:30:00,5,907.9,0.02,33.59,38.62,32.42,75.97,82.26,4.05
2022-01-08 10:30:00,5,894.55,0.06,34.27,32.54,35.29,68.59,74.12,4.05
2022-01-08 11:30:00,5,854.49,0.1,35.64,30.4,40.53,61.77,66.66,3.93
2022-01-08 12:30:00,5,794.41,0.45,35.64,35.76,44.82,56.26,60.51,3.67
2022-01-08 13:30:00,5,774.38,1.23,34.27,37.55,47.68,56.04,59.94,3.29
2022-01-08 14:30:00,5,787.73,1.93,32.56,36.12,48.16,52.96,56.65,3.17
2022-01-08 15:30:00,5,847.82,1.82,35.3,29.33,48.64,51.39,55.7,3.58
2022-01-08 16:30:00,5,934.6,1.2,41.81,19.31,46.73,55.54,61.01,4.24
2022-01-08 17:30:00,5,1041.41,1.16,47.3,11.35,44.35,64.19,70.65,4.62
2022-01-08 18:30:00,5,1188.28,2.91,52.09,5.19,42.92,76.06,84.67,5.32
2022-01-08 19:30:00,5,1415.25,6.48,52.78,1.45,40.05,89.48,102.29,7.03
2022-01-08 20:30:00,5,1655.58,11.85,51.41,0.21,40.05,104.25,121.02,8.74
2022-01-08 21:30:00,5,1815.8,16.76,47.98,0.02,39.1,114.49,133.35,9.75
2022-01-08 22:30:00,5,1949.31,22.13,45.93,0,41.48,122.9,142.92,10.13
2022-01-08 23:30:00,5,2029.42,26.15,50.04,0,46.73,129.57,148.2,8.99
2022-01-09 00:30:00,5,1869.2,22.13,54.84,0,46.73,125.48,140.61,6.52
2022-01-09 01:30:00,5,1562.12,14.19,50.04,0.02,39.1,108.23,120.23,5.32
2022-01-09 02:30:00,5,1228.33,7.15,37.36,0.46,28.85,78.33,87.76,5.07
2022-01-09 03:30:00,5,1001.36,1.69,27.76,5.01,21.22,57.7,66.2,5
2022-01-09 04:30:00,5,974.66,0.31,24.33,13.59,20.27,64.82,73.68,4.75
2022-01-09 05:30:00,5,1068.12,0.23,25.7,16.99,21.7,84.29,94.3,5
2022-01-09 06:30:00,5,1268.39,1.23,32.22,10.46,26.46,104.62,117.54,6.71
2022-01-09 07:30:00,5,1642.23,9.05,38.73,1.18,36.24,126.6,146.16,10.13
2022-01-09 08:30:00,5,1949.31,23.47,37.7,0.74,48.16,137.88,160.93,12.79
2022-01-09 09:30:00,5,1949.31,29.95,37.7,3.49,63.9,130.88,155.33,13.68
2022-01-09 10:30:00,5,1922.61,33.97,40.44,4.47,79.15,128.1,154.88,14.19
2022-01-09 11:30:00,5,1922.61,36.66,44.55,2.5,93.46,125.87,154.04,14.19
2022-01-09 12:30:00,5,1415.25,15.42,47.3,5.54,70.57,85.84,103.77,8.87
2022-01-09 13:30:00,5,1161.58,9.39,41.13,13.59,55.31,63.73,76.07,6.84
2022-01-09 14:30:00,5,1148.22,11.85,38.04,14.66,53.88,61.47,73,6.84
2022-01-09 15:30:00,5,1268.39,16.54,38.73,11.98,51.5,67.23,80.5,7.98
2022-01-09 16:30:00,5,1508.71,23.02,42.84,6.79,49.11,78.68,95.68,9.5
2022-01-09 17:30:00,5,1735.69,29.95,47.3,1.35,48.16,90.38,110.87,10.64
2022-01-09 18:30:00,5,2082.82,39.34,48.67,0,47.68,111.01,139.18,12.67
2022-01-09 19:30:00,5,2536.77,45.6,50.04,0,44.35,141.54,182.99,14.31
2022-01-09 20:30:00,5,2696.99,42.47,48.67,0,39.1,160.4,210.23,14.31
2022-01-09 21:30:00,5,2643.59,34.87,43.87,0,33.38,162.34,212.17,12.92
2022-01-09 22:30:00,5,2456.67,26.38,40.1,0.01,29.09,149.84,194.54,11.02
2022-01-09 23:30:00,5,2056.12,16.76,36.67,0.07,23.13,122.1,156.1,7.98
2022-01-10 00:30:00,5,1642.23,7.71,33.93,0.54,18.6,93.02,115.37,5.57
2022-01-10 01:30:00,5,1495.36,4.86,32.22,1.16,20.03,87.63,106.26,5.51
2022-01-10 02:30:00,5,1441.96,3.24,32.22,2.1,21.22,89.7,107.16,5.51
2022-01-10 03:30:00,5,1401.9,2.21,32.22,3.53,21.7,94.92,111.92,5.51
2022-01-10 04:30:00,5,1401.9,1.9,32.56,4.43,22.17,102,119.23,5.57
2022-01-10 05:30:00,5,1441.96,2.82,34.62,3.4,24.32,113.08,131.24,6.08
2022-01-10 06:30:00,5,1708.98,9.72,37.01,0.76,30.28,135.67,158.72,8.49
2022-01-10 07:30:00,5,2376.56,29.95,38.73,0.01,40.53,178.24,213.63,13.3
2022-01-10 08:30:00,5,3097.53,54.54,41.13,0.75,49.11,217.36,264.86,16.72
2022-01-10 09:30:00,5,3578.19,70.63,42.16,4.56,58.17,244.92,301.26,18.75
2022-01-10 10:30:00,5,3685,64.37,50.72,12.52,67.71,258.97,320.43,21.53
2022-01-10 11:30:00,5,3177.64,40.68,62.38,32.19,75.34,245.03,301.85,22.55
2022-01-10 12:30:00,5,1375.2,8.83,33.59,84.4,54.36,119.19,138.98,7.54
2022-01-10 13:30:00,5,1081.47,4.97,25.7,107.29,44.82,95.91,109.66,5.83
2022-01-10 14:30:00,5,1041.41,4.02,26.73,114.44,47.21,95.24,108.29,6.27
2022-01-10 15:30:00,5,2029.42,13.75,62.38,65.09,55.79,151.01,181.28,18.49
2022-01-10 16:30:00,5,3791.81,48.28,98.71,15.02,61.99,245.86,306.4,32.93
2022-01-10 17:30:00,5,5447.39,106.39,111.04,1.27,67.71,322.33,408.02,41.04
2022-01-10 18:30:00,5,6835.94,155.57,113.79,0.01,77.25,405.03,515.86,47.12
2022-01-10 19:30:00,5,7476.81,159.14,102.82,0,76.29,474.31,606.56,45.09
2022-01-10 20:30:00,5,7156.37,139.47,82.25,0,65.8,491.41,629.25,35.97
2022-01-10 21:30:00,5,6462.1,116.23,65.8,0,55.79,473.2,601.72,27.61
2022-01-10 22:30:00,5,6141.66,104.61,58.95,0,48.64,465.99,588.93,22.29
2022-01-10 23:30:00,5,5447.39,90.3,55.52,0,37.19,416.85,523.96,15.07
2022-01-11 00:30:00,5,4272.46,67.06,52.78,0,25.99,327.84,407,9.5
2022-01-11 01:30:00,5,3417.97,45.6,50.04,0,23.37,271.43,331.97,8.87
2022-01-11 02:30:00,5,2883.91,30.85,49.35,0,23.13,242.82,291.72,8.74
2022-01-11 03:30:00,5,2563.48,21.9,48.67,0.01,23.37,227.63,269.54,8.36
2022-01-11 04:30:00,5,2376.56,17.21,47.98,0.03,23.6,218.96,255.75,7.66
2022-01-11 05:30:00,5,2323.15,15.42,49.35,0.08,25.03,215.37,248.9,7.35
2022-01-11 06:30:00,5,2510.07,19,53.47,0.1,30.99,230.76,267.09,9.25
2022-01-11 07:30:00,5,3257.75,38.44,57.58,0.01,41.01,278.09,329.32,13.81
2022-01-11 08:30:00,5,3845.21,58.11,59.63,0.89,48.16,310.13,371.6,16.09
2022-01-11 09:30:00,5,3952.03,60.8,61.69,6.88,55.79,316.13,381.33,17.48
2022-01-11 10:30:00,5,3738.4,47.83,65.12,20.56,61.99,312.26,379.32,20.27
2022-01-11 11:30:00,5,2964.02,25.93,63.06,50.07,66.76,275.82,331.23,20.52
2022-01-11 12:30:00,5,1268.39,5.87,28.79,107.29,48.16,127.7,146.33,7.6
2022-01-11 13:30:00,5,1001.36,3.91,21.93,120.16,39.1,100.46,113.39,6.52
2022-01-11 14:30:00,5,1001.36,3.44,23.31,125.89,41.01,101.06,113.52,7.28
2022-01-11 15:30:00,5,1508.71,6.65,46.61,95.84,48.64,130.2,151.4,14.06
2022-01-11 16:30:00,5,2376.56,12.85,83.63,44.7,53.88,173.69,209.08,22.8
2022-01-11 17:30:00,5,3097.53,27.72,108.3,5.72,52.93,201.37,246.54,29.39
2022-01-11 18:30:00,5,3578.19,47.39,102.82,0.02,52.45,226.56,279.65,33.94
2022-01-11 19:30:00,5,3471.37,38.44,94.59,0,48.64,235.49,292.31,31.41
2022-01-11 20:30:00,5,2910.61,17.88,84.31,0.39,41.01,212.35,262.64,23.81
2022-01-11 21:30:00,5,2376.56,4.69,74.71,3.26,35.29,183.17,225.08,17.48
2022-01-11 22:30:00,5,2216.34,2.21,68.55,6.88,32.42,174.97,214.55,13.68
2022-01-11 23:30:00,5,1949.31,0.86,61.69,12.7,27.42,161.79,194.86,9.25
2022-01-12 00:30:00,5,1588.82,0.14,51.41,24.32,22.41,143.62,166.68,5.45
2022-01-12 01:30:00,5,1388.55,0.02,42.16,35.05,22.17,140.29,158.92,4.69
2022-01-12 02:30:00,5,1308.44,0.01,37.01,41.48,23.6,143.35,160.58,4.69
2022-01-12 03:30:00,5,1308.44,0.01,34.96,42.56,24.56,147.54,164.54,4.88
2022-01-12 04:30:00,5,1361.85,0.02,35.99,36.48,25.27,154.25,172.41,5.38
2022-01-12 05:30:00,5,1468.66,0.11,41.47,26.11,28.13,163,183.26,6.4
2022-01-12 06:30:00,5,1815.8,2.65,53.47,10.01,35.29,186,213.01,9.5
2022-01-12 07:30:00,5,2510.07,22.8,58.95,0.15,45.78,230.7,272.15,15.2
2022-01-12 08:30:00,5,3204.35,53.64,56.21,0.47,52.45,265.59,319.61,18.49
2022-01-12 09:30:00,5,3471.37,70.63,52.09,3.13,57.22,278.35,337.02,19.51
2022-01-12 10:30:00,5,3391.27,67.06,52.78,8.76,63.9,281.87,340.08,20.52
2022-01-12 11:30:00,5,3017.43,46.04,61.69,23.25,74.39,277.98,328.74,20.01
2022-01-12 12:30:00,5,1708.98,7.82,44.55,104.43,66.76,231.27,256.41,5.51
2022-01-12 13:30:00,5,1495.36,3.16,36.33,133.04,60.56,221.65,242.61,3.17
2022-01-12 14:30:00,5,1508.71,1.65,40.44,135.9,66.76,225.31,246.96,3.99
2022-01-12 15:30:00,5,2296.45,4.25,78.14,80.82,70.57,267.7,303.1,14.82
2022-01-12 16:30:00,5,3685,23.47,120.64,19.85,71.53,335.73,393.94,28.12
2022-01-12 17:30:00,5,4913.33,68.84,132.98,1.68,71.53,384.33,459.76,35.97
2022-01-12 18:30:00,5,6675.72,134.11,135.72,0.01,77.25,475.15,578.53,44.08
2022-01-12 19:30:00,5,8544.92,191.33,128.87,0,84.88,606.09,745.79,50.66
2022-01-12 20:30:00,5,9292.6,212.79,111.04,0,85.83,687.51,851.42,51.68
2022-01-12 21:30:00,5,9078.98,207.42,93.22,0,75.34,691.09,856.86,45.6
2022-01-12 22:30:00,5,8651.73,191.33,82.25,0,60.56,681,841.19,31.66
2022-01-12 23:30:00,5,7583.62,155.57,76.09,0,41.48,607.29,741.4,17.23
2022-01-13 00:30:00,5,4592.9,71.53,73.34,0,26.23,399.71,475.15,8.74
2022-01-13 01:30:00,5,3124.24,31.74,64.43,0,22.65,296.84,348.07,7.09
2022-01-13 02:30:00,5,2483.37,17.66,55.52,0.05,22.17,250.25,291.23,6.59
2022-01-13 03:30:00,5,2189.64,11.62,48.67,0.17,22.65,224.47,260.33,6.46
2022-01-13 04:30:00,5,2002.72,9.5,43.53,0.24,22.41,203.89,236.03,6.33
2022-01-13 05:30:00,5,1922.61,10.84,40.78,0.17,22.89,191.53,222.27,6.65
2022-01-13 06:30:00,5,2243.04,23.02,41.81,0.02,28.13,209.63,247.35,9.5
2022-01-13 07:30:00,5,3417.97,62.58,45.24,0,39.58,281.51,341.11,14.95
2022-01-13 08:30:00,5,4966.74,123.38,50.04,0.26,48.16,364.77,449.53,17.99
2022-01-13 09:30:00,5,6195.07,173.45,51.41,1.56,53.88,429.4,530.91,19.51
2022-01-13 10:30:00,5,7049.56,193.12,65.12,3.93,61.04,474.91,586.67,25.08
2022-01-13 11:30:00,5,7370,177.03,104.19,9.12,69.62,509.9,626.32,32.93
2022-01-13 12:30:00,5,1735.69,10.51,63.06,104.43,74.39,182.18,204.76,6.65
2022-01-13 13:30:00,5,1335.14,5.7,46.61,125.89,61.99,144.51,160.81,5.13
2022-01-13 14:30:00,5,1401.9,5.64,55.52,123.02,76.29,147.73,164.26,5.95
2022-01-13 15:30:00,5,3257.75,32.19,130.24,45.78,121.12,251.41,297.51,33.44
2022-01-13 16:30:00,5,6355.29,125.17,194.67,6.17,198.36,423.24,513.57,83.09
2022-01-13 17:30:00,5,9506.23,246.76,227.57,0.56,263.21,584.23,714.62,131.73
2022-01-13 18:30:00,5,12817.38,364.78,254.99,0,335.69,769.49,940.85,186.44
2022-01-13 19:30:00,5,15594.48,439.88,276.92,0,396.73,964.72,1175.2,245.21
2022-01-13 20:30:00,5,16448.97,432.73,285.15,0,396.73,1043.36,1266.88,271.56
2022-01-13 21:30:00,5,14953.61,361.2,263.21,0,339.51,986.02,1194.64,257.37
2022-01-13 22:30:00,5,14099.12,325.44,238.54,0,297.55,972.65,1175.67,237.11
2022-01-13 23:30:00,5,13885.5,325.44,222.09,0,263.21,978.36,1173.93,210.76
2022-01-14 00:30:00,5,12390.14,293.25,191.93,0,211.72,891.09,1055,166.18
2022-01-14 01:30:00,5,10467.53,243.19,159.03,0,165.94,791.31,923.56,131.73
2022-01-14 02:30:00,5,8972.17,193.12,131.61,0,125.89,718.83,833.39,104.37
2022-01-14 03:30:00,5,7370,141.26,108.3,0,81.06,634.71,736.23,68.9
2022-01-14 04:30:00,5,5821.23,101.03,87.05,0,49.11,527.89,613.58,36.48
2022-01-14 05:30:00,5,4859.92,80.47,74.03,0,34.33,449.74,522.38,19.76
2022-01-14 06:30:00,5,4325.87,68.84,71.97,0,37.67,397.55,461.81,24.32
2022-01-14 07:30:00,5,5500.79,110.86,73.34,0,50.07,471.93,552.95,30.4
2022-01-14 08:30:00,5,7263.18,177.03,76.77,0.03,60.56,572.38,653.41,34.45
2022-01-14 09:30:00,5,8544.92,223.52,80.88,0.4,69.62,659.26,738.42,33.44
2022-01-14 10:30:00,5,9613.04,246.76,91.85,2.19,79.15,743.52,841.31,29.64
2022-01-14 11:30:00,5,9826.66,209.21,137.09,9.66,92.51,799.17,901.61,27.87
2022-01-14 12:30:00,5,2590.18,23.69,97.33,74.39,156.4,349.98,381.18,2.91
2022-01-14 13:30:00,5,1949.31,10.73,79.51,94.41,127.79,280.97,305.65,0.91
2022-01-14 14:30:00,5,1895.9,6.87,86.37,95.84,131.61,276.33,300.78,1.71
2022-01-14 15:30:00,5,3017.43,19,126.12,43.27,125.89,337.25,379.63,16.21
2022-01-14 16:30:00,5,5073.55,72.42,150.8,7.87,110.63,439.72,512.36,34.96
2022-01-14 17:30:00,5,6942.75,144.84,154.91,0.93,100.14,520.58,619.3,46.61
2022-01-14 18:30:00,5,8651.73,198.48,153.54,0.01,101.09,601.68,722.76,55.73
2022-01-14 19:30:00,5,9506.23,211,142.57,0,95.37,672.41,812.11,56.74
2022-01-14 20:30:00,5,9078.98,191.33,117.9,0,79.15,687.78,833.07,47.62
2022-01-14 21:30:00,5,8224.49,166.3,91.85,0,61.04,657.15,794.99,33.94
2022-01-14 22:30:00,5,7370,141.26,76.09,0,48.16,610.56,737.22,22.8
2022-01-14 23:30:00,5,5767.82,98.35,67.86,0,33.86,493.86,588.86,12.92
2022-01-15 00:30:00,5,3845.21,43.81,67.17,0,22.41,351.25,408.53,7.98
2022-01-15 01:30:00,5,3177.64,21.23,66.49,0.02,17.17,308.58,354.22,6.21
2022-01-15 02:30:00,5,2830.51,12.18,63.06,0.14,16.69,295.8,337.24,6.21
2022-01-15 03:30:00,5,2643.59,8.83,57.58,0.39,17.4,293.14,332.72,6.46
2022-01-15 04:30:00,5,2483.37,6.98,52.09,0.64,17.4,291.03,326.89,6.33
2022-01-15 05:30:00,5,2429.96,7.15,48.67,0.59,18.12,291.17,321.9,6.52
2022-01-15 06:30:00,5,2616.88,13.08,47.98,0.2,22.17,308.99,338.56,8.23
2022-01-15 07:30:00,5,3337.86,33.97,50.04,0.01,30.99,359.87,395.73,12.67
2022-01-15 08:30:00,5,4005.43,56.77,55.52,0.34,40.53,403,445.85,17.23
2022-01-15 09:30:00,5,4112.24,59.01,61.69,3.35,51.5,417.38,462.08,19.51
2022-01-15 10:30:00,5,4272.46,56.33,68.55,12.7,60.08,431.84,484.46,19
2022-01-15 11:30:00,5,3845.21,34.42,77.46,42.92,68.66,422.33,474.02,16.97
2022-01-15 12:30:00,5,1602.17,7.26,40.1,125.89,58.17,208.68,229.63,6.78
2022-01-15 13:30:00,5,1241.68,5.03,32.56,143.05,53.41,168.47,185.47,6.21
2022-01-15 14:30:00,5,1214.98,4.97,38.04,143.05,63.9,162.48,180.17,7.22
2022-01-15 15:30:00,5,1842.5,9.5,65.12,104.43,69.62,198.43,226.61,14.57
2022-01-15 16:30:00,5,2964.02,20.56,104.19,51.5,63.9,263.5,310.07,22.04
2022-01-15 17:30:00,5,4058.84,41.57,131.61,13.77,57.7,313.96,377.29,23.31
2022-01-15 18:30:00,5,4753.11,59.9,131.61,0.57,54.84,350.16,424.67,24.07
2022-01-15 19:30:00,5,4646.3,50.96,112.41,0,47.21,359.01,437.25,20.27
2022-01-15 20:30:00,5,3898.62,27.72,93.22,0.08,37.67,332.21,402.99,15.33
2022-01-15 21:30:00,5,3578.19,18.1,80.88,0.18,32.42,333.75,404.53,13.43
2022-01-15 22:30:00,5,4005.43,30.4,70.6,0.01,32.42,381.27,464.16,14.57
2022-01-15 23:30:00,5,4058.84,39.34,62.38,0,29.09,395.25,479.07,13.43
2022-01-16 00:30:00,5,3578.19,36.66,53.47,0,22.41,366.44,426.98,9.37
2022-01-16 01:30:00,5,2964.02,25.26,46.61,0.02,18.36,332.21,367.14,6.78
2022-01-16 02:30:00,5,2403.26,11.73,43.87,0.45,16.45,301.2,320.99,5.64
2022-01-16 03:30:00,5,1949.31,2.04,41.13,4.6,15.97,274.93,287.04,5.32
2022-01-16 04:30:00,5,1789.09,0.62,36.67,10.19,15.97,271.14,281.03,4.94
2022-01-16 05:30:00,5,1735.69,0.3,34.96,16.27,17.4,278.15,287.81,4.88
2022-01-16 06:30:00,5,1869.2,0.39,40.1,19.49,22.17,300.06,312.75,6.08
2022-01-16 07:30:00,5,2323.15,3.24,56.89,7.78,30.04,339.1,360.99,9.63
2022-01-16 08:30:00,5,2830.51,13.75,68.55,1.39,37.19,372.02,403.69,12.54
2022-01-16 09:30:00,5,3044.13,22.35,71.29,8.58,45.3,389.77,427.96,13.3
2022-01-16 10:30:00,5,3017.43,22.8,69.23,29.33,53.41,397.9,437.02,12.29
2022-01-16 11:30:00,5,2777.1,17.43,64.43,66.52,62.94,395.03,429.49,10.26
2022-01-16 12:30:00,5,1628.88,6.31,37.36,130.18,54.36,251.56,269.03,3.36
2022-01-16 13:30:00,5,1375.2,4.25,31.53,145.91,49.11,219.07,233.97,3.1
2022-01-16 14:30:00,5,1401.9,3.69,35.99,148.77,54.84,222.55,238.15,4.24
2022-01-16 15:30:00,5,2536.77,12.63,81.57,77.96,53.88,287.58,322.05,16.47
2022-01-16 16:30:00,5,4058.84,42.02,119.27,18.95,58.17,367,422.89,27.11
2022-01-16 17:30:00,5,5233.76,94.77,126.12,1.86,81.06,415.15,484.07,41.54
2022-01-16 18:30:00,5,6675.72,155.57,127.49,0.01,118.26,494.32,581.87,68.9
2022-01-16 19:30:00,5,7797.24,175.24,124.75,0,133.51,579.1,689.94,83.09
2022-01-16 20:30:00,5,7904.05,150.2,117.9,0,112.53,618.81,745.47,70.93
2022-01-16 21:30:00,5,7690.43,123.38,106.93,0,84.88,642.97,773.36,52.18
2022-01-16 22:30:00,5,7690.43,113.55,94.59,0,70.57,678.67,809.07,43.06
2022-01-16 23:30:00,5,7156.37,104.61,82.25,0,53.41,670.94,790.15,29.64
2022-01-17 00:30:00,5,6141.66,87.62,72.66,0,36.24,603.1,694.38,16.47
2022-01-17 01:30:00,5,5500.79,75.1,65.8,0,34.33,569.48,631.88,14.19
2022-01-17 02:30:00,5,5126.95,64.37,61.69,0,33.86,553.7,591.43,13.43
2022-01-17 03:30:00,5,4859.92,56.77,58.95,0,32.42,539.3,562.83,12.03
2022-01-17 04:30:00,5,4646.3,50.07,58.95,0,29.8,527.69,545.16,9.75
2022-01-17 05:30:00,5,4379.27,43.36,63.75,0,30.04,512.28,528.82,8.87
2022-01-17 06:30:00,5,4005.43,36.66,74.71,0.01,42.92,471.84,497.93,11.91
2022-01-17 07:30:00,5,4859.92,67.06,87.74,0,58.17,517.93,577.08,19.76
2022-01-17 08:30:00,5,5714.42,108.18,89.11,0.04,66.76,545.94,628.84,23.56
2022-01-17 09:30:00,5,3685,47.39,106.93,0.17,99.18,409.27,462.38,16.47
2022-01-17 10:30:00,5,3471.37,45.15,102.82,0.32,103.95,391.35,443.52,19.25
2022-01-17 11:30:00,5,3738.4,56.33,102.82,0.33,117.3,401.02,458.32,23.05
2022-01-17 12:30:00,5,2349.85,10.62,102.82,14.48,103.95,297.19,331.67,12.29
2022-01-17 13:30:00,5,2082.82,3.63,100.08,23.25,100.14,269.56,299.38,11.02
2022-01-17 14:30:00,5,2216.34,5.14,109.67,15.91,118.26,271.16,302.39,13.05
2022-01-17 15:30:00,5,3845.21,57.22,113.79,9.75,112.53,367.25,424.55,29.64
2022-01-17 16:30:00,5,6462.1,144.84,122.01,2.84,105.86,527.52,621.6,46.61
2022-01-17 17:30:00,5,8972.17,243.19,130.24,0.45,116.35,668.92,793.74,59.78
2022-01-17 18:30:00,5,11428.83,325.44,141.2,0.01,160.22,826.33,982.82,91.2
2022-01-17 19:30:00,5,13671.88,375.51,149.43,0,223.16,988.67,1186.13,141.86
2022-01-17 20:30:00,5,15167.24,393.39,156.28,0,263.21,1117.5,1352.22,178.34
2022-01-17 21:30:00,5,15808.11,393.39,157.65,0,282.29,1207.49,1460.83,196.58
2022-01-17 22:30:00,5,15808.11,375.51,148.06,0,278.47,1259.21,1516.28,202.66
2022-01-17 23:30:00,5,14526.37,332.59,126.12,0,238.42,1201.57,1443.74,176.31
2022-01-18 00:30:00,5,12069.7,271.8,95.96,0,154.5,1031.91,1229.38,109.43
2022-01-18 01:30:00,5,9506.23,207.42,71.29,0,82.97,860.4,1007.58,51.17
2022-01-18 02:30:00,5,7370,153.78,56.21,0,47.21,716.14,800.91,23.05
2022-01-18 03:30:00,5,5607.6,107.29,47.3,0,34.33,584.21,625.67,13.43
2022-01-18 04:30:00,5,4592.9,79.57,42.84,0,34.81,503.22,529.31,12.67
2022-01-18 05:30:00,5,4058.84,62.58,44.55,0,41.48,454.78,477.38,14.82
2022-01-18 06:30:00,5,3791.81,45.15,59.63,0,51.98,431.44,459.63,18.49
2022-01-18 07:30:00,5,4379.27,61.69,63.75,0,56.74,460.36,502.75,22.8
2022-01-18 08:30:00,5,4646.3,76.89,71.29,0.09,55.79,456.64,506.48,22.29
2022-01-18 09:30:00,5,4486.08,73.31,78.14,0.45,54.84,432.41,486.91,20.77
2022-01-18 10:30:00,5,4165.65,59.9,80.88,1.22,58.17,406.94,465.64,19.76
2022-01-18 11:30:00,5,3631.59,42.02,78.14,3.04,60.56,369.94,423.05,19.25
2022-01-18 12:30:00,5,1762.39,4.14,53.47,65.09,57.7,256.81,278.25,6.97
2022-01-18 13:30:00,5,1441.96,4.02,38.04,92.98,50.54,227.92,245.17,5.64
2022-01-18 14:30:00,5,1415.25,4.41,36.67,108.72,53.41,222.55,240.27,6.46
2022-01-18 15:30:00,5,1708.98,6.37,49.35,97.27,53.88,235.62,259.39,10.51
2022-01-18 16:30:00,5,2296.45,8.94,78.14,59.37,52.93,260.38,293.93,14.31
2022-01-18 17:30:00,5,2883.91,11.73,112.41,14.84,52.93,284.1,326.49,15.58
2022-01-18 18:30:00,5,3524.78,28.61,117.9,0.14,55.31,320.49,374.06,17.73
2022-01-18 19:30:00,5,4058.84,40.23,108.3,0,53.88,371.6,440.54,18.75
2022-01-18 20:30:00,5,4219.06,38,97.33,0,48.16,404.75,483,17.48
2022-01-18 21:30:00,5,4058.84,33.08,84.31,0,41.96,414.06,491.38,15.58
2022-01-18 22:30:00,5,3738.4,26.38,76.77,0.02,37.67,402.22,474.88,13.68
2022-01-18 23:30:00,5,3097.53,15.65,71.29,0.33,31.47,362.69,421.37,9.63
2022-01-19 00:30:00,5,2349.85,4.53,63.06,2.5,24.56,317.58,357.65,5.83
2022-01-19 01:30:00,5,2056.12,2.26,54.15,4.38,22.17,306.96,335.38,5.38
2022-01-19 02:30:00,5,2002.72,2.07,47.98,4.38,22.17,308.58,332.11,5.57
2022-01-19 03:30:00,5,1976.01,2.4,44.55,3.62,22.41,310.61,330.41,5.83
2022-01-19 04:30:00,5,1922.61,2.49,42.5,3.62,23.13,310.09,326.16,5.89
2022-01-19 05:30:00,5,1922.61,3.21,43.87,3.08,25.75,313.27,327.84,6.14
2022-01-19 06:30:00,5,2189.64,9.16,48.67,1.13,32.9,334.54,352.25,8.36
2022-01-19 07:30:00,5,3017.43,32.19,54.84,0.01,44.82,391.07,419.49,14.06
2022-01-19 08:30:00,5,4005.43,65.27,61.01,0.07,57.22,450.29,489.88,19.51
2022-01-19 09:30:00,5,4753.11,89.41,69.92,0.73,72.48,504.15,553.06,23.05
2022-01-19 10:30:00,5,5180.36,94.77,82.94,3.93,90.6,543.16,603.71,22.8
2022-01-19 11:30:00,5,5073.55,76,108.3,14.48,118.26,554.61,616.09,21.03
2022-01-19 12:30:00,5,3070.83,27.05,101.45,63.66,131.61,359.26,396.59,12.41
2022-01-19 13:30:00,5,2456.67,16.09,89.11,88.69,114.44,292.74,325.01,10.26
2022-01-19 14:30:00,5,2269.74,11.73,85.68,110.15,111.58,293.48,325.31,9.88
2022-01-19 15:30:00,5,3738.4,30.4,122.01,62.94,90.6,396.18,453.15,24.32
2022-01-19 16:30:00,5,6141.66,84.04,160.4,15.02,87.74,542.95,635.28,40.02
2022-01-19 17:30:00,5,8331.3,171.66,178.22,1.61,115.39,659.21,777.6,63.84
2022-01-19 18:30:00,5,10467.53,250.34,189.19,0.01,148.77,785.74,931.12,91.2
2022-01-19 19:30:00,5,11749.27,264.64,171.36,0,127.79,892.13,1059.85,77.01
2022-01-19 20:30:00,5,10894.78,203.85,143.95,0,81.06,878.95,1044.8,38
2022-01-19 21:30:00,5,7690.43,93.88,122.01,0,52.93,693.64,812.92,18.49
2022-01-19 22:30:00,5,7583.62,89.41,102.82,0,51.5,693.9,820.61,21.28
2022-01-19 23:30:00,5,7263.18,89.41,87.74,0,49.11,653.38,772.63,21.53
2022-01-20 00:30:00,5,6355.29,80.47,77.46,0,45.3,579.09,679.71,18.24
2022-01-20 01:30:00,5,6141.66,78.68,73.34,0,45.78,571.98,659.57,16.72
2022-01-20 02:30:00,5,6408.69,83.15,69.92,0,44.82,601.95,684.88,15.2
2022-01-20 03:30:00,5,6622.31,88.51,63.75,0,43.39,628.89,711.83,14.44
2022-01-20 04:30:00,5,6835.94,96.56,58.95,0,43.39,666.81,749.75,15.83
2022-01-20 05:30:00,5,7156.37,110.86,54.84,0,44.82,712.63,792.77,19
2022-01-20 06:30:00,5,7904.05,139.47,53.47,0,52.93,784.81,865.88,27.61
2022-01-20 07:30:00,5,10147.09,212.79,55.52,0,68.66,940.61,1027.26,40.02
2022-01-20 08:30:00,5,12390.14,303.98,61.01,0.03,75.34,1075.96,1168.2,40.02
2022-01-20 09:30:00,5,10787.96,257.49,70.6,0.65,71.53,928.35,1008.49,27.61
2022-01-20 10:30:00,5,9613.04,216.36,80.2,2.12,70.57,823.01,909.68,23.05
2022-01-20 11:30:00,5,8758.54,173.45,102.82,5.19,72.48,758.18,847.65,20.77
2022-01-20 12:30:00,5,2883.91,51.41,95.96,20.74,158.31,343.62,371.2,0.66
2022-01-20 13:30:00,5,2216.34,42.02,94.59,30.04,173.57,290.73,314.36,0.3
2022-01-20 14:30:00,5,2082.82,42.47,101.45,34.69,205.99,286.74,311.52,0.45
2022-01-20 15:30:00,5,3524.78,87.62,111.04,16.63,162.12,361.36,409.89,17.23
2022-01-20 16:30:00,5,6034.85,169.87,115.16,4.6,108.72,463.83,545.89,34.45
2022-01-20 17:30:00,5,8331.3,253.92,116.53,0.64,102.04,535.25,639.65,46.61
2022-01-20 18:30:00,5,10467.53,329.02,117.9,0.01,125.89,613.82,742.43,71.94
2022-01-20 19:30:00,5,12176.51,368.36,115.16,0,137.33,724.72,881.27,88.16
2022-01-20 20:30:00,5,13031.01,368.36,109.67,0,129.7,832.91,1002.5,83.09
2022-01-20 21:30:00,5,12603.76,329.02,101.45,0,110.63,859.21,1025.08,69.92
2022-01-20 22:30:00,5,12176.51,293.25,93.22,0,108.72,869.42,1029.7,70.93
2022-01-20 23:30:00,5,11535.64,271.8,89.11,0,106.81,860.67,1006.05,66.88
2022-01-21 00:30:00,5,10147.09,239.61,87.05,0,104.9,781.68,897.25,59.78
2022-01-21 01:30:00,5,10147.09,239.61,89.11,0,127.79,799.75,906.94,71.94
2022-01-21 02:30:00,5,12283.33,300.41,94.59,0,158.31,957.63,1074.13,89.17
2022-01-21 03:30:00,5,14739.99,361.2,101.45,0,183.11,1160.48,1281.63,102.34
2022-01-21 04:30:00,5,15167.24,371.93,102.82,0,192.64,1226.47,1328.99,105.38
2022-01-21 05:30:00,5,14526.37,354.05,98.71,0,158.31,1197.75,1250.43,79.04
2022-01-21 06:30:00,5,13671.88,332.59,90.48,0,73.43,1120.53,1143.15,23.56
2022-01-21 07:30:00,5,14526.37,371.93,86.37,0,65.8,1181.15,1214.72,25.08
2022-01-21 08:30:00,5,16448.97,464.92,90.48,0.02,76.29,1292.28,1340.76,30.4
2022-01-21 09:30:00,5,13885.5,404.12,90.48,0.35,88.69,1097.82,1164,28.12
2022-01-21 10:30:00,5,12603.76,354.05,98.71,2.1,86.78,972.76,1060.38,27.11
2022-01-21 11:30:00,5,11642.46,275.37,157.65,10.01,85.83,895.86,990.02,28.63
2022-01-21 12:30:00,5,2162.93,58.11,98.71,37.91,226.97,247.24,268.99,0.48
2022-01-21 13:30:00,5,1401.9,29.95,81.57,60.08,179.29,180.56,196.6,0.74
2022-01-21 14:30:00,5,1241.68,17.88,72.66,78.68,146.87,171.39,185.93,1.52
2022-01-21 15:30:00,5,1895.9,19.89,85.68,62.94,106.81,210.51,235.13,11.15
2022-01-21 16:30:00,5,3231.05,34.87,115.16,25.75,75.34,280.71,322.49,23.81
2022-01-21 17:30:00,5,4432.68,62.58,128.87,3.44,61.04,340.7,394.51,29.39
2022-01-21 18:30:00,5,5767.82,104.61,126.12,0.03,61.04,420.91,491.87,33.94
2022-01-21 19:30:00,5,6942.75,128.75,119.27,0,62.94,519.68,613.87,35.46
2022-01-21 20:30:00,5,7370,126.96,112.41,0,59.13,592.7,699.89,30.91
2022-01-21 21:30:00,5,7156.37,111.76,104.19,0,50.07,610.94,720.91,24.32
2022-01-21 22:30:00,5,6729.13,101.03,100.08,0,40.05,592.89,698.22,15.96
2022-01-21 23:30:00,5,5126.95,59.9,100.08,0.24,28.85,500.47,575.07,8.36
2022-01-22 00:30:00,5,2483.37,0,59.63,75.82,30.52,387.48,415.3,2.75
2022-01-22 01:30:00,5,1869.2,0,32.9,104.43,29.8,363.53,381.11,1.63
2022-01-22 02:30:00,5,1468.66,0,22.96,100.14,25.51,302.94,315.37,1.39
2022-01-22 03:30:00,5,1068.12,0,19.19,89.41,30.52,225.59,233.2,0.25
2022-01-22 04:30:00,5,894.55,0,18.51,77.25,31.95,192.15,197.66,0.28
2022-01-22 05:30:00,5,801.09,0,18.51,74.39,31.95,177.15,181.84,0.97
2022-01-22 06:30:00,5,854.49,0,21.25,77.96,30.99,173.96,178.93,2.28
2022-01-22 07:30:00,5,1028.06,0,28.45,73.67,30.28,174.6,181.02,3.77
2022-01-22 08:30:00,5,1148.22,0.06,34.96,62.94,32.42,168.78,175.67,4.24
2022-01-22 09:30:00,5,1174.93,0.35,36.33,61.51,33.86,171.17,177.88,4.18
2022-01-22 10:30:00,5,1201.63,0.52,35.99,61.51,33.86,175.82,182.35,4.24
2022-01-22 11:30:00,5,1188.28,0.42,33.93,60.08,33.86,170.62,176.45,4.24
2022-01-22 12:30:00,5,1108.17,0.58,29.13,71.53,33.38,158.77,163.27,3.74
2022-01-22 13:30:00,5,988.01,1.09,24.33,80.82,30.52,147.31,151.07,4.02
2022-01-22 14:30:00,5,841.14,1.23,19.88,87.26,27.18,118.8,121.95,4.43
2022-01-22 15:30:00,5,674.25,1.1,17.82,91.55,24.56,76.65,79.32,4.56
2022-01-22 16:30:00,5,607.49,0.71,20.22,88.69,24.32,51.32,54.13,4.88
2022-01-22 17:30:00,4,580.79,0.17,22.96,84.4,24.32,37.65,40.78,5.19
2022-01-22 18:30:00,4,594.14,0,24.68,80.11,26.46,41.11,44.86,5.38
2022-01-22 19:30:00,5,640.87,0,25.02,76.53,29.33,61.78,66.23,5.51
2022-01-22 20:30:00,5,694.27,0,25.02,74.39,30.52,82.46,87.14,5.38
2022-01-22 21:30:00,5,761.03,0,24.33,72.24,29.8,93.26,97.81,4.94
2022-01-22 22:30:00,5,814.44,0,25.02,68.66,29.8,97.46,102.07,4.31
2022-01-22 23:30:00,5,841.14,0,24.68,67.23,29.09,104.39,108.35,3.36
2022-01-23 00:30:00,5,854.49,0,22.96,66.52,27.89,114.62,117.42,2.63
2022-01-23 01:30:00,5,907.9,0,21.42,65.09,27.18,127.75,130.4,2.6
2022-01-23 02:30:00,5,961.3,0,21.25,60.8,28.13,135.25,137.96,2.63
2022-01-23 03:30:00,5,1028.06,0,23.31,50.78,28.13,138.33,142.11,2.91
2022-01-23 04:30:00,5,1121.52,0.01,27.42,38.98,28.85,141.07,146.89,3.51
2022-01-23 05:30:00,5,1241.68,0.09,33.93,26.46,32.42,145.54,154.04,4.88
2022-01-24 06:30:00,5,2056.12,24.59,34.27,0.01,29.09,130.78,155.47,10.26
2022-01-24 07:30:00,5,2883.91,53.64,35.64,0,40.05,181.04,218.78,15.96
2022-01-24 08:30:00,5,3578.19,84.94,35.99,0.54,47.21,213.12,260.18,19
2022-01-24 09:30:00,5,3738.4,95.67,36.67,3.17,51.98,217.38,270.5,19.76
2022-01-24 10:30:00,5,4058.84,95.67,46.61,7.24,60.08,246.19,308.64,21.28
2022-01-24 11:30:00,5,3952.03,70.63,64.43,15.91,64.85,259.13,322.51,22.04
2022-01-24 12:30:00,5,1255.04,9.72,33.24,63.66,52.45,93.66,108.8,6.21
2022-01-24 13:30:00,5,921.25,5.2,22.96,80.11,40.53,66.03,75.82,4.94
2022-01-24 14:30:00,5,867.84,4.53,22.28,87.26,39.58,60.73,70.17,5.57
2022-01-24 15:30:00,5,1482.01,11.85,44.55,59.37,45.3,91.47,112.2,13.93
2022-01-24 16:30:00,5,2616.88,33.53,75.4,21.46,53.88,148.31,189.77,25.33
2022-01-24 17:30:00,5,3738.4,70.63,89.11,3.17,59.6,196.77,256.39,31.41
2022-01-24 18:30:00,5,4806.52,106.39,90.48,0.03,67.71,257.39,338.43,36.48
2022-01-24 19:30:00,5,5393.98,110.86,85,0,65.8,313,414.53,34.96
2022-01-24 20:30:00,5,5340.58,97.45,72.66,0,57.22,334.89,444.8,27.87
2022-01-24 21:30:00,5,5126.95,85.83,59.63,0,50.07,341.41,449.46,22.55
2022-01-24 22:30:00,5,5020.14,84.04,51.41,0,45.78,350.07,458.12,20.52
2022-01-24 23:30:00,5,4592.9,79.57,45.93,0,36.72,317.05,413.91,15.33
2022-01-25 00:30:00,5,3685,63.48,42.16,0,26.7,246.48,319.13,9.63
2022-01-25 01:30:00,5,3044.13,48.73,38.73,0,23.84,205.17,262.45,8.36
2022-01-25 02:30:00,5,2696.99,39.79,35.3,0,23.37,186.43,235.79,8.11
2022-01-25 03:30:00,5,2429.96,33.53,32.22,0,22.89,173.2,214.64,7.85
2022-01-25 04:30:00,5,2162.93,27.49,31.53,0,21.93,157.17,188.84,7.28
2022-01-25 05:30:00,5,2002.72,22.58,33.93,0.01,22.89,143.19,167.64,7.22
2022-01-25 06:30:00,5,2056.12,21.9,40.1,0.03,28.13,144.09,168.54,9.12
2022-01-25 07:30:00,5,2750.4,43.36,44.55,0,38.62,187.93,226.12,13.93
2022-01-25 08:30:00,5,3471.37,71.53,47.3,0.96,47.21,227.34,278.1,16.97
2022-01-25 09:30:00,5,3845.21,84.04,49.35,5.32,53.88,250.14,308.83,18.49
2022-01-25 10:30:00,5,3791.81,71.53,57.58,13.23,59.13,259.99,323.34,20.52
2022-01-25 11:30:00,5,3124.24,41.57,63.75,31.83,62.94,233.12,288.55,21.03
2022-01-25 12:30:00,5,1068.12,4.97,25.36,94.41,37.19,73.67,86.96,6.9
2022-01-25 13:30:00,5,867.84,2.6,17.82,104.43,28.13,51.37,59.56,5.32
2022-01-25 14:30:00,4,854.49,2.01,18.34,104.43,28.61,49.71,57.14,5.45
2022-01-25 15:30:00,5,1214.98,4.58,34.62,82.25,38.15,70.83,84.49,10.51
2022-01-25 16:30:00,5,1815.8,9.05,62.38,46.49,47.68,106.27,130.04,17.48
2022-01-25 17:30:00,5,2376.56,14.98,89.11,11.44,50.54,134.13,165.81,23.05
2022-01-25 18:30:00,5,2857.21,28.61,91.85,0.13,52.93,163.71,204.23,28.88
2022-01-25 19:30:00,5,3017.43,29.5,83.63,0.01,51.5,189.05,237.49,28.88
2022-01-25 20:30:00,5,2883.91,20.79,76.09,0.07,45.78,199.18,249.94,23.05
2022-01-25 21:30:00,5,2803.8,16.09,69.92,0.17,40.53,209.72,261.42,17.48
2022-01-25 22:30:00,5,2937.32,17.66,66.49,0.11,38.15,231.81,287.69,14.44
2022-01-25 23:30:00,5,2830.51,17.21,63.06,0.12,31.95,233.92,286.55,10.51
2022-01-26 00:30:00,5,2403.26,11.73,58.26,0.34,24.08,210.13,251.11,6.78
2022-01-26 01:30:00,5,2082.82,6.15,52.09,1.15,21.7,196.53,230.06,5.76
2022-01-26 02:30:00,5,1895.9,3.69,46.61,2.15,20.98,193.42,223.23,5.45
2022-01-26 03:30:00,5,1842.5,3.3,42.16,2.3,20.98,193.94,221.89,5.38
2022-01-26 04:30:00,5,1842.5,4.36,39.41,1.48,21.46,197.6,224.15,5.57
2022-01-26 05:30:00,5,1895.9,7.93,38.04,0.47,23.6,203.19,228.81,6.21
2022-01-26 06:30:00,5,2189.64,18.55,38.04,0.06,30.04,223.81,253.39,8.99
2022-01-26 07:30:00,5,2857.21,42.02,38.73,0,39.1,264.16,304.68,13.17
2022-01-26 08:30:00,5,3417.97,67.06,39.41,0.68,46.25,289.85,338.28,16.09
2022-01-26 09:30:00,5,3391.27,68.84,40.78,4.56,52.45,284.92,333.35,16.09
2022-01-26 10:30:00,5,3150.94,51.41,46.61,13.23,58.17,277.51,325.48,16.47
2022-01-26 11:30:00,5,2510.07,26.38,49.35,33.97,61.99,247.6,287.66,15.71
2022-01-26 12:30:00,5,1228.33,4.41,22.96,120.16,49.11,148.3,163.82,2.22
2022-01-26 13:30:00,5,1028.06,2.63,16.45,135.9,41.48,118.6,129.36,1.68
2022-01-26 14:30:00,5,921.25,2.01,16.11,128.75,39.58,96.53,105.01,2.6
2022-01-26 15:30:00,5,1081.47,3.16,26.39,114.44,47.21,101.61,112.64,6.27
2022-01-26 16:30:00,5,1508.71,4.81,49.35,86.55,54.36,130.83,149.57,12.16
2022-01-26 17:30:00,5,1789.09,2.71,71.97,48.64,52.93,135.46,158.39,16.97
2022-01-26 18:30:00,5,2189.64,1.05,90.48,22.17,53.88,166.77,198.03,23.31
2022-01-26 19:30:00,5,2296.45,2.46,82.94,7.51,47.68,161.23,199.53,25.08
2022-01-26 20:30:00,5,3578.19,23.02,90.48,0.08,49.59,277.25,345.27,25.59
2022-01-26 21:30:00,5,3685,26.15,83.63,0.03,45.3,297.83,371.45,20.27
2022-01-26 22:30:00,5,3417.97,21.46,78.14,0.07,39.58,280.37,349.33,16.21
2022-01-26 23:30:00,5,2723.69,11.06,71.97,0.99,31.47,224.54,277.67,10.89
2022-01-27 00:30:00,5,1895.9,0.73,56.21,12.87,23.13,167.2,198.44,5.76
2022-01-27 01:30:00,5,1588.82,0.38,48.67,15.38,20.98,138.6,164.94,5.51
2022-01-27 02:30:00,5,1468.66,0.26,42.84,16.81,20.5,130.47,153.78,5.26
2022-01-27 03:30:00,5,1361.85,0.07,35.3,25.39,21.22,142.06,161.88,4.88
2022-01-27 04:30:00,5,1415.25,0.65,39.76,11.35,20.5,125.96,146.49,5.26
2022-01-27 05:30:00,5,1441.96,1.7,40.78,6.62,21.7,126.17,146.48,5.64
2022-01-27 06:30:00,5,1655.58,7.38,43.87,1.74,26.46,137.09,161.38,7.54
2022-01-27 07:30:00,5,2162.93,24.14,46.61,0.05,34.33,163.36,197.92,11.27
2022-01-27 08:30:00,5,2456.67,38,50.72,1.9,39.58,172.23,211.94,12.92
2022-01-27 09:30:00,5,2296.45,35.76,50.72,12.87,44.35,158.54,195.5,13.68
2022-01-27 10:30:00,5,1976.01,26.38,46.61,30.76,49.11,144.22,177.5,16.21
2022-01-27 11:30:00,5,1588.82,16.32,40.78,55.79,51.98,123.91,150.49,16.47
2022-01-27 12:30:00,5,747.68,3.07,16.11,127.32,33.38,70.87,81.18,5.51
2022-01-27 13:30:00,5,654.22,2.04,12.51,141.62,29.8,65.12,73.2,4.43
2022-01-27 14:30:00,5,654.22,1.9,13.02,147.34,30.52,65.64,73.61,4.75
2022-01-27 15:30:00,5,867.84,3.21,24.68,133.04,39.58,77.05,88.75,8.49
2022-01-27 16:30:00,5,1174.93,4.19,42.5,105.86,46.25,92.95,110.03,13.3
2022-01-27 17:30:00,5,1441.96,2.15,63.06,72.24,46.25,101.96,123.02,17.48
2022-01-27 18:30:00,5,1695.63,0.06,76.09,46.49,47.21,116.01,142.22,22.29
2022-01-27 19:30:00,5,1842.5,0.02,73.34,39.34,45.78,131.79,163.85,27.11
2022-01-27 20:30:00,5,1815.8,0.02,65.12,40.41,41.01,139.29,173.25,28.63
2022-01-27 21:30:00,5,1762.39,0.01,58.26,42.2,37.19,139.35,172.87,26.35
2022-01-27 22:30:00,5,1708.98,0.01,55.52,40.77,34.81,139.96,173.06,23.05
2022-01-27 23:30:00,5,1548.77,0.01,50.72,40.05,29.56,127.25,155.73,17.23
2022-01-28 00:30:00,5,1255.04,0.01,42.5,42.92,23.37,106.36,126.95,10.77
2022-01-28 01:30:00,5,1108.17,0,35.99,45.78,21.46,96.61,113.75,7.85
2022-01-28 02:30:00,5,1054.76,0,32.22,47.92,21.22,93.35,109.11,6.33
2022-01-28 03:30:00,5,1028.06,0,30.5,47.92,20.98,91.43,106.16,5.45
2022-01-28 04:30:00,5,1001.36,0.01,29.82,45.78,20.98,88.95,102.77,5
2022-01-28 05:30:00,5,1014.71,0.01,31.87,41.84,21.7,87.63,101.23,4.94
2022-01-28 06:30:00,5,1161.58,0.11,40.1,32.9,25.51,93.9,110.19,6.46
2022-01-28 07:30:00,5,1508.71,1.24,57.58,16.27,32.9,110.86,134.42,9.88
2022-01-28 08:30:00,5,1642.23,7.71,61.01,15.38,38.15,114,139.83,11.4
2022-01-28 09:30:00,5,1468.66,14.08,47.3,36.48,43.87,106.53,130.81,12.29
2022-01-28 10:30:00,5,1348.5,14.98,39.41,50.78,50.07,105.29,129.4,14.31
2022-01-28 11:30:00,5,1148.22,11.73,33.93,68.66,54.36,99.68,120.89,12.54
2022-01-28 12:30:00,5,667.57,4.19,18.51,113.01,37.67,65.14,76.98,5.64
2022-01-28 13:30:00,5,594.14,3.1,15.77,125.89,33.38,61.07,71.35,4.88
2022-01-28 14:30:00,5,600.81,2.85,16.45,131.61,34.33,63.64,73.97,5
2022-01-28 15:30:00,5,841.14,4.53,28.1,117.3,40.53,75.57,89.95,8.61
2022-01-28 16:30:00,5,1228.33,6.59,48.67,85.83,44.82,91.85,112.46,13.93
2022-01-28 17:30:00,5,1575.47,4.86,74.71,45.78,45.3,102.45,128.32,18.49
2022-01-28 18:30:00,5,2082.82,4.75,98.71,7.6,47.21,124.11,159.24,26.09
2022-01-28 19:30:00,5,2563.48,16.54,91.85,0.32,47.68,156.92,204.57,31.66
2022-01-28 20:30:00,5,2723.69,20.56,83.63,0.09,43.87,178.33,233.4,27.61
2022-01-28 21:30:00,5,2723.69,20.34,78.14,0.08,39.58,187.44,244.37,21.03
2022-01-28 22:30:00,5,2696.99,19.22,75.4,0.09,37.19,191.35,248.77,16.97
2022-01-28 23:30:00,5,2429.96,15.42,71.97,0.2,30.99,173.88,223.39,11.53
2022-01-29 00:30:00,5,1922.61,7.93,65.8,0.95,22.41,138.8,174.83,6.46
2022-01-29 01:30:00,5,1535.42,2.15,55.52,4.52,17.4,119.09,147.45,4.62
2022-01-29 02:30:00,5,1388.55,0.85,47.3,8.49,15.97,114.39,139.98,4.18
2022-01-29 03:30:00,5,1335.14,0.63,42.5,10.1,15.97,115.74,140.42,4.24
2022-01-29 04:30:00,5,1308.44,0.56,40.1,11.18,16.21,116.48,139.57,4.24
2022-01-29 05:30:00,5,1295.09,0.68,40.44,11.44,17.17,117.24,138.95,4.5
2022-01-29 06:30:00,5,1468.66,2.46,47.3,7.87,21.46,127.21,151.95,6.14
2022-01-29 07:30:00,5,2002.72,14.75,56.89,0.68,28.85,155.85,191.07,9.37
2022-01-29 08:30:00,5,2456.67,35.32,58.95,2.86,33.38,173.12,215.82,11.53
2022-01-29 09:30:00,5,2616.88,45.6,56.89,13.05,36.24,173.97,220.02,13.93
2022-01-29 10:30:00,5,2696.99,42.92,60.32,26.46,42.44,181.09,229.64,18.24
2022-01-29 11:30:00,5,2590.18,30.4,65.8,51.5,50.07,191.49,238.84,20.52
2022-01-29 12:30:00,5,1028.06,7.1,32.22,114.44,61.99,103.19,122.4,6.78
2022-01-29 13:30:00,5,781.06,4.36,22.96,128.75,53.41,89.67,104.64,5.38
2022-01-29 14:30:00,5,734.33,3.44,20.91,134.47,49.11,84.94,98.97,5.95
2022-01-29 15:30:00,5,1014.71,5.31,32.22,113.01,46.25,93.89,112.67,10.13
2022-01-29 16:30:00,5,1575.47,9.72,57.58,71.53,44.82,116,143.75,16.09
2022-01-29 17:30:00,5,2136.23,13.3,87.74,24.32,42.44,131.84,166.69,21.28
2022-01-29 18:30:00,5,2590.18,21.01,97.33,0.58,42.44,149.62,192.29,26.85
2022-01-29 19:30:00,5,2750.4,24.14,84.31,0.03,41.01,166.06,215.61,27.61
2022-01-29 20:30:00,5,2643.59,18.78,74.03,0.1,35.76,171.66,223.51,23.05
2022-01-29 21:30:00,5,2456.67,12.41,68.55,0.41,31.47,168.77,218.78,17.99
2022-01-29 22:30:00,5,2269.74,6.37,65.12,1.99,28.61,161.7,208.07,14.69
2022-01-29 23:30:00,5,1842.5,1.52,57.58,9.75,23.37,136.73,173.87,10.13
2022-01-30 00:30:00,5,1295.09,0.09,41.81,26.11,17.88,103.47,128.59,6.02
2022-01-30 01:30:00,5,1001.36,0.01,30.85,37.55,16.69,88.79,107.6,4.81
2022-01-30 02:30:00,5,854.49,0,25.36,44.35,17.64,83.94,99.63,4.24
2022-01-30 03:30:00,5,774.38,0,22.62,46.49,20.03,83.94,97.92,3.77
2022-01-30 04:30:00,5,734.33,0,21.93,43.27,22.65,86.62,99.68,3.58
2022-01-30 05:30:00,5,734.33,0.01,23.31,39.34,24.56,90.3,103.17,3.77
2022-01-30 06:30:00,5,847.82,0.06,29.13,33.26,26.94,96.92,111.85,5.19
2022-01-30 07:30:00,5,1108.17,0.43,41.47,21.46,30.99,108.53,128.51,8.11
2022-01-30 08:30:00,5,1201.63,3.97,44.55,19.85,33.86,107.85,129.04,9.37
2022-01-30 09:30:00,5,1094.82,9.28,33.93,36.48,38.15,99.55,119.23,9.88
2022-01-30 10:30:00,5,1028.06,10.28,28.1,49.35,41.01,97.6,117.13,11.27
2022-01-30 11:30:00,5,921.25,7.93,24.33,68.66,42.92,94.71,112.27,10.77
2022-01-30 12:30:00,5,734.33,3.74,17.31,111.58,40.53,98.73,112.07,6.84
2022-01-30 13:30:00,5,720.98,2.43,14.74,138.76,40.05,113.55,126.04,5.7
2022-01-30 14:30:00,5,734.33,1.96,14.57,153.06,41.48,125.05,137.89,6.02
2022-01-30 15:30:00,5,847.82,2.15,20.05,148.77,43.87,138.48,153.35,7.92
2022-01-30 16:30:00,5,1014.71,2.15,30.5,128.75,44.35,148.28,165.6,10.77
2022-01-30 17:30:00,5,1148.22,0.88,42.16,101.57,41.48,147.67,166.88,13.55
2022-01-30 18:30:00,5,1375.2,0.02,52.78,73.67,39.58,153.25,176.83,17.73
2022-01-30 19:30:00,5,1628.88,0,58.26,53.64,36.24,166.13,196.4,19.51
2022-01-30 20:30:00,5,1735.69,0.01,56.89,42.56,31.95,169.69,204.12,16.47
2022-01-30 21:30:00,5,1789.09,0.05,56.89,31.83,28.61,171.11,208.28,12.67
2022-01-30 22:30:00,5,1895.9,0.24,58.26,20.74,26.94,174.63,214.1,10.64
2022-01-30 23:30:00,5,1815.8,0.43,55.52,15.74,22.41,164.23,200,7.85
2022-01-31 00:30:00,5,1602.17,0.92,50.72,11.27,17.88,146.79,176.54,5.38
2022-01-31 01:30:00,5,1668.93,3.8,47.98,3,19.31,151.23,182.64,5.95
2022-01-31 02:30:00,5,1789.09,8.16,43.18,0.68,21.22,163.15,198.14,6.71
2022-01-31 03:30:00,5,2082.82,18.55,35.3,0.04,22.41,188.59,232.02,7.41
2022-01-31 04:30:00,5,2510.07,33.97,28.1,0,23.84,225.88,278.21,7.79
2022-01-31 05:30:00,5,3044.13,53.2,24.68,0,26.94,269.34,328.8,8.99
2022-01-31 06:30:00,5,4325.87,92.98,25.7,0,37.67,368.39,445.63,14.44
2022-01-31 07:30:00,5,7156.37,185.97,31.53,0,56.74,573.54,692.75,24.32
2022-01-31 08:30:00,5,10147.09,300.41,41.81,0.17,69.62,759.4,914.99,28.88
2022-01-31 09:30:00,5,8224.49,243.19,57.58,1.88,79.15,599.1,719.42,28.63
2022-01-31 10:30:00,5,9292.6,239.61,101.45,6.79,85.83,673.8,808.93,34.96
2022-01-31 11:30:00,5,10040.28,168.09,208.38,27.54,92.51,779,925.22,39.01
2022-01-31 12:30:00,5,3364.56,40.68,150.8,85.12,211.72,346.03,396.97,18.75
2022-01-31 13:30:00,5,2483.37,25.26,131.61,114.44,202.18,302,344.26,12.54
2022-01-31 14:30:00,5,2349.85,21.23,138.46,124.45,225.07,319.54,361.05,10.13
2022-01-31 15:30:00,5,4005.43,46.04,186.44,62.23,230.79,434.8,504.08,31.92
2022-01-31 16:30:00,5,6942.75,114.44,249.51,16.99,270.84,604.05,714.12,74.98
2022-01-31 17:30:00,5,9826.66,214.58,276.92,2.37,312.81,734.24,874.93,117.54
2022-01-31 18:30:00,5,12710.57,318.29,285.15,0.05,350.95,854.99,1027.29,164.15
2022-01-31 19:30:00,5,14953.61,371.93,282.41,0,381.47,972.72,1180.41,212.79
2022-01-31 20:30:00,5,15808.11,371.93,268.7,0,377.66,1041.96,1273.87,241.16
2022-01-31 21:30:00,5,14526.37,311.14,235.8,0,312.81,991.11,1228.72,216.84
2022-01-31 22:30:00,5,13244.63,257.49,213.86,0,270.84,957.94,1201.31,200.63
2022-01-31 23:30:00,5,12283.33,227.09,200.15,0,255.58,949.46,1189.17,194.55
2022-02-01 00:30:00,5,10574.34,189.54,174.11,0,205.99,886.09,1092.21,158.07
2022-02-01 01:30:00,5,8865.36,150.2,141.2,0,135.42,819.6,990.21,98.29
2022-02-01 02:30:00,5,7583.62,116.23,111.04,0,82.02,775.42,919.84,50.66
2022-02-01 03:30:00,5,6942.75,99.24,91.85,0,60.08,790.8,920.2,30.15
2022-02-01 04:30:00,5,7156.37,98.35,82.25,0,66.76,850.12,974.93,31.41
2022-02-01 05:30:00,5,7583.62,107.29,77.46,0,86.78,916.95,1041.7,42.56
2022-02-01 06:30:00,5,8544.92,135.9,76.77,0,122.07,1015.39,1130.13,66.88
2022-02-01 07:30:00,5,11428.83,227.09,79.51,0,137.33,1239.68,1361.28,80.05
2022-02-01 08:30:00,5,14526.37,346.9,89.11,0.04,123.98,1448.49,1571.84,63.33
2022-02-01 09:30:00,5,11215.21,257.49,108.3,0.49,129.7,1184.99,1278.77,39.52
2022-02-01 10:30:00,5,10147.09,203.85,128.87,3.67,127.79,1101.41,1204.5,32.42
2022-02-01 11:30:00,5,9078.98,112.65,183.7,24.68,125.89,1043.26,1148.45,26.6
2022-02-01 12:30:00,5,4219.06,23.92,135.72,124.45,198.36,692.74,757.82,2.09
2022-02-01 13:30:00,5,3097.53,8.49,84.31,211.72,165.94,617.92,677.65,0.67
2022-02-01 14:30:00,5,2456.67,3.69,52.09,257.49,135.42,539.95,596.31,1.44
2022-02-01 15:30:00,5,2002.72,2.71,44.55,226.02,99.18,442.32,494.15,5.89
2022-02-01 16:30:00,5,2002.72,2.88,58.95,161.65,75.34,383.45,433.77,12.92
2022-02-01 17:30:00,5,2109.53,1.54,79.51,95.84,61.99,324.49,374.57,19
2022-02-01 18:30:00,5,2296.45,0.07,91.85,50.78,56.27,291.91,345.37,24.07
2022-02-01 19:30:00,5,2510.07,0.08,89.11,29.68,51.98,290.52,351.32,25.33
2022-02-01 20:30:00,5,2536.77,0.29,80.88,20.74,46.73,292.79,358.7,21.53
2022-02-01 21:30:00,5,2536.77,0.61,74.71,15.74,43.39,293.49,361.5,16.97
2022-02-01 22:30:00,5,2563.48,1.23,72.66,10.73,40.53,297.93,367.33,14.19
2022-02-01 23:30:00,5,2323.15,1.38,66.49,9.57,34.33,282.69,346.73,10.13
2022-02-02 00:30:00,5,1842.5,0.52,54.84,15.02,26.46,251.53,304.17,6.52
2022-02-02 01:30:00,5,1535.42,0.13,43.87,22.53,24.32,234.53,281.11,5.64
2022-02-02 02:30:00,5,1388.55,0.06,37.01,26.82,24.08,227.29,271.78,5.32
2022-02-02 03:30:00,5,1308.44,0.06,33.59,27.18,24.56,225.15,269.4,5
2022-02-02 04:30:00,5,1268.39,0.11,33.24,23.6,26.23,227,271.72,4.88
2022-02-02 05:30:00,5,1308.44,0.41,36.67,16.63,29.33,234.55,281.6,5.13
2022-02-02 06:30:00,5,1575.47,3.74,45.24,6.44,36.72,255.58,309.61,7.28
2022-02-02 07:30:00,5,2243.04,22.13,52.09,0.16,47.68,297.49,367.12,11.53
2022-02-02 08:30:00,5,2830.51,48.28,52.78,1.24,53.88,326.48,408.46,13.68
2022-02-02 09:30:00,5,2990.72,59.01,52.78,7.33,56.74,329.12,417.15,14.31
2022-02-02 10:30:00,5,2910.61,52.3,58.95,18.95,63.9,322.9,412.8,17.23
2022-02-02 11:30:00,5,2536.77,33.08,67.17,46.49,78.2,309.63,394.87,18.75
2022-02-02 12:30:00,5,1268.39,7.49,40.1,127.32,74.39,199.01,252.37,6.97
2022-02-02 13:30:00,5,1134.87,5.7,35.64,145.91,65.8,166.12,209.46,6.9
2022-02-02 14:30:00,5,1201.63,5.76,41.81,151.63,70.57,161.33,201.64,8.36
2022-02-02 15:30:00,5,2777.1,23.92,98.71,80.82,81.06,244.18,308.71,25.08
2022-02-02 16:30:00,5,5447.39,83.15,153.54,19.67,91.55,388.63,490.87,44.58
2022-02-02 17:30:00,5,8010.86,173.45,160.4,2.5,96.32,498.79,628.51,58.77
2022-02-02 18:30:00,5,9826.66,243.19,139.83,0.04,92.51,554.95,708.64,64.85
2022-02-02 19:30:00,5,9399.41,225.31,113.79,0,72.48,546.23,702.72,54.72
2022-02-02 20:30:00,5,7049.56,137.69,102.82,0,55.31,458.71,582.13,40.02
2022-02-02 21:30:00,5,2483.37,0.85,90.48,28.25,36.72,243.98,304.07,19
2022-02-02 22:30:00,5,1842.5,0,57.58,60.08,33.38,223.39,274.88,15.45
2022-02-02 23:30:00,5,1575.47,0,45.93,75.82,37.19,232.31,278.21,10.39
2022-02-03 00:30:00,5,1321.79,0,33.93,97.27,40.53,252.61,292.91,5.64
2022-02-03 01:30:00,5,1214.98,0,23.99,117.3,34.81,272.48,310.92,4.81
2022-02-03 02:30:00,5,1134.87,0,18.34,137.33,33.38,279.84,315.72,3.99
2022-02-03 03:30:00,5,1081.47,0,17.31,143.05,35.76,264.64,290.5,3.2
2022-02-03 04:30:00,5,1068.12,0,18.51,121.59,38.15,240.51,255.6,2.69
2022-02-03 05:30:00,5,1014.71,0,22.96,91.55,50.54,225.49,236.33,2.09
2022-02-03 06:30:00,5,1014.71,0,27.08,79.39,50.07,211.6,222.55,3.07
2022-02-03 07:30:00,5,1134.87,0,34.27,72.96,49.59,218.61,231.6,4.56
2022-02-03 08:30:00,5,1188.28,0.13,39.41,73.67,50.54,216.09,227.97,4.88
2022-02-03 09:30:00,5,1094.82,0.53,36.67,87.26,51.02,188.17,196.46,4.69
2022-02-03 10:30:00,5,947.95,0.73,33.59,94.41,50.54,147.03,153.05,4.88
2022-02-03 11:30:00,5,854.49,0.63,31.87,100.14,50.07,111.59,116.27,4.62
2022-02-03 12:30:00,5,974.66,0.1,31.87,91.55,49.11,114.63,119.31,4.62
2022-02-03 13:30:00,5,1161.58,0.02,34.96,73.67,49.59,140.23,145.65,5.13
2022-02-03 14:30:00,5,1255.04,0.01,38.73,59.37,51.5,156.37,162.17,5.64
2022-02-03 15:30:00,5,1308.44,0.01,47.98,49.35,57.7,149.99,156.05,6.33
2022-02-03 16:30:00,5,1388.55,0.03,58.26,40.41,60.56,135.28,142.91,7.22
2022-02-03 17:30:00,5,1495.36,0.11,69.92,31.47,62.94,126.98,137.13,8.11
2022-02-03 18:30:00,5,1735.69,0.48,82.94,20.56,65.8,142.5,157.89,10.13
2022-02-03 19:30:00,5,2109.53,1.59,87.74,10.91,60.56,174.52,196.89,12.03
2022-02-03 20:30:00,5,2429.96,4.69,89.11,3.67,54.84,199.2,226.54,13.05
2022-02-03 21:30:00,5,2403.26,5.81,83.63,2.37,45.3,199.14,230.58,12.92
2022-02-03 22:30:00,5,2029.42,1.34,69.92,13.59,36.72,178.54,211.09,11.02
2022-02-03 23:30:00,5,1428.6,0.02,40.1,42.92,28.85,144.38,167.56,6.78
2022-02-04 00:30:00,5,1068.12,0,25.02,54.36,24.08,123.7,134.77,3.93
2022-02-04 01:30:00,5,1094.82,0.01,25.36,43.63,24.56,127.14,134.71,3.61
2022-02-04 02:30:00,5,1161.58,0.02,26.73,35.41,25.99,138.88,145.88,3.58
2022-02-04 03:30:00,5,1134.87,0.01,22.96,41.84,25.51,141.32,148.53,3.61
2022-02-04 04:30:00,5,1041.41,0,20.05,51.5,25.03,134.31,141.24,3.89
2022-02-04 05:30:00,5,974.66,0,21.76,52.21,27.66,129.04,135.82,4.12
2022-02-04 06:30:00,5,1014.71,0.03,29.47,41.13,32.9,121.06,129.8,5.7
2022-02-04 07:30:00,5,1241.68,0.59,43.18,21.64,39.1,118.24,132.22,9.25
2022-02-04 08:30:00,5,1468.66,5.76,48.67,8.4,42.92,117.69,136.09,11.91
2022-02-04 09:30:00,5,1575.47,15.65,41.47,11.8,48.64,118.22,137.78,12.79
2022-02-04 10:30:00,5,1535.42,17.88,38.39,12.87,55.31,110.71,130.04,12.92
2022-02-04 11:30:00,5,1375.2,14.98,40.44,9.21,61.04,88.74,105.97,12.54
2022-02-04 12:30:00,4,1001.36,4.69,36.67,32.9,51.02,45.57,55.58,7.79
2022-02-04 13:30:00,4,947.95,3.97,30.85,58.65,48.16,31.93,39.22,6.27
2022-02-04 14:30:00,4,974.66,4.36,28.45,72.24,49.11,31.28,38.16,5.83
2022-02-04 15:30:00,4,1121.52,6.93,35.64,70.1,58.65,43.25,53.63,8.49
2022-02-04 16:30:00,5,1335.14,10.62,50.72,51.5,68.66,59.62,76.4,12.79
2022-02-04 17:30:00,5,1535.42,11.62,71.97,25.03,75.34,71.14,93.03,16.47
2022-02-04 18:30:00,5,2563.48,38.44,87.74,0.85,75.34,124.72,166.64,25.08
2022-02-04 19:30:00,5,4058.84,77.78,84.31,0,72.48,222.04,299.35,30.15
2022-02-04 20:30:00,5,4966.74,92.98,82.25,0,71.53,304.49,411.59,28.37
2022-02-04 21:30:00,5,5393.98,98.35,78.14,0,69.62,355.49,480.29,27.11
2022-02-04 22:30:00,5,5393.98,97.45,72.66,0,65.8,375.13,505.52,25.59
2022-02-04 23:30:00,5,4806.52,90.3,63.75,0,53.88,335.26,454.47,19.25
2022-02-05 00:30:00,5,3791.81,75.1,54.84,0,39.1,263.9,359.83,11.65
2022-02-05 01:30:00,5,3150.94,61.69,47.3,0,30.04,227.88,308.91,8.99
2022-02-05 02:30:00,5,2830.51,52.75,41.47,0,26.7,212.4,284.11,8.61
2022-02-05 03:30:00,5,2670.29,49.62,37.01,0,25.27,209.61,273.87,8.74
2022-02-05 04:30:00,5,2750.4,52.75,33.59,0,25.03,219.31,278.45,8.87
2022-02-05 05:30:00,5,2964.02,61.69,30.85,0,26.23,244.3,301.58,9.75
2022-02-05 06:30:00,5,3685,83.15,29.82,0,33.38,297.93,360.33,14.57
2022-02-05 07:30:00,5,5340.58,135.9,34.27,0,48.64,401.77,489.31,22.8
2022-02-05 08:30:00,5,6462.1,177.03,43.53,0.07,59.6,450.26,552.71,25.33
2022-02-05 09:30:00,5,2269.74,22.13,85,5.5,93.46,157.83,193.22,14.57
2022-02-05 10:30:00,5,2082.82,21.01,82.94,18.95,113.49,150.27,185.2,16.97
2022-02-05 11:30:00,5,2189.64,28.61,82.94,30.04,133.51,165.82,203.55,18.49
2022-02-05 12:30:00,5,1922.61,23.02,77.46,56.51,127.79,160.79,195.28,14.69
2022-02-05 13:30:00,5,1735.69,16.99,72.66,85.83,119.21,161.98,194.18,11.91
2022-02-05 14:30:00,5,1735.69,14.08,74.03,111.58,122.07,182.24,215.86,11.27
2022-02-05 15:30:00,5,2536.77,19.45,94.59,88.69,99.18,244.38,291.97,18.49
2022-02-05 16:30:00,5,4058.84,39.34,128.87,36.84,78.2,335.46,406.35,27.36
2022-02-05 17:30:00,5,5554.2,82.25,148.06,6.17,77.25,406.74,496.27,33.44
2022-02-05 18:30:00,5,7263.18,141.26,145.32,0.12,92.51,500.47,613.29,48.13
2022-02-05 19:30:00,5,9078.98,184.18,138.46,0,109.67,637.45,782.88,64.85
2022-02-05 20:30:00,5,10360.72,200.27,131.61,0,118.26,753.97,923.62,73.97
2022-02-05 21:30:00,5,11001.59,194.91,124.75,0,114.44,840.82,1023.51,69.92
2022-02-05 22:30:00,5,11001.59,182.39,117.9,0,91.55,882.41,1061.38,47.62
2022-02-05 23:30:00,5,10147.09,159.14,108.3,0,61.99,827.97,984.59,23.56
2022-02-06 00:30:00,5,8651.73,130.53,100.08,0,38.62,727.23,844.73,9.5
2022-02-06 01:30:00,5,7476.81,102.82,95.96,0,32.9,647.87,738.37,7.09
2022-02-06 02:30:00,5,6301.88,72.42,95.96,0,34.81,568.3,639.25,6.84
2022-02-06 03:30:00,5,4486.08,31.74,95.96,0.01,41.96,435.4,489.13,6.97
2022-02-06 04:30:00,5,3898.62,18.33,94.59,0.03,41.96,393.42,443.89,6.78
2022-02-06 05:30:00,5,3845.21,19.45,93.22,0.01,41.48,394.43,445.37,6.9
2022-02-06 06:30:00,5,4219.06,34.87,91.85,0,47.68,430.15,489.47,9.63
2022-02-06 07:30:00,5,5447.39,78.68,87.05,0.01,59.6,517.57,596.91,13.55
2022-02-06 08:30:00,5,6622.31,130.53,82.94,0.78,69.62,602.72,696.05,14.82
2022-02-06 09:30:00,5,6355.29,130.53,87.05,5.36,75.34,592.32,678.2,12.92
2022-02-06 10:30:00,5,5874.63,96.56,112.41,19.85,74.39,581.71,663.87,13.93
2022-02-06 11:30:00,5,5393.98,46.04,143.95,75.82,75.34,606.4,682.06,14.82
2022-02-06 12:30:00,5,1895.9,8.05,53.47,163.08,74.39,255.6,280.07,5.13
2022-02-06 13:30:00,5,1348.5,3.91,32.22,194.55,56.74,200.29,217.1,4.75
2022-02-06 14:30:00,5,1268.39,2.99,30.16,214.58,56.74,204,220.11,5.51
2022-02-06 15:30:00,5,1201.63,2.71,31.87,205.99,53.88,177.67,193.15,6.9
2022-02-06 16:30:00,5,1228.33,2.57,42.16,174.52,55.79,155.89,171.87,9.37
2022-02-06 17:30:00,5,1468.66,1.24,63.75,141.62,66.76,161.23,180.43,13.68
2022-02-06 18:30:00,5,4432.68,18.1,180.96,21.64,98.23,313.28,376.93,47.62
2022-02-06 19:30:00,5,8544.92,101.92,222.09,0,120.16,571.09,703.62,87.14
2022-02-06 20:30:00,5,11001.59,151.99,227.57,0,119.21,754.48,931.67,92.21
2022-02-06 21:30:00,5,10467.53,144.84,202.89,0,100.14,760.09,942.84,77.01
2022-02-06 22:30:00,5,8758.54,118.02,150.8,0,66.76,660.49,817.14,47.12
2022-02-06 23:30:00,5,6782.53,88.51,111.04,0,40.53,522.13,635.92,22.8
2022-02-07 00:30:00,5,4592.9,51.86,85.68,0,24.32,365.08,434.15,11.02
2022-02-07 01:30:00,5,3845.21,41.13,71.97,0,25.03,321.43,381.19,11.02
2022-02-07 02:30:00,5,3791.81,41.13,62.38,0,25.75,333.89,397.37,11.27
2022-02-07 03:30:00,5,3845.21,42.92,55.52,0,27.42,367.74,435.88,11.15
2022-02-07 04:30:00,5,3791.81,42.02,50.04,0,28.61,390.99,459.13,11.65
2022-02-07 05:30:00,5,3738.4,43.36,45.24,0,30.52,394.66,460.95,13.3
2022-02-07 06:30:00,5,4219.06,62.58,42.84,0,38.15,426.32,500.05,18.24
2022-02-07 07:30:00,5,5928.04,123.38,45.93,0,50.07,525.24,621.31,22.04
2022-02-07 08:30:00,5,6835.94,162.72,58.95,0.63,53.41,543.39,641.42,20.27
2022-02-07 09:30:00,5,3524.78,41.13,83.63,18.42,49.59,304.41,354.06,16.09
2022-02-07 10:30:00,5,3097.53,26.38,74.03,45.78,54.36,288.6,336.62,21.28
2022-02-07 11:30:00,5,2777.1,16.76,68.55,86.55,61.04,294.32,338.94,23.56
2022-02-07 12:30:00,5,1388.55,5.92,38.39,145.91,61.04,180.36,204.52,12.29
2022-02-07 13:30:00,5,1148.22,4.58,32.56,158.79,53.88,154.19,179.93,11.15
2022-02-07 14:30:00,5,1121.52,4.19,34.62,164.51,56.74,151.31,179.85,11.65
2022-02-07 15:30:00,5,2777.1,21.01,93.22,81.54,67.71,239.57,295.12,27.87
2022-02-07 16:30:00,5,5393.98,76,132.98,18.24,76.29,373.95,464.77,44.58
2022-02-07 17:30:00,5,7904.05,168.09,128.87,2.19,83.92,471.7,588.24,57.76
2022-02-07 18:30:00,5,10467.53,261.07,123.38,0.05,103,570.91,720.63,73.97
2022-02-07 19:30:00,5,12069.7,300.41,123.38,0,107.77,674.63,859.5,74.98
2022-02-07 20:30:00,5,12496.95,289.68,122.01,0,99.18,745.54,952.3,62.82
2022-02-07 21:30:00,5,11535.64,243.19,123.38,0,86.78,731.99,938.4,54.72
2022-02-07 22:30:00,5,10467.53,203.85,120.64,0,76.29,698.27,893.45,47.62
2022-02-07 23:30:00,5,9185.79,173.45,109.67,0,56.74,634.31,799.8,31.66
2022-02-08 00:30:00,5,7370,137.69,94.59,0,37.67,527.41,650.99,17.73
2022-02-08 01:30:00,5,6301.88,112.65,79.51,0,37.67,477.98,583.86,19.51
2022-02-08 02:30:00,5,5821.23,99.24,67.17,0,47.68,469.73,573.98,27.11
2022-02-08 03:30:00,5,5767.82,98.35,60.32,0,65.8,497.71,606.79,38
2022-02-08 04:30:00,5,5928.04,102.82,53.47,0,74.39,532.37,641.45,41.04
2022-02-08 05:30:00,5,6141.66,111.76,48.67,0,73.43,574.11,681.1,37.49
2022-02-08 06:30:00,5,7156.37,144.84,45.93,0,74.39,661.15,779.32,36.48
2022-02-08 07:30:00,5,9826.66,232.46,45.93,0,76.29,833.74,988.23,35.46
2022-02-08 08:30:00,5,12283.33,332.59,52.09,0.16,71.53,950.91,1122.05,27.11
2022-02-08 09:30:00,5,8651.73,203.85,77.46,2.7,69.62,653.77,775.78,20.52
2022-02-08 10:30:00,5,8331.3,155.57,111.04,10.73,70.57,615.78,746.41,24.07
2022-02-08 11:30:00,5,8010.86,88.51,171.36,42.2,76.29,634.96,773.74,29.13
2022-02-08 12:30:00,5,2162.93,46.49,128.87,57.22,312.81,271.16,321.78,5.19
2022-02-08 13:30:00,5,1762.39,39.34,131.61,55.79,316.62,243.67,288.26,4.5
2022-02-08 14:30:00,5,1815.8,33.97,145.32,50.07,320.43,251.05,295.48,6.14
2022-02-08 15:30:00,5,2510.07,46.94,168.62,30.4,316.62,294.62,347.98,14.57
2022-02-08 16:30:00,5,3631.59,72.42,194.67,15.02,293.73,361.73,428.45,24.57
2022-02-08 17:30:00,5,4432.68,81.36,211.12,4.47,244.14,401.42,476.51,26.6
2022-02-08 18:30:00,5,5393.98,94.77,189.19,0.2,158.31,457.55,552.29,27.61
2022-02-08 19:30:00,5,6835.94,118.02,150.8,0,107.77,566.33,697.27,31.41
2022-02-08 20:30:00,5,8117.68,134.11,127.49,0,94.41,679.96,840.69,34.96
2022-02-08 21:30:00,5,8865.36,143.05,115.16,0,85.83,759.32,944.49,39.01
2022-02-08 22:30:00,5,9506.23,157.36,100.08,0,82.97,823.54,1027.44,43.06
2022-02-08 23:30:00,5,9399.41,164.51,87.05,0,76.29,824.74,1019.33,38.5
2022-02-09 00:30:00,5,8224.49,150.2,75.4,0,58.17,743.98,899.1,25.08
2022-02-09 01:30:00,5,7156.37,125.17,65.8,0,43.87,682.48,797.67,15.58
2022-02-09 02:30:00,5,6034.85,92.98,61.01,0,37.19,630.52,696.7,11.27
2022-02-09 03:30:00,5,4379.27,42.02,68.55,0,41.96,534.13,569.88,8.11
2022-02-09 04:30:00,5,3631.59,17.43,78.14,0.09,44.82,487.32,517.47,6.21
2022-02-09 05:30:00,5,3204.35,5.64,89.11,2.35,51.98,448.67,478.75,4.94
2022-02-09 06:30:00,5,2910.61,5.31,100.08,5.68,73.43,409.93,439.83,6.21
2022-02-09 07:30:00,5,3952.03,36.66,109.67,0,99.18,478.12,522.51,12.29
2022-02-09 08:30:00,5,5821.23,82.25,115.16,0.11,129.7,604.07,664.82,17.99
2022-02-09 09:30:00,5,6141.66,89.41,98.71,1.99,122.07,626.74,698.01,19.25
2022-02-09 10:30:00,5,4699.71,51.86,83.63,12.34,94.41,513.67,584.92,18.49
2022-02-09 11:30:00,5,3124.24,22.58,71.97,48.64,88.69,396.57,455.69,15.07
2022-02-09 12:30:00,5,1815.8,11.4,58.95,97.27,104.9,272.62,306.99,8.61
2022-02-09 13:30:00,5,1522.06,9.05,58.26,113.01,113.49,252.65,278.86,7.66
2022-02-09 14:30:00,5,1415.25,6.76,54.15,120.16,117.3,246.58,268.53,7.22
2022-02-09 15:30:00,5,1642.23,6.26,58.95,108.72,108.72,253.24,277.91,11.91
2022-02-09 16:30:00,5,2109.53,6.65,71.97,84.4,90.6,266.18,298.74,18.49
2022-02-09 17:30:00,5,2510.07,5.14,95.96,45.06,82.97,263.53,303.67,24.07
2022-02-09 18:30:00,5,3391.27,19,111.04,3.4,76.29,290.02,348.48,31.92
2022-02-09 19:30:00,5,4646.3,56.33,93.22,0,73.43,364.22,454.47,35.46
2022-02-09 20:30:00,5,5554.2,74.21,82.25,0,71.53,434.53,552.87,32.17
2022-02-09 21:30:00,5,5928.04,77.78,75.4,0,66.76,469.57,602,28.63
2022-02-09 22:30:00,5,6034.85,82.25,67.17,0,62.94,485.9,623.84,25.08
2022-02-09 23:30:00,5,5714.42,83.15,61.01,0,53.41,461.79,588.44,18.24
2022-02-10 00:30:00,5,5554.2,91.2,54.84,0,40.05,451.79,567.99,11.4
2022-02-10 01:30:00,5,5981.45,108.18,46.61,0,34.81,494.82,610.85,10.01
2022-02-10 02:30:00,5,6301.88,119.81,38.39,0,33.38,541.15,658.95,10.13
2022-02-10 03:30:00,5,6622.31,132.32,32.9,0,35.29,596.65,721,10.64
2022-02-10 04:30:00,5,7049.56,146.63,30.16,0,41.96,661.77,788.01,14.57
2022-02-10 05:30:00,5,7476.81,162.72,30.16,0,59.6,723.62,818.75,24.57
2022-02-10 06:30:00,5,8117.68,189.54,32.56,0,86.78,794.97,867.36,42.56
2022-02-10 07:30:00,5,10147.09,261.07,38.04,0,98.23,937.89,1032.37,55.73
2022-02-10 08:30:00,5,12069.7,343.32,46.61,0.02,85.83,1034.87,1162.06,43.57
2022-02-10 09:30:00,5,6782.53,162.72,65.8,0.76,77.25,633.13,703.19,25.59
2022-02-10 10:30:00,5,5821.23,114.44,75.4,5.99,76.29,567.28,636.67,27.36
2022-02-10 11:30:00,5,4325.87,51.41,90.48,36.84,78.2,471.29,532.15,26.85
2022-02-10 12:30:00,5,1321.79,5.25,31.53,147.34,51.5,198.13,221.55,7.73
2022-02-10 13:30:00,5,907.9,2.4,17.82,171.66,35.29,138.73,157.25,5.89
2022-02-10 14:30:00,5,821.11,1.9,15.42,174.52,29.33,116.58,134.05,6.84
2022-02-10 15:30:00,5,1001.36,2.96,26.39,155.93,37.19,116.56,136.82,10.64
2022-02-10 16:30:00,5,1295.09,3.58,43.53,130.18,48.16,133.32,158.24,14.69
2022-02-10 17:30:00,5,1575.47,1.77,61.69,98.71,54.84,151.84,180.41,18.24
2022-02-10 18:30:00,5,1869.2,0.09,72.66,72.96,59.6,175.95,209.87,23.31
2022-02-10 19:30:00,5,2136.23,0,71.29,62.94,58.65,200.12,240.3,29.13
2022-02-10 20:30:00,5,2269.74,0,65.12,64.37,53.88,213.25,255.92,32.93
2022-02-10 21:30:00,5,2323.15,0,58.95,68.66,49.11,215.05,256.69,33.44
2022-02-10 22:30:00,5,2349.85,0,54.84,70.1,45.3,206.76,246.14,31.66
2022-02-10 23:30:00,5,2109.53,0,47.98,72.24,37.19,182.32,214.5,26.35
2022-02-11 00:30:00,5,1708.98,0,37.7,75.82,28.85,151.73,174.51,19.25
2022-02-11 01:30:00,5,1468.66,0,30.85,77.25,25.99,137.6,156.62,15.71
2022-02-11 02:30:00,5,1335.14,0,27.76,76.53,25.75,130.96,148.12,13.43
2022-02-11 03:30:00,5,1241.68,0,26.39,73.67,26.7,126.18,142.43,11.65
2022-02-11 04:30:00,5,1161.58,0,26.05,69.38,29.56,124.67,140.2,10.64
2022-02-11 05:30:00,5,1134.87,0,28.1,64.37,33.38,125.03,140.83,10.39
2022-02-11 06:30:00,5,1241.68,0,35.3,57.22,37.67,132.49,151.41,12.03
2022-02-11 07:30:00,5,1575.47,0.09,52.78,40.05,42.44,149.45,176.03,15.58
2022-02-11 08:30:00,5,1842.5,4.08,63.75,26.82,45.78,158.43,190.27,17.48
2022-02-11 09:30:00,5,1922.61,14.19,55.52,35.05,49.59,160.42,194.87,19.25
2022-02-11 10:30:00,5,1869.2,15.87,47.98,51.5,54.36,160.07,194.3,21.03
2022-02-11 11:30:00,5,1642.23,11.73,41.81,80.82,57.7,157.37,187.58,19.25
2022-02-11 12:30:00,5,988.01,2.88,18.34,153.06,40.05,125.06,144.07,9.63
2022-02-11 13:30:00,5,867.84,1.87,13.71,171.66,34.33,119.19,136.64,8.49
2022-02-11 14:30:00,5,827.79,1.66,13.71,174.52,32.9,115.66,132.66,8.74
2022-02-11 15:30:00,5,947.95,2.43,22.62,161.65,40.05,120.91,139.89,11.15
2022-02-11 16:30:00,5,1148.22,2.96,36.33,134.47,45.3,128.47,150.47,14.44
2022-02-11 17:30:00,5,1335.14,1.65,52.09,101.57,45.78,131.16,155.6,17.73
2022-02-11 18:30:00,5,1628.88,0.09,66.49,69.38,48.16,145.6,175.92,22.8
2022-02-11 19:30:00,5,1895.9,0,69.92,52.21,48.16,166.84,205.19,28.63
2022-02-11 20:30:00,5,1949.31,0,63.75,48.64,44.82,176.77,218.14,31.66
2022-02-11 21:30:00,5,1922.61,0,58.26,49.35,41.96,178.92,220.58,31.92
2022-02-11 22:30:00,5,1842.5,0,52.78,52.21,39.1,174.11,213.73,29.13
2022-02-11 23:30:00,5,1562.12,0,44.55,58.65,32.9,157.62,190.43,22.55
2022-02-12 00:30:00,5,1228.33,0,33.59,68.66,25.03,138.43,162.38,15.45
2022-02-12 01:30:00,5,1068.12,0,25.02,75.82,19.79,132.47,152.58,11.4
2022-02-12 02:30:00,5,1028.06,0,22.28,76.53,18.84,134.57,153.17,8.99
2022-02-12 03:30:00,5,1028.06,0,21.25,74.39,18.12,137.72,155.49,7.54
2022-02-12 04:30:00,5,1028.06,0,21.08,71.53,18.12,140.46,157.48,6.84
2022-02-12 05:30:00,5,1068.12,0,22.96,67.95,18.84,143.74,160.64,6.59
2022-02-12 06:30:00,5,1214.98,0,30.5,59.37,22.41,153.32,172.78,8.04
2022-02-12 07:30:00,5,1562.12,0.06,47.98,41.48,29.09,172.44,198.52,11.53
2022-02-12 08:30:00,5,1789.09,3.63,57.58,33.97,33.86,179.89,209.44,13.55
2022-02-12 09:30:00,5,1762.39,10.62,48.67,49.35,38.62,174.56,203.43,15.07
2022-02-12 10:30:00,5,1628.88,11.51,41.13,67.95,43.39,168.54,196.39,17.23
2022-02-12 11:30:00,5,1441.96,8.72,35.3,94.41,47.21,161.33,186.18,16.47
2022-02-12 12:30:00,5,881.2,2.99,17.82,148.77,36.72,115.64,129.95,9.5
2022-02-12 13:30:00,5,747.68,2.1,13.71,160.22,31.47,101.2,112.98,8.36
2022-02-12 14:30:00,5,714.3,1.93,13.71,161.65,31.47,97.14,108.53,8.49
2022-02-12 15:30:00,5,974.66,3.58,26.05,140.19,37.19,109.87,126.29,11.65
2022-02-12 16:30:00,5,1441.96,6.09,48.67,100.14,42.44,133.92,158.94,16.09
2022-02-12 17:30:00,5,1895.9,5.64,78.14,52.21,44.82,150.94,183.58,20.27
2022-02-12 18:30:00,5,3284.45,34.42,102.82,2.44,51.02,215.83,272.17,32.93
2022-02-12 19:30:00,5,5020.14,87.62,87.74,0,56.74,325.55,416.93,43.57
2022-02-12 20:30:00,5,5928.04,109.08,74.03,0,57.22,406.54,523.24,39.52
2022-02-12 21:30:00,5,6355.29,119.81,62.38,0,58.17,465.38,597.22,35.97
2022-02-12 22:30:00,5,6835.94,132.32,54.15,0,60.56,519.3,663.13,37.49
2022-02-12 23:30:00,5,6942.75,139.47,46.61,0,56.27,532.59,675.03,33.44
2022-02-13 00:30:00,5,6141.66,132.32,40.78,0,45.3,480.68,603.79,24.07
2022-02-13 01:30:00,5,5393.98,116.23,37.7,0,42.44,434.7,542.09,21.28
2022-02-13 02:30:00,5,4859.92,100.14,37.01,0,44.82,407.52,504.68,22.29
2022-02-13 03:30:00,5,4432.68,86.72,38.39,0,59.13,386.58,476.28,30.4
2022-02-13 04:30:00,5,4325.87,82.25,42.5,0,80.11,386.14,469.21,43.06
2022-02-13 05:30:00,5,4325.87,82.25,48.67,0,94.41,393.26,471.44,54.72
2022-02-13 06:30:00,5,4646.3,92.09,55.52,0,109.67,409.76,490.5,73.97
2022-02-13 07:30:00,5,5928.04,135.9,66.49,0.01,139.24,479.63,585.29,108.42
2022-02-13 08:30:00,5,7049.56,191.33,76.77,0.96,144.96,517.57,641.5,118.55
2022-02-13 09:30:00,5,4272.46,86.72,80.88,10.73,65.8,314.4,385.48,36.98
2022-02-13 10:30:00,5,3845.21,59.01,87.74,29.33,54.36,288.8,354.88,30.65
2022-02-13 11:30:00,5,3738.4,36.66,102.82,66.52,59.13,297.49,362.98,29.39
2022-02-13 12:30:00,5,1228.33,6.59,40.78,154.5,61.04,135.14,161.75,10.01
2022-02-13 13:30:00,5,921.25,4.19,28.79,171.66,52.45,111.12,132.84,7.79
2022-02-13 14:30:00,5,934.6,3.69,30.5,181.67,56.27,113.66,135.02,8.04
2022-02-13 15:30:00,5,2349.85,16.32,84.31,105.86,70.57,192.53,237.41,21.79
2022-02-13 16:30:00,5,4753.11,54.09,145.32,33.97,84.88,332.19,413.16,38.5
2022-02-13 17:30:00,5,7263.18,123.38,183.7,6.17,116.35,474.11,589.53,64.34
2022-02-13 18:30:00,5,9933.47,196.7,216.6,0.19,179.29,644.82,796.68,111.46
2022-02-13 19:30:00,5,12176.51,232.46,244.02,0,242.23,833.34,1024.32,164.15
2022-02-13 20:30:00,5,13244.63,232.46,254.99,0,278.47,968.3,1190.94,200.63
2022-02-13 21:30:00,5,12817.38,200.27,241.28,0,274.66,994.2,1237.22,206.71
2022-02-13 22:30:00,5,11535.64,164.51,202.89,0,223.16,945.45,1199.52,180.36
2022-02-13 23:30:00,5,9613.04,128.75,165.88,0,152.59,847.38,1080.85,128.69
2022-02-14 00:30:00,5,7690.43,95.67,141.2,0,95.37,737.79,928.18,78.02
2022-02-14 01:30:00,5,6515.5,72.42,130.24,0,78.2,679.08,833.85,58.77
2022-02-14 02:30:00,5,5714.42,52.3,123.38,0,71.53,638.85,763.71,47.62
2022-02-14 03:30:00,5,5180.36,39.34,115.16,0,71.53,609.46,713.77,39.01
2022-02-14 04:30:00,5,4913.33,33.53,106.93,0.01,76.29,597.29,691.3,35.97
2022-02-14 05:30:00,5,4913.33,35.76,100.08,0,85.83,599.69,690.78,38
2022-02-14 06:30:00,5,5714.42,61.69,94.59,0,95.37,666.22,771.11,42.56
2022-02-14 07:30:00,5,8331.3,143.05,91.85,0.01,92.51,843.11,982.11,40.53
2022-02-14 08:30:00,5,10787.96,250.34,91.85,0.67,82.97,982.88,1140.09,32.93
2022-02-14 09:30:00,5,7476.81,146.63,113.79,7.96,87.74,695.41,801.4,27.36
2022-02-14 10:30:00,5,7370,106.39,149.43,26.82,82.02,655.94,762.33,39.52
2022-02-14 11:30:00,5,6942.75,54.99,183.7,80.82,82.02,639.05,744.8,40.02
2022-02-14 12:30:00,5,1295.09,6.98,41.81,147.34,56.74,130.09,150.14,11.78
2022-02-14 13:30:00,5,867.84,4.36,27.08,153.06,41.96,88.3,102.32,9.88
2022-02-14 14:30:00,5,847.82,4.02,28.45,158.79,45.78,87.45,101.27,10.13
2022-02-14 15:30:00,5,2403.26,20.34,86.37,89.41,68.66,169.55,210.55,25.84
2022-02-14 16:30:00,5,5126.95,69.74,145.32,27.18,91.55,325.39,409.58,43.57
2022-02-14 17:30:00,5,8010.86,151.99,165.88,4.96,104.9,483.89,605.3,59.28
2022-02-14 18:30:00,5,10894.78,228.88,164.51,0.14,127.79,683.65,846.13,84.1
2022-02-14 19:30:00,5,13031.01,261.07,167.25,0,154.5,903.74,1116.78,109.43
2022-02-14 20:30:00,5,14099.12,253.92,171.36,0,173.57,1075.53,1331.85,125.65
2022-02-14 21:30:00,5,14099.12,232.46,167.25,0,179.29,1166.9,1457.23,129.7
2022-02-14 22:30:00,5,14312.74,236.03,154.91,0,179.29,1244.08,1557.09,129.7
2022-02-14 23:30:00,5,14312.74,253.92,145.32,0,162.12,1268.42,1577.82,117.54
2022-02-15 00:30:00,5,13351.44,257.49,135.72,0,122.07,1172.21,1436.61,86.13
2022-02-15 01:30:00,5,12283.33,246.76,124.75,0,97.27,1068.03,1283.62,64.85
2022-02-15 02:30:00,5,11428.83,232.46,112.41,0,86.78,1003.28,1183.19,54.72
2022-02-15 03:30:00,5,11322.02,236.03,104.19,0,84.88,1029.38,1196.05,48.64
2022-02-15 04:30:00,5,11962.89,250.34,95.96,0,80.11,1136.59,1299.5,40.02
2022-02-15 05:30:00,5,12496.95,261.07,90.48,0,77.25,1260.68,1425.6,32.42
2022-02-15 06:30:00,5,12710.57,257.49,87.05,0,83.92,1333.07,1507.66,34.96
2022-02-15 07:30:00,5,14099.12,307.56,84.31,0.01,96.32,1447.5,1648.32,43.57
2022-02-15 08:30:00,5,16662.6,411.27,95.96,0.41,103,1599.59,1816.96,44.08
2022-02-15 09:30:00,5,13031.01,286.1,153.54,5.1,123.98,1231.89,1381.73,46.1
2022-02-15 10:30:00,5,12924.19,198.48,252.25,23.6,113.49,1201.25,1347.02,54.21
2022-02-15 11:30:00,5,11962.89,72.42,337.24,114.44,106.81,1204.95,1341.2,50.16
2022-02-15 12:30:00,5,2376.56,9.39,76.09,188.83,82.97,268.38,296.51,14.69
2022-02-15 13:30:00,5,1401.9,4.86,42.84,205.99,61.99,179.43,199.38,10.51
2022-02-15 14:30:00,5,1228.33,3.86,39.07,214.58,61.99,167.15,186.4,10.26
2022-02-15 15:30:00,5,2216.34,8.27,81.57,165.94,76.29,230.29,266.95,20.01
2022-02-15 16:30:00,5,4112.24,17.43,153.54,88.69,91.55,361.87,429.17,32.42
2022-02-15 17:30:00,5,5981.45,33.08,213.86,21.99,99.18,501.93,595.23,42.05
2022-02-15 18:30:00,5,7904.05,70.63,224.83,0.65,106.81,681.51,806.42,56.74
2022-02-15 19:30:00,5,9613.04,101.92,197.41,0,106.81,863.58,1025.7,71.94
2022-02-15 20:30:00,5,10040.28,108.18,167.25,0,94.41,924.59,1114.66,66.88
2022-02-15 21:30:00,5,9719.85,108.18,143.95,0,82.97,905.27,1106.66,48.13
2022-02-15 22:30:00,5,9292.6,116.23,117.9,0,77.25,867.59,1076.87,39.52
2022-02-15 23:30:00,5,8117.68,113.55,93.22,0,64.85,766.24,965.13,29.89
2022-02-16 00:30:00,5,6301.88,93.88,76.77,0,48.16,629.14,797.09,19.25
2022-02-16 01:30:00,5,5233.76,76,65.12,0,42.92,550.13,696.09,17.23
2022-02-16 02:30:00,5,4592.9,64.37,56.89,0,42.44,509.38,638.45,17.73
2022-02-16 03:30:00,5,4112.24,53.2,50.04,0,42.44,470.57,582.42,17.99
2022-02-16 04:30:00,5,3845.21,49.62,43.87,0,42.44,449.28,547.6,17.48
2022-02-16 05:30:00,5,3845.21,55.43,39.07,0,44.82,450.78,538.44,18.75
2022-02-16 06:30:00,5,4539.49,82.25,37.01,0,55.79,493.17,584.24,26.35
2022-02-16 07:30:00,5,6782.53,162.72,39.07,0.01,70.57,630.85,756.08,33.94
2022-02-16 08:30:00,5,9399.41,271.8,45.93,0.37,75.34,759.88,914.66,32.17
2022-02-16 09:30:00,5,7904.05,214.58,67.86,3.35,78.2,621.36,742.52,31.41
2022-02-16 10:30:00,5,8331.3,175.24,126.12,13.59,86.78,664.59,800.68,42.56
2022-02-16 11:30:00,5,8224.49,84.94,208.38,62.23,93.46,723.71,865.56,43.57
2022-02-16 12:30:00,5,1815.8,9.05,62.38,161.65,92.51,201.86,235.17,12.92
2022-02-16 13:30:00,5,1081.47,3.91,31.53,183.11,61.04,142.27,164.76,9.12
2022-02-16 14:30:00,5,894.55,2.51,23.99,188.83,50.54,124.36,144,8.87
2022-02-16 15:30:00,5,1295.09,5.09,44.55,147.34,55.31,135.54,162.63,14.95
2022-02-16 16:30:00,5,2136.23,10.84,80.88,90.12,64.85,171.27,212.8,23.31
2022-02-16 17:30:00,5,2937.32,18.33,116.53,31.11,69.62,197.88,251.98,30.15
2022-02-16 18:30:00,5,4272.46,58.11,122.01,0.99,76.29,256.89,336.01,44.08
2022-02-16 19:30:00,5,5821.23,102.82,102.82,0,81.06,352.31,467.65,60.29
2022-02-16 20:30:00,5,6462.1,110.86,91.85,0,76.29,420.17,561.58,59.78
2022-02-16 21:30:00,5,6515.5,103.71,84.31,0,69.62,452.68,603.41,44.58
2022-02-16 22:30:00,5,5874.63,84.04,80.2,0,59.6,433.24,572.73,31.41
2022-02-16 23:30:00,5,4219.06,48.73,76.09,0,43.87,333.37,438.23,17.73
2022-02-17 00:30:00,5,2456.67,9.16,74.03,1.92,31.95,234.08,297.55,9.25
2022-02-17 01:30:00,5,1895.9,0.42,59.63,17.7,28.61,214.87,260.88,7.16
2022-02-17 02:30:00,5,1628.88,0.01,45.24,35.76,27.42,209.8,246.26,6.4
2022-02-17 03:30:00,5,1762.39,0.07,45.93,28.97,25.51,228.28,265.96,6.84
2022-02-17 04:30:00,5,2216.34,1.66,56.89,9.3,31.95,268.02,316.09,11.27
2022-02-17 05:30:00,5,2830.51,16.54,62.38,0.26,50.54,322.57,386.49,23.56
2022-02-17 06:30:00,5,4112.24,57.22,63.75,0,83.92,414.85,504.94,47.62
2022-02-17 07:30:00,5,6782.53,148.42,66.49,0.01,98.23,587.96,722.7,56.74
2022-02-17 08:30:00,5,8865.36,239.61,70.6,0.63,89.65,687.89,839.22,45.09
2022-02-17 09:30:00,5,4699.71,100.14,70.6,7.42,74.39,408.23,485.08,30.65
2022-02-17 10:30:00,5,4379.27,68.84,87.05,23.96,80.11,399.28,474.21,36.48
2022-02-17 11:30:00,5,4005.43,34.87,104.19,70.81,90.6,401.82,473.02,35.46
2022-02-17 12:30:00,5,1428.6,7.49,43.87,141.62,72.48,153.91,181.24,14.69
2022-02-17 13:30:00,5,1054.76,4.19,31.53,161.65,58.65,118.84,141.35,11.78
2022-02-17 14:30:00,5,974.66,3.05,29.13,171.66,55.79,114.52,136.56,11.65
2022-02-17 15:30:00,5,1508.71,5.59,53.47,140.19,62.94,139.19,171.12,18.24
2022-02-17 16:30:00,5,2483.37,10.95,93.22,86.55,74.39,185.57,234.55,26.85
2022-02-17 17:30:00,5,3364.56,16.99,130.24,30.76,82.02,219.11,281.94,33.94
2022-02-17 18:30:00,5,4325.87,39.79,134.35,1.17,87.74,260.08,340.9,44.58
2022-02-17 19:30:00,5,5287.17,67.95,116.53,0,91.55,325.73,432.04,58.26
2022-02-17 20:30:00,5,5981.45,78.68,108.3,0,91.55,390.84,519.97,67.89
2022-02-17 21:30:00,5,7049.56,97.45,104.19,0,91.55,490.88,647.36,78.02
2022-02-17 22:30:00,5,8331.3,121.59,100.08,0,94.41,604.42,782.81,85.12
2022-02-17 23:30:00,5,8438.11,128.75,94.59,0,85.83,620.2,781.71,72.96
2022-02-18 00:30:00,5,7370,112.65,91.85,0,69.62,551.5,672.41,50.66
2022-02-18 01:30:00,5,6515.5,88.51,91.85,0,63.9,508.59,607.9,40.53
2022-02-18 02:30:00,5,5714.42,66.16,90.48,0,62.94,474.73,569.04,31.66
2022-02-18 03:30:00,5,4753.11,46.49,86.37,0,58.65,425.5,517.07,28.37
2022-02-18 04:30:00,5,4165.65,38.89,80.2,0,50.54,392.19,478.76,27.61
2022-02-18 05:30:00,5,4219.06,46.49,75.4,0,47.21,401.13,486.59,29.13
2022-02-18 06:30:00,5,5126.95,76,74.03,0,54.84,465.27,562.02,36.48
2022-02-18 07:30:00,5,7797.24,160.93,76.09,0.01,70.57,631.58,764.95,42.05
2022-02-18 08:30:00,5,10574.34,271.8,80.2,0.72,76.29,779.66,943,39.01
2022-02-18 09:30:00,5,8224.49,187.75,106.93,6.26,84.88,601.21,725.56,36.48
2022-02-18 10:30:00,5,8972.17,155.57,169.99,20.92,100.14,678.09,818.91,49.65
2022-02-18 11:30:00,5,9292.6,76,254.99,82.97,118.26,784.53,932.51,49.65
2022-02-18 12:30:00,5,2563.48,18.78,100.08,124.45,164.03,236.82,282.84,17.99
2022-02-18 13:30:00,5,1789.09,10.06,74.03,148.77,139.24,187.83,224.07,13.17
2022-02-18 14:30:00,5,1562.12,5.76,61.69,165.94,125.89,178.58,210.81,12.29
2022-02-18 15:30:00,5,1815.8,6.03,69.92,141.62,109.67,181.52,218,17.73
2022-02-18 16:30:00,5,2349.85,8.61,94.59,100.14,103,198.87,244.3,23.81
2022-02-18 17:30:00,5,2670.29,7.71,116.53,52.21,94.41,193.68,242.43,27.87
2022-02-18 18:30:00,5,3070.83,8.49,128.87,6.88,85.83,194.1,248.9,34.45
2022-02-18 19:30:00,5,3471.37,22.58,109.67,0.06,76.29,212.66,281.02,43.06
2022-02-18 20:30:00,5,3631.59,26.38,94.59,0.02,67.71,230.64,309.89,48.13
2022-02-18 21:30:00,5,3738.4,26.38,87.74,0.01,61.99,247.83,332.43,51.17
2022-02-18 22:30:00,5,3738.4,26.15,85,0.01,59.13,257.49,345.69,51.17
2022-02-18 23:30:00,5,3257.75,23.02,78.83,0.03,49.11,229.11,310.79,42.56
2022-02-19 00:30:00,5,2590.18,17.43,69.23,0.09,35.29,185.53,252.28,27.61
2022-02-19 01:30:00,5,2216.34,11.4,59.63,0.34,26.94,167.55,223.82,17.48
2022-02-19 02:30:00,5,2082.82,7.82,54.15,0.72,24.56,168.12,218.83,12.92
2022-02-19 03:30:00,5,2029.42,6.71,49.35,0.82,23.6,174.78,222.23,10.64
2022-02-19 04:30:00,5,2002.72,8.27,43.18,0.42,21.93,180.14,222.18,8.74
2022-02-19 05:30:00,5,2002.72,12.96,37.36,0.09,21.93,182.42,220.13,8.49
2022-02-19 06:30:00,5,2243.04,24.14,34.96,0.01,26.46,197.61,237.23,11.4
2022-02-19 07:30:00,5,3070.83,51.41,37.7,0.02,36.24,246.67,300.51,16.97
2022-02-19 08:30:00,5,3791.81,76.89,42.16,1.63,42.44,281.89,346.21,19.51
2022-02-19 09:30:00,5,3364.56,51.41,59.63,14.31,48.16,264.75,319.88,20.27
2022-02-19 10:30:00,5,3177.64,33.53,65.8,38.62,53.41,269,324.53,24.57
2022-02-19 11:30:00,5,2750.4,17.21,61.01,84.4,55.79,265.15,315.21,23.56
2022-02-19 12:30:00,5,841.14,2.82,17.48,151.63,32.9,87.18,105.14,7.22
2022-02-19 13:30:00,5,640.87,1.76,11.48,157.36,23.84,63.48,77.94,6.33
2022-02-19 14:30:00,5,607.49,1.54,10.8,157.36,22.17,59.48,73.31,6.71
2022-02-19 15:30:00,5,794.41,2.77,20.39,141.62,30.28,69.61,85.59,9.88
2022-02-19 16:30:00,5,1081.47,3.91,34.96,118.73,38.62,85.41,105.35,13.68
2022-02-19 17:30:00,5,1308.44,2.82,51.41,87.98,41.01,93.28,116.83,16.72
2022-02-19 18:30:00,5,1535.42,0.26,62.38,59.37,43.39,103,131.49,20.77
2022-02-19 19:30:00,5,1668.93,0,59.63,47.21,42.44,113.45,148.11,25.08
2022-02-19 20:30:00,5,1655.58,0,52.78,43.27,38.62,118.17,156.26,27.87
2022-02-19 21:30:00,5,1588.82,0,47.3,44.35,36.24,119.86,157.31,29.13
2022-02-19 22:30:00,5,1522.06,0,43.18,50.78,35.29,123.93,159.16,28.12
2022-02-19 23:30:00,5,1335.14,0,37.36,62.94,33.38,126.63,155.58,24.07
2022-02-20 00:30:00,5,1094.82,0,29.13,74.39,29.33,126.1,146.69,18.24
2022-02-20 01:30:00,5,1001.36,0,23.31,80.82,27.18,129.66,146.11,14.69
2022-02-20 02:30:00,5,974.66,0,20.56,81.54,25.75,128.95,143.54,11.53
2022-02-20 03:30:00,5,947.95,0,19.19,79.39,24.32,123.89,137.26,8.99
2022-02-20 04:30:00,5,921.25,0,18.68,75.1,24.08,118.84,131.39,7.6
2022-02-20 05:30:00,5,934.6,0,20.39,67.95,25.51,118.38,131.11,7.09
2022-02-21 06:30:00,5,1468.66,0.25,43.87,28.61,31.47,154.82,182.25,21.53
2022-02-21 07:30:00,5,2109.53,7.82,64.43,4.92,43.87,188.82,229.11,30.91
2022-02-21 08:30:00,5,2723.69,34.42,63.75,6.79,54.84,216.7,267.94,38.5
2022-02-21 09:30:00,5,3070.83,48.28,64.43,18.42,65.8,233.76,290.99,43.06
2022-02-21 10:30:00,5,3044.13,40.68,71.97,38.27,78.2,244.4,303.15,43.06
2022-02-21 11:30:00,5,2696.99,25.26,74.03,74.39,91.55,239.98,292.38,38.5
2022-02-21 12:30:00,5,1495.36,10.06,47.3,125.89,80.11,147.1,176.16,22.04
2022-02-21 13:30:00,5,1161.58,6.37,37.01,151.63,68.66,123.39,146.75,17.23
2022-02-21 14:30:00,5,1108.17,4.97,35.64,168.8,68.66,124.23,146.95,16.47
2022-02-21 15:30:00,5,2483.37,16.99,86.37,108.72,80.11,194.48,240.13,29.39
2022-02-21 16:30:00,5,4379.27,43.36,137.09,47.21,90.6,287.32,359.75,41.54
2022-02-21 17:30:00,5,5928.04,93.88,157.65,10.91,100.14,343.4,433.47,52.69
2022-02-21 18:30:00,5,7904.05,173.45,150.8,0.42,123.98,439.84,556.86,73.97
2022-02-21 19:30:00,5,10253.91,243.19,148.06,0,152.59,606.08,759.36,96.26
2022-02-21 20:30:00,5,11856.08,271.8,156.28,0,173.57,772.2,947.77,106.39
2022-02-21 21:30:00,5,13031.01,278.95,178.22,0,177.38,906.85,1088.01,104.37
2022-02-21 22:30:00,5,13244.63,264.64,191.93,0,154.5,947.67,1121.49,98.29
2022-02-21 23:30:00,5,11642.46,223.52,178.22,0,107.77,843.12,983.65,81.06
2022-02-22 00:30:00,5,8544.92,150.2,137.09,0,59.13,614.43,709.44,53.7
2022-02-22 01:30:00,5,6141.66,101.03,95.96,0,37.19,453.38,527.62,39.01
2022-02-22 02:30:00,5,4646.3,73.31,69.23,0,29.8,359.9,426.33,28.12
2022-02-22 03:30:00,5,3578.19,41.13,63.06,0,28.13,299.44,356.26,20.77
2022-02-22 04:30:00,5,2937.32,23.02,58.26,0.01,26.7,269.69,317.84,16.72
2022-02-22 05:30:00,5,2403.26,10.28,54.84,0.74,26.23,241.89,280.41,14.44
2022-02-22 06:30:00,5,2002.72,0.89,56.21,13.59,30.52,217.37,249.69,15.71
2022-02-22 07:30:00,5,2456.67,5.31,69.92,6.79,40.53,237.63,278.19,23.31
2022-02-22 08:30:00,5,2883.91,21.68,73.34,13.59,46.73,246.37,292.45,29.13
2022-02-22 09:30:00,5,2082.82,13.19,60.32,62.23,51.98,186.94,220.07,23.31
2022-02-22 10:30:00,5,1682.28,10.06,45.93,91.55,49.11,167.16,195.26,21.28
2022-02-22 11:30:00,5,1361.85,6.65,35.64,127.32,47.21,154.41,177.97,18.75
2022-02-22 12:30:00,5,767.71,3.46,22.28,160.22,47.21,91.09,103.94,10.51
2022-02-22 13:30:00,5,694.27,2.74,19.54,175.95,45.78,89.52,101.2,10.13
2022-02-22 14:30:00,5,687.6,2.32,19.19,185.97,46.25,91.54,103.48,10.64
2022-02-22 15:30:00,5,687.6,2.12,20.91,181.67,46.73,90.13,102.43,11.15
2022-02-22 16:30:00,5,741,1.84,25.02,173.09,47.68,96.23,109.01,11.91
2022-02-22 17:30:00,5,787.73,0.92,29.82,155.93,45.78,96.31,109.24,12.92
2022-02-22 18:30:00,5,807.76,0.07,31.87,138.76,44.82,92.15,105.78,14.06
2022-02-22 19:30:00,5,794.41,0,29.47,130.18,43.87,90.9,105.67,14.95
2022-02-22 20:30:00,5,787.73,0,26.73,133.04,43.87,97.3,112.97,15.45
2022-02-22 21:30:00,5,794.41,0,24.33,138.76,45.3,113.58,130,15.45
2022-02-22 22:30:00,5,834.47,0,23.99,138.76,49.59,134.36,151.55,15.58
2022-02-22 23:30:00,5,841.14,0,23.65,133.04,52.45,148.06,164.08,14.57
2022-02-23 00:30:00,5,821.11,0,21.59,127.32,50.07,151.29,165.3,14.06
2022-02-23 01:30:00,5,827.79,0,20.05,121.59,46.73,152.45,165.83,15.07
2022-02-23 02:30:00,5,847.82,0,19.36,117.3,43.39,153.18,166.46,16.72
2022-02-23 03:30:00,5,894.55,0,20.56,111.58,42.44,157.79,171.33,18.24
2022-02-23 04:30:00,5,947.95,0,22.62,104.43,42.44,166.36,180.63,20.01
2022-02-23 05:30:00,5,1041.41,0,26.05,95.84,43.39,178.36,193.77,21.28
2022-02-23 06:30:00,5,1241.68,0,34.96,81.54,48.16,192.15,210.62,23.05
2022-02-23 07:30:00,5,1562.12,0.05,52.09,56.51,56.27,206.73,231.6,26.09
2022-02-23 08:30:00,5,1789.09,2.46,67.17,38.62,65.8,213.72,242.07,26.85
2022-02-23 09:30:00,5,1708.98,7.49,60.32,45.78,71.53,209.78,237.25,25.84
2022-02-23 10:30:00,5,1615.52,9.39,53.47,60.8,77.25,210.66,237.29,25.08
2022-02-23 11:30:00,5,1495.36,9.05,49.35,91.55,85.83,217.73,242.74,22.55
2022-02-23 12:30:00,5,1228.33,6.59,39.41,147.34,86.78,215.99,237.37,16.72
2022-02-23 13:30:00,5,1174.93,4.75,36.33,183.11,85.83,228.67,249.27,14.57
2022-02-23 14:30:00,5,1161.58,3.8,36.33,197.41,86.78,236.53,256.99,14.06
2022-02-23 15:30:00,5,1548.77,4.92,54.15,177.38,85.83,255.59,281.93,18.24
2022-02-23 16:30:00,5,2162.93,5.48,79.51,137.33,72.48,280.95,316.31,24.32
2022-02-23 17:30:00,5,2750.4,3.69,111.04,83.68,63.9,299.35,342.14,29.39
2022-02-23 18:30:00,5,4966.74,43.81,161.77,4.96,73.43,395.76,471.87,49.14
2022-02-23 19:30:00,5,8010.86,128.75,159.03,0,90.6,559.75,691.38,69.92
2022-02-23 20:30:00,5,10040.28,175.24,150.8,0,107.77,713.4,891.33,76
2022-02-23 21:30:00,5,10467.53,175.24,135.72,0,115.39,780.55,980.56,79.04
2022-02-23 22:30:00,5,10040.28,159.14,116.53,0,103.95,798.55,1005.72,65.86
2022-02-23 23:30:00,5,9078.98,141.26,98.71,0,77.25,762.27,952.46,41.04
2022-02-24 00:30:00,5,7476.81,113.55,85,0,49.11,666.63,819.41,20.01
2022-02-24 01:30:00,5,5981.45,78.68,71.29,0,37.67,584.13,704.27,14.06
2022-02-24 02:30:00,5,4753.11,46.94,58.95,0,32.9,514.2,610.16,12.03
2022-02-24 03:30:00,5,4058.84,30.85,50.04,0,32.42,473.61,555.69,11.91
2022-02-24 04:30:00,5,3898.62,30.4,44.55,0,36.72,463.31,541.76,14.31
2022-02-24 05:30:00,5,4058.84,39.34,41.47,0,45.78,472.13,552.61,19.76
2022-02-24 06:30:00,5,4806.52,67.95,41.47,0,62.94,514.71,610.24,31.92
2022-02-24 07:30:00,5,7476.81,153.78,47.98,0.02,89.65,678.29,816.78,49.14
2022-02-24 08:30:00,5,10787.96,275.37,64.43,0.6,108.72,881.33,1060.97,54.72
2022-02-24 09:30:00,5,7904.05,169.87,109.67,6.79,114.44,683.61,809.55,36.98
2022-02-24 10:30:00,5,8010.86,119.81,178.22,27.18,125.89,733.06,862.67,38.5
2022-02-24 11:30:00,5,8438.11,56.77,252.25,105.86,135.42,865.55,1008.03,39.52
2022-02-24 12:30:00,5,2910.61,6.87,171.36,101.57,225.07,473.47,536.25,2.28
2022-02-24 13:30:00,5,1869.2,1.44,113.79,108.72,162.12,338.47,392.94,1.66
2022-02-24 14:30:00,5,1482.01,0.42,74.03,124.45,122.07,280.35,329.27,2.25
2022-02-24 15:30:00,5,1588.82,1.22,64.43,113.01,93.46,251.2,300.13,8.49
2022-02-24 16:30:00,5,2136.23,3.69,84.31,80.11,82.02,260.1,318.35,18.75
2022-02-24 17:30:00,5,2723.69,5.64,113.79,38.27,76.29,284.12,351.91,26.35
2022-02-24 18:30:00,5,3204.35,8.16,126.12,5.23,76.29,302.23,380.94,33.94
2022-02-24 19:30:00,5,3257.75,13.63,108.3,0.28,85.83,300.79,383.86,39.52
2022-02-24 20:30:00,5,2830.51,13.63,104.19,0.24,103.95,283.8,358.29,36.48
2022-02-24 21:30:00,5,2590.18,11.62,101.45,0.39,93.46,269.29,334.65,30.65
2022-02-24 22:30:00,5,2830.51,14.75,87.74,0.2,65.8,270.82,342.9,27.87
2022-02-24 23:30:00,5,2803.8,14.75,75.4,0.2,47.68,249.74,323.45,19.76
2022-02-25 00:30:00,5,3017.43,29.06,61.69,0.01,34.81,248.45,324.82,12.03
2022-02-25 01:30:00,5,3471.37,44.7,50.04,0,33.38,280.46,365.01,11.91
2022-02-25 02:30:00,5,3738.4,50.96,42.84,0,38.15,307.94,396.08,15.33
2022-02-25 03:30:00,5,3952.03,55.88,39.76,0,49.59,339.21,426.42,22.04
2022-02-25 04:30:00,5,4219.06,62.58,38.04,0,61.99,373.06,459.39,28.37
2022-02-25 05:30:00,5,4539.49,73.31,37.36,0,75.34,408.84,498.03,36.98
2022-02-25 06:30:00,5,5393.98,101.03,37.7,0,92.51,469.98,573.17,50.66
2022-02-25 07:30:00,5,8010.86,184.18,43.18,0.01,107.77,631.9,775.14,61.3
2022-02-25 08:30:00,5,11108.4,300.41,56.89,0.47,112.53,810.48,991,54.72
2022-02-25 09:30:00,5,7156.37,160.93,93.22,6.08,110.63,528.91,637.84,36.98
2022-02-25 10:30:00,5,7049.56,106.39,146.69,25.03,115.39,524.68,637.44,42.56
2022-02-25 11:30:00,5,7049.56,50.07,200.15,91.55,123.98,578.99,698.38,43.57
2022-02-25 12:30:00,5,1602.17,24.14,102.82,100.14,211.72,151.81,187.47,9.37
2022-02-25 13:30:00,5,1094.82,12.18,71.97,124.45,139.24,115.17,148.07,6.71
2022-02-25 14:30:00,5,988.01,7.71,61.01,137.33,117.3,111.76,143.97,6.4
2022-02-25 15:30:00,5,1161.58,6.98,72.66,123.02,122.07,121.39,154.99,9.75
2022-02-25 16:30:00,5,1482.01,5.59,89.11,94.41,117.3,130.87,166.56,14.69
2022-02-25 17:30:00,5,1668.93,1.9,90.48,75.1,89.65,130.15,164.79,17.23
2022-02-25 18:30:00,5,1815.8,0.12,85.68,63.66,67.71,132.49,165.83,19.25
2022-02-25 19:30:00,5,1869.2,0,81.57,59.37,62.94,141.44,176.88,21.79
2022-02-25 20:30:00,5,1789.09,0,75.4,65.09,66.76,152.67,188.92,22.04
2022-02-25 21:30:00,5,1655.58,0,64.43,78.68,65.8,157.5,194.56,19
2022-02-25 22:30:00,5,1575.47,0,56.21,87.26,63.9,160.01,198.83,16.21
2022-02-25 23:30:00,5,1441.96,0,46.61,95.84,54.84,155.98,189.21,11.78
2022-02-26 00:30:00,5,1214.98,0,34.62,100.14,40.53,143.24,167.72,7.35
2022-02-26 01:30:00,5,1108.17,0,25.7,97.27,29.09,130.43,149.96,5.89
2022-02-26 02:30:00,5,974.66,0,21.08,95.84,23.6,105.87,122.25,5.38
2022-02-26 03:30:00,5,814.44,0,18.51,101.57,23.6,79.5,91.16,4.56
2022-02-26 04:30:00,5,754.36,0,18.16,103,25.51,70.81,78.65,3.86
2022-02-26 05:30:00,5,787.73,0,20.73,94.41,27.18,72.3,78.99,3.77
2022-02-26 06:30:00,5,834.47,0,25.7,80.82,29.09,60.5,67.81,4.62
2022-02-26 07:30:00,5,947.95,0.02,34.96,70.81,36.24,51.34,61.88,6.52
2022-02-26 08:30:00,4,1001.36,1.26,42.84,71.53,46.73,48.67,61.47,7.85
2022-02-26 09:30:00,4,907.9,4.64,39.07,80.82,55.31,45.21,58.79,8.74
2022-02-26 10:30:00,4,814.44,6.65,32.9,87.26,58.17,42.48,55.61,10.01
2022-02-26 11:30:00,4,720.98,6.82,28.45,97.27,60.08,40.45,51.07,8.99
2022-02-26 12:30:00,4,560.76,5.03,22.28,115.87,55.79,33.98,40.55,5.64
2022-02-26 13:30:00,4,520.71,3.91,19.54,128.75,50.07,32.87,39.22,5.19
2022-02-26 14:30:00,4,487.33,3.27,18.34,133.04,46.73,29.73,36.13,5.32
2022-02-26 15:30:00,4,527.38,3.55,24.33,124.45,54.84,29.87,36.86,6.4
2022-02-26 16:30:00,4,614.17,3.35,35.3,107.29,64.85,32.57,40.75,8.11
2022-02-26 17:30:00,4,720.98,1.59,46.61,87.98,67.71,34.51,43.87,10.01
2022-02-26 18:30:00,4,787.73,0.12,50.04,73.67,68.66,35.13,46.22,12.16
2022-02-26 19:30:00,4,767.71,0,40.78,67.23,57.7,32.42,44.86,14.06
2022-02-26 20:30:00,4,707.63,0,32.56,66.52,44.82,27.18,39.45,14.57
2022-02-26 21:30:00,4,687.6,0,27.08,69.38,35.29,26.01,38.09,15.07
2022-02-26 22:30:00,4,767.71,0,27.76,67.95,32.42,31.14,45.17,16.97
2022-02-26 23:30:00,4,794.41,0,28.1,65.09,31.47,32.93,47.48,17.48
2022-02-27 00:30:00,4,787.73,0,28.1,59.37,28.37,33.31,47.31,17.23
2022-02-27 01:30:00,4,834.47,0,28.79,49.35,26.94,38.9,54.28,17.73
2022-02-27 02:30:00,4,867.84,0,29.82,39.7,25.99,44.61,61.32,16.72
2022-02-27 03:30:00,4,881.2,0.01,29.82,34.33,25.03,45.73,61.89,15.33
2022-02-27 04:30:00,4,847.82,0.01,28.1,35.76,24.8,42.02,56.07,13.93
2022-02-27 05:30:00,4,807.76,0.01,27.42,40.05,26.46,38.21,50.19,12.16
2022-02-27 06:30:00,4,841.14,0.01,29.82,43.99,30.52,38.95,51.58,11.91
2022-02-27 07:30:00,5,1148.22,0.23,43.53,33.62,39.1,55.09,75.1,15.58
2022-02-27 08:30:00,5,1508.71,6.82,53.47,25.03,50.07,74.31,103.18,20.01
2022-02-27 09:30:00,5,1735.69,18.33,50.04,32.9,61.99,89.1,125.43,24.57
2022-02-27 10:30:00,5,1762.39,19.89,47.98,47.92,69.62,96.92,137.95,26.6
2022-02-27 11:30:00,5,1588.82,15.42,44.55,70.1,71.53,95.51,137.06,24.57
2022-02-27 12:30:00,4,747.68,4.53,21.59,125.89,41.96,47.74,63.75,9.25
2022-02-27 13:30:00,4,634.19,2.63,15.42,147.34,33.38,44.65,56.03,7.16
2022-02-27 14:30:00,4,634.19,2.21,15.25,160.22,35.29,49.7,60.55,6.97
2022-02-27 15:30:00,5,827.79,3.19,25.7,155.93,49.59,66.72,80.75,9.12
2022-02-27 16:30:00,5,1121.52,4.14,43.53,134.47,65.8,87.57,107.18,12.29
2022-02-27 17:30:00,5,1335.14,2.79,59.63,104.43,66.76,92.42,116.03,15.58
2022-02-27 18:30:00,5,1495.36,0.31,66.49,71.53,57.7,91.93,119.25,20.01
2022-02-27 19:30:00,5,1575.47,0,59.63,55.07,48.16,94.56,126.7,24.57
2022-02-27 20:30:00,5,1522.06,0,50.04,51.5,40.53,96.4,130.11,27.11
2022-02-27 21:30:00,5,1468.66,0,44.55,50.07,36.72,96.35,129.07,28.37
2022-02-27 22:30:00,5,1428.6,0,43.18,46.49,33.86,94.51,126.65,28.88
2022-02-27 23:30:00,5,1268.39,0,40.1,46.49,29.09,83.41,111.66,26.35
2022-02-28 00:30:00,5,1041.41,0,34.96,47.21,24.56,69.36,90.32,22.29
2022-02-28 01:30:00,5,988.01,0,32.9,44.7,26.46,68.33,86.33,20.01
2022-02-28 02:30:00,5,974.66,0,31.19,43.27,27.18,69.22,85.96,16.21
2022-02-28 03:30:00,5,961.3,0,29.47,43.63,26.46,69.41,85.47,12.03
2022-02-28 04:30:00,5,974.66,0.01,29.47,42.92,25.99,71,86.72,8.61
2022-02-28 05:30:00,5,1041.41,0.01,32.22,39.7,26.7,75.24,91.13,7.03
2022-02-28 06:30:00,5,1255.04,0.18,42.5,28.97,31.47,88.85,109.12,8.49
2022-02-28 07:30:00,5,1789.09,3.8,61.01,9.92,41.96,116.91,147.86,13.55
2022-02-28 08:30:00,5,2082.82,19,58.95,16.45,50.07,129.51,165.55,17.48
2022-02-28 09:30:00,5,1949.31,22.8,50.72,35.05,58.65,124.89,159.04,20.77
2022-02-28 10:30:00,5,1869.2,20.34,47.98,53.64,66.76,129.87,164.93,24.07
2022-02-28 11:30:00,5,1655.58,13.63,43.53,85.12,69.62,128.42,160.67,22.29
2022-02-28 12:30:00,5,921.25,4.47,22.96,143.05,44.35,73.08,88.25,10.77
2022-02-28 13:30:00,5,774.38,3.1,18.34,158.79,36.72,61.44,73.17,8.99
2022-02-28 14:30:00,5,767.71,2.85,18.68,163.08,36.72,62.22,73.59,9.63
2022-02-28 15:30:00,5,934.6,4.02,28.1,150.2,46.25,70.5,84.52,12.54
2022-02-28 16:30:00,5,1214.98,5.81,44.55,124.45,56.74,83.24,101.64,16.72
2022-02-28 17:30:00,5,1441.96,5.14,61.01,92.98,59.6,88.65,110.3,20.27
2022-02-28 18:30:00,5,1815.8,1.34,81.57,53.64,61.04,103.16,132.01,26.09
2022-02-28 19:30:00,5,2189.64,0.05,87.05,30.4,60.56,128.25,168.49,33.94
2022-02-28 20:30:00,5,2323.15,0.1,80.2,25.75,56.74,145.47,192.22,38.5
2022-02-28 21:30:00,5,2403.26,0.18,76.77,22.35,54.36,163.47,213.93,41.54
2022-02-28 22:30:00,5,2590.18,0.44,78.14,16.63,51.98,185.33,239.97,43.06
2022-02-28 23:30:00,5,2429.96,0.44,74.03,16.45,43.39,183.7,234.13,36.98
2022-03-01 00:30:00,5,1922.61,0.09,60.32,26.11,32.9,159.69,196.6,24.07
2022-03-01 01:30:00,5,1588.82,0.01,46.61,39.34,29.09,149.7,177.74,16.97
2022-03-01 02:30:00,5,1441.96,0,38.73,47.92,28.13,147.67,171.74,12.67
2022-03-01 03:30:00,5,1375.2,0,35.3,48.64,27.18,148.78,171.45,10.13
2022-03-01 04:30:00,5,1401.9,0.01,35.99,42.56,26.46,153.71,176.61,8.36
2022-03-01 05:30:00,5,1508.71,0.05,40.78,31.83,27.89,162.29,186.82,7.73
2022-03-01 06:30:00,5,1842.5,1.36,53.47,15.38,32.9,183.3,214.12,10.01
2022-03-01 07:30:00,5,2616.88,16.76,67.17,1.08,44.35,227.75,274.41,17.23
2022-03-01 08:30:00,5,3364.56,44.7,68.55,6.79,54.36,265.47,325.18,23.56
2022-03-01 09:30:00,5,3845.21,55.43,78.14,19.85,64.85,297.99,366.08,30.4
2022-03-01 10:30:00,5,4165.65,42.02,102.82,54.36,76.29,344.19,419.73,36.48
2022-03-01 11:30:00,5,4058.84,20.12,108.3,141.62,87.74,389.94,463.62,34.45
2022-03-01 12:30:00,5,1495.36,5.2,41.13,203.13,73.43,163.04,186.68,12.03
2022-03-01 13:30:00,5,1094.82,3.21,27.76,217.44,57.7,122.47,138.94,9.37
2022-03-01 14:30:00,5,1014.71,2.63,25.7,226.02,55.31,113.58,128.93,9.37
2022-03-01 15:30:00,5,1348.5,3.97,41.47,200.27,60.56,127.95,149.12,14.31
2022-03-01 16:30:00,5,2002.72,5.92,71.29,160.22,68.66,159.89,191.75,21.03
2022-03-01 17:30:00,5,2643.59,5.31,105.56,101.57,73.43,184.65,225.8,26.35
2022-03-01 18:30:00,5,4486.08,28.39,156.28,10.28,84.88,272.01,344.82,44.08
2022-03-01 19:30:00,5,6675.72,86.72,135.72,0,93.46,404.97,522.48,64.34
2022-03-01 20:30:00,5,7476.81,101.92,116.53,0,90.6,483.31,626.92,73.97
2022-03-01 21:30:00,5,7476.81,100.14,102.82,0,83.92,518.35,669.42,71.94
2022-03-01 22:30:00,5,7156.37,92.09,91.85,0,69.62,515.56,659.17,57.25
2022-03-01 23:30:00,5,5661.01,67.06,82.25,0,47.21,414.44,527.27,33.94
2022-03-02 00:30:00,5,3044.13,16.54,74.03,0.34,29.56,229.58,290.19,16.97
2022-03-02 01:30:00,5,2162.93,2.96,61.69,4.29,26.46,172.34,214.77,12.29
2022-03-02 02:30:00,5,1789.09,0.36,48.67,14.48,25.51,150.22,183.34,10.26
2022-03-02 03:30:00,5,1708.98,0.39,43.53,15.2,24.08,147.68,178.48,8.61
2022-03-02 04:30:00,5,1895.9,2.49,45.24,5.05,24.56,164.65,199.66,7.98
2022-03-02 05:30:00,5,2216.34,11.06,45.24,0.5,29.33,189.88,231.89,10.26
2022-03-02 06:30:00,5,3017.43,34.87,45.93,0.01,42.44,244.97,303.28,17.99
2022-03-02 07:30:00,5,4646.3,86.72,52.09,0.09,60.08,344.66,433.25,27.87
2022-03-02 08:30:00,5,5500.79,119.81,62.38,2.84,69.62,379.36,478.21,31.66
2022-03-02 09:30:00,5,4592.9,76.89,85.68,16.99,78.2,326.85,407.13,32.93
2022-03-02 10:30:00,5,5020.14,49.62,130.24,60.08,94.41,388.64,478.3,40.53
2022-03-02 11:30:00,5,5126.95,22.35,146.69,170.23,112.53,461.18,554.65,39.52
2022-03-02 12:30:00,5,1548.77,7.6,52.78,183.11,103,139.13,166.55,11.78
2022-03-02 13:30:00,5,1148.22,4.08,33.59,211.72,79.15,111,131.47,8.23
2022-03-02 14:30:00,5,1054.76,2.71,27.76,234.6,71.53,108.61,127.37,7.98
2022-03-02 15:30:00,5,2376.56,9.83,82.94,170.23,80.11,174.02,214.13,22.29
2022-03-02 16:30:00,5,4699.71,25.26,165.88,95.84,94.41,299.27,374.14,37.49
2022-03-02 17:30:00,5,7049.56,59.01,233.05,28.61,103.95,411.91,514.66,48.64
2022-03-02 18:30:00,5,9292.6,128.75,233.05,1.4,122.07,530.58,662.17,67.89
2022-03-02 19:30:00,5,10787.96,166.3,202.89,0,139.24,634.8,792.47,89.17
2022-03-02 20:30:00,5,10787.96,151.99,183.7,0,144.96,668.21,835.29,101.33
2022-03-02 21:30:00,5,10360.72,128.75,175.48,0,148.77,671.61,836.95,105.38
2022-03-02 22:30:00,5,10360.72,125.17,167.25,0,150.68,693.71,857.34,109.43
2022-03-02 23:30:00,5,10040.28,130.53,156.28,0,139.24,683.95,838.39,97.27
2022-03-03 00:30:00,5,9185.79,130.53,143.95,0,110.63,630.18,762.37,69.92
2022-03-03 01:30:00,5,8438.11,123.38,126.12,0,80.11,594.16,715.24,50.66
2022-03-03 02:30:00,5,7690.43,109.08,104.19,0,55.79,549.48,665.93,33.94
2022-03-03 03:30:00,5,6355.29,88.51,76.77,0,40.53,461.44,572.2,19.76
2022-03-03 04:30:00,5,5126.95,71.53,54.84,0,35.29,376.87,474.43,14.31
2022-03-03 05:30:00,5,4379.27,63.48,42.84,0,35.76,330.84,418.96,13.68
2022-03-03 06:30:00,5,4325.87,69.74,38.39,0,42.44,321.59,413.37,18.49
2022-03-03 07:30:00,5,5928.04,123.38,41.81,0.04,62.94,414.04,533.8,31.92
2022-03-03 08:30:00,5,7476.81,184.18,56.21,1.12,82.02,496.83,632.59,42.56
2022-03-03 09:30:00,5,6248.47,119.81,100.08,10.01,89.65,418.14,520.71,43.06
2022-03-03 10:30:00,5,6782.53,69.74,178.22,51.5,101.09,489.38,599.54,47.62
2022-03-03 11:30:00,5,6835.94,25.03,202.89,188.83,112.53,570.15,681.51,42.05
2022-03-03 12:30:00,5,1655.58,15.2,100.08,137.33,213.62,162.64,191.67,8.36
2022-03-03 13:30:00,5,1108.17,9.28,79.51,143.05,183.11,120.9,140.97,4.88
2022-03-03 14:30:00,5,988.01,4.53,66.49,167.37,148.77,114.2,131.68,5.07
2022-03-03 15:30:00,5,1228.33,3.69,71.29,167.37,129.7,133.36,152.52,8.74
2022-03-03 16:30:00,5,1762.39,4.64,97.33,144.48,135.42,170.33,194.56,14.82
2022-03-03 17:30:00,5,2216.34,3.38,130.24,108.72,146.87,203.68,232.42,18.75
2022-03-03 18:30:00,5,3471.37,4.81,205.64,27.89,154.5,280.88,328.36,30.91
2022-03-03 19:30:00,5,5447.39,41.13,241.28,0.01,162.12,422.45,502.91,46.1
2022-03-03 20:30:00,5,7156.37,68.84,233.05,0,148.77,565.04,686.47,48.13
2022-03-03 21:30:00,5,8651.73,93.88,183.7,0,109.67,688.96,867.21,45.6
2022-03-03 22:30:00,5,9719.85,121.59,138.46,0,95.37,808.75,1035.51,48.64
2022-03-03 23:30:00,5,9506.23,126.96,111.04,0,83.92,815.12,1053.15,43.06
2022-03-04 00:30:00,5,7263.18,97.45,90.48,0,55.31,651.61,850.37,23.56
2022-03-04 01:30:00,5,5126.95,62.58,69.23,0,32.9,472.6,613.07,10.13
2022-03-04 02:30:00,5,3578.19,38,52.09,0,25.03,331.26,419.86,6.14
2022-03-04 03:30:00,5,1695.63,3.3,47.98,3.22,26.7,163.21,199.49,6.78
2022-03-04 04:30:00,5,1388.55,1.24,39.76,6.17,26.23,129.32,157.18,5.26
2022-03-04 05:30:00,5,1321.79,1.17,38.04,7.33,29.33,130.61,155.62,4.94
2022-03-04 06:30:00,5,1441.96,3.74,42.5,4.07,36.72,149.99,176.61,6.78
2022-03-04 07:30:00,5,1869.2,15.42,47.98,0.56,46.73,177.7,213.02,10.64
2022-03-04 08:30:00,5,2056.12,26.38,50.72,6.26,55.31,187.75,226.29,12.92
2022-03-04 09:30:00,5,1895.9,22.8,50.04,25.03,62.94,178.46,213.74,14.44
2022-03-04 10:30:00,5,1735.69,16.09,47.3,55.79,63.9,169.03,203.29,17.23
2022-03-04 11:30:00,5,1455.31,8.49,39.41,107.29,59.6,148.27,177.3,16.47
2022-03-04 12:30:00,5,827.79,2.15,15.42,167.37,31.95,87.97,101.13,7.79
2022-03-04 13:30:00,5,754.36,1.51,11.82,180.24,25.99,78.66,88.72,6.9
2022-03-04 14:30:00,5,734.33,1.49,12.34,177.38,25.99,73.05,81.77,6.71
2022-03-04 15:30:00,5,781.06,1.98,17.48,164.51,30.99,68.57,77.6,7.73
2022-03-04 16:30:00,5,881.2,2.54,26.05,144.48,35.76,64.47,74.88,9.88
2022-03-04 17:30:00,5,988.01,2.01,35.64,118.73,36.72,57.85,69.7,11.91
2022-03-04 18:30:00,5,1121.52,0.32,43.87,88.69,39.1,56.42,71.57,15.58
2022-03-04 19:30:00,5,1201.63,0,44.55,69.38,40.05,60.63,79.69,20.27
2022-03-04 20:30:00,5,1161.58,0,38.39,67.95,35.29,62.06,81.54,21.79
2022-03-04 21:30:00,5,1108.17,0,33.93,72.24,32.9,66.88,85.61,22.04
2022-03-04 22:30:00,5,1081.47,0,31.19,75.1,31.47,72.14,90.38,22.04
2022-03-04 23:30:00,5,934.6,0,27.08,76.53,27.18,67.03,82,19.51
2022-03-05 00:30:00,5,767.71,0,21.76,76.53,21.7,56.1,66.52,15.71
2022-03-05 01:30:00,4,694.27,0,17.48,74.39,17.88,49.56,58.22,13.17
2022-03-05 02:30:00,4,674.25,0,16.62,71.53,17.64,46.7,55.01,10.77
2022-03-05 03:30:00,4,674.25,0,16.45,71.53,17.64,46.23,54.65,8.49
2022-03-05 04:30:00,4,694.27,0,16.62,72.96,18.12,48.6,57.14,6.78
2022-03-05 05:30:00,5,741,0,18.16,73.67,19.07,54.42,63.54,5.83
2022-03-05 06:30:00,5,867.84,0,23.65,70.81,22.65,65.97,77.65,6.52
2022-03-05 07:30:00,5,1134.87,0.19,35.3,60.8,28.85,84.27,101.07,9.12
2022-03-05 08:30:00,5,1295.09,3.86,39.07,59.37,32.9,99.75,118.86,10.64
2022-03-05 09:30:00,5,1268.39,6.82,32.56,72.96,37.19,108.96,127.38,11.65
2022-03-05 10:30:00,5,1188.28,5.76,27.08,101.57,43.39,117.29,134.77,12.79
2022-03-05 11:30:00,5,1054.76,3.63,21.59,144.48,47.21,121.08,136.25,12.29
2022-03-05 12:30:00,5,680.92,1.38,10.11,173.09,29.09,70.36,78.67,8.61
2022-03-05 13:30:00,5,600.81,1.12,8.4,175.95,24.32,52.92,59.49,8.36
2022-03-05 14:30:00,4,574.11,1.1,8.65,171.66,22.89,44.86,50.96,8.49
2022-03-05 15:30:00,4,640.87,1.73,14.05,161.65,28.37,45.75,53.2,10.13
2022-03-05 16:30:00,5,767.71,2.24,21.93,148.77,34.33,50.81,60.59,12.29
2022-03-05 17:30:00,5,881.2,1.72,30.85,128.75,36.24,53.74,65.29,14.31
2022-03-05 18:30:00,5,1108.17,0.27,42.16,98.71,38.62,63.15,79.23,17.99
2022-03-05 19:30:00,5,1335.14,0,45.93,75.1,39.1,77.54,99.96,22.8
2022-03-05 20:30:00,5,1415.25,0,42.84,65.8,36.24,87.12,112.78,25.59
2022-03-05 21:30:00,5,1428.6,0,40.44,62.94,33.86,93.79,120.09,27.11
2022-03-05 22:30:00,5,1401.9,0,38.04,62.23,31.95,97.42,123.63,27.36
2022-03-05 23:30:00,5,1241.68,0,33.59,65.09,26.46,92.8,115,24.83
2022-03-06 00:30:00,5,1014.71,0,27.42,67.23,20.27,84.41,101,20.52
2022-03-06 01:30:00,5,961.3,0,24.33,64.37,18.12,85.34,100.18,16.72
2022-03-06 02:30:00,5,961.3,0,23.65,57.94,17.88,90.17,105.26,12.79
2022-03-06 03:30:00,5,1001.36,0,23.99,50.78,17.64,95.47,111.17,9.63
2022-03-06 04:30:00,5,1028.06,0,25.02,41.84,17.4,99.99,116.19,7.6
2022-03-06 05:30:00,5,1094.82,0.03,28.45,31.83,17.64,105.31,122.47,6.59
2022-03-06 06:30:00,5,1348.5,0.8,38.73,16.45,21.7,118.87,140.74,8.11
2022-03-06 07:30:00,5,1895.9,10.73,52.09,1.97,30.04,147.42,180.77,13.3
2022-03-06 08:30:00,5,2349.85,29.95,54.15,7.6,35.76,164.4,205.27,17.48
2022-03-06 09:30:00,5,2536.77,34.42,61.01,22.89,40.05,173.59,218.25,21.53
2022-03-06 10:30:00,5,2830.51,28.39,79.51,56.51,49.11,201.61,252.35,26.6
2022-03-06 11:30:00,5,2964.02,15.65,87.74,137.33,60.56,249,303.02,27.36
2022-03-06 12:30:00,5,1201.63,3.63,30.85,205.99,54.84,144.71,163.98,12.54
2022-03-06 13:30:00,5,988.01,2.12,21.42,237.46,49.59,138,153.81,10.77
2022-03-06 14:30:00,5,1028.06,1.77,21.93,268.94,57.22,156.36,173.12,11.02
2022-03-06 15:30:00,5,1121.52,1.68,26.73,277.52,62.94,165.9,184.54,12.16
2022-03-06 16:30:00,5,1268.39,1.65,38.39,257.49,68.66,167.85,189.36,13.93
2022-03-06 17:30:00,5,1482.01,0.94,56.89,223.16,77.25,171.15,196.2,16.72
2022-03-06 18:30:00,5,3791.81,0.25,159.03,85.12,93.46,280.19,342.01,38.5
2022-03-06 19:30:00,5,7370,32.19,241.28,0.5,120.16,489.74,610.16,73.97
2022-03-06 20:30:00,5,10467.53,80.47,265.96,0,150.68,707.82,872.9,110.45
2022-03-06 21:30:00,5,11749.27,87.62,298.86,0,162.12,826.9,1008.7,131.73
2022-03-06 22:30:00,5,10787.96,69.74,304.34,0,137.33,808.72,981.17,118.55
2022-03-06 23:30:00,5,8758.54,50.96,265.96,0,98.23,707.66,848.4,87.14
2022-03-07 00:30:00,5,6355.29,29.95,202.89,0.01,55.31,548.58,643.64,49.65
2022-03-07 01:30:00,5,4646.3,16.99,138.46,0.14,35.29,417.93,482.17,29.13
2022-03-07 02:30:00,5,3391.27,6.26,94.59,3.04,26.7,309.12,355.12,19.51
2022-03-07 03:30:00,5,2536.77,0.43,65.8,13.05,24.8,230.89,266.58,15.2
2022-03-07 04:30:00,5,2643.59,4.86,60.32,2.41,27.66,235.28,276.52,14.82
2022-03-07 05:30:00,5,3097.53,20.79,54.15,0.04,35.29,270.09,322.54,18.24
2022-03-07 06:30:00,5,4165.65,53.2,52.78,0,51.98,353.58,430.73,30.91
2022-03-07 07:30:00,5,6515.5,125.17,57.58,0.06,75.34,509.57,629.55,48.13
2022-03-07 08:30:00,5,9078.98,214.58,74.71,1.02,89.65,650.84,802.47,57.76
2022-03-07 09:30:00,5,5393.98,77.78,122.01,16.27,80.11,412.06,498.48,36.98
2022-03-07 10:30:00,5,4913.33,35.32,135.72,68.66,83.92,410.67,493.33,35.97
2022-03-07 11:30:00,5,4699.71,14.53,127.49,197.41,85.83,464.73,543.65,32.42
2022-03-07 12:30:00,5,1361.85,5.76,49.35,214.58,93.46,199.03,219.67,5.32
2022-03-07 13:30:00,5,1041.41,3.97,38.39,240.33,82.97,168.32,184.39,5
2022-03-07 14:30:00,5,1094.82,4.19,48.67,260.35,106.81,182.44,199.67,5.32
2022-03-07 15:30:00,5,2830.51,13.19,130.24,175.95,144.96,295.49,340.05,22.29
2022-03-07 16:30:00,5,5661.01,30.85,235.8,80.82,164.03,474.84,560.73,40.53
2022-03-07 17:30:00,5,8438.11,78.68,301.6,15.38,173.57,634.96,759,55.73
2022-03-07 18:30:00,5,11001.59,157.36,307.08,0.73,198.36,805.16,972.04,80.05
2022-03-07 19:30:00,5,13565.06,211,282.41,0,202.18,1045.42,1260.75,104.37
2022-03-07 20:30:00,5,14099.12,184.18,246.76,0,173.57,1169.32,1412.73,103.35
2022-03-07 21:30:00,5,12390.14,118.02,219.35,0,143.05,1117.43,1351.81,92.21
2022-03-07 22:30:00,5,11108.4,87.62,194.67,0,125.89,1040.54,1269.68,89.17
2022-03-07 23:30:00,5,9719.85,76,167.25,0,103,936.22,1158.23,77.01
2022-03-08 00:30:00,5,7797.24,61.69,142.57,0,72.48,803.21,1008.75,52.69
2022-03-08 01:30:00,5,6248.47,50.07,113.79,0,54.84,698.53,878.31,34.45
2022-03-08 02:30:00,5,4966.74,38.89,89.11,0,44.82,611.55,760.1,21.53
2022-03-08 03:30:00,5,4005.43,31.74,65.8,0,36.72,527.37,641.99,14.95
2022-03-08 04:30:00,5,3471.37,28.39,50.04,0,30.52,454.66,542.63,11.02
2022-03-08 05:30:00,5,3231.05,28.39,43.18,0.01,28.13,399.48,468.58,9.37
2022-03-08 06:30:00,5,2830.51,19.45,51.41,0.09,34.81,324.28,377.2,13.55
2022-03-08 07:30:00,5,3524.78,42.92,53.47,0.28,48.16,343.54,409.32,21.53
2022-03-08 08:30:00,5,4112.24,64.37,61.01,5.54,59.6,359.47,436.51,28.37
2022-03-08 09:30:00,5,3952.03,45.6,85,28.25,71.53,356.71,433.34,32.17
2022-03-08 10:30:00,5,3952.03,24.59,100.08,90.84,83.92,378.97,461.43,33.94
2022-03-08 11:30:00,5,3471.37,10.39,85,200.27,88.69,383.93,463.74,29.64
2022-03-08 12:30:00,5,1108.17,3.46,28.79,203.13,62.94,134.34,162.84,10.13
2022-03-08 13:30:00,5,827.79,2.35,20.73,208.85,48.16,103.59,125.69,9.88
2022-03-08 14:30:00,5,761.03,2.12,19.88,205.99,43.39,93.1,112.7,10.51
2022-03-08 15:30:00,5,1041.41,3.49,32.9,183.11,48.16,102.94,125.45,14.95
2022-03-08 16:30:00,5,1522.06,4.92,54.15,157.36,56.27,127.19,158.31,20.27
2022-03-08 17:30:00,5,1976.01,4.3,78.83,115.87,60.56,145.5,183.42,24.83
2022-03-08 18:30:00,5,2857.21,1.61,120.64,39.34,68.66,183.64,237.39,33.94
2022-03-08 19:30:00,5,3845.21,14.75,123.38,0.68,74.39,238.74,314.49,45.09
2022-03-08 20:30:00,5,4112.24,24.81,101.45,0.02,70.57,270.2,354.33,49.65
2022-03-08 21:30:00,5,4005.43,21.01,94.59,0.06,63.9,276.38,358.71,50.16
2022-03-08 22:30:00,5,4058.84,20.12,91.85,0.07,60.56,284.48,369.66,49.65
2022-03-08 23:30:00,5,3791.81,20.34,85.68,0.05,50.07,263.44,347.52,42.56
2022-03-09 00:30:00,5,3097.53,17.66,72.66,0.05,36.72,213.76,283.39,31.41
2022-03-09 01:30:00,5,2643.59,17.43,56.89,0.03,31.95,185.79,242.82,27.36
2022-03-09 02:30:00,5,2269.74,16.09,45.93,0.02,30.04,164.33,209.37,25.59
2022-03-09 03:30:00,5,1895.9,10.84,40.44,0.16,29.33,139.82,175.22,24.32
2022-03-09 04:30:00,5,1655.58,4.75,41.13,1.83,30.28,123.5,153.95,21.28
2022-03-09 05:30:00,5,1588.82,1.34,45.24,7.87,32.9,118.83,149.06,18.75
2022-03-09 06:30:00,5,1869.2,3.63,56.21,7.06,40.05,133.98,171.42,22.04
2022-03-09 07:30:00,5,2777.1,24.59,65.12,0.57,51.5,182.27,238.57,33.94
2022-03-09 08:30:00,5,3524.78,53.2,65.12,6.26,59.13,217.15,287.48,41.04
2022-03-09 09:30:00,5,3150.94,38,71.97,27.18,61.04,195.33,256.87,37.49
2022-03-09 10:30:00,5,2964.02,23.47,76.77,70.1,66.76,194.72,255.09,34.45
2022-03-09 11:30:00,5,2376.56,10.73,63.06,143.05,68.66,181.47,231.51,28.63
2022-03-09 12:30:00,5,854.49,3.24,22.28,160.22,42.92,62.73,81.85,11.65
2022-03-09 13:30:00,5,674.25,2.07,15.77,168.8,32.42,54.58,70.56,9.88
2022-03-09 14:30:00,5,627.52,1.65,14.22,167.37,28.13,51.9,67.01,9.75
2022-03-09 15:30:00,5,921.25,2.79,29.13,153.06,36.72,65.69,85.92,14.31
2022-03-09 16:30:00,5,1388.55,3.41,52.78,125.89,46.73,86.94,114.73,19.76
2022-03-09 17:30:00,5,1789.09,2.32,77.46,83.68,51.5,100.33,133.42,23.56
2022-03-09 18:30:00,5,2136.23,0.55,94.59,45.06,56.74,116.53,156.02,28.63
2022-03-09 19:30:00,5,2323.15,0.03,89.11,27.89,57.7,133.73,180.68,33.44
2022-03-09 20:30:00,5,2296.45,0.09,76.77,22.17,52.93,141.44,191.12,35.97
2022-03-09 21:30:00,5,2189.64,0.18,68.55,18.95,49.11,143.38,192.36,36.98
2022-03-09 22:30:00,5,2189.64,0.58,65.12,12.7,46.73,143.6,194.1,37.49
2022-03-09 23:30:00,5,1949.31,1.26,59.63,7.51,40.05,127.49,174.33,33.94
2022-03-10 00:30:00,5,1522.06,1.16,50.72,7.06,30.99,100.04,137.74,27.61
2022-03-10 01:30:00,5,1268.39,0.59,43.18,10.1,28.85,86.04,117.16,25.33
2022-03-10 02:30:00,5,1148.22,0.19,38.39,16.45,29.09,81.42,109.35,24.32
2022-03-10 03:30:00,5,1081.47,0.04,33.93,25.75,29.09,81.06,107.25,23.56
2022-03-10 04:30:00,5,1028.06,0.01,31.19,35.41,29.09,83.76,108.5,22.55
2022-03-10 05:30:00,5,1054.76,0,31.87,42.56,30.52,91.98,116.67,21.79
2022-03-10 06:30:00,5,1255.04,0.01,40.44,42.56,36.24,112.51,141.45,23.56
2022-03-10 07:30:00,5,1762.39,0.66,61.69,30.04,46.25,146.09,185.26,29.13
2022-03-10 08:30:00,5,2029.42,7.38,68.55,33.26,52.45,164.48,208.31,30.91
2022-03-10 09:30:00,5,1869.2,10.95,56.21,60.8,55.31,162.21,202.91,29.13
2022-03-10 10:30:00,5,1735.69,9.28,47.3,98.71,57.7,164.73,203.8,27.36
2022-03-10 11:30:00,5,1482.01,5.59,36.67,153.06,56.27,160.69,194.99,23.31
2022-03-10 12:30:00,5,720.98,1.96,13.54,160.22,26.46,71.32,88.7,11.65
2022-03-10 13:30:00,5,614.17,1.55,10.62,157.36,20.5,57.36,71.7,9.88
2022-03-10 14:30:00,5,594.14,1.47,10.71,155.93,19.79,53.83,67,9.63
2022-03-10 15:30:00,5,614.17,1.66,13.37,147.34,21.46,50.82,63.69,9.88
2022-03-10 16:30:00,5,714.3,1.9,21.08,135.9,26.46,52.59,66.32,11.4
2022-03-10 17:30:00,5,827.79,1.17,30.16,120.16,30.04,55.42,70.2,12.92
2022-03-10 18:30:00,5,1375.2,0.23,59.63,77.96,43.87,79.56,104.06,21.03
2022-03-10 19:30:00,5,1895.9,0,72.66,46.49,52.93,108.83,145.17,29.64
2022-03-10 20:30:00,5,2002.72,0,67.17,41.84,52.45,122.96,163.77,32.93
2022-03-10 21:30:00,5,2002.72,0,61.01,47.21,52.45,130.76,172.07,33.94
2022-03-10 22:30:00,5,1949.31,0,56.21,53.64,51.02,133.61,174.63,32.93
2022-03-10 23:30:00,5,1708.98,0,49.35,59.37,42.44,122.3,158.43,27.87
2022-03-11 00:30:00,5,1321.79,0,38.73,65.09,32.42,103.49,131.12,22.04
2022-03-11 01:30:00,5,1134.87,0,31.19,66.52,28.37,97.89,121.1,20.77
2022-03-11 02:30:00,5,1081.47,0,28.1,62.23,26.94,99.67,121.83,20.52
2022-03-11 03:30:00,5,1094.82,0,27.42,52.93,25.75,102.58,125.49,18.24
2022-03-11 04:30:00,5,1161.58,0,29.82,41.13,25.51,107.61,132.15,14.82
2022-03-11 05:30:00,5,1295.09,0.05,35.99,28.97,27.42,115.52,143.08,12.41
2022-03-11 06:30:00,5,1655.58,1.65,50.04,12.87,33.86,136.13,171.32,14.31
2022-03-11 07:30:00,5,2403.26,15.65,65.8,1.63,45.78,173.79,223.53,21.79
2022-03-11 08:30:00,5,2803.8,33.08,69.92,12.7,51.5,189.77,244.86,25.84
2022-03-11 09:30:00,5,2536.77,26.38,69.23,40.41,52.93,178.8,227.66,26.6
2022-03-11 10:30:00,5,2269.74,15.2,62.38,89.41,57.22,179.38,224.39,27.11
2022-03-11 11:30:00,5,1869.2,6.54,45.24,171.66,60.08,177.4,215.43,24.07
2022-03-11 12:30:00,5,720.98,1.84,13.71,173.09,30.52,60.87,83,10.77
2022-03-11 13:30:00,4,560.76,1.65,10.8,155.93,23.37,39.97,61.76,8.11
2022-03-11 14:30:00,4,547.41,1.66,11.31,151.63,23.37,37.37,59.98,8.04
2022-03-11 15:30:00,4,707.63,2.91,20.91,143.05,35.29,44.6,70.23,10.89
2022-03-11 16:30:00,5,947.95,3.86,34.27,130.18,45.78,56.03,85.74,14.57
2022-03-11 17:30:00,5,1148.22,3.07,47.98,105.86,49.11,63.11,95.96,17.73
2022-03-11 18:30:00,5,1428.6,0.56,62.38,72.24,52.45,74.51,112.72,22.04
2022-03-11 19:30:00,5,1655.58,0,64.43,51.5,51.98,89.25,134.21,27.36
2022-03-11 20:30:00,5,1695.63,0,58.26,45.06,47.21,97.31,144.83,30.4
2022-03-11 21:30:00,5,1655.58,0,52.78,45.06,43.39,100.58,146.35,31.66
2022-03-11 22:30:00,5,1628.88,0,50.04,46.49,41.96,104.32,147.65,32.17
2022-03-11 23:30:00,5,1455.31,0,44.55,48.64,37.19,98.86,135.08,29.13
2022-03-12 00:30:00,5,1214.98,0,38.04,47.92,29.09,88.24,116.08,24.57
2022-03-12 01:30:00,5,1081.47,0,31.19,45.78,22.65,85.75,110.09,22.04
2022-03-12 02:30:00,5,1068.12,0,28.79,40.77,20.5,88.18,112.29,20.77
2022-03-12 03:30:00,5,1081.47,0.01,28.1,35.05,19.79,90.95,116.23,19.25
2022-03-12 04:30:00,5,1081.47,0.02,28.1,30.4,19.31,91.83,117.93,16.97
2022-03-12 05:30:00,5,1121.52,0.07,30.16,25.03,19.79,93.84,121.33,14.95
2022-03-12 06:30:00,5,1335.14,0.75,39.41,15.02,24.08,105.11,137.49,16.21
2022-03-12 07:30:00,5,1869.2,8.38,53.47,4.34,32.9,130.41,174.31,23.31
2022-03-12 08:30:00,5,2216.34,21.9,54.84,18.24,39.58,146.03,197.28,27.11
2022-03-12 09:30:00,5,2162.93,18.78,57.58,50.78,44.82,148.71,200.19,26.35
2022-03-12 10:30:00,5,2029.42,10.62,52.09,110.15,51.02,157.78,207.63,25.08
2022-03-12 11:30:00,5,1668.93,4.41,35.99,197.41,54.84,160.97,205,21.28
2022-03-12 12:30:00,5,694.27,1.48,11.82,183.11,30.04,62.69,85.9,10.89
2022-03-12 13:30:00,4,547.41,1.29,9.42,167.37,22.65,46.87,67.47,8.87
2022-03-12 14:30:00,4,520.71,1.3,9.6,158.79,20.98,42.73,63.16,8.36
2022-03-12 15:30:00,4,687.6,2.4,18.51,148.77,29.33,49.5,73.18,10.77
2022-03-12 16:30:00,5,934.6,3.24,30.85,138.76,38.15,61.12,89.23,14.19
2022-03-12 17:30:00,5,1121.52,2.74,43.87,113.01,40.53,66.01,97.02,16.47
2022-03-12 18:30:00,5,1615.52,0.71,69.92,61.51,44.35,83.11,122.28,22.04
2022-03-12 19:30:00,5,2189.64,0.18,84.31,22.17,48.64,113.4,164.91,29.39
2022-03-12 20:30:00,5,2403.26,1.02,80.2,10.1,49.11,135.76,194.24,33.44
2022-03-12 21:30:00,5,2403.26,0.64,73.34,12.87,47.21,147.62,206.57,34.96
2022-03-12 22:30:00,5,2269.74,0.07,64.43,24.32,43.39,147.84,202.95,33.44
2022-03-12 23:30:00,5,1869.2,0.01,52.09,36.48,34.33,125.6,170.8,27.36
2022-03-13 00:30:00,5,1375.2,0,39.07,42.92,24.08,95.15,129.52,20.77
2022-03-13 01:30:00,5,1228.33,0,33.93,37.19,20.74,86.84,118.42,19.25
2022-03-13 02:30:00,5,1214.98,0.02,32.56,28.97,20.27,87.65,119.81,18.49
2022-03-13 03:30:00,5,1241.68,0.08,32.56,20.56,20.03,91.34,124.89,16.21
2022-03-13 04:30:00,5,1255.04,0.32,32.56,13.23,19.55,92.64,126.08,14.06
2022-03-13 05:30:00,5,1268.39,1.45,33.59,6.17,19.31,93.63,127.07,12.67
2022-03-13 06:30:00,5,1468.66,7.71,36.33,1.11,22.89,103.64,141.5,14.69
2022-03-13 07:30:00,5,2109.53,25.93,42.5,0.44,31.47,132.81,183.94,21.53
2022-03-13 08:30:00,5,2670.29,46.49,48.67,5.36,37.67,156.11,217.13,26.6
2022-03-13 09:30:00,5,2296.45,25.26,61.01,32.9,36.72,140.94,195.45,25.08
2022-03-13 10:30:00,5,2323.15,16.09,64.43,80.82,41.48,156.62,213.46,26.09
2022-03-13 11:30:00,5,2216.34,7.38,54.84,173.09,45.78,186.21,242.36,25.33
2022-03-13 12:30:00,5,867.84,1.58,15.08,208.85,37.67,104.12,133.62,14.95
2022-03-13 13:30:00,5,694.27,1.12,10.88,205.99,31.95,90.13,117.32,13.81
2022-03-13 14:30:00,5,640.87,1.06,10.71,200.27,29.56,82.78,109.86,12.92
2022-03-13 15:30:00,5,834.47,2.01,20.73,183.11,34.81,86.96,117.54,14.82
2022-03-13 16:30:00,5,1161.58,2.93,35.99,163.08,41.01,98.72,134.42,17.73
2022-03-13 17:30:00,5,1455.31,2.51,53.47,125.89,44.35,105.79,145.68,20.27
2022-03-13 18:30:00,5,2136.23,0.6,85.68,62.23,52.45,132.57,184.11,27.11
2022-03-13 19:30:00,5,3017.43,1.93,105.56,10.64,59.13,179.65,250.97,36.98
2022-03-13 20:30:00,5,3471.37,9.61,95.96,0.77,58.65,216.07,302.76,42.56
2022-03-13 21:30:00,5,4005.43,21.23,87.74,0.08,58.17,257.82,358.71,48.64
2022-03-13 22:30:00,5,4592.9,36.66,80.88,0,57.7,304.88,419.04,51.68
2022-03-13 23:30:00,5,4486.08,41.13,75.4,0,47.68,296.84,408.91,43.06
2022-03-14 00:30:00,5,3738.4,36.66,65.8,0,34.81,254.3,350.07,27.36
2022-03-14 01:30:00,5,3364.56,34.42,54.84,0,32.42,237.94,324.4,19.51
2022-03-14 02:30:00,5,2937.32,27.27,48.67,0.01,30.52,220.98,300.91,14.19
2022-03-14 03:30:00,5,2376.56,15.2,44.55,0.05,28.37,189.77,257.59,11.4
2022-03-14 04:30:00,5,2216.34,16.09,37.36,0.02,27.66,180.8,243.26,10.01
2022-03-14 05:30:00,5,2243.04,23.47,31.87,0,27.89,182.23,242.13,9.75
2022-03-14 06:30:00,5,2590.18,39.34,30.85,0,34.33,197.03,262.06,13.93
2022-03-14 07:30:00,5,3578.19,76,35.3,0.15,49.59,242.85,328.14,24.57
2022-03-14 08:30:00,5,4379.27,108.18,45.24,2.35,61.04,270.45,369.95,33.44
2022-03-14 09:30:00,5,3685,65.27,80.2,18.24,69.62,233.46,319.93,34.96
2022-03-14 10:30:00,5,3898.62,38,116.53,66.52,82.97,275.45,368.2,39.52
2022-03-14 11:30:00,5,4219.06,15.42,128.87,203.13,99.18,372.9,470.78,38.5
2022-03-14 12:30:00,5,1375.2,3.16,35.99,263.21,82.02,181.96,233.3,17.23
2022-03-14 13:30:00,5,1001.36,1.56,19.88,271.8,58.65,145.76,195.5,15.2
2022-03-14 14:30:00,5,921.25,1.36,18.34,268.94,53.88,132.4,181.92,15.58
2022-03-14 15:30:00,5,1148.22,2.26,31.87,243.19,59.6,136.66,189.43,19.25
2022-03-14 16:30:00,5,1615.52,3.27,55.52,205.99,69.62,155.38,214.9,24.07
2022-03-14 17:30:00,5,2056.12,2.63,81.57,148.77,74.39,166.72,231.59,27.61
2022-03-14 18:30:00,5,3898.62,10.73,153.54,27.89,86.78,242.12,335.86,43.57
2022-03-14 19:30:00,5,6248.47,63.48,146.69,0,101.09,373.6,512.96,64.85
2022-03-14 20:30:00,5,7583.62,93.88,126.12,0,105.86,467.36,638.38,78.02
2022-03-14 21:30:00,5,8224.49,108.18,113.79,0,107.77,536.99,725.24,86.13
2022-03-14 22:30:00,5,8651.73,114.44,104.19,0,102.04,578.15,774.54,84.1
2022-03-14 23:30:00,5,7797.24,102.82,93.22,0,80.11,529.53,715.67,62.82
2022-03-15 00:30:00,5,5981.45,73.31,82.94,0,51.98,417.25,569.16,35.97
2022-03-15 01:30:00,5,4806.52,53.2,69.92,0,42.44,355.85,487.74,24.32
2022-03-15 02:30:00,5,4219.06,46.04,58.26,0,41.01,332.32,458.62,20.27
2022-03-15 03:30:00,5,3791.81,42.47,46.61,0,38.15,315.84,438.42,16.97
2022-03-15 04:30:00,5,3391.27,39.79,36.33,0,30.99,295.71,404.31,10.77
2022-03-15 05:30:00,5,3070.83,38,32.22,0,26.94,272.54,362.04,8.49
2022-03-15 06:30:00,5,2483.37,21.46,43.53,0.01,31.47,217.71,291.39,13.05
2022-03-15 07:30:00,5,3150.94,42.02,52.09,0.39,43.39,244.91,333.95,19.51
2022-03-15 08:30:00,5,3845.21,65.27,69.23,5.54,53.88,271.45,375.41,26.09
2022-03-15 09:30:00,5,3471.37,37.1,95.96,35.76,58.65,254.74,355.91,28.88
2022-03-15 10:30:00,5,3578.19,21.01,108.3,104.43,66.76,287.47,393.77,32.17
2022-03-15 11:30:00,5,3417.97,8.05,87.74,248.91,73.43,347.23,452.14,30.91
2022-03-15 12:30:00,5,1054.76,1.76,20.56,240.33,49.59,141.91,205.53,16.97
2022-03-15 13:30:00,5,781.06,1.34,14.57,220.3,37.67,112.64,170.19,14.69
2022-03-15 14:30:00,5,727.65,1.4,15.08,205.99,35.76,101.54,156.6,14.19
2022-03-15 15:30:00,5,854.49,2.18,23.99,188.83,43.39,101.53,156.87,15.83
2022-03-15 16:30:00,5,1081.47,2.88,38.04,163.08,51.5,106.94,164.32,18.49
2022-03-15 17:30:00,5,1268.39,2.24,52.78,124.45,52.93,107.37,165.74,20.27
2022-03-15 18:30:00,5,1575.47,0.39,67.86,78.68,54.36,116.37,178.95,24.57
2022-03-15 19:30:00,5,1895.9,0,69.92,52.21,54.36,133.96,204.44,30.4
2022-03-15 20:30:00,5,1949.31,0,63.06,48.64,51.5,145.78,219.96,33.44
2022-03-15 21:30:00,5,1922.61,0,56.89,48.64,48.16,150.09,223.33,34.45
2022-03-15 22:30:00,5,1815.8,0,51.41,45.78,43.87,147.28,218.19,33.44
2022-03-15 23:30:00,5,1522.06,0,43.87,46.49,35.76,131.2,194.65,28.12
2022-03-16 00:30:00,5,1148.22,0,34.62,54.36,27.89,114.38,167.1,21.79
2022-03-16 01:30:00,5,1028.06,0,29.47,60.08,27.66,115.11,162.46,18.75
2022-03-16 02:30:00,5,1001.36,0,27.08,60.8,28.85,123.2,169.37,15.2
2022-03-16 03:30:00,5,1001.36,0,26.05,58.65,28.61,130.23,176.36,12.03
2022-03-16 04:30:00,5,1001.36,0,25.36,54.36,27.66,136.14,181.53,10.13
2022-03-16 05:30:00,5,1028.06,0,27.08,47.92,27.42,140.94,186.3,8.87
2022-03-16 06:30:00,5,1214.98,0.03,35.99,35.41,30.99,153.06,202.11,10.39
2022-03-16 07:30:00,5,1642.23,1.68,54.15,18.95,39.1,177.04,236.31,16.09
2022-03-16 08:30:00,5,1869.2,8.72,58.26,33.97,45.78,194.64,259.26,20.52
2022-03-16 09:30:00,5,1668.93,7.1,47.98,91.55,53.41,206.89,270.1,21.53
2022-03-16 10:30:00,5,1562.12,5.09,38.73,147.34,57.22,215.62,278.61,22.8
2022-03-16 11:30:00,5,1388.55,2.71,27.76,211.72,57.22,213.05,273.02,22.8
2022-03-16 12:30:00,5,834.47,1.23,12.34,205.99,36.72,129.88,183.12,17.73
2022-03-16 13:30:00,5,707.63,1.09,10.62,197.41,31.95,109.09,159.21,15.2
2022-03-16 14:30:00,5,660.9,0.98,10.71,205.99,33.86,106.39,153.25,13.81
2022-03-16 15:30:00,5,727.65,1.34,16.45,205.99,41.48,109.54,155.12,14.06
2022-03-16 16:30:00,5,847.82,1.58,24.33,194.55,46.25,113.98,158.62,15.45
2022-03-16 17:30:00,5,974.66,1.23,33.24,164.51,46.25,114.86,159.49,17.23
2022-03-16 18:30:00,5,1174.93,0.23,43.18,127.32,47.21,123.08,170.26,21.03
2022-03-16 19:30:00,5,1361.85,0,43.87,98.71,46.25,136.25,188.08,25.33
2022-03-16 20:30:00,5,1415.25,0,40.1,85.12,41.48,142.76,195.99,27.61
2022-03-16 21:30:00,5,1482.01,0,39.76,75.1,40.05,148.41,202.79,29.13
2022-03-16 22:30:00,5,1602.17,0,42.5,63.66,40.05,157.87,214.79,30.91
2022-03-16 23:30:00,5,1548.77,0,41.47,57.22,35.29,157.07,211.89,28.63
2022-03-17 00:30:00,5,1388.55,0,37.7,52.93,28.37,152.48,201.7,24.32
2022-03-17 01:30:00,5,1401.9,0,35.64,46.49,26.7,161.5,209.77,23.31
2022-03-17 02:30:00,5,1482.01,0,35.64,39.7,27.18,175.55,226.14,22.8
2022-03-17 03:30:00,5,1562.12,0.01,35.64,32.54,27.18,190.31,243.46,19.76
2022-03-17 04:30:00,5,1602.17,0.03,35.99,26.11,26.46,203.3,257.36,16.47
2022-03-17 05:30:00,5,1708.98,0.38,40.44,15.74,27.18,218.21,273.43,14.19
2022-03-17 06:30:00,5,2136.23,7.6,48.67,3.22,33.86,247.95,311.08,16.47
2022-03-17 07:30:00,5,3124.24,37.1,52.09,0.5,48.16,301.05,385.12,25.33
2022-03-17 08:30:00,5,3845.21,62.58,61.01,5.54,61.04,340.64,439.38,32.42
2022-03-17 09:30:00,5,3177.64,33.08,78.14,33.26,79.15,321,408.36,34.45
2022-03-17 10:30:00,5,3524.78,21.68,100.08,95.84,105.86,380.61,477.27,39.01
2022-03-17 11:30:00,5,3898.62,10.17,104.19,243.19,133.51,496.76,606.46,39.01
2022-03-17 12:30:00,5,2429.96,2.85,49.35,394.82,137.33,434.96,519.55,23.81
2022-03-17 13:30:00,5,2109.53,1.54,35.3,486.37,156.4,449.44,528.91,17.99
2022-03-17 14:30:00,5,1976.01,1.42,38.39,526.43,200.27,453.98,529.25,13.93
2022-03-17 15:30:00,5,1735.69,1.31,41.81,474.93,204.09,395.15,461.1,12.29
2022-03-17 16:30:00,5,1735.69,1.33,55.52,406.27,200.27,353.75,415.27,13.93
2022-03-17 17:30:00,5,1895.9,0.89,79.51,320.43,209.81,325.25,385.84,16.97
2022-03-17 18:30:00,5,3524.78,0.2,152.17,151.63,192.64,364.75,450.48,34.45
2022-03-17 19:30:00,5,5767.82,6.26,211.12,13.95,152.59,446.31,573.24,57.76
2022-03-17 20:30:00,5,6782.53,36.21,180.96,0,117.3,490.76,643.51,68.9
2022-03-17 21:30:00,5,5981.45,45.15,132.98,0,83.92,453.86,601,63.33
2022-03-17 22:30:00,5,4539.49,37.1,95.96,0,63.9,397.99,523.92,48.13
2022-03-17 23:30:00,5,3391.27,19.45,83.63,0.18,50.07,352.44,452.53,31.41
2022-03-18 00:30:00,5,2323.15,0.64,71.29,24.32,38.62,303.01,374.47,17.73
2022-03-18 01:30:00,5,1789.09,0,45.24,68.66,34.81,277.09,333.87,13.68
2022-03-18 02:30:00,5,1482.01,0,30.5,90.84,32.9,258.96,308.04,12.29
2022-03-18 03:30:00,5,1348.5,0,25.36,87.98,31.95,241.38,285.32,12.29
2022-03-18 04:30:00,5,1361.85,0,27.08,61.51,30.28,227.96,268.85,11.91
2022-03-18 05:30:00,5,1415.25,0,31.53,38.62,29.56,216.61,255.16,11.02
2022-03-18 06:30:00,5,1602.17,0.33,41.13,20.92,31.95,214.49,254.66,12.54
2022-03-18 07:30:00,5,2109.53,9.16,54.15,10.64,41.96,227.32,275.86,18.75
2022-03-18 08:30:00,5,2483.37,22.13,62.38,23.96,53.41,239.6,293.14,23.81
2022-03-18 09:30:00,5,2323.15,16.76,64.43,62.23,58.65,238.17,287.74,24.57
2022-03-18 10:30:00,5,2136.23,8.83,57.58,135.9,59.6,247.85,293.81,24.57
2022-03-18 11:30:00,5,1815.8,3.74,40.78,240.33,61.99,259.43,298.86,22.04
2022-03-18 12:30:00,5,947.95,1.48,17.65,251.77,48.16,187.03,215.91,11.91
2022-03-18 13:30:00,5,834.47,1.24,15.25,251.77,42.92,176.84,205.16,10.51
2022-03-18 14:30:00,5,827.79,1.31,17.99,251.77,47.21,175.14,202.64,10.51
2022-03-18 15:30:00,5,1361.85,3.16,47.3,228.88,63.9,197.62,232.23,16.97
2022-03-18 16:30:00,5,2189.64,4.92,90.48,180.24,79.15,227.81,272.77,24.32
2022-03-18 17:30:00,5,2883.91,4.58,132.98,104.43,89.65,244.69,297.8,29.89
2022-03-18 18:30:00,5,4539.49,26.38,183.7,11.27,105.86,300.12,377.68,45.6
2022-03-18 19:30:00,5,6942.75,96.56,163.14,0,118.26,407.16,528.26,68.9
2022-03-18 20:30:00,5,8651.73,139.47,145.32,0,119.21,510.81,673.69,86.13
2022-03-18 21:30:00,5,8972.17,144.84,126.12,0,103.95,551.64,736.29,88.16
2022-03-18 22:30:00,5,8224.49,128.75,102.82,0,81.06,530.94,710.8,74.98
2022-03-18 23:30:00,5,6462.1,100.14,87.74,0,57.22,449.46,590.89,55.22
2022-03-19 00:30:00,5,3524.78,32.63,82.94,0.02,33.86,294.62,370.39,31.92
2022-03-19 01:30:00,5,2323.15,4.08,72.66,3.62,25.27,235.79,285.94,24.07
2022-03-19 02:30:00,5,1789.09,0.05,49.35,23.6,22.41,213.86,252.71,21.03
2022-03-19 03:30:00,5,1762.39,0.03,42.5,25.75,22.17,215.8,253.14,19.76
2022-03-19 04:30:00,5,1949.31,0.56,45.24,10.73,23.37,230.65,270.71,18.49
2022-03-19 05:30:00,5,2162.93,5.81,45.93,1.31,26.46,245.68,287.95,19.51
2022-03-19 06:30:00,5,2803.8,25.48,44.55,0.02,35.76,277.79,329.78,26.6
2022-03-19 07:30:00,5,4379.27,76,47.3,0.22,51.98,352.69,430.85,42.05
2022-03-19 08:30:00,5,5981.45,132.32,59.63,2.17,61.99,420.72,520.66,50.66
2022-03-19 09:30:00,5,2723.69,20.34,80.2,52.21,54.84,227.8,270.27,27.61
2022-03-19 10:30:00,5,2082.82,8.49,58.95,130.18,54.36,196.73,233.09,25.08
2022-03-19 11:30:00,5,1708.98,3.46,39.41,237.46,53.88,201.19,234.18,23.81
2022-03-19 12:30:00,5,814.44,1.1,12.68,226.02,29.33,142.18,164.77,11.91
2022-03-19 13:30:00,5,714.3,0.91,10.37,223.16,24.8,136.52,158.09,10.01
2022-03-19 14:30:00,5,741,0.95,12.17,234.6,28.13,143.31,165.71,10.39
2022-03-19 15:30:00,5,794.41,1.01,16.28,243.19,33.38,152.37,176.29,11.15
2022-03-19 16:30:00,5,907.9,0.98,24.33,240.33,41.48,160.01,185.57,12.41
2022-03-19 17:30:00,5,1081.47,0.61,37.7,217.44,53.41,164.57,192.1,14.31
2022-03-19 18:30:00,5,2403.26,0.13,90.48,145.91,75.34,209.26,254.72,25.59
2022-03-19 19:30:00,5,4112.24,0,138.46,80.11,93.46,291.76,363.39,38
2022-03-19 20:30:00,5,4592.9,0,141.2,64.37,106.81,351.88,435.37,39.01
2022-03-19 21:30:00,5,4112.24,0,119.27,65.8,111.58,370.63,455.38,34.96
2022-03-19 22:30:00,5,3898.62,0,111.04,50.07,101.09,379.65,466.02,34.45
2022-03-19 23:30:00,5,3738.4,0,109.67,30.76,78.2,357.23,435.92,31.41
2022-03-20 00:30:00,5,3097.53,0.04,94.59,21.82,49.11,284.1,342.71,24.32
2022-03-20 01:30:00,5,2536.77,0.08,71.29,17.34,32.9,225.78,270.65,22.29
2022-03-20 02:30:00,5,2162.93,0.15,53.47,14.31,26.23,200.07,239.12,21.53
2022-03-20 03:30:00,5,1949.31,0.41,45.24,9.75,24.08,191.88,228.07,21.53
2022-03-20 04:30:00,5,1735.69,0.71,38.39,7.78,21.7,184.56,217.08,21.03
2022-03-20 05:30:00,5,1535.42,0.48,33.93,12.34,19.31,175.45,204.3,21.03
2022-03-20 06:30:00,5,1321.79,0,31.53,44.7,21.46,160.03,186.1,21.28
2022-03-20 07:30:00,5,1762.39,0.98,52.09,33.62,31.47,179.66,214,26.35
2022-03-20 08:30:00,5,2216.34,9.61,63.06,32.9,40.53,200.55,241.76,29.64
2022-03-20 09:30:00,5,2269.74,11.06,59.63,72.24,45.78,209.21,252.28,28.63
2022-03-20 10:30:00,5,2136.23,6.48,51.41,153.06,50.54,223.78,267.2,27.11
2022-03-20 11:30:00,5,1842.5,2.91,36.67,266.08,53.88,239.16,280.73,24.32
2022-03-20 12:30:00,5,841.14,1.31,15.08,237.46,33.38,119,141.82,11.65
2022-03-20 13:30:00,5,634.19,1.19,12.85,223.16,27.42,81.51,101.71,8.87
2022-03-20 14:30:00,5,594.14,1.23,14.05,226.02,29.33,73.59,100.46,8.36
2022-03-20 15:30:00,5,947.95,2.51,31.19,217.44,41.96,88.89,129.43,12.92
2022-03-20 16:30:00,5,1602.17,3.63,58.95,203.13,58.17,121.82,175.17,19.25
2022-03-20 17:30:00,5,2269.74,2.77,87.05,174.52,69.62,157.55,219.5,23.81
2022-03-20 18:30:00,5,3150.94,0.39,112.41,128.75,83.92,235.19,311.99,31.16
2022-03-20 19:30:00,5,4272.46,0,128.87,82.25,101.09,370,473.75,43.06
2022-03-20 20:30:00,5,5126.95,0,132.98,53.64,107.77,492.26,618.19,51.17
2022-03-20 21:30:00,5,5607.6,1.79,131.61,15.02,97.27,532.69,673.02,56.74
2022-03-20 22:30:00,5,5874.63,20.12,109.67,0.06,87.74,527.74,673.44,59.28
2022-03-20 23:30:00,5,5607.6,36.21,85.68,0,73.43,489.46,626.46,51.17
2022-03-21 00:30:00,5,5020.14,42.92,71.29,0,59.6,439.23,560.3,39.01
2022-03-21 01:30:00,5,5020.14,51.86,64.43,0,64.85,441.04,560.02,40.02
2022-03-21 02:30:00,5,5180.36,59.01,62.38,0,78.2,466.38,592.34,47.12
2022-03-21 03:30:00,5,5180.36,58.11,64.43,0,93.46,490.28,627.4,54.72
2022-03-21 04:30:00,5,4806.52,49.62,63.06,0,85.83,477.94,610.84,51.17
2022-03-21 05:30:00,5,4379.27,44.26,58.26,0,69.62,449.79,569.64,42.56
2022-03-21 06:30:00,5,4592.9,58.11,54.84,0,64.85,448.63,565.78,43.57
2022-03-21 07:30:00,5,6355.29,113.55,58.95,0.23,82.97,536.27,679.97,60.8
2022-03-21 08:30:00,5,8331.3,169.87,82.25,2.84,96.32,623.92,789.98,67.89
2022-03-21 09:30:00,5,3231.05,18.33,106.93,82.97,117.3,314.52,382.64,26.85
2022-03-21 10:30:00,5,2964.02,10.06,90.48,174.52,129.7,325.3,393.76,27.61
2022-03-21 11:30:00,5,2777.1,4.47,65.12,314.71,131.61,382.24,454.84,27.61
2022-03-21 12:30:00,5,1068.12,1.68,23.65,291.82,99.18,186.81,229.9,11.02
2022-03-21 13:30:00,5,754.36,1.1,14.74,266.08,57.22,135.71,179.88,8.99
2022-03-21 14:30:00,5,640.87,1.05,13.19,226.02,39.1,107.89,152.85,8.74
2022-03-21 15:30:00,5,847.82,2.32,26.39,185.97,44.82,102.72,150.6,12.67
2022-03-21 16:30:00,5,1188.28,3.58,43.87,151.63,56.27,109.64,162.1,16.97
2022-03-21 17:30:00,5,1441.96,3.16,61.69,115.87,61.04,113.45,168.96,19.76
2022-03-21 18:30:00,5,1695.63,0.64,73.34,80.82,64.85,121.48,180.72,23.56
2022-03-21 19:30:00,5,1869.2,0,67.86,61.51,62.94,134,198.09,27.87
2022-03-21 20:30:00,5,1815.8,0,56.89,56.51,56.27,141.85,209.63,30.65
2022-03-21 21:30:00,5,1682.28,0,48.67,53.64,50.07,138.14,207.3,31.66
2022-03-21 22:30:00,5,1482.01,0,42.5,55.79,45.3,125.93,190.89,30.4
2022-03-21 23:30:00,5,1134.87,0,33.93,72.96,39.58,110.04,161.2,24.83
2022-03-22 00:30:00,5,827.79,0,25.36,84.4,35.76,98.74,131.74,20.52
2022-03-22 01:30:00,5,801.09,0,23.31,80.11,34.81,101.92,125.96,21.79
2022-03-22 02:30:00,5,827.79,0,22.62,75.1,33.38,105.74,126.32,22.8
2022-03-22 03:30:00,5,847.82,0,21.93,72.24,30.99,107.86,128.14,22.55
2022-03-22 04:30:00,5,867.84,0,21.93,71.53,29.8,108.17,129.94,21.79
2022-03-22 05:30:00,5,907.9,0,23.99,69.38,30.52,108.81,132.76,21.53
2022-03-22 06:30:00,5,1081.47,0,32.22,62.94,34.81,115.84,144.67,23.81
2022-03-22 07:30:00,5,1468.66,0.87,50.04,50.07,43.39,134.17,172.54,28.63
2022-03-22 08:30:00,5,1668.93,6.37,56.21,55.07,48.16,143.95,186.63,29.64
2022-03-22 09:30:00,5,1575.47,8.49,48.67,82.25,51.02,145.2,186.83,28.12
2022-03-22 10:30:00,5,1455.31,5.87,39.76,133.04,53.41,150.51,190.98,27.11
2022-03-22 11:30:00,5,1241.68,2.93,27.42,200.27,51.02,150.51,186.9,24.57
2022-03-22 12:30:00,5,640.87,1.08,9.68,183.11,23.37,86.65,114.4,12.79
2022-03-22 13:30:00,5,587.46,0.92,8.14,181.67,19.55,82.4,108.64,12.03
2022-03-22 14:30:00,5,580.79,0.85,8.23,185.97,19.79,85.22,110.66,12.29
2022-03-22 15:30:00,5,600.81,0.91,10.37,188.83,23.6,88.42,114.44,12.41
2022-03-22 16:30:00,5,667.57,1.02,15.77,185.97,30.28,92.47,120.47,12.92
2022-03-22 17:30:00,5,747.68,0.66,21.59,173.09,34.33,97.74,127.47,14.06
2022-03-22 18:30:00,5,1041.41,0.12,35.99,144.48,46.25,115.32,148.43,19.25
2022-03-22 19:30:00,5,1228.33,0,37.7,121.59,50.54,129.47,166.67,23.56
2022-03-22 20:30:00,5,1268.39,0,34.62,115.87,49.11,136.6,174.96,25.84
2022-03-22 21:30:00,5,1348.5,0,34.62,113.01,50.54,145.56,185.55,27.87
2022-03-22 22:30:00,5,1441.96,0,36.33,107.29,51.5,152.35,194.68,29.39
2022-03-22 23:30:00,5,1348.5,0,34.27,104.43,46.73,147.05,186.82,26.85
2022-03-23 00:30:00,5,1134.87,0,29.47,104.43,40.05,136.08,169.56,22.55
2022-03-23 01:30:00,5,1068.12,0,26.39,100.14,38.15,133.09,164.24,21.53
2022-03-23 02:30:00,5,1068.12,0,25.36,91.55,37.19,134.54,165.57,21.79
2022-03-23 03:30:00,5,1121.52,0,26.73,78.68,36.24,139.06,171.6,22.29
2022-03-23 04:30:00,5,1268.39,0,31.53,57.94,36.24,148.06,182.93,23.81
2022-03-23 05:30:00,5,1441.96,0.02,40.78,34.69,37.19,160.62,198.52,26.09
2022-03-23 06:30:00,5,1869.2,3.86,56.21,9.66,44.35,182.16,228.55,32.93
2022-03-23 07:30:00,5,2777.1,30.85,62.38,1.04,59.6,222.92,288.29,43.57
2022-03-23 08:30:00,5,3391.27,57.22,65.8,7.33,68.66,245.02,321.33,47.62
2022-03-23 09:30:00,5,3257.75,43.36,82.25,28.61,68.66,241.07,317.86,44.08
2022-03-23 10:30:00,5,3364.56,25.03,101.45,87.26,74.39,269.64,352.02,42.56
2022-03-23 11:30:00,5,3204.35,9.72,89.11,217.44,77.25,312.62,393.84,38.5
2022-03-23 12:30:00,5,988.01,1.84,19.88,234.6,46.73,140.09,179.64,19.51
2022-03-23 13:30:00,5,747.68,1.26,13.54,226.02,36.24,116.48,151.95,16.47
2022-03-23 14:30:00,5,680.92,1.17,13.19,214.58,32.9,104.2,138.51,15.07
2022-03-23 15:30:00,5,1014.71,2.6,31.53,191.69,44.82,112.15,152.39,18.49
2022-03-23 16:30:00,5,1548.77,3.74,58.26,160.22,59.13,130.18,179.03,23.05
2022-03-23 17:30:00,5,2002.72,3.13,85.68,113.01,67.71,140.6,195.75,26.09
2022-03-23 18:30:00,5,4112.24,27.05,154.91,13.59,100.14,223.25,310.3,44.58
2022-03-23 19:30:00,5,7370,110.86,152.17,0,152.59,392.68,532.34,77.01
2022-03-23 20:30:00,5,10467.53,180.6,145.32,0,204.09,598.59,789.01,116.53
2022-03-23 21:30:00,5,12390.14,209.21,148.06,0,232.7,747.94,974.21,145.91
2022-03-23 22:30:00,5,12283.33,198.48,154.91,0,204.09,765.94,986.62,116.53
2022-03-23 23:30:00,5,10467.53,150.2,168.62,0,154.5,653.79,816.03,70.93
2022-03-24 00:30:00,5,5874.63,42.02,159.03,0,112.53,403.49,487.74,32.93
2022-03-24 01:30:00,5,3952.03,7.93,116.53,0.45,76.29,302.95,365.08,26.09
2022-03-24 02:30:00,5,2696.99,0.85,73.34,6.71,44.82,218.34,272.56,26.85
2022-03-24 03:30:00,5,1815.8,0.19,50.04,12.7,28.61,151.45,199.86,26.85
2022-03-24 04:30:00,5,1268.39,0.24,38.04,12.7,25.27,112.95,150.71,23.56
2022-03-24 05:30:00,5,1001.36,0.22,32.56,15.02,25.99,84.51,112.41,22.55
2022-03-24 06:30:00,5,1014.71,0.86,38.39,11.8,30.99,70.83,98.79,25.84
2022-03-24 07:30:00,5,1441.96,9.61,50.72,5.45,42.44,79.42,121.4,31.41
2022-03-24 08:30:00,5,1922.61,29.95,54.84,15.2,51.98,93.3,152.69,34.96
2022-03-24 09:30:00,5,2162.93,34.42,64.43,31.47,60.08,105.49,180.69,35.97
2022-03-24 10:30:00,5,2056.12,21.46,69.92,73.67,65.8,117.6,202.86,34.45
2022-03-24 11:30:00,5,1628.88,8.72,54.84,155.93,66.76,124.39,212.03,29.39
2022-03-24 12:30:00,5,514.03,1.69,12.17,161.65,25.27,52.9,105.64,9.63
2022-03-24 13:30:00,4,403.88,1.16,8.4,158.79,17.64,42.49,86.62,7.54
2022-03-24 14:30:00,4,393.87,1.08,8.48,161.65,17.17,39.96,79.12,7.54
2022-03-24 15:30:00,4,427.25,1.26,11.14,163.08,20.27,38.57,74.29,7.73
2022-03-24 16:30:00,4,514.03,1.61,17.14,154.5,26.7,40.52,75.87,8.61
2022-03-24 17:30:00,4,607.49,1.23,23.99,138.76,30.52,47.45,86.06,10.01
2022-03-24 18:30:00,5,1214.98,0.41,54.84,92.98,46.25,72.73,123.48,19.25
2022-03-24 19:30:00,5,1815.8,0,72.66,50.78,55.79,101.7,168.63,29.39
2022-03-24 20:30:00,5,2136.23,0.01,77.46,31.83,61.04,123.85,203.42,35.97
2022-03-24 21:30:00,5,2563.48,1.1,87.74,12.87,71.53,155.11,249.16,43.06
2022-03-24 22:30:00,5,3097.53,9.95,90.48,0.73,79.15,191.47,304.47,48.64
2022-03-24 23:30:00,5,3097.53,15.2,85,0.14,70.57,199.7,318.07,44.08
2022-03-25 00:30:00,5,2777.1,14.19,78.83,0.14,54.84,193.2,304.74,33.94
2022-03-25 01:30:00,5,2830.51,16.54,73.34,0.06,49.11,208.37,318.5,29.64
2022-03-25 02:30:00,5,2990.72,20.34,68.55,0.02,48.16,229.3,343.05,28.88
2022-03-25 03:30:00,5,3150.94,26.15,61.69,0,49.11,243.51,361.34,31.92
2022-03-25 04:30:00,5,3150.94,31.74,52.09,0,48.16,246.71,361.21,35.97
2022-03-25 05:30:00,5,3150.94,38.89,45.24,0,46.73,245.08,353.43,38
2022-03-25 06:30:00,5,3791.81,64.37,43.18,0,55.79,277.54,392.34,44.08
2022-03-25 07:30:00,5,5821.23,134.11,45.24,0.25,80.11,382.02,527.05,61.3
2022-03-25 08:30:00,5,7690.43,202.06,61.01,2.39,97.27,466.66,633.14,69.92
2022-03-25 09:30:00,5,3685,43.81,94.59,39.34,82.97,266.88,352.99,46.1
2022-03-25 10:30:00,5,2937.32,14.31,84.31,130.18,85.83,252.93,326.32,38
2022-03-25 11:30:00,5,2189.64,4.97,52.78,246.05,83.92,244.37,304.47,30.65
2022-03-25 12:30:00,5,647.54,1.34,12.34,200.27,34.33,77.14,105.92,11.15
2022-03-25 13:30:00,5,500.68,1.06,8.65,177.38,20.5,58.78,84.71,8.87
2022-03-25 14:30:00,5,467.3,1.02,8.31,165.94,16.93,52.48,77.72,8.36
2022-03-25 15:30:00,5,487.33,1.26,10.71,155.93,18.36,50.16,76.04,8.87
2022-03-25 16:30:00,5,567.44,1.59,16.79,145.91,22.89,52.72,79.3,10.39
2022-03-25 17:30:00,5,647.54,1.22,23.65,133.04,25.03,54.74,81.6,11.91
2022-03-25 18:30:00,5,1068.12,0.35,47.3,100.14,38.62,72.05,104.84,18.75
2022-03-25 19:30:00,5,1388.55,0,54.84,73.67,45.78,89.36,128.67,25.08
2022-03-25 20:30:00,5,1428.6,0,48.67,65.8,43.39,93.88,135.52,27.61
2022-03-25 21:30:00,5,1428.6,0,45.93,63.66,42.92,96.68,139.01,29.39
2022-03-25 22:30:00,5,1468.66,0,45.93,61.51,45.78,101.36,144.71,30.91
2022-03-25 23:30:00,5,1348.5,0,43.53,60.8,43.39,97.37,138,28.88
2022-03-26 00:30:00,5,1094.82,0,36.67,62.23,36.24,86.06,119.67,24.07
2022-03-26 01:30:00,5,947.95,0,28.79,65.09,30.99,82.17,111.67,21.79
2022-03-26 02:30:00,5,921.25,0,26.05,64.37,29.8,83.67,111.98,21.28
2022-03-26 03:30:00,5,934.6,0,24.68,64.37,29.56,86.23,114.76,21.03
2022-03-26 04:30:00,5,947.95,0,24.68,62.94,28.85,89.33,118.9,20.77
2022-03-26 05:30:00,5,1028.06,0,27.42,55.79,29.09,95.35,126.3,21.79
2022-03-26 06:30:00,5,1268.39,0.02,38.39,38.98,32.9,108.83,144.43,25.84
2022-03-26 07:30:00,5,1815.8,4.14,57.58,16.45,41.48,134.93,181.7,33.44
2022-03-26 08:30:00,5,2082.82,15.2,58.95,27.89,46.25,151.07,202.74,35.46
2022-03-26 09:30:00,5,1655.58,8.38,47.3,87.26,47.68,144.22,187.74,30.15
2022-03-26 10:30:00,5,1428.6,4.81,33.93,147.34,45.3,147.78,188.27,27.87
2022-03-26 11:30:00,5,1201.63,2.15,21.42,214.58,41.48,145.76,181.82,25.08
2022-03-26 12:30:00,5,534.06,0.68,6.17,191.69,23.6,71.39,94.21,12.29
2022-03-26 13:30:00,5,467.3,0.59,5.18,180.24,18.12,60.86,81.2,11.02
2022-03-26 14:30:00,5,460.62,0.57,5.18,178.81,15.5,60.51,81.01,11.4
2022-03-26 15:30:00,5,480.65,0.69,7.03,174.52,15.97,62.32,83.96,12.16
2022-03-26 16:30:00,5,534.06,0.81,10.62,167.37,18.6,65.1,88.02,12.92
2022-03-26 17:30:00,5,587.46,0.57,15.08,158.79,20.74,67.97,91.81,13.81
2022-03-26 18:30:00,5,734.33,0.11,22.96,140.19,26.46,75.07,101.08,16.21
2022-03-26 19:30:00,5,847.82,0,25.36,123.02,30.04,82.45,110.54,19.25
2022-03-26 20:30:00,5,881.2,0,24.68,114.44,30.04,85.83,114.48,21.03
2022-03-26 21:30:00,5,934.6,0,25.36,105.86,30.52,88.85,118.52,22.55
2022-03-26 22:30:00,5,1001.36,0,26.73,95.84,30.52,93.04,124.32,23.81
2022-03-26 23:30:00,5,947.95,0,25.36,89.41,27.18,90.66,120.21,22.55
2022-03-27 00:30:00,5,801.09,0,21.08,87.26,22.17,83.82,109.88,19.76
2022-03-27 01:30:00,5,754.36,0,18.68,83.68,21.22,83.43,108.8,19.25
2022-03-27 02:30:00,5,767.71,0,18.16,77.96,21.93,85.91,111.52,19.76
2022-03-27 03:30:00,5,781.06,0,18.16,70.81,22.41,88.99,114.84,20.52
2022-03-27 04:30:00,5,794.41,0,19.02,63.66,22.65,90.66,116.98,21.28
2022-03-27 05:30:00,5,827.79,0,21.59,54.36,24.08,90.77,117.68,21.79
2022-03-27 06:30:00,5,974.66,0.01,30.16,40.41,28.61,94.03,124.43,24.32
2022-03-27 07:30:00,5,1295.09,2.91,43.87,23.6,36.72,104.58,143.47,28.63
2022-03-27 08:30:00,5,1495.36,12.85,45.24,30.76,41.48,107.8,152.03,29.39
2022-03-27 09:30:00,5,1335.14,12.18,41.13,58.65,45.3,100.08,144.76,26.6
2022-03-27 10:30:00,5,1201.63,7.82,36.67,101.57,49.11,97.12,141.54,24.83
2022-03-27 11:30:00,5,1028.06,4.02,28.79,167.37,51.5,101.92,144.69,22.29
2022-03-27 12:30:00,5,480.65,1.17,9.94,188.83,30.99,64.71,96.09,10.26
2022-03-27 13:30:00,5,400.54,0.91,7.88,188.83,25.75,56.68,87.44,7.79
2022-03-27 14:30:00,5,387.19,0.83,7.71,188.83,23.6,54,86.25,7.16
2022-03-27 15:30:00,5,534.06,1.55,15.59,185.97,30.99,59.96,95.66,9.63
2022-03-27 16:30:00,5,720.98,2.07,25.7,177.38,38.62,66.86,106.32,12.41
2022-03-27 17:30:00,5,881.2,1.79,35.99,153.06,41.96,68.38,109.58,14.44
2022-03-27 18:30:00,5,1642.23,0.73,72.66,87.26,53.88,93.11,145.01,22.55
2022-03-27 19:30:00,5,2670.29,0.1,102.82,25.75,70.57,140.21,212.82,34.45
2022-03-27 20:30:00,5,3231.05,2.49,102.82,5.45,79.15,175.55,263.99,41.54
2022-03-27 21:30:00,5,3738.4,13.19,93.22,0.54,87.74,213.01,316.82,47.62
2022-03-27 22:30:00,5,4325.87,29.5,86.37,0,94.41,255.22,374.39,52.18
2022-03-27 23:30:00,5,4272.46,34.87,82.25,0,84.88,257.13,374.91,48.13
2022-03-28 00:30:00,5,3631.59,30.4,76.09,0,67.71,222.64,323.19,40.53
2022-03-28 01:30:00,5,3311.16,30.4,68.55,0,66.76,213.58,310.4,45.09
2022-03-28 02:30:00,5,3204.35,31.29,65.12,0,69.62,218.15,320.79,52.69
2022-03-28 03:30:00,5,3150.94,33.08,63.06,0,82.02,221.21,330.83,67.89
2022-03-28 04:30:00,5,3204.35,36.66,62.38,0,98.23,227.11,332.55,86.13
2022-03-28 05:30:00,5,3177.64,37.1,65.8,0,105.86,225.53,319.79,90.18
2022-03-28 06:30:00,5,3578.19,47.39,75.4,0,122.07,241.9,338.02,95.25
2022-03-28 07:30:00,5,5607.6,107.29,91.85,1.07,173.57,342.49,473.07,128.69
2022-03-28 08:30:00,5,8224.49,184.18,131.61,6.62,223.16,478.73,650.75,160.1
2022-03-28 09:30:00,5,5874.63,72.42,180.96,45.78,169.75,368.27,497.44,83.09
2022-03-28 10:30:00,5,5928.04,28.39,208.38,171.66,167.85,443.03,572.19,63.84
2022-03-28 11:30:00,5,5554.2,8.61,156.28,434.88,158.31,556.01,678.18,48.13
2022-03-28 12:30:00,5,1054.76,2.43,29.13,263.21,64.85,113.97,164.9,13.93
2022-03-28 13:30:00,5,620.84,1.27,14.05,237.46,34.81,83.55,129.41,9.5
2022-03-28 14:30:00,5,514.03,1.12,12,214.58,26.94,70.99,115.66,9.12
2022-03-28 15:30:00,5,707.63,2.21,23.31,191.69,34.81,71.85,119.33,12.54
2022-03-28 16:30:00,5,1068.12,3.3,41.81,177.38,48.16,84.16,136.66,16.97
2022-03-28 17:30:00,5,1388.55,2.93,60.32,147.34,56.27,92.4,148.63,20.27
2022-03-28 18:30:00,5,2189.64,1.01,97.33,80.11,71.53,120.86,190.13,29.39
2022-03-28 19:30:00,5,3311.16,1.06,126.12,15.91,91.55,173.07,267.02,43.57
2022-03-28 20:30:00,5,3952.03,10.51,117.9,0.68,102.04,213.34,329.63,52.18
2022-03-28 21:30:00,5,4753.11,31.74,105.56,0.01,117.3,269.36,410.79,62.32
2022-03-28 22:30:00,5,5714.42,55.43,101.45,0,131.61,334.17,502.14,67.89
2022-03-28 23:30:00,5,5767.82,61.69,102.82,0,123.98,339.65,508.1,59.28
2022-03-29 00:30:00,5,4806.52,48.28,98.71,0,97.27,290.53,430.58,42.56
2022-03-29 01:30:00,5,3898.62,33.53,87.74,0,74.39,245.93,355.71,31.92
2022-03-29 02:30:00,5,3150.94,21.46,75.4,0.05,57.7,207.45,295.33,26.6
2022-03-29 03:30:00,5,2269.74,6.82,63.06,0.72,44.82,158.62,229.74,25.08
2022-03-29 04:30:00,5,2216.34,8.72,56.21,0.32,44.82,159,229.65,25.33
2022-03-29 05:30:00,5,2456.67,17.66,52.09,0.03,48.64,174.63,251.8,27.11
2022-03-29 06:30:00,5,3257.75,42.92,50.72,0,62.94,221.04,317.31,36.98
2022-03-29 07:30:00,5,5073.55,102.82,54.15,0.66,90.6,312.04,443.23,56.74
2022-03-29 08:30:00,5,6195.07,141.26,75.4,5.32,103,352.18,497.8,63.84
2022-03-29 09:30:00,5,3791.81,44.26,101.45,43.63,80.11,233.57,337.77,47.12
2022-03-29 10:30:00,5,3337.86,15.42,100.08,145.91,80.11,251.45,348.65,43.06
2022-03-29 11:30:00,5,2857.21,5.09,67.17,300.41,78.2,280.69,365.31,37.49
2022-03-29 12:30:00,5,627.52,1.54,14.39,197.41,32.42,75.44,132.37,10.01
2022-03-29 13:30:00,5,453.95,1.26,10.54,178.81,22.65,60.89,118.48,7.47
2022-03-29 14:30:00,5,417.23,1.16,9.94,173.09,20.98,55.11,110.08,6.9
2022-03-29 15:30:00,5,654.22,2.54,22.96,164.51,34.33,62.27,116.99,10.64
2022-03-29 16:30:00,5,1014.71,3.63,40.44,157.36,48.64,75.97,133.36,15.45
2022-03-29 17:30:00,5,1308.44,3.3,58.95,131.61,56.74,84.44,144.86,19
2022-03-29 18:30:00,5,2109.53,1.23,95.96,66.52,70.57,110.95,184.87,28.12
2022-03-29 19:30:00,5,3097.53,2.18,120.64,10.46,88.69,155.94,252.68,40.53
2022-03-29 20:30:00,5,3791.81,14.08,113.79,0.2,103,197.85,315.08,49.14
2022-03-29 21:30:00,5,5287.17,46.94,108.3,0,137.33,288.38,440.07,63.84
2022-03-29 22:30:00,5,7049.56,87.62,105.56,0,167.85,399.67,592.79,74.98
2022-03-29 23:30:00,5,7583.62,109.97,101.45,0,164.03,439.76,651.51,73.97
2022-03-30 00:30:00,5,6942.75,110.86,89.11,0,137.33,406.58,604.36,65.86
2022-03-30 01:30:00,5,5981.45,99.24,75.4,0,115.39,369.25,539.09,61.3
2022-03-30 02:30:00,5,5180.36,86.72,63.06,0,98.23,336.06,484.02,58.26
2022-03-30 03:30:00,5,4432.68,73.31,55.52,0,92.51,299.45,431.11,65.86
2022-03-30 04:30:00,5,4005.43,64.37,53.47,0,103,274.47,398.69,84.1
2022-03-30 05:30:00,5,3952.03,65.27,54.15,0,118.26,270.54,391.5,98.29
2022-03-30 06:30:00,5,4646.3,85.83,57.58,0,146.87,307.34,435.28,114.5
2022-03-30 07:30:00,5,6782.53,153.78,67.17,0.58,198.36,424.71,587.11,151.99
2022-03-30 08:30:00,5,9399.41,232.46,102.82,4.02,234.6,558.41,756.66,170.23
2022-03-30 09:30:00,5,5661.01,76,165.88,40.41,183.11,378.32,514.18,80.05
2022-03-30 10:30:00,5,6195.07,29.06,216.6,174.52,198.36,499.17,639.68,70.93
2022-03-30 11:30:00,5,6729.13,8.49,178.22,497.82,205.99,738.46,890.14,58.26
2022-03-30 12:30:00,5,1268.39,2.46,33.93,294.69,93.46,162.8,237.61,16.47
2022-03-30 13:30:00,5,720.98,1.24,15.94,266.08,49.59,115.35,179.79,10.01
2022-03-30 14:30:00,5,580.79,1.16,14.05,237.46,37.67,93.99,154.59,8.74
2022-03-30 15:30:00,5,1094.82,3.69,39.76,194.55,48.16,102.61,169.96,15.58
2022-03-30 16:30:00,5,2029.42,6.65,80.88,165.94,68.66,137.43,217.81,24.32
2022-03-30 17:30:00,5,2857.21,7.15,124.75,120.16,84.88,168.61,259.7,30.65
2022-03-30 18:30:00,5,4859.92,20.34,197.41,20.92,121.12,251.37,371.34,48.13
2022-03-30 19:30:00,5,7049.56,64.37,194.67,0.01,162.12,364.81,518.3,66.88
2022-03-30 20:30:00,5,7690.43,73.31,175.48,0,181.2,420.59,587.58,73.97
2022-03-30 21:30:00,5,8010.86,76,164.51,0,202.18,466.6,637.32,79.04
2022-03-30 22:30:00,5,9826.66,110.86,159.03,0,240.33,604.49,792.44,91.2
2022-03-30 23:30:00,5,11749.27,146.63,163.14,0,238.42,755.85,965.21,88.16
2022-03-31 00:30:00,5,11428.83,135.9,163.14,0,181.2,758.82,971.89,62.32
2022-03-31 01:30:00,5,10894.78,123.38,150.8,0,144.96,738.7,951.3,51.17
2022-03-31 02:30:00,5,10253.91,106.39,134.35,0,120.16,709.1,915.18,48.13
2022-03-31 03:30:00,5,9185.79,87.62,116.53,0,102.04,665.01,853.86,44.58
2022-03-31 04:30:00,5,7797.24,66.16,97.33,0,82.02,590.72,749.3,39.52
2022-03-31 05:30:00,5,6088.26,45.6,78.83,0,65.8,479.58,602.31,36.98
2022-03-31 06:30:00,5,3524.78,16.32,66.49,0.06,62.94,312.25,407.52,40.02
2022-03-31 07:30:00,5,3738.4,31.74,69.92,2.21,68.66,316.89,424.73,48.13
2022-03-31 08:30:00,5,4539.49,50.51,94.59,15.2,81.06,358.72,481.93,54.21
2022-03-31 09:30:00,5,3311.16,14.53,98.71,107.29,87.74,327.74,433.73,40.02
2022-03-31 10:30:00,5,2964.02,7.26,78.14,214.58,88.69,345.11,447.84,35.97
2022-03-31 11:30:00,5,2670.29,3.24,54.15,357.63,87.74,381.31,479.39,33.44
2022-03-31 12:30:00,5,1295.09,1.9,32.22,371.93,109.67,264.86,338.74,17.73
2022-03-31 13:30:00,5,1081.47,1.45,27.42,400.54,107.77,252.61,322.31,13.05
2022-03-31 14:30:00,5,1094.82,1.19,27.76,440.6,109.67,265.01,334.93,12.03
2022-03-31 15:30:00,5,1094.82,0.89,27.08,446.32,95.37,253.05,322.57,11.65
2022-03-31 16:30:00,5,1241.68,0.74,35.64,440.6,96.32,256.12,326.41,13.3
2022-03-31 17:30:00,5,1415.25,0.42,47.3,406.27,104.9,258.71,329.76,15.07
2022-03-31 18:30:00,5,4058.84,0.19,161.77,197.41,143.05,394.01,504.83,38.5
2022-03-31 19:30:00,5,7583.62,2.15,268.7,22.35,183.11,628.29,799.55,66.88
2022-03-31 20:30:00,5,8758.54,16.54,244.02,0.08,183.11,742.49,944.43,78.02
2022-03-31 21:30:00,5,8651.73,25.03,200.15,0.01,171.66,758.24,966.68,82.08
2022-03-31 22:30:00,5,8438.11,39.34,163.14,0,156.4,739.34,949.17,79.04
2022-03-31 23:30:00,5,6835.94,38.44,126.12,0,116.35,622.54,804.4,58.77
2022-04-01 00:30:00,5,4112.24,9.61,95.96,1.56,69.62,428.06,542.86,36.48
2022-04-01 01:30:00,5,2590.18,0.59,66.49,10.46,54.36,304.99,383.94,30.15
2022-04-01 02:30:00,5,1789.09,0.06,46.61,20.21,47.21,209.92,271.93,28.37
2022-04-01 03:30:00,5,1228.33,0,35.64,35.05,41.01,130.61,183.41,27.11
2022-04-01 04:30:00,5,1068.12,0,33.24,41.84,41.01,102.26,153.02,25.08
2022-04-01 05:30:00,5,1094.82,0,36.33,40.05,42.92,97.89,148.89,25.33
2022-04-01 06:30:00,5,1415.25,0.27,51.41,25.39,51.02,112.83,169.86,30.15
2022-04-01 07:30:00,5,2189.64,10.95,72.66,9.75,67.71,147.99,221.06,40.02
2022-04-01 08:30:00,5,2483.37,25.26,77.46,29.33,76.29,163.99,244.48,42.05
2022-04-01 09:30:00,5,1976.01,15.2,67.86,79.39,75.34,152.88,225.89,37.49
2022-04-01 10:30:00,5,1762.39,7.71,54.84,158.79,74.39,159.43,227.75,35.46
2022-04-01 11:30:00,5,1428.6,2.96,33.93,257.49,63.9,150.44,205.9,31.41
2022-04-01 12:30:00,5,554.08,1.09,10.37,208.85,24.32,55.67,77.19,11.91
2022-04-01 13:30:00,4,473.98,1.01,9.08,200.27,20.27,42.21,57.89,9.63
2022-04-01 14:30:00,4,480.65,1.01,9.94,208.85,22.89,42.33,56.3,9.63
2022-04-01 15:30:00,5,654.22,1.75,19.88,214.58,38.15,52.4,68.75,12.29
2022-04-01 16:30:00,5,881.2,2.24,32.56,208.85,49.11,60.69,79.83,15.2
2022-04-01 17:30:00,5,1081.47,1.93,45.93,181.67,53.41,62.55,83.14,17.48
2022-04-01 18:30:00,5,1441.96,0.52,63.75,135.9,58.65,71.55,97.66,22.55
2022-04-01 19:30:00,5,1735.69,0,65.8,92.98,60.08,82.72,115.66,28.12
2022-04-01 20:30:00,5,1682.28,0,56.89,81.54,54.36,83.67,117.81,29.89
2022-04-01 21:30:00,5,1615.52,0,52.09,83.68,51.02,84.14,118.19,30.15
2022-04-01 22:30:00,5,1668.93,0,50.72,82.97,51.98,89.32,124.92,30.65
2022-04-01 23:30:00,5,1548.77,0,47.3,80.11,47.21,84.22,116.33,27.61
2022-04-02 00:30:00,5,1375.2,0,44.55,67.95,39.58,75.23,102.11,23.05
2022-04-02 01:30:00,5,1348.5,0,40.44,52.21,36.72,77.21,103.44,21.03
2022-04-02 02:30:00,5,1415.25,0,39.76,37.91,38.15,85.62,114.06,21.28
2022-04-02 03:30:00,5,1575.47,0.09,42.5,20.74,40.53,98.94,131.87,21.79
2022-04-02 04:30:00,5,1789.09,1.31,45.93,6.35,42.44,113.89,150.94,22.55
2022-04-02 05:30:00,5,2002.72,6.48,47.3,0.94,46.25,128.83,167.93,24.57
2022-04-02 06:30:00,5,2590.18,21.9,51.41,0.08,57.7,160.84,208.43,31.66
2022-04-02 07:30:00,5,4005.43,62.58,63.06,1.5,82.02,229.88,300.81,45.09
2022-04-02 08:30:00,5,5020.14,83.15,100.08,12.7,95.37,273.85,358.82,48.64
2022-04-02 09:30:00,5,2883.91,14.75,98.71,113.01,75.34,174.24,223.58,32.42
2022-04-02 10:30:00,5,2937.32,7.6,87.74,246.05,75.34,207.55,260.33,32.42
2022-04-02 11:30:00,5,2830.51,3.13,61.69,429.15,75.34,252.6,304.74,31.66
2022-04-02 12:30:00,5,694.27,1.08,12.85,251.77,29.8,70.75,89.18,12.92
2022-04-02 13:30:00,5,534.06,0.91,9.77,228.88,23.13,58.76,75.8,11.15
2022-04-02 14:30:00,5,514.03,0.92,10.37,223.16,23.6,55.9,73.17,10.89
2022-04-02 15:30:00,5,540.73,1.03,12.68,214.58,24.32,53.87,72.13,11.02
2022-04-02 16:30:00,5,580.79,1.02,15.94,203.13,26.7,53.1,72.11,11.15
2022-04-02 17:30:00,5,587.46,0.67,19.54,185.97,29.33,50.98,70.17,11.27
2022-04-02 18:30:00,5,1415.25,0.24,59.63,140.19,56.74,82.59,114.06,21.28
2022-04-02 19:30:00,5,2750.4,0,101.45,84.4,94.41,145.7,198.25,34.96
2022-04-02 20:30:00,5,3738.4,0,119.27,56.51,107.77,199.85,270.55,41.54
2022-04-02 21:30:00,5,3578.19,0,106.93,57.22,91.55,208.82,285.23,40.02
2022-04-02 22:30:00,5,2857.21,0,82.94,65.8,76.29,186.05,250.7,36.98
2022-04-02 23:30:00,5,2296.45,0,63.75,74.39,63.9,163.45,213.08,31.92
2022-04-03 00:30:00,5,1762.39,0,46.61,86.55,51.5,141.96,177.26,26.09
2022-04-03 01:30:00,5,1495.36,0,35.3,87.26,41.96,132.87,162.12,25.59
2022-04-03 02:30:00,5,1361.85,0,29.82,75.82,34.81,126.67,153.77,27.61
2022-04-03 03:30:00,5,1308.44,0,28.45,60.8,31.47,120.66,146.37,29.39
2022-04-03 04:30:00,5,1268.39,0,28.1,48.64,29.33,114.92,138.81,30.15
2022-04-03 05:30:00,5,1268.39,0,28.79,42.56,28.37,111.24,133.63,30.65
2022-04-03 06:30:00,5,1401.9,0.01,34.96,38.27,31.95,113.83,138.13,31.92
2022-04-03 07:30:00,5,1842.5,3.07,52.78,29.68,43.39,128.85,161.19,35.97
2022-04-03 08:30:00,5,2323.15,12.18,67.17,50.78,56.27,149.81,190.42,37.49
2022-04-03 09:30:00,5,2429.96,10.95,72.66,114.44,64.85,163.41,207.16,35.46
2022-04-03 10:30:00,5,2429.96,6.37,68.55,228.88,71.53,194.74,242.87,33.94
2022-04-03 11:30:00,5,2296.45,2.96,50.72,377.66,79.15,241.15,290.81,32.93
2022-04-03 12:30:00,5,934.6,1.31,17.82,283.24,45.3,112.77,153.9,17.99
2022-04-03 13:30:00,5,647.54,1.03,12.51,251.77,31.95,79.48,117,13.3
2022-04-03 14:30:00,5,560.76,0.89,11.14,243.19,27.66,64.51,99.11,12.03
2022-04-03 15:30:00,5,734.33,1.54,20.73,237.46,37.19,67.07,103.54,14.06
2022-04-03 16:30:00,5,1041.41,1.96,34.27,237.46,51.98,81.01,121.89,17.23
2022-04-03 17:30:00,5,1308.44,1.59,47.3,208.85,59.6,89.73,134.56,19.76
2022-04-03 18:30:00,5,2136.23,0.5,78.14,133.04,66.76,122.76,182.72,27.87
2022-04-03 19:30:00,5,3284.45,0,109.67,52.93,85.83,184.35,269.22,40.53
2022-04-03 20:30:00,5,4272.46,1.29,132.98,10.64,104.9,241.87,353.75,48.13
2022-04-03 21:30:00,5,5607.6,20.79,142.57,0.15,133.51,321.68,471.27,69.92
2022-04-03 22:30:00,5,6942.75,48.73,146.69,0,164.03,414.26,597.85,95.25
2022-04-03 23:30:00,5,6942.75,54.99,137.09,0,158.31,414.52,586.46,89.17
2022-04-04 00:30:00,5,5020.14,34.87,113.79,0,114.44,303.58,421.74,60.8
2022-04-04 01:30:00,5,3578.19,21.9,87.74,0.01,89.65,222.26,312.01,49.65
2022-04-04 02:30:00,5,2990.72,18.33,70.6,0.01,82.02,192.13,277.46,47.62
2022-04-04 03:30:00,5,2750.4,18.78,54.15,0.01,70.57,180.07,265.4,35.46
2022-04-04 04:30:00,5,2616.88,21.23,43.87,0,62.94,170.99,250.04,29.13
2022-04-04 05:30:00,5,2483.37,22.35,41.81,0.02,60.08,156.68,220.37,29.39
2022-04-04 06:30:00,5,1842.5,5.76,54.15,2.01,55.79,116.4,160.28,32.93
2022-04-04 07:30:00,5,2376.56,17.21,68.55,7.15,70.57,143.32,197.31,39.52
2022-04-04 08:30:00,5,2777.1,30.4,79.51,27.54,77.25,160.83,221.56,41.54
2022-04-04 09:30:00,5,1455.31,9.61,50.72,94.41,64.85,97,134.43,27.36
2022-04-04 10:30:00,5,1228.33,5.48,38.73,154.5,61.99,93.25,129.05,27.36
2022-04-04 11:30:00,5,1081.47,2.85,29.13,234.6,61.99,101.68,135.5,26.35
2022-04-04 12:30:00,5,567.44,1.1,11.14,217.44,29.8,59.21,87.58,14.31
2022-04-04 13:30:00,4,487.33,0.99,9.68,211.72,25.27,47.66,71.49,11.02
2022-04-04 14:30:00,4,480.65,0.99,10.2,211.72,25.51,45.7,67.37,10.26
2022-04-04 15:30:00,5,654.22,1.82,21.08,211.72,40.53,55.42,80.52,13.17
2022-04-04 16:30:00,5,894.55,2.26,33.93,205.99,52.45,66.32,95.85,16.47
2022-04-04 17:30:00,5,1081.47,1.68,46.61,178.81,55.79,71.58,105.19,18.49
2022-04-04 18:30:00,5,1548.77,0.36,67.86,131.61,62.94,91.43,135.29,24.83
2022-04-04 19:30:00,5,2189.64,0,82.25,83.68,75.34,128.12,187.83,34.45
2022-04-04 20:30:00,5,2483.37,0,81.57,65.8,80.11,154.54,223.1,40.02
2022-04-04 21:30:00,5,2563.48,0,76.77,59.37,80.11,163.72,232.98,41.54
2022-04-04 22:30:00,5,2403.26,0,69.92,60.08,76.29,154.4,219.45,39.01
2022-04-04 23:30:00,5,1976.01,0,58.95,62.23,61.99,126.39,180.84,32.42
2022-04-05 00:30:00,5,1522.06,0,49.35,58.65,49.11,100.02,142.94,25.59
2022-04-05 01:30:00,5,1455.31,0,45.93,47.21,48.16,97.72,138.2,24.57
2022-04-05 02:30:00,5,1508.71,0,45.24,37.91,51.5,105.1,146.5,25.59
2022-04-05 03:30:00,5,1735.69,0.07,50.04,23.25,57.22,122.3,168.58,26.6
2022-04-05 04:30:00,5,2082.82,2.15,55.52,5.68,62.94,146.88,200.97,27.61
2022-04-05 05:30:00,5,2456.67,13.75,53.47,0.14,68.66,173.35,236.98,30.4
2022-04-05 06:30:00,5,3391.27,43.36,52.09,0.06,85.83,226.45,311.85,41.54
2022-04-05 07:30:00,5,5661.01,114.44,57.58,1.04,121.12,344.38,472.39,64.85
2022-04-05 08:30:00,5,7690.43,173.45,93.22,5.36,143.05,439.57,594.47,76
2022-04-05 09:30:00,5,4058.84,34.87,127.49,69.38,101.09,263.78,347.44,50.66
2022-04-05 10:30:00,5,3952.03,11.4,117.9,231.74,105.86,318.2,403.38,48.13
2022-04-05 11:30:00,5,3471.37,3.24,66.49,440.6,99.18,369.41,448.07,43.57
2022-04-05 12:30:00,5,707.63,1.06,12.85,251.77,30.99,80.9,101.09,11.53
2022-04-05 13:30:00,5,527.38,0.91,9.6,226.02,20.27,60.56,76.79,9.25
2022-04-05 14:30:00,5,507.35,0.88,9.51,217.44,18.6,56.62,72.09,9.12
2022-04-05 15:30:00,5,660.9,1.69,19.54,211.72,30.99,63.85,81.94,12.03
2022-04-05 16:30:00,5,907.9,2.26,32.9,205.99,43.39,75.52,97.57,15.83
2022-04-05 17:30:00,5,1108.17,1.96,45.24,185.97,47.68,81.23,105.95,18.49
2022-04-05 18:30:00,5,1668.93,1.93,71.29,144.48,56.74,101.77,136.27,26.09
2022-04-05 19:30:00,5,2243.04,0.08,82.25,95.84,67.71,129.15,177.04,34.96
2022-04-05 20:30:00,5,2376.56,0,74.03,71.53,71.53,141.25,195.89,39.52
2022-04-05 21:30:00,5,2349.85,0,66.49,66.52,71.53,143.39,198.74,40.02
2022-04-05 22:30:00,5,2189.64,0,60.32,66.52,67.71,135.39,189.57,37.49
2022-04-05 23:30:00,5,1708.98,0,49.35,72.24,53.41,110.23,157.59,29.89
2022-04-06 00:30:00,5,1308.44,0,41.81,73.67,43.39,91.93,129.98,23.05
2022-04-06 01:30:00,5,1401.9,0,45.24,57.22,51.02,101.79,139.26,23.81
2022-04-06 02:30:00,5,1642.23,0,53.47,37.55,63.9,120.63,161.41,26.09
2022-04-06 03:30:00,5,2136.23,0.59,68.55,13.05,82.02,155.23,206.26,27.11
2022-04-06 04:30:00,5,2616.88,8.05,72.66,0.57,91.55,191.55,253.58,27.36
2022-04-06 05:30:00,5,2777.1,19.22,66.49,0.02,83.92,203.13,270.23,30.91
2022-04-06 06:30:00,5,3177.64,38.89,65.12,0.01,82.02,215.78,291.96,47.12
2022-04-06 07:30:00,5,4806.52,95.67,72.66,1.16,103,283.04,389.66,69.92
2022-04-06 08:30:00,5,6515.5,150.2,104.19,6.53,118.26,343.94,470.58,76
2022-04-06 09:30:00,5,3177.64,23.92,112.41,84.4,73.43,201.81,266.46,42.05
2022-04-06 10:30:00,5,2910.61,9.39,94.59,217.44,73.43,215.98,279.23,38.5
2022-04-06 11:30:00,5,2590.18,3.35,60.32,389.1,73.43,243.56,301.23,36.48
2022-04-06 12:30:00,5,627.52,0.96,11.14,240.33,26.46,72.82,90.44,12.29
2022-04-06 13:30:00,5,514.03,0.85,8.65,217.44,19.31,56.01,71.3,10.39
2022-04-06 14:30:00,4,494,0.86,8.65,208.85,18.36,49.68,64.27,9.88
2022-04-06 15:30:00,5,607.49,1.63,16.96,200.27,29.09,51.55,67.77,11.65
2022-04-06 16:30:00,5,801.09,2.21,28.45,197.41,40.53,58.79,77.91,14.69
2022-04-06 17:30:00,5,974.66,1.75,39.76,177.38,45.3,64.23,85.68,17.23
2022-04-06 18:30:00,5,1348.5,0.45,56.89,137.33,51.98,77.76,105.97,23.05
2022-04-06 19:30:00,5,1655.58,0,58.95,100.14,56.27,94.11,130.58,29.13
2022-04-06 20:30:00,5,1682.28,0,51.41,92.98,55.31,101.13,140.16,31.66
2022-04-06 21:30:00,5,1682.28,0,48.67,92.98,56.74,106.05,145.56,32.93
2022-04-06 22:30:00,5,1789.09,0,50.04,85.83,60.56,113.43,155.38,34.45
2022-04-06 23:30:00,5,1682.28,0,47.98,77.96,56.74,107.76,148.25,31.41
2022-04-07 00:30:00,5,1708.98,0,54.84,51.5,54.84,108.25,148.74,27.11
2022-04-07 01:30:00,5,1869.2,0.01,58.26,28.25,59.6,120.13,162.42,26.35
2022-04-07 02:30:00,5,1949.31,0.08,56.21,18.95,62.94,130.67,173.65,26.6
2022-04-07 03:30:00,5,1976.01,0.13,52.78,16.45,63.9,137.65,180.58,26.35
2022-04-07 04:30:00,5,1949.31,0.27,51.41,14.13,62.94,140.3,180.96,25.59
2022-04-07 05:30:00,5,1922.61,2.21,52.09,5.5,59.6,137.71,175.64,26.35
2022-04-07 06:30:00,5,2056.12,14.08,51.41,0.41,59.6,139.95,181.02,33.44
2022-04-07 07:30:00,5,3017.43,43.36,61.69,2.48,75.34,177.15,237.89,46.1
2022-04-07 08:30:00,5,3845.21,61.69,89.11,14.84,87.74,211.07,287.94,52.18
2022-04-07 09:30:00,5,3177.64,21.23,111.04,92.98,84.88,191.5,255.8,42.05
2022-04-07 10:30:00,5,3097.53,9.16,98.71,234.6,89.65,225.36,290.94,40.02
2022-04-07 11:30:00,5,2883.91,3.35,65.8,429.15,91.55,268.49,329.77,38
2022-04-07 12:30:00,5,640.87,1.09,12.34,234.6,31.47,65.16,84.65,11.15
2022-04-07 13:30:00,4,494,0.96,9.17,200.27,21.22,44.34,59.93,8.36
2022-04-07 14:30:00,4,467.3,0.96,9.17,191.69,19.55,38.95,53.72,7.92
2022-04-07 15:30:00,4,487.33,1.08,11.31,181.67,20.74,38,52.95,8.36
2022-04-07 16:30:00,4,560.76,1.2,16.28,177.38,24.56,41.29,57.4,9.88
2022-04-07 17:30:00,4,614.17,0.84,21.42,167.37,25.51,44.01,61.19,11.02
2022-04-07 18:30:00,5,1161.58,0.28,51.41,127.32,40.53,63.73,90.35,18.75
2022-04-07 19:30:00,5,1762.39,0,69.92,80.82,55.31,90.51,131.11,28.12
2022-04-07 20:30:00,5,2029.42,0,69.92,62.23,60.08,106.77,156.33,33.44
2022-04-07 21:30:00,5,2243.04,0,71.97,49.35,65.8,121.28,177.25,38
2022-04-07 22:30:00,5,2483.37,0,76.09,35.41,72.48,138.26,199.48,41.54
2022-04-07 23:30:00,5,2376.56,0.01,71.97,26.82,68.66,133.79,190.7,37.49
2022-04-08 00:30:00,5,2136.23,0.22,67.86,16.81,61.99,121.26,170.73,30.15
2022-04-08 01:30:00,5,2109.53,1.17,64.43,6.71,62.94,123.12,172.35,27.36
2022-04-08 02:30:00,5,2136.23,3.24,58.26,2.26,64.85,128.99,180.66,26.85
2022-04-08 03:30:00,5,2136.23,6.59,52.78,0.59,64.85,134.5,190.47,27.36
2022-04-08 04:30:00,5,2216.34,13.19,47.98,0.06,66.76,143.78,201.85,28.37
2022-04-08 05:30:00,5,2349.85,23.02,43.18,0,65.8,150.75,208.7,28.88
2022-04-08 06:30:00,5,2857.21,43.81,43.18,0.01,72.48,170.61,235.21,35.97
2022-04-08 07:30:00,5,4699.71,104.61,55.52,1.03,103.95,248.12,345.32,54.21
2022-04-08 08:30:00,5,6462.1,144.84,106.93,7.96,127.79,317.63,439.41,63.84
2022-04-08 09:30:00,5,3685,35.32,142.57,77.25,103,198.66,276.78,40.53
2022-04-08 10:30:00,5,3471.37,11.18,120.64,234.6,101.09,218.28,295.47,38.5
2022-04-08 11:30:00,5,3257.75,3.86,82.25,469.21,91.55,267.65,341.81,37.49
2022-04-08 12:30:00,5,600.81,1.19,13.54,234.6,32.42,60.77,86.25,8.49
2022-04-08 13:30:00,4,447.27,0.98,9.68,205.99,23.37,47.9,72.65,6.78
2022-04-08 14:30:00,4,423.91,0.98,9.85,194.55,21.7,43.51,69.21,6.65
2022-04-08 15:30:00,4,660.9,2.32,23.99,183.11,35.29,49.37,79.45,10.39
2022-04-08 16:30:00,5,1014.71,3.24,43.18,177.38,51.02,60.3,95.85,15.07
2022-04-08 17:30:00,5,1321.79,2.85,62.38,155.93,59.13,67.49,107.46,18.49
2022-04-08 18:30:00,5,1708.98,0.8,80.88,108.72,66.76,78.43,126.08,24.32
2022-04-08 19:30:00,5,2082.82,0,83.63,61.51,71.53,93.67,152.27,31.66
2022-04-08 20:30:00,5,2136.23,0,74.71,46.49,69.62,101.78,166.44,35.46
2022-04-08 21:30:00,5,2029.42,0,64.43,50.78,66.76,103.1,168.46,35.46
2022-04-08 22:30:00,5,1842.5,0,55.52,59.37,61.04,97.22,160.72,32.93
2022-04-08 23:30:00,5,1455.31,0,45.93,67.95,48.64,79.62,136.84,26.6
2022-04-09 00:30:00,5,1441.96,0,51.41,47.92,45.78,78.08,128.06,22.29
2022-04-09 01:30:00,5,1708.98,0.04,58.26,22.53,52.93,94.22,144.66,20.52
2022-04-09 02:30:00,5,2002.72,0.94,65.12,6.71,61.04,112.93,167.8,20.52
2022-04-09 03:30:00,5,1976.01,2.6,63.06,2.21,59.13,116.12,171.92,21.03
2022-04-09 04:30:00,5,1762.39,3.44,53.47,1.61,49.59,106,158.3,22.29
2022-04-09 05:30:00,5,1615.52,5.64,45.93,0.8,41.48,96.85,146.13,25.33
2022-04-09 06:30:00,5,1789.09,13.63,45.93,0.2,43.39,100.06,152.15,32.42
2022-04-09 07:30:00,5,2590.18,36.21,56.89,3,59.13,130.11,197.58,42.05
2022-04-09 08:30:00,5,3337.86,46.94,85.68,18.42,73.43,161.48,242.7,47.62
2022-04-09 09:30:00,5,3337.86,22.13,109.67,89.41,80.11,176.48,257.95,45.09
2022-04-09 10:30:00,5,3311.16,7.49,97.33,271.8,85.83,226.18,308.35,43.57
2022-04-09 11:30:00,5,3231.05,2.32,60.32,520.71,88.69,313.06,392.91,41.54
2022-04-09 12:30:00,5,554.08,0.94,10.8,220.3,28.61,58.56,89.41,7.28
2022-04-09 13:30:00,4,373.84,0.75,7.03,177.38,16.45,38.3,65.25,4.88
2022-04-09 14:30:00,4,347.14,0.71,6.77,163.08,14.31,33.56,59.55,4.75
2022-04-09 15:30:00,4,377.18,0.82,8.74,154.5,15.97,33.17,59.49,5.45
2022-04-09 16:30:00,4,453.95,1.03,13.71,151.63,20.74,35.49,62.63,6.9
2022-04-09 17:30:00,4,520.71,0.83,18.68,140.19,23.13,36.39,64.18,7.92
2022-04-09 18:30:00,4,867.84,0.28,37.36,110.15,34.81,47.16,81.01,13.55
2022-04-09 19:30:00,5,1375.2,0,52.78,75.82,46.73,66.57,112.17,21.79
2022-04-09 20:30:00,5,1668.93,0,56.21,60.08,51.98,82.3,138.38,27.36
2022-04-09 21:30:00,5,1842.5,0,58.26,46.49,56.74,94.42,156.78,31.92
2022-04-09 22:30:00,5,2109.53,0.01,65.8,28.61,66.76,109.51,176.06,35.46
2022-04-09 23:30:00,5,2216.34,0.13,72.66,15.38,73.43,118.65,184.26,34.45
2022-04-10 00:30:00,5,2429.96,3.8,79.51,3.08,79.15,132.15,197.05,28.63
2022-04-10 01:30:00,5,2750.4,11.85,74.03,0.08,83.92,153.7,222.67,24.57
2022-04-10 02:30:00,5,2777.1,15.2,64.43,0.03,78.2,163.31,233.09,22.29
2022-04-10 03:30:00,5,2456.67,13.3,54.15,0.08,64.85,152.69,215.95,22.29
2022-04-10 04:30:00,5,2082.82,8.94,47.98,0.32,53.41,133.48,185.8,23.81
2022-04-10 05:30:00,5,1789.09,5.76,45.93,1.15,46.25,116.15,160.9,26.85
2022-04-10 06:30:00,5,1575.47,3.44,46.61,3.89,44.35,98.77,140.86,33.44
2022-04-10 07:30:00,5,2109.53,17.43,52.78,5.81,53.88,117.37,170.43,42.05
2022-04-10 08:30:00,5,2563.48,26.38,65.8,26.46,60.08,132.01,191.63,45.09
2022-04-10 09:30:00,5,1895.9,9.39,57.58,104.43,55.31,105.32,153.36,33.44
2022-04-10 10:30:00,5,1642.23,4.08,42.5,208.85,58.17,112.85,158.37,29.89
2022-04-10 11:30:00,5,1428.6,1.73,28.1,317.57,58.17,131.56,175.23,28.37
2022-04-10 12:30:00,5,500.68,0.73,7.63,203.13,22.89,52.48,77.2,11.15
2022-04-10 13:30:00,4,407.22,0.63,6,185.97,17.4,43.63,65.96,8.36
2022-04-10 14:30:00,4,387.19,0.59,5.83,185.97,15.97,41.71,63.03,7.35
2022-04-10 15:30:00,4,433.92,0.84,9.42,185.97,20.5,43.36,65.01,7.85
2022-04-10 16:30:00,4,534.06,1.06,15.42,185.97,26.46,47.35,70.49,9.5
2022-04-10 17:30:00,4,614.17,0.84,21.25,171.66,28.13,48.99,73.38,11.02
2022-04-10 18:30:00,5,854.49,0.24,33.24,140.19,33.86,56.03,84.42,15.2
2022-04-10 19:30:00,5,1054.76,0,35.3,110.15,36.72,63.21,96.48,19.51
2022-04-10 20:30:00,5,1068.12,0,31.19,101.57,35.29,65.99,100.88,21.79
2022-04-10 21:30:00,5,1081.47,0,29.82,98.71,35.29,69.35,104.93,23.31
2022-04-10 22:30:00,5,1161.58,0,31.53,90.12,37.67,74.37,112.04,24.83
2022-04-10 23:30:00,5,1108.17,0,31.19,84.4,35.76,72.19,109.15,23.31
2022-04-11 00:30:00,5,1068.12,0,32.9,74.39,34.81,71.37,106.23,20.77
2022-04-11 01:30:00,5,1295.09,0,40.44,53.64,44.82,85.22,123.45,22.55
2022-04-11 02:30:00,5,1495.36,0,45.93,36.84,52.93,100.96,144.42,24.57
2022-04-11 03:30:00,5,1628.88,0.04,49.35,21.64,56.27,112.02,160.38,26.85
2022-04-11 04:30:00,5,1575.47,0.45,47.98,11.27,52.93,110.86,157.82,29.39
2022-04-11 05:30:00,5,1441.96,1.47,45.24,5.54,45.78,101.69,144.25,31.41
2022-04-11 06:30:00,5,1508.71,4.58,47.3,3.44,46.25,101.94,145.69,33.94
2022-04-11 07:30:00,5,2136.23,21.9,55.52,5.99,59.13,124.19,182.42,40.53
2022-04-11 08:30:00,5,2590.18,32.63,71.97,23.96,66.76,134.73,202.58,43.06
2022-04-11 09:30:00,5,2777.1,21.9,93.22,78.68,71.53,142.03,213.7,42.05
2022-04-11 10:30:00,5,2910.61,9.5,94.59,220.3,78.2,176.11,251.6,42.56
2022-04-11 11:30:00,5,2750.4,3.13,63.06,429.15,80.11,236.7,308.11,40.02
2022-04-11 12:30:00,5,520.71,1.09,11.31,205.99,25.51,52.05,79.11,6.78
2022-04-11 13:30:00,4,390.53,0.95,8.4,178.81,17.64,40.45,65.16,4.43
2022-04-11 14:30:00,4,377.18,0.94,8.65,178.81,17.17,39.68,64.8,4.24
2022-04-11 15:30:00,4,540.73,1.82,18.68,177.38,29.8,45.53,73.19,7.16
2022-04-11 16:30:00,5,794.41,2.49,32.56,174.52,43.39,53.23,84.61,11.53
2022-04-11 17:30:00,5,1014.71,2.21,46.61,150.2,49.59,56.7,91.21,14.95
2022-04-11 18:30:00,5,1708.98,0.89,79.51,100.14,61.99,77.59,124.08,25.08
2022-04-11 19:30:00,5,2456.67,0,95.96,47.92,78.2,108.66,171.67,36.98
2022-04-11 20:30:00,5,2696.99,0,90.48,27.54,83.92,125.2,196.58,42.05
2022-04-11 21:30:00,5,2883.91,0.17,87.05,17.52,88.69,139.82,216.32,44.58
2022-04-11 22:30:00,5,3231.05,3.05,91.85,4.43,95.37,161.92,247.49,46.61
2022-04-11 23:30:00,5,3231.05,9.39,89.11,0.51,88.69,163.55,249.81,40.53
2022-04-12 00:30:00,5,2723.69,9.72,80.2,0.33,71.53,137.39,209.91,30.15
2022-04-12 01:30:00,5,2216.34,7.15,67.86,0.51,60.56,117.68,177.62,27.11
2022-04-12 02:30:00,5,1842.5,4.36,57.58,1.01,52.45,102.68,153.77,25.33
2022-04-12 03:30:00,5,1562.12,2.01,52.09,2.79,45.3,91.42,136.92,24.57
2022-04-12 04:30:00,5,1508.71,1.52,52.09,3.53,41.01,88.34,131.46,27.87
2022-04-12 05:30:00,5,1508.71,2.68,52.78,1.83,37.67,85.89,125.91,32.17
2022-04-12 06:30:00,5,1602.17,7.26,53.47,0.92,41.48,85.33,123.18,35.46
2022-04-12 07:30:00,5,2109.53,24.81,57.58,5.45,56.74,101.91,148.89,41.54
2022-04-12 08:30:00,5,2510.07,34.42,69.92,22.89,67.71,115.19,171.66,44.58
2022-04-12 09:30:00,5,1655.58,10.95,63.75,55.79,63.9,82.08,129.05,33.94
2022-04-12 10:30:00,5,1281.74,5.36,48.67,110.15,62.94,74.53,119.55,29.13
2022-04-12 11:30:00,5,1001.36,2.63,34.62,183.11,59.6,73.04,115,24.32
2022-04-12 12:30:00,4,507.35,1.12,14.22,173.09,26.7,47.12,77.61,9.88
2022-04-12 13:30:00,4,433.92,0.98,12.51,163.08,21.7,41.02,68.11,6.97
2022-04-12 14:30:00,4,433.92,0.87,13.88,160.22,23.13,39.43,65.67,6.52
2022-04-12 15:30:00,4,480.65,0.82,17.65,150.2,25.99,38.98,64.84,6.97
2022-04-12 16:30:00,4,547.41,0.82,25.02,138.76,33.38,39.56,65.33,7.98
2022-04-12 17:30:00,4,607.49,0.54,34.27,124.45,38.15,39.74,65.24,8.74
2022-04-12 18:30:00,5,2643.59,7.26,138.46,29.33,82.97,101.48,157.25,31.92
2022-04-12 19:30:00,5,5821.23,55.43,191.93,0.01,143.05,226.8,332.19,60.8
2022-04-12 20:30:00,5,7904.05,84.04,202.89,0,179.29,335.49,477.22,74.98
2022-04-12 21:30:00,5,8331.3,77.78,202.89,0,179.29,376.38,532.77,74.98
2022-04-12 22:30:00,5,7476.81,66.16,178.22,0,162.12,356.89,499.27,67.89
2022-04-12 23:30:00,5,5500.79,42.92,135.72,0.01,120.16,269.15,369.45,49.14
2022-04-13 00:30:00,5,2109.53,0.19,73.34,15.91,50.54,110.51,158.54,28.63
2022-04-13 01:30:00,5,1548.77,0.2,60.32,11.62,41.01,85.01,124.06,25.84
2022-04-13 02:30:00,5,1575.47,0.52,64.43,7.06,45.3,87.69,127.14,28.37
2022-04-13 03:30:00,5,1869.2,0.74,66.49,6.44,49.59,105.34,149.81,31.41
2022-04-13 04:30:00,5,1869.2,1.51,56.89,3.98,47.21,108.06,153.75,30.4
2022-04-13 05:30:00,5,1762.39,3.24,51.41,2.32,48.16,103.62,150.33,28.88
2022-04-13 06:30:00,5,2056.12,12.52,54.15,0.49,60.08,116.89,172.55,33.44
2022-04-13 07:30:00,5,3017.43,42.47,63.75,3.49,84.88,159.45,236.89,44.58
2022-04-13 08:30:00,5,3952.03,67.95,91.85,15.2,105.86,199.39,293.3,51.17
2022-04-13 09:30:00,5,2643.59,28.39,106.93,70.81,119.21,142.87,209.8,36.48
2022-04-13 10:30:00,5,2536.77,15.2,109.67,164.51,125.89,157.36,222.49,34.45
2022-04-13 11:30:00,5,2323.15,6.54,87.74,323.3,119.21,180.68,244.53,31.16
2022-04-13 12:30:00,4,567.44,1.68,15.42,194.55,29.8,49.28,90.46,6.33
2022-04-13 13:30:00,4,383.85,1.1,8.74,168.8,16.45,34.63,74.63,3.96
2022-04-13 14:30:00,4,363.83,1.1,8.74,160.22,15.14,32.01,71.91,4.05
2022-04-13 15:30:00,4,480.65,1.93,16.79,160.22,23.37,36.98,81.06,6.71
2022-04-13 16:30:00,4,747.68,3.02,33.93,155.93,38.15,46.54,97.58,11.02
2022-04-13 17:30:00,5,1054.76,3.16,53.47,124.45,49.59,53.64,109.27,14.95
2022-04-13 18:30:00,5,2696.99,8.83,127.49,31.83,82.02,108.24,190.94,33.94
2022-04-13 19:30:00,5,4699.71,47.39,141.2,0.04,121.12,199.62,323.51,56.74
2022-04-13 20:30:00,5,5607.6,72.42,119.27,0,143.05,263.31,412.5,67.89
2022-04-13 21:30:00,5,6942.75,98.35,112.41,0,175.48,354.16,533.18,80.05
2022-04-13 22:30:00,5,9185.79,137.69,115.16,0,223.16,506.41,734.96,92.21
2022-04-13 23:30:00,5,10681.15,166.3,115.16,0,244.14,619.96,885.05,87.14
2022-04-14 00:30:00,5,10574.34,169.87,109.67,0,228.88,632.96,895.71,66.88
2022-04-14 01:30:00,5,9719.85,157.36,101.45,0,204.09,600.27,842.55,55.73
2022-04-14 02:30:00,5,8224.49,126.96,91.85,0,171.66,515.92,727.7,51.17
2022-04-14 03:30:00,5,5981.45,83.15,79.51,0,129.7,371.01,540.03,47.12
2022-04-14 04:30:00,5,4379.27,56.77,66.49,0,102.04,271.4,407.02,43.57
2022-04-14 05:30:00,5,3685,52.3,54.84,0,89.65,230,347.39,42.05
2022-04-14 06:30:00,5,4219.06,75.1,52.09,0.02,101.09,256.9,381.31,51.17
2022-04-14 07:30:00,5,6195.07,137.69,58.95,0.79,131.61,349.31,509.71,70.93
2022-04-14 08:30:00,5,7797.24,177.03,90.48,4.78,144.96,414.71,598.87,76
2022-04-14 09:30:00,5,2029.42,10.39,69.23,114.44,82.97,175.59,242.18,32.17
2022-04-14 10:30:00,5,1495.36,3.8,43.18,220.3,71.53,167,221.37,28.63
2022-04-14 11:30:00,5,1241.68,1.96,29.13,308.99,71.53,171.26,219.28,25.33
2022-04-14 12:30:00,5,554.08,0.77,8.65,223.16,25.03,89.99,125.13,10.39
2022-04-14 13:30:00,5,473.98,0.73,7.2,200.27,17.17,73.4,103.91,9.25
2022-04-14 14:30:00,5,467.3,0.74,7.63,194.55,15.97,68.16,97.17,9.12
2022-04-14 15:30:00,5,473.98,0.8,9.34,188.83,16.45,63.2,91.88,9.5
2022-04-14 16:30:00,5,514.03,0.88,13.71,178.81,19.07,59.72,88.68,10.39
2022-04-14 17:30:00,5,554.08,0.62,18.51,163.08,20.5,56.81,85.72,11.27
2022-04-14 18:30:00,5,1441.96,0.37,68.55,97.27,43.39,84.23,127.45,22.55
2022-04-14 19:30:00,5,2563.48,0.05,108.3,31.11,67.71,130.91,199.05,37.49
2022-04-14 20:30:00,5,3177.64,3.58,112.41,4.25,82.02,166.17,253.23,46.61
2022-04-14 21:30:00,5,3791.81,14.98,111.04,0.2,100.14,208.4,311.8,55.22
2022-04-14 22:30:00,5,5180.36,37.55,122.01,0,137.33,293.76,427.17,66.88
2022-04-14 23:30:00,5,6301.88,54.99,132.98,0,165.94,370.65,523.72,68.9
2022-04-15 00:30:00,5,6248.47,57.22,124.75,0,156.4,379.65,518.92,53.7
2022-04-15 01:30:00,5,5928.04,56.77,113.79,0,137.33,368.32,485.96,41.54
2022-04-15 02:30:00,5,5233.76,45.6,104.19,0,112.53,328.78,428.78,35.97
2022-04-15 03:30:00,5,4592.9,32.19,97.33,0,91.55,289.59,374.26,34.45
2022-04-15 04:30:00,5,3791.81,16.09,87.74,0.08,74.39,239.72,306.45,32.93
2022-04-15 05:30:00,5,2670.29,3.74,71.97,5.41,57.22,176.49,226.03,30.91
2022-04-15 06:30:00,5,1428.6,0.02,40.78,58.65,45.78,119.01,158.92,27.11
2022-04-15 07:30:00,5,1842.5,3.44,59.63,44.35,59.13,135.29,184.54,35.46
2022-04-15 08:30:00,5,2563.48,16.32,84.31,49.35,85.83,172.74,234.36,43.06
2022-04-15 09:30:00,5,2510.07,15.2,93.22,103,117.3,191.49,253.67,42.05
2022-04-15 10:30:00,5,2590.18,10.62,98.71,200.27,146.87,236.58,302.3,41.54
2022-04-15 11:30:00,5,2456.67,5.36,81.57,354.77,150.68,288.42,354.66,36.48
2022-04-15 12:30:00,5,881.2,1.36,18.34,274.66,45.3,113.78,160.01,14.31
2022-04-15 13:30:00,5,480.65,0.87,9,200.27,20.27,59.92,99.82,7.66
2022-04-15 14:30:00,4,420.57,0.82,8.48,177.38,17.17,46.86,83,6.9
2022-04-15 15:30:00,4,413.89,0.83,9.42,164.51,16.69,40.05,71.74,6.9
2022-04-15 16:30:00,4,480.65,0.98,13.88,160.22,19.79,40.86,68.73,8.11
2022-04-15 17:30:00,4,567.44,0.72,19.71,160.22,24.8,48.18,73.7,9.88
2022-04-15 18:30:00,5,741,0.18,30.16,145.91,40.05,61.35,89.58,13.68
2022-04-15 19:30:00,5,867.84,0,36.33,130.18,57.22,74.99,108.73,17.99
2022-04-15 20:30:00,5,894.55,0,32.9,128.75,52.93,82.2,116.68,20.52
2022-04-15 21:30:00,5,1148.22,0,31.19,118.73,47.21,91.4,128.29,25.08
2022-04-15 22:30:00,5,1455.31,0,37.7,101.57,51.98,105.78,150.25,29.89
2022-04-15 23:30:00,5,1495.36,0,40.78,90.12,52.93,107.25,153.91,28.88
2022-04-16 00:30:00,5,1762.39,0,54.84,59.37,58.65,120.57,170.83,26.85
2022-04-16 01:30:00,5,2082.82,0,63.06,34.33,63.9,142.41,195.71,25.59
2022-04-16 02:30:00,5,2243.04,0.03,66.49,21.46,61.99,155.39,209.64,25.33
2022-04-16 03:30:00,5,2269.74,0.24,67.17,12.7,57.7,160.19,213.41,26.35
2022-04-16 04:30:00,5,2323.15,1.31,68.55,5.23,58.65,166.79,220.26,27.36
2022-04-16 05:30:00,5,2403.26,4.97,70.6,1.29,61.99,173.45,229.49,29.64
2022-04-16 06:30:00,5,2910.61,20.12,74.71,0.17,75.34,197.8,264.79,38
2022-04-16 07:30:00,5,4432.68,67.06,83.63,2.55,102.04,269.47,363.13,52.18
2022-04-16 08:30:00,5,6141.66,110.86,122.01,11.27,129.7,350.06,465.4,59.28
2022-04-16 09:30:00,5,2349.85,20.34,123.38,101.57,183.11,171.86,219.41,29.64
2022-04-16 10:30:00,5,2323.15,15.2,127.49,178.81,207.9,183.64,229.51,28.88
2022-04-16 11:30:00,5,2189.64,8.49,112.41,308.99,217.44,204.37,247.3,26.6
2022-04-16 12:30:00,5,821.11,3.16,35.99,257.49,99.18,92.28,114.58,10.89
2022-04-16 13:30:00,5,600.81,1.13,14.74,271.8,49.11,80.53,102.17,8.11
2022-04-16 14:30:00,5,554.08,0.79,11.48,274.66,36.72,75.91,97.17,7.66
2022-04-16 15:30:00,5,534.06,0.78,11.82,246.05,31.47,66.06,85.81,7.73
2022-04-16 16:30:00,5,560.76,0.83,14.91,220.3,30.52,60.23,79.52,8.61
2022-04-16 17:30:00,5,600.81,0.6,19.19,200.27,30.52,57.02,76.29,9.63
2022-04-16 18:30:00,5,1094.82,0.22,45.93,160.22,48.16,73.5,101.02,16.72
2022-04-16 19:30:00,5,1508.71,0,55.52,110.15,56.74,85.88,121.74,23.56
2022-04-16 20:30:00,5,1508.71,0,47.3,87.98,48.64,83.5,121.28,25.84
2022-04-16 21:30:00,5,1548.77,0,43.53,81.54,46.73,88.49,127.82,28.63
2022-04-16 22:30:00,5,1708.98,0,47.98,67.95,51.98,99.63,143.72,31.92
2022-04-16 23:30:00,5,1668.93,0,49.35,53.64,51.02,94.91,138.09,30.91
2022-04-17 00:30:00,5,1375.2,0,43.87,50.78,43.87,77.07,112.45,26.09
2022-04-17 01:30:00,5,1241.68,0,38.04,51.5,42.44,71.71,103.04,23.56
2022-04-17 02:30:00,5,1174.93,0,32.56,53.64,42.44,69.87,99.28,22.29
2022-04-17 03:30:00,5,1361.85,0,36.33,39.7,47.68,83.16,115.89,22.04
2022-04-17 04:30:00,5,1815.8,0.16,49.35,17.88,59.6,112.54,150.85,22.8
2022-04-17 05:30:00,5,2243.04,3.69,65.8,2.62,66.76,141.22,185.94,23.56
2022-04-17 06:30:00,5,2750.4,19.89,71.29,0.18,72.48,167.54,222.5,29.89
2022-04-17 07:30:00,5,4272.46,67.95,76.77,3.04,97.27,237.44,319.23,46.1
2022-04-17 08:30:00,5,6195.07,112.65,122.01,12.87,127.79,328.03,437.13,58.77
2022-04-17 09:30:00,5,2643.59,18.78,112.41,111.58,144.96,166.78,214.49,30.15
2022-04-17 10:30:00,5,2376.56,8.72,93.22,234.6,143.05,180.09,224.36,28.37
2022-04-17 11:30:00,5,2056.12,3.27,58.95,406.27,122.07,202.4,241.84,26.6
2022-04-17 12:30:00,5,674.25,0.89,12,274.66,35.76,71.74,85.96,9.75
2022-04-17 13:30:00,4,487.33,0.73,8.05,228.88,21.22,48.69,59.87,7.35
2022-04-17 14:30:00,4,447.27,0.75,8.05,214.58,19.79,43.65,55.77,6.84
2022-04-17 15:30:00,4,453.95,0.86,9.68,203.13,21.7,42.86,57.02,6.97
2022-04-17 16:30:00,4,527.38,1.06,14.57,200.27,27.89,45.99,62.01,8.23
2022-04-17 17:30:00,4,607.49,0.88,20.39,188.83,31.47,47.46,64.58,9.5
2022-04-17 18:30:00,5,1708.98,0.85,74.71,121.59,56.74,84.61,119.07,23.56
2022-04-17 19:30:00,5,3177.64,0.04,120.64,43.99,87.74,149.57,212.66,41.54
2022-04-17 20:30:00,5,4165.65,5.64,127.49,3.67,108.72,205.51,293.16,54.21
2022-04-17 21:30:00,5,4592.9,17.66,109.67,0.06,117.3,237.12,345.9,59.28
2022-04-17 22:30:00,5,4592.9,24.14,95.96,0.01,114.44,243.66,367.11,57.76
2022-04-17 23:30:00,5,4005.43,21.01,87.74,0.04,98.23,214.15,330.03,48.13
2022-04-18 00:30:00,5,3417.97,19,81.57,0.03,84.88,184.34,284.26,36.98
2022-04-18 01:30:00,5,3631.59,29.06,76.09,0,93.46,200.37,297.33,36.98
2022-04-18 02:30:00,5,3845.21,35.76,70.6,0,102.04,221.53,316.5,38.5
2022-04-18 03:30:00,5,4219.06,44.7,65.8,0,115.39,251.63,344.57,38.5
2022-04-18 04:30:00,5,4592.9,53.64,65.12,0,131.61,285.03,373.13,36.98
2022-04-18 05:30:00,5,4806.52,59.9,69.23,0,143.05,304.65,385.18,36.48
2022-04-18 06:30:00,5,5447.39,77.78,76.09,0.04,164.03,340.98,423.2,45.09
2022-04-18 07:30:00,5,7690.43,143.05,90.48,1.42,211.72,471.43,584.18,69.92
2022-04-18 08:30:00,5,10467.53,189.54,163.14,9.12,255.58,636.18,783.27,86.13
2022-04-18 09:30:00,5,4325.87,32.19,178.22,100.14,301.36,300.43,361.91,49.14
2022-04-18 10:30:00,5,4379.27,13.08,172.73,291.82,320.43,394.08,461.11,47.62
2022-04-18 11:30:00,5,4646.3,4.53,127.49,635.15,320.43,592.89,667.29,43.57
2022-04-18 12:30:00,5,1281.74,2.65,43.87,354.77,135.42,158.04,184.94,16.47
2022-04-18 13:30:00,5,794.41,1.06,17.48,331.88,63.9,112.2,132.48,10.39
2022-04-18 14:30:00,5,627.52,0.75,12.34,297.55,40.53,85.14,102.39,8.99
2022-04-18 15:30:00,5,560.76,0.86,13.54,246.05,33.86,64.15,79.95,8.99
2022-04-18 16:30:00,5,634.19,1.17,21.25,217.44,37.67,59.39,77.05,10.51
2022-04-18 17:30:00,5,741,1.02,30.5,188.83,40.05,57.5,77.5,12.41
2022-04-18 18:30:00,5,1214.98,0.36,56.21,143.05,54.36,70.74,98.54,20.27
2022-04-18 19:30:00,5,1615.52,0,64.43,94.41,62.94,84.5,122.2,27.87
2022-04-18 20:30:00,5,1628.88,0,54.84,77.25,59.13,84.69,126.59,29.64
2022-04-18 21:30:00,5,1615.52,0,49.35,77.96,58.65,87.04,130,30.15
2022-04-18 22:30:00,5,1762.39,0,51.41,73.67,61.99,96.27,143.54,32.17
2022-04-18 23:30:00,5,1708.98,0,51.41,66.52,57.22,94.52,142.72,30.4
2022-04-19 00:30:00,5,1602.17,0,52.78,47.92,51.5,89.17,136.43,26.09
2022-04-19 01:30:00,5,1682.28,0.01,54.84,26.11,54.36,95.88,142.43,25.59
2022-04-19 02:30:00,5,1682.28,0.19,52.78,14.48,55.31,100.01,143.77,26.09
2022-04-19 03:30:00,5,1548.77,0.46,45.93,9.92,50.07,95.19,133.95,26.6
2022-04-19 04:30:00,5,1441.96,0.64,41.13,8.58,47.21,91.27,126.07,27.11
2022-04-19 05:30:00,5,1441.96,0.5,42.5,10.64,49.59,92.11,124.8,28.12
2022-04-19 06:30:00,5,1682.28,1.23,54.15,13.23,60.08,103.39,140.66,32.17
2022-04-19 07:30:00,5,2456.67,12.85,73.34,15.38,79.15,135.94,190.14,40.53
2022-04-19 08:30:00,5,2937.32,21.9,90.48,43.27,87.74,153.48,218.16,41.54
2022-04-19 09:30:00,5,1895.9,9.16,65.8,121.59,76.29,108.96,158.21,27.61
2022-04-19 10:30:00,5,1588.82,4.41,46.61,214.58,68.66,114.69,160.92,27.36
2022-04-19 11:30:00,5,1375.2,1.93,30.85,314.71,60.08,132.47,173.84,28.37
2022-04-19 12:30:00,5,417.23,0.78,7.45,181.67,17.64,60.16,130.2,5.57
2022-04-19 13:30:00,5,330.45,0.71,6.08,161.65,13.83,51.4,119.65,2.85
2022-04-19 14:30:00,5,313.76,0.7,6.08,155.93,12.99,47.33,112.3,2.37
2022-04-19 15:30:00,5,327.11,0.8,7.45,150.2,13.71,46.87,113.93,2.69
2022-04-19 16:30:00,5,383.85,0.95,11.65,145.91,16.93,49.9,121.74,3.83
2022-04-19 17:30:00,5,447.27,0.75,16.79,135.9,19.07,52.18,129.81,5.19
2022-04-19 18:30:00,5,727.65,0.25,32.22,107.29,29.09,60.85,145,10.39
2022-04-19 19:30:00,5,1041.41,0,42.16,78.68,38.62,72.74,164.46,17.48
2022-04-19 20:30:00,5,1188.28,0,43.18,65.8,42.44,80.96,178.29,22.04
2022-04-19 21:30:00,5,1348.5,0,46.61,55.79,48.16,90.07,191.38,26.35
2022-04-19 22:30:00,5,1548.77,0,52.78,40.41,55.31,100.06,205.35,30.65
2022-04-19 23:30:00,5,1455.31,0,53.47,32.54,54.84,96.35,195.62,29.39
2022-04-20 00:30:00,5,1361.85,0.02,54.84,25.39,54.36,92.23,178.89,25.33
2022-04-20 01:30:00,5,1468.66,0.1,56.89,16.99,58.65,99.46,178.62,24.57
2022-04-20 02:30:00,5,1588.82,0.38,57.58,10.91,62.94,109.52,185.33,24.83
2022-04-20 03:30:00,5,1655.58,1.02,55.52,6.17,62.94,117.04,190.45,25.33
2022-04-20 04:30:00,5,1575.47,1.63,50.72,4.38,59.13,114.21,182.43,26.35
2022-04-20 05:30:00,5,1455.31,3.24,46.61,2.24,53.41,106.51,170.72,27.87
2022-04-20 06:30:00,5,1628.88,10.39,47.98,0.58,53.88,110.23,178.87,32.42
2022-04-20 07:30:00,5,2483.37,34.42,54.84,3.93,68.66,142.95,230.24,43.57
2022-04-20 08:30:00,5,3257.75,50.07,72.66,15.74,80.11,172.98,274.3,49.65
2022-04-20 09:30:00,5,1375.2,6.71,45.93,118.73,63.9,97.47,153.6,28.37
2022-04-20 10:30:00,5,1108.17,3.05,30.5,200.27,57.7,98.38,143.03,25.84
2022-04-20 11:30:00,5,974.66,1.72,22.28,260.35,50.54,101.43,137.44,24.07
2022-04-20 12:30:00,5,453.95,0.75,7.11,174.52,15.97,56.3,103.59,8.74
2022-04-20 13:30:00,5,370.5,0.66,6.6,143.05,12.4,47.36,102.49,5.83
2022-04-20 14:30:00,5,363.83,0.47,7.54,131.61,12.28,44.94,100.27,5.64
2022-04-20 15:30:00,4,407.22,0.39,10.62,127.32,15.02,46.58,98.96,7.03
2022-04-20 16:30:00,5,494,0.4,16.45,124.45,20.03,50.46,100.49,8.99
2022-04-20 17:30:00,5,580.79,0.23,22.28,118.73,23.6,53.47,103.27,10.51
2022-04-20 18:30:00,5,854.49,0.06,37.01,100.14,36.72,63.32,117.17,15.2
2022-04-20 19:30:00,5,1134.87,0,43.87,82.25,47.21,75.44,135.54,20.77
2022-04-20 20:30:00,5,1268.39,0,43.87,75.1,51.02,83.65,147.95,24.83
2022-04-20 21:30:00,5,1708.98,0,56.21,53.64,61.04,106.23,179.85,32.93
2022-04-20 22:30:00,5,2296.45,0.01,71.29,28.25,72.48,135.09,220.36,39.52
2022-04-20 23:30:00,5,2349.85,0.19,74.71,15.2,70.57,137.18,223.38,36.48
2022-04-21 00:30:00,5,2002.72,0.3,67.17,12.7,60.08,120.36,197.26,28.37
2022-04-21 01:30:00,5,1842.5,0.26,61.01,12.34,59.6,117.01,190.14,26.09
2022-04-21 02:30:00,5,1842.5,0.3,58.95,11.27,66.76,121.71,195.26,26.09
2022-04-21 03:30:00,5,2002.72,1.63,60.32,5.01,74.39,136.15,214.28,27.61
2022-04-21 04:30:00,5,2376.56,9.5,58.26,0.24,83.92,161.58,246.43,30.15
2022-04-21 05:30:00,5,2696.99,20.56,58.26,0.01,89.65,185.5,273.38,34.45
2022-04-21 06:30:00,5,3284.45,40.23,65.8,0.01,98.23,215.78,312.53,45.09
2022-04-21 07:30:00,5,5126.95,104.61,76.09,0.19,125.89,296.65,426.24,66.88
2022-04-21 08:30:00,5,6835.94,177.03,84.31,0.88,137.33,347.31,500.46,74.98
2022-04-21 09:30:00,5,2616.88,25.03,94.59,15.91,69.62,153.03,229.79,38.5
2022-04-21 10:30:00,5,1655.58,2.99,63.75,58.65,55.31,109.71,190.36,30.91
2022-04-21 11:30:00,5,1094.82,0.82,36.67,104.43,43.87,83.74,178.25,23.31
2022-04-21 12:30:00,5,380.52,0.23,8.83,110.15,12.4,54.65,171.74,7.09
2022-04-21 13:30:00,5,340.46,0.33,8.23,110.15,11.56,53.42,188.26,4.81
2022-04-21 14:30:00,5,340.46,0.45,9,111.58,12.99,50.99,185.75,4.02
2022-04-21 15:30:00,5,353.81,1.23,8.4,124.45,14.54,49.76,177.21,3.83
2022-04-21 16:30:00,5,397.21,1.41,12.17,124.45,17.88,50.12,174.65,4.43
2022-04-21 17:30:00,5,467.3,1.33,18.85,115.87,22.41,51.35,175.22,5.51
2022-04-21 18:30:00,5,1268.39,0.82,67.17,62.94,49.59,76.68,210.4,16.97
2022-04-21 19:30:00,5,2563.48,3.32,119.27,7.87,91.55,133.79,288.64,35.97
2022-04-21 20:30:00,5,3417.97,14.98,120.64,0.13,117.3,188.54,358.24,48.64
2022-04-21 21:30:00,5,3578.19,14.75,104.19,0.14,113.49,208.53,380.04,51.17
2022-04-21 22:30:00,5,3231.05,8.94,87.74,0.63,95.37,197.49,359.6,47.62
2022-04-21 23:30:00,5,2590.18,3.21,74.71,4.02,76.29,166.42,299.55,39.52
2022-04-22 00:30:00,5,2296.45,2.88,69.23,3.31,66.76,149.33,255.35,32.17
2022-04-22 01:30:00,5,2403.26,7.49,65.12,0.34,69.62,159.87,255.56,30.91
2022-04-22 02:30:00,5,2510.07,10.39,60.32,0.09,74.39,173.27,265.64,30.4
2022-04-22 03:30:00,5,2643.59,13.41,57.58,0.03,80.11,187.11,282.25,30.4
2022-04-22 04:30:00,5,2643.59,14.31,55.52,0.02,80.11,191.56,287.61,30.91
2022-04-22 05:30:00,5,2616.88,16.54,54.84,0.01,77.25,191.59,287.16,32.42
2022-04-22 06:30:00,5,2803.8,25.48,55.52,0.11,75.34,193.79,290.73,38
2022-04-22 07:30:00,5,3791.81,54.09,67.17,3.26,93.46,233.26,343.21,51.17
2022-04-22 08:30:00,5,4699.71,63.48,111.04,20.38,118.26,281.87,400.66,58.26
2022-04-22 09:30:00,5,1976.01,13.19,89.11,117.3,131.61,153.55,224.91,27.36
2022-04-22 10:30:00,5,1642.23,7.15,72.66,205.99,127.79,158,228.46,21.53
2022-04-22 11:30:00,5,1562.12,3.38,54.15,326.16,131.61,200.44,273.05,19.51
2022-04-22 12:30:00,5,734.33,1.05,15.59,268.94,58.65,114.95,183.11,8.11
2022-04-22 13:30:00,5,487.33,0.79,9.25,223.16,33.86,77.24,145.23,4.94
2022-04-22 14:30:00,5,433.92,0.81,9.08,208.85,27.66,64.15,129,4.62
2022-04-22 15:30:00,5,407.22,0.85,9.34,188.83,22.89,52.94,113.4,4.69
2022-04-22 16:30:00,5,407.22,0.91,11.14,165.94,20.03,44.6,102.03,5.07
2022-04-22 17:30:00,4,427.25,0.73,14.05,147.34,18.84,39.49,94.27,5.64
2022-04-22 18:30:00,5,720.98,0.38,32.56,118.73,33.38,46.68,103.58,10.89
2022-04-22 19:30:00,5,1014.71,0,42.16,92.98,46.25,58.84,123.9,17.48
2022-04-22 20:30:00,5,1108.17,0,40.78,80.11,47.21,66.35,139.57,21.53
2022-04-22 21:30:00,5,1108.17,0,38.73,74.39,46.73,68.06,141.13,23.05
2022-04-22 22:30:00,5,1041.41,0,35.64,79.39,44.82,64.46,130.63,22.29
2022-04-22 23:30:00,5,854.49,0,33.24,84.4,44.35,56.34,112.5,20.77
2022-04-23 00:30:00,5,714.3,0,32.22,77.96,44.35,52.23,101.27,20.52
2022-04-23 01:30:00,5,727.65,0,27.42,72.96,37.67,55.01,102.13,21.03
2022-04-23 02:30:00,5,774.38,0,25.36,68.66,36.72,59.2,107.2,21.03
2022-04-23 03:30:00,5,1001.36,0,30.85,51.5,42.92,72.46,123.21,21.53
2022-04-23 04:30:00,5,1375.2,0.02,41.13,28.61,50.07,94.06,151.3,22.29
2022-04-23 05:30:00,5,1762.39,1.4,53.47,8.67,55.79,117.12,183.42,24.32
2022-04-23 06:30:00,5,2510.07,18.1,59.63,0.36,68.66,155.15,236.78,32.93
2022-04-23 07:30:00,5,3952.03,60.8,65.12,3.67,93.46,221.12,329.02,47.62
2022-04-23 08:30:00,5,4486.08,67.06,94.59,20.21,103.95,237.95,349.97,49.14
2022-04-23 09:30:00,5,1482.01,8.83,55.52,115.87,88.69,91.91,142.76,25.33
2022-04-23 10:30:00,5,1228.33,4.92,43.87,194.55,95.37,94.59,140.02,23.05
2022-04-23 11:30:00,5,1081.47,2.37,30.85,294.69,91.55,112.37,155.44,21.28
2022-04-23 12:30:00,5,467.3,0.83,8.74,220.3,27.89,50.9,86.3,8.23
2022-04-23 13:30:00,4,370.5,0.72,6.43,188.83,15.97,37.05,71.51,6.08
2022-04-23 14:30:00,4,360.49,0.71,6.51,180.24,14.31,34.86,69.49,6.02
2022-04-23 15:30:00,4,370.5,0.73,7.28,174.52,14.31,34.9,69.05,6.4
2022-04-23 16:30:00,4,407.22,0.8,10.02,168.8,15.97,36.34,70.95,7.16
2022-04-23 17:30:00,4,447.27,0.63,13.71,157.36,17.64,37.21,71.98,7.98
2022-04-23 18:30:00,4,647.54,0.23,25.7,134.47,27.66,43.25,81.01,11.53
2022-04-23 19:30:00,5,821.11,0,29.82,111.58,34.33,50.28,92.07,15.96
2022-04-23 20:30:00,5,841.14,0,26.73,105.86,32.9,52.82,95.4,18.75
2022-04-23 21:30:00,5,827.79,0,24.68,107.29,31.95,54.41,96.54,20.27
2022-04-23 22:30:00,5,827.79,0,23.99,108.72,31.47,56.81,98.98,21.28
2022-04-23 23:30:00,5,754.36,0,23.31,110.15,31.95,56.26,95.66,20.52
2022-04-24 00:30:00,5,680.92,0,23.31,103,34.33,53.08,86.04,19.76
2022-04-24 01:30:00,5,687.6,0,23.99,92.98,37.19,51.9,79.9,20.01
2022-04-24 02:30:00,5,700.95,0,23.99,85.83,38.62,50.14,75.03,20.01
2022-04-24 03:30:00,5,741,0,24.68,79.39,39.58,50.27,74.05,19.76
2022-04-24 04:30:00,5,814.44,0,26.39,71.53,41.01,52.18,75.91,20.01
2022-04-24 05:30:00,5,921.25,0,29.82,62.23,42.44,55.89,80.52,21.28
2022-04-24 06:30:00,5,1188.28,0.09,40.78,46.49,47.21,66.26,95.64,25.33
2022-04-24 07:30:00,5,1708.98,5.53,58.26,33.26,57.7,86.87,126.95,32.42
2022-04-24 08:30:00,5,1922.61,12.96,63.06,53.64,62.94,93.27,136.96,34.45
2022-04-24 09:30:00,5,1428.6,7.71,47.98,113.01,61.99,76.1,110.35,29.89
2022-04-24 10:30:00,5,1228.33,3.8,34.62,194.55,56.74,82.63,113.85,27.87
2022-04-24 11:30:00,5,961.3,1.68,20.73,263.21,45.78,82.36,108.92,24.07
2022-04-24 12:30:00,4,453.95,0.61,5.74,191.69,13.35,42.45,73.96,10.51
2022-04-24 13:30:00,4,380.52,0.54,4.63,171.66,9.42,37.3,75.91,7.85
2022-04-24 14:30:00,4,370.5,0.51,4.63,168.8,8.82,36.03,76.05,7.22
2022-04-24 15:30:00,4,377.18,0.54,5.4,168.8,9.42,36.41,76.5,7.35
2022-04-24 16:30:00,4,403.88,0.62,7.71,165.94,11.44,37.96,77.65,7.98
2022-04-24 17:30:00,4,433.92,0.52,10.45,154.5,12.76,38.34,77.73,8.74
2022-04-24 18:30:00,4,567.44,0.19,18.16,140.19,19.79,43.18,83.86,11.27
2022-04-24 19:30:00,4,707.63,0,21.93,125.89,25.99,49.6,91.8,15.07
2022-04-24 20:30:00,5,774.38,0,22.28,117.3,28.13,53.56,96.45,18.24
2022-04-24 21:30:00,5,854.49,0,23.31,108.72,30.52,57.14,100.26,21.03
2022-04-24 22:30:00,5,947.95,0,25.7,97.27,31.95,60.54,102.95,23.81
2022-04-24 23:30:00,5,947.95,0,25.7,92.98,30.52,59.31,97.26,23.81
2022-04-25 00:30:00,5,881.2,0,23.99,95.84,29.56,55.77,86.8,22.04
2022-04-25 01:30:00,5,934.6,0,25.7,98.71,36.72,59.69,86.84,22.29
2022-04-25 02:30:00,5,988.01,0,26.73,101.57,43.39,63.06,87.49,22.8
2022-04-25 03:30:00,5,1094.82,0,29.82,90.12,48.16,69.25,94.29,23.05
2022-04-25 04:30:00,5,1308.44,0,35.99,69.38,52.45,82.03,110.84,24.07
2022-04-25 05:30:00,5,1602.17,0,47.3,46.49,57.22,98.69,131.58,25.59
2022-04-25 06:30:00,5,2136.23,2.32,68.55,16.99,64.85,124.65,167.44,32.93
2022-04-25 07:30:00,5,3097.53,25.7,81.57,9.03,80.11,165.05,227.29,45.6
2022-04-25 08:30:00,5,3471.37,33.53,94.59,33.62,85.83,174.35,242.25,48.64
2022-04-25 09:30:00,5,1655.58,6.98,58.26,141.62,82.02,95.6,129.66,29.89
2022-04-25 10:30:00,5,1401.9,3.8,42.16,226.02,79.15,100.43,132.39,27.87
2022-04-25 11:30:00,5,1188.28,2.01,28.79,306.13,67.71,108.65,139.8,25.59
2022-04-25 12:30:00,5,507.35,0.82,8.4,208.85,19.55,53.89,97.29,10.26
2022-04-25 13:30:00,4,407.22,0.76,6.85,183.11,13.83,46.52,92.71,7.66
2022-04-25 14:30:00,4,393.87,0.75,7.11,178.81,13.47,44.53,90.79,7.09
2022-04-25 15:30:00,4,393.87,0.69,7.97,170.23,13.47,43.28,89.47,6.97
2022-04-25 16:30:00,4,417.23,0.56,10.54,158.79,14.42,43.49,89.6,7.47
2022-04-25 17:30:00,4,453.95,0.25,13.37,148.77,15.02,44.38,90.48,8.36
2022-04-25 18:30:00,5,734.33,0.07,28.1,131.61,28.37,54.35,102.76,13.55
2022-04-25 19:30:00,5,1014.71,0,35.3,111.58,39.1,66.18,119.46,19.76
2022-04-25 20:30:00,5,1148.22,0,37.01,97.27,43.87,73.35,130.33,24.32
2022-04-25 21:30:00,5,1375.2,0,43.18,82.97,53.41,81.84,141.57,29.13
2022-04-25 22:30:00,5,1642.23,0,52.78,66.52,64.85,93.13,157.02,33.44
2022-04-25 23:30:00,5,1628.88,0,56.89,55.07,67.71,90.69,152.67,31.66
2022-04-26 00:30:00,5,1895.9,0.1,73.34,24.68,70.57,101.39,165.19,28.37
2022-04-26 01:30:00,5,2296.45,2.24,80.2,4.25,79.15,124.13,192.79,28.12
2022-04-26 02:30:00,5,2536.77,6.15,77.46,0.78,86.78,142.95,213.23,28.63
2022-04-26 03:30:00,5,2750.4,9.39,75.4,0.27,94.41,160.53,234.54,30.91
2022-04-26 04:30:00,5,3044.13,15.42,74.03,0.04,103,183.71,267.27,38
2022-04-26 05:30:00,5,3417.97,24.59,78.14,0,117.3,210.05,307.11,53.2
2022-04-26 06:30:00,5,4112.24,46.94,86.37,0.14,139.24,250.48,368.5,81.06
2022-04-26 07:30:00,5,6088.26,109.97,91.85,2.66,171.66,343.97,499.47,119.57
2022-04-26 08:30:00,5,8010.86,150.2,135.72,11.09,185.01,430.42,608.04,122.61
2022-04-26 09:30:00,5,2376.56,13.08,87.05,123.02,123.98,154.03,221.26,43.06
2022-04-26 10:30:00,5,1842.5,4.86,57.58,243.19,107.77,143.07,203.75,36.98
2022-04-26 11:30:00,5,1428.6,2.12,36.67,340.46,89.65,145.69,199.59,32.42
2022-04-26 12:30:00,5,534.06,0.84,9.85,217.44,25.51,60.53,105.64,10.77
2022-04-26 13:30:00,4,413.89,0.75,7.28,188.83,16.69,45.94,88.01,7.6
2022-04-26 14:30:00,4,397.21,0.73,7.11,181.67,15.26,42.12,81.47,7.09
2022-04-26 15:30:00,4,397.21,0.73,7.71,175.95,14.78,41.15,80.25,7.09
2022-04-26 16:30:00,4,433.92,0.78,10.45,171.66,16.21,42.51,83,7.6
2022-04-26 17:30:00,4,467.3,0.62,13.71,161.65,17.64,43.3,86.35,8.23
2022-04-26 18:30:00,5,680.92,0.28,26.73,135.9,30.28,50.55,98.72,12.29
2022-04-26 19:30:00,5,881.2,0,32.22,114.44,40.53,59.2,112.99,17.23
2022-04-26 20:30:00,5,934.6,0,30.5,113.01,41.96,63.32,119.99,19.51
2022-04-26 21:30:00,5,1094.82,0,33.59,113.01,44.82,72.08,131.72,22.55
2022-04-26 22:30:00,5,1335.14,0,38.73,110.15,48.64,83.79,147.29,26.35
2022-04-26 23:30:00,5,1361.85,0,40.1,115.87,48.16,86.49,148.71,24.83
2022-04-27 00:30:00,5,1615.52,0,53.47,87.98,55.31,97.41,158.6,23.05
2022-04-27 01:30:00,5,2056.12,0,65.12,50.07,69.62,122.64,190.52,24.83
2022-04-27 02:30:00,5,2403.26,0.02,71.97,25.03,81.06,146.07,223.24,27.36
2022-04-27 03:30:00,5,2670.29,0.68,76.77,8.58,87.74,166.35,252.34,30.65
2022-04-27 04:30:00,5,2803.8,5.03,76.09,1.18,89.65,181.71,268.35,32.42
2022-04-27 05:30:00,5,2857.21,14.08,70.6,0.08,85.83,188.12,269.14,34.45
2022-04-27 06:30:00,5,3257.75,34.42,67.86,0.16,88.69,202.11,285.45,42.56
2022-04-27 07:30:00,5,4806.52,89.41,75.4,2.95,112.53,262.55,372.21,59.78
2022-04-27 08:30:00,5,5981.45,118.02,116.53,13.23,125.89,297.84,423.34,66.88
2022-04-27 09:30:00,5,2403.26,12.29,90.48,140.19,101.09,139.81,193.76,39.01
2022-04-27 10:30:00,5,2269.74,5.36,69.92,283.24,105.86,165.5,217.31,39.01
2022-04-27 11:30:00,5,2162.93,2.26,46.61,446.32,102.04,214.46,264.51,39.01
2022-04-27 12:30:00,5,647.54,1.02,12,243.19,28.61,55.43,79.15,10.77
2022-04-27 13:30:00,4,473.98,0.92,9,205.99,17.88,35.84,56.05,7.6
2022-04-27 14:30:00,4,453.95,0.89,8.91,197.41,16.21,32.15,50.97,7.41
2022-04-27 15:30:00,4,487.33,1.06,11.65,194.55,18.12,31.38,49.55,8.11
2022-04-27 16:30:00,4,587.46,1.37,18.34,188.83,23.84,33.64,52.56,9.75
2022-04-27 17:30:00,4,694.27,1.22,26.39,174.52,27.66,35.24,55.56,11.27
2022-04-27 18:30:00,4,1081.47,0.5,46.61,140.19,38.15,46.16,74.04,16.97
2022-04-27 19:30:00,5,1535.42,0,57.58,100.14,48.16,63.17,102.22,25.08
2022-04-27 20:30:00,5,1682.28,0,56.21,81.54,49.11,73.01,117.77,30.15
2022-04-27 21:30:00,5,1762.39,0,56.21,70.1,50.07,80.18,126.69,33.94
2022-04-27 22:30:00,5,1842.5,0,56.21,65.09,52.45,87.26,134.7,35.97
2022-04-27 23:30:00,5,1708.98,0,51.41,68.66,49.59,83.46,126.01,32.93
2022-04-28 00:30:00,5,1455.31,0,44.55,72.24,44.82,74.57,109.78,27.36
2022-04-28 01:30:00,5,1428.6,0,41.81,66.52,47.21,77.82,112.11,26.6
2022-04-28 02:30:00,5,1482.01,0,40.78,58.65,51.98,85.21,121.12,27.11
2022-04-28 03:30:00,5,1695.63,0,45.24,42.56,58.65,100.2,141.58,27.61
2022-04-28 04:30:00,5,2029.42,0.11,54.15,20.03,65.8,121.93,170.88,27.87
2022-04-28 05:30:00,5,2376.56,4.75,61.69,2.73,70.57,142.74,199.14,29.64
2022-04-28 06:30:00,5,3097.53,29.06,62.38,0.16,82.97,177.1,249.79,39.01
2022-04-28 07:30:00,5,4806.52,87.62,70.6,2.28,109.67,246.41,351.12,57.76
2022-04-28 08:30:00,5,5821.23,118.02,104.19,10.19,115.39,268.51,383.94,61.81
2022-04-28 09:30:00,5,1976.01,8.94,71.97,137.33,63.9,101.91,146.21,31.92
2022-04-28 10:30:00,5,1668.93,4.64,54.15,237.46,67.71,104.74,146.13,29.13
2022-04-28 11:30:00,5,1455.31,2.4,40.1,351.91,74.39,123,160.67,26.35
2022-04-28 12:30:00,5,660.9,0.91,12,266.08,28.37,61.6,86.18,12.16
2022-04-28 13:30:00,4,507.35,0.82,9.34,226.02,20.74,47.76,73.33,9.12
2022-04-28 14:30:00,4,480.65,0.85,9.6,217.44,19.79,44.29,71.65,8.49
2022-04-28 15:30:00,4,580.79,1.34,16.79,211.72,28.37,47.3,77.72,9.88
2022-04-28 16:30:00,5,807.76,1.87,31.19,214.58,42.44,56.16,91.27,13.3
2022-04-28 17:30:00,5,1028.06,1.55,45.93,197.41,49.11,62.37,101.67,16.09
2022-04-28 18:30:00,5,1482.01,0.48,68.55,153.06,58.65,76.02,124.77,22.55
2022-04-28 19:30:00,5,1895.9,0.01,73.34,100.14,65.8,91.83,152.34,29.64
2022-04-28 20:30:00,5,1895.9,0,63.75,77.96,65.8,95.84,160.93,31.66
2022-04-28 21:30:00,5,2643.59,0.01,82.94,39.7,82.02,131.83,212.14,41.54
2022-04-28 22:30:00,5,3685,5.2,102.82,3.76,103.95,182.91,285.16,50.66
2022-04-28 23:30:00,5,3738.4,18.33,90.48,0.04,100.14,184.58,291.31,45.09
2022-04-29 00:30:00,5,3017.43,19.22,76.09,0.02,78.2,147.85,242.73,32.42
2022-04-29 01:30:00,5,2696.99,20.12,64.43,0.01,72.48,137.52,227.06,29.64
2022-04-29 02:30:00,5,2643.59,21.9,56.89,0,75.34,142.7,230.63,30.91
2022-04-29 03:30:00,5,2563.48,21.46,52.09,0,74.39,145.62,230.77,31.66
2022-04-29 04:30:00,5,2403.26,18.78,48.67,0.01,67.71,139.1,213.99,29.13
2022-04-29 05:30:00,5,2109.53,13.97,49.35,0.26,58.17,122.12,183.5,26.85
2022-04-29 06:30:00,5,1255.04,0.12,43.53,42.2,40.05,76.53,126.51,23.81
2022-04-29 07:30:00,5,1735.69,6.31,59.63,30.4,50.54,94.2,154.35,32.42
2022-04-29 08:30:00,5,2323.15,16.54,74.71,46.49,63.9,118.86,190.07,40.53
2022-04-29 09:30:00,5,2029.42,6.82,65.12,160.22,73.43,125.61,188.15,35.97
2022-04-29 10:30:00,5,1842.5,2.93,45.24,294.69,72.48,148.41,209.18,33.94
2022-04-29 11:30:00,5,1522.06,1.52,30.16,383.38,61.99,151.34,208.88,29.64
2022-04-29 12:30:00,4,447.27,0.73,7.97,208.85,19.79,48.06,86.82,6.33
2022-04-29 13:30:00,4,337.12,0.73,6.43,171.66,13.47,33.83,69.26,3.99
2022-04-29 14:30:00,4,333.79,0.74,6.68,168.8,12.64,31.97,65.6,4.12
2022-04-29 15:30:00,4,383.85,0.99,10.11,173.09,16.45,33.56,65.98,5.19
2022-04-29 16:30:00,4,480.65,1.33,16.79,173.09,21.93,35.69,67.05,6.84
2022-04-29 17:30:00,4,574.11,1.24,23.99,154.5,24.8,35.49,65.59,8.04
2022-04-29 18:30:00,4,787.73,0.5,37.01,125.89,33.38,39.75,71.44,11.65
2022-04-29 19:30:00,4,988.01,0,41.13,101.57,40.53,46.83,82.08,16.47
2022-04-29 20:30:00,5,1028.06,0,38.73,94.41,41.01,50.56,87.46,19
2022-04-29 21:30:00,5,1134.87,0,41.13,88.69,44.82,57,96.49,22.04
2022-04-29 22:30:00,5,1375.2,0,47.3,74.39,51.5,67.97,111.89,26.6
2022-04-29 23:30:00,5,1388.55,0,47.3,62.94,51.02,68.38,111.61,26.35
2022-04-30 00:30:00,5,1161.58,0,41.81,55.07,42.44,58.04,95.78,22.55
2022-04-30 01:30:00,5,1014.71,0,35.64,46.49,36.24,53.13,87,21.28
2022-04-30 02:30:00,5,1001.36,0,34.27,35.76,35.29,53.83,86.64,21.53
2022-04-30 03:30:00,5,1001.36,0.01,34.27,25.75,34.33,54.17,86.64,22.55
2022-04-30 04:30:00,5,934.6,0.02,32.56,21.1,31.47,51.69,82.34,23.56
2022-04-30 05:30:00,4,847.82,0.02,30.85,23.96,29.09,47.78,77.99,23.81
2022-04-30 06:30:00,4,867.84,0.14,32.9,32.54,31.47,49.01,83.37,23.56
2022-04-30 07:30:00,5,1188.28,4.3,43.87,35.41,41.01,61.66,106.76,26.6
2022-04-30 08:30:00,5,1428.6,10.28,51.41,54.36,48.64,70.68,122.31,27.61
2022-04-30 09:30:00,5,1335.14,8.05,49.35,104.43,54.36,72.11,122.01,26.6
2022-04-30 10:30:00,5,1308.44,4.14,41.81,205.99,59.13,90.32,139.84,27.11
2022-04-30 11:30:00,5,1188.28,1.82,29.47,323.3,59.6,111.94,158.28,25.08
2022-04-30 12:30:00,4,383.85,0.73,7.2,188.83,19.31,38.88,67.38,5.45
2022-04-30 13:30:00,4,323.77,0.7,6,168.8,14.42,30.22,53.81,3.83
2022-04-30 14:30:00,4,320.43,0.71,6.43,168.8,13.95,28.14,48.9,3.7
2022-04-30 15:30:00,4,387.19,1.06,10.62,170.23,18.36,29.44,49.99,4.88
2022-04-30 16:30:00,4,520.71,1.47,18.34,170.23,24.8,33.04,54.92,7.16
2022-04-30 17:30:00,4,640.87,1.36,26.39,154.5,28.37,35.35,59.24,9.12
2022-04-30 18:30:00,4,894.55,0.51,38.39,127.32,35.76,42.37,71.39,13.17
2022-04-30 19:30:00,5,1241.68,0.01,43.87,104.43,45.3,54.9,91.99,19.25
2022-04-30 20:30:00,5,1428.6,0,43.87,100.14,47.21,64.8,107.77,23.81
2022-04-30 21:30:00,5,1842.5,0,54.84,75.1,54.84,84.36,136.44,30.65
2022-04-30 22:30:00,5,2456.67,0,74.03,36.84,67.71,114,181.66,37.49
2022-04-30 23:30:00,5,2590.18,0.26,81.57,13.23,68.66,120.43,195.42,34.96
2022-05-01 00:30:00,5,2403.26,2.91,78.83,2.91,63.9,112.02,183.71,27.36
2022-05-01 01:30:00,5,2643.59,9.28,75.4,0.14,71.53,127.54,203.86,25.33
2022-05-01 02:30:00,5,2910.61,12.07,74.71,0.05,78.2,148.18,228.32,25.08
2022-05-01 03:30:00,5,2750.4,7.26,74.03,0.44,75.34,146.84,217.42,25.08
2022-05-01 04:30:00,5,2269.74,2.74,62.38,2.62,60.08,128.13,180.87,25.84
2022-05-01 05:30:00,5,1762.39,0.5,45.93,11.98,45.3,121.26,158.03,27.87
2022-05-01 06:30:00,5,1174.93,0.03,23.65,65.09,35.76,129.47,153.59,31.41
2022-05-01 07:30:00,5,1281.74,0.81,27.76,82.97,38.15,146.85,170.62,31.16
2022-05-01 08:30:00,5,1295.09,2.46,29.47,101.57,38.15,135.31,157.65,29.39
2022-05-01 09:30:00,5,974.66,2.24,22.28,154.5,49.11,116.13,134.65,21.03
2022-05-01 10:30:00,5,881.2,1.75,17.65,191.69,46.25,107.37,123.74,17.99
2022-05-01 11:30:00,5,827.79,1.23,13.71,223.16,40.05,102.96,117.55,16.21
2022-05-01 12:30:00,5,794.41,0.84,11.14,240.33,33.38,104.53,119.39,15.71
2022-05-01 13:30:00,5,787.73,0.68,12.34,246.05,32.9,106.05,123.57,15.58
2022-05-01 14:30:00,5,774.38,0.48,13.71,240.33,31.95,103.65,124.69,15.2
2022-05-01 15:30:00,5,934.6,0.73,26.39,234.6,46.73,112.62,137.68,17.48
2022-05-01 16:30:00,5,1241.68,1.68,58.95,217.44,93.46,128.81,158.09,21.53
2022-05-01 17:30:00,5,1281.74,2.04,85,171.66,146.87,123.58,155.22,21.03
2022-05-01 18:30:00,5,1148.22,0.34,48.67,173.09,90.6,124.65,151.7,20.01
2022-05-01 19:30:00,5,1188.28,0,32.22,171.66,58.17,131.04,152.95,21.79
2022-05-01 20:30:00,5,1228.33,0,30.16,164.51,52.93,128.56,149.7,22.29
2022-05-01 21:30:00,5,1134.87,0,26.05,171.66,46.25,114.49,134.6,20.52
2022-05-01 22:30:00,5,1028.06,0,22.96,178.81,42.92,101.54,119.55,18.75
2022-05-01 23:30:00,5,921.25,0,20.39,175.95,39.1,96.76,112.33,16.97
2022-05-02 00:30:00,5,794.41,0,17.99,155.93,32.42,89.86,104.64,15.2
2022-05-02 01:30:00,5,720.98,0,18.34,133.04,30.99,78.17,93.43,15.2
2022-05-02 02:30:00,5,647.54,0,17.99,115.87,29.09,66.45,80.44,15.33
2022-05-02 03:30:00,5,620.84,0,19.02,101.57,30.52,61.02,74.49,16.47
2022-05-02 04:30:00,5,614.17,0,21.08,90.12,36.24,60.42,74.44,16.97
2022-05-02 05:30:00,5,647.54,0,24.33,78.68,44.35,67.79,82.33,17.23
2022-05-02 06:30:00,5,801.09,0.05,29.47,66.52,48.64,79.69,94.44,18.49
2022-05-02 07:30:00,5,1014.71,1.56,35.3,57.94,49.11,86.26,102.39,20.77
2022-05-02 08:30:00,5,1081.47,4.14,34.96,74.39,49.11,85.73,101.2,20.27
2022-05-02 09:30:00,5,921.25,3.19,26.73,130.18,47.68,83.11,96.41,16.47
2022-05-02 10:30:00,5,867.84,2.35,22.28,188.83,49.59,89.41,102.96,15.96
2022-05-02 11:30:00,5,841.14,1.62,18.68,243.19,50.54,99.83,114.2,15.83
2022-05-02 12:30:00,5,734.33,1.05,13.71,251.77,39.58,96.66,116.29,13.81
2022-05-02 13:30:00,5,687.6,1.03,16.45,254.63,44.35,93.89,118.35,12.67
2022-05-02 14:30:00,5,694.27,1.06,23.99,268.94,63.9,97.98,123.73,12.16
2022-05-02 15:30:00,5,714.3,1.09,33.24,254.63,86.78,97.73,123.2,12.03
2022-05-02 16:30:00,5,720.98,1.17,41.81,200.27,100.14,87.89,111.75,12.03
2022-05-02 17:30:00,5,734.33,0.68,40.44,157.36,85.83,78.63,98.74,12.16
2022-05-02 18:30:00,5,807.76,0.14,39.76,137.33,75.34,76.89,94.24,13.68
2022-05-02 19:30:00,5,907.9,0,41.47,124.45,77.25,78.67,97.08,16.21
2022-05-02 20:30:00,5,961.3,0,39.41,120.16,73.43,78.89,100.05,18.24
2022-05-02 21:30:00,5,934.6,0,32.9,121.59,59.6,73.97,97.2,19
2022-05-02 22:30:00,5,947.95,0,29.82,117.3,51.5,68.6,90.9,20.01
2022-05-02 23:30:00,5,921.25,0,28.45,107.29,47.68,60.6,77.78,19.51
2022-05-03 00:30:00,5,854.49,0,25.02,100.14,41.96,51.04,62.56,18.24
2022-05-03 01:30:00,4,821.11,0,21.93,94.41,38.62,46.1,55.61,17.99
2022-05-03 02:30:00,4,794.41,0,20.05,85.83,39.58,44.44,53.51,18.24
2022-05-03 03:30:00,4,794.41,0,20.56,75.1,43.87,47.29,57.01,18.75
2022-05-03 04:30:00,5,821.11,0,22.96,64.37,48.16,53.57,64.46,20.01
2022-05-03 05:30:00,5,867.84,0,26.73,54.36,50.07,60.37,72.35,21.28
2022-05-03 06:30:00,5,1001.36,0.11,33.59,44.35,51.5,66.77,81.42,24.32
2022-05-03 07:30:00,5,1241.68,3.38,43.18,40.77,58.65,75.04,94.37,28.37
2022-05-03 08:30:00,5,1375.2,7.82,47.98,65.8,68.66,81.48,102.69,29.39
2022-05-03 09:30:00,5,1148.22,5.98,42.84,125.89,75.34,84.25,103.83,23.56
2022-05-03 10:30:00,5,1134.87,4.36,41.13,203.13,87.74,103.86,126.48,21.79
2022-05-03 11:30:00,5,1201.63,2.79,38.39,314.71,103,144.04,174.42,21.03
2022-05-03 12:30:00,5,1108.17,1.29,24.68,383.38,88.69,168.19,236.21,17.48
2022-05-03 13:30:00,5,1028.06,0.8,20.91,400.54,79.15,171.05,261.73,14.82
2022-05-03 14:30:00,5,1028.06,0.6,22.96,406.27,82.02,175.82,270.33,14.44
2022-05-03 15:30:00,5,1134.87,0.61,34.27,411.99,100.14,189.72,285.25,15.71
2022-05-03 16:30:00,5,1335.14,0.87,64.43,389.1,156.4,206.7,298.02,17.73
2022-05-03 17:30:00,5,1321.79,0.79,87.05,297.55,211.72,181.59,252.03,18.24
2022-05-03 18:30:00,5,1335.14,0.26,71.29,188.83,162.12,137.69,186.68,21.03
2022-05-03 19:30:00,5,1522.06,0,54.84,121.59,93.46,123.65,164.55,26.09
2022-05-03 20:30:00,5,1628.88,0,51.41,94.41,71.53,124.14,161.7,28.88
2022-05-03 21:30:00,5,1562.12,0,44.55,97.27,56.74,122.99,157.25,28.37
2022-05-03 22:30:00,5,1548.77,0,41.47,101.57,51.02,123.92,154.33,28.37
2022-05-03 23:30:00,5,1441.96,0,39.07,105.86,46.25,121.08,145.47,25.84
2022-05-04 00:30:00,5,1241.68,0,30.85,117.3,37.67,113.83,131.36,21.28
2022-05-04 01:30:00,5,1148.22,0,24.33,123.02,33.38,113.28,128.93,20.01
2022-05-04 02:30:00,5,1108.17,0,21.08,123.02,33.38,117.35,133.24,20.77
2022-05-04 03:30:00,5,1121.52,0,21.08,118.73,35.29,124.13,141.1,22.55
2022-05-04 04:30:00,5,1174.93,0,22.62,108.72,36.24,130.69,149.26,24.83
2022-05-04 05:30:00,5,1228.33,0,25.7,95.84,35.29,133.84,153.94,27.36
2022-05-04 06:30:00,5,1348.5,0.05,32.9,81.54,35.76,134.68,158.4,29.39
2022-05-04 07:30:00,5,1735.69,2.29,50.04,65.09,44.82,143.55,176.06,33.44
2022-05-04 08:30:00,5,1976.01,7.15,61.01,78.68,57.22,148.58,186.22,34.45
2022-05-04 09:30:00,5,1295.09,4.3,50.04,163.08,90.6,125.01,156.11,20.52
2022-05-04 10:30:00,5,1161.58,4.08,48.67,220.3,113.49,132.72,162.1,17.48
2022-05-04 11:30:00,5,1161.58,3.46,47.98,297.55,133.51,159.06,188.67,16.47
2022-05-04 12:30:00,5,921.25,1.62,26.39,329.02,90.6,151.14,185.11,12.54
2022-05-04 13:30:00,5,821.11,0.95,18.51,331.88,66.76,139.24,178.87,10.77
2022-05-04 14:30:00,5,854.49,0.73,18.85,349.04,63.9,146.33,188.94,11.15
2022-05-04 15:30:00,5,907.9,0.58,20.56,360.49,65.8,154.09,200.08,11.65
2022-05-04 16:30:00,5,907.9,0.54,26.05,337.6,73.43,144.66,190.43,11.27
2022-05-04 17:30:00,5,834.47,0.39,30.5,271.8,77.25,114.23,156.27,10.26
2022-05-04 18:30:00,5,1415.25,0.2,58.95,158.79,80.11,109.93,156.56,18.75
2022-05-04 19:30:00,5,2323.15,0.01,83.63,85.12,87.74,141.43,204.26,32.17
2022-05-04 20:30:00,5,3204.35,0,117.9,39.34,112.53,190.32,271.98,45.09
2022-05-04 21:30:00,5,3898.62,0.37,153.54,13.23,139.24,234.04,327.79,51.68
2022-05-04 22:30:00,5,4379.27,2.24,167.25,3.44,148.77,265.56,366.7,54.21
2022-05-04 23:30:00,5,4165.65,1.75,152.17,4.6,131.61,254.99,349.22,47.62
2022-05-05 00:30:00,5,3070.83,0.03,109.67,19.85,93.46,192.97,259.66,35.46
2022-05-05 01:30:00,5,2243.04,0,74.71,31.83,66.76,153.39,201.75,28.88
2022-05-05 02:30:00,5,1735.69,0,51.41,40.77,49.11,133.33,171.85,26.09
2022-05-05 03:30:00,5,1815.8,0.01,49.35,29.33,40.05,144.29,185.06,25.84
2022-05-05 04:30:00,5,2216.34,0.98,56.89,8.67,40.53,172.27,221.8,27.61
2022-05-05 05:30:00,5,2696.99,9.72,61.01,0.38,51.98,203.7,264.78,33.44
2022-05-05 06:30:00,5,3791.81,38,67.86,0.21,82.97,268.1,352.26,53.7
2022-05-05 07:30:00,5,6568.91,111.76,83.63,2.3,111.58,422.32,551.42,78.02
2022-05-05 08:30:00,5,9719.85,168.09,150.8,10.1,125.89,611.84,775.86,87.14
2022-05-05 09:30:00,5,2376.56,21.01,131.61,110.15,259.4,255.29,304.49,15.83
2022-05-05 10:30:00,5,2002.72,14.19,117.9,194.55,286.1,272.86,321.82,9.12
2022-05-05 11:30:00,5,1949.31,5.76,80.2,360.49,259.4,328.11,381.55,8.11
2022-05-05 12:30:00,5,1321.79,1.41,26.73,417.71,143.05,256.22,328.67,8.87
2022-05-05 13:30:00,5,934.6,0.8,14.22,360.49,77.25,189.15,278.08,8.04
2022-05-05 14:30:00,5,821.11,0.72,12.17,311.85,52.93,158.02,249.15,8.36
2022-05-05 15:30:00,5,714.3,0.69,11.48,257.49,37.19,126.49,210.53,8.74
2022-05-05 16:30:00,5,620.84,0.77,13.19,205.99,27.66,88.68,162.72,8.61
2022-05-05 17:30:00,5,594.14,0.61,15.94,171.66,23.37,68.17,133.54,8.49
2022-05-05 18:30:00,5,1001.36,0.35,38.04,124.45,33.38,72.71,139.32,14.44
2022-05-05 19:30:00,5,1468.66,0.01,52.78,83.68,46.73,86.78,160.6,22.55
2022-05-05 20:30:00,5,1655.58,0,53.47,67.23,51.02,92.73,169.97,27.11
2022-05-05 21:30:00,5,2109.53,0,65.8,47.21,61.99,112.7,199.21,34.96
2022-05-05 22:30:00,5,2830.51,0.22,86.37,18.78,77.25,148.78,252.49,43.57
2022-05-05 23:30:00,5,2990.72,2.01,89.11,5.28,77.25,155.69,262.64,41.54
2022-05-06 00:30:00,5,2643.59,3.16,81.57,3.04,65.8,137.19,234.76,32.17
2022-05-06 01:30:00,5,2777.1,7.26,78.14,0.6,68.66,148.17,246.15,30.65
2022-05-06 02:30:00,5,3017.43,11.18,79.51,0.15,74.39,172.33,273.06,31.92
2022-05-06 03:30:00,5,3124.24,13.19,77.46,0.08,73.43,188.72,289.84,32.93
2022-05-06 04:30:00,5,3070.83,13.41,71.97,0.09,70.57,194.54,290.89,32.42
2022-05-06 05:30:00,5,2857.21,10.95,69.23,0.41,66.76,185.58,272.7,32.93
2022-05-06 06:30:00,5,2296.45,4.25,66.49,5.9,62.94,146.16,218.91,35.97
2022-05-06 07:30:00,5,3017.43,27.94,70.6,7.78,78.2,173.26,256.88,46.61
2022-05-06 08:30:00,5,4005.43,48.28,98.71,22.17,102.04,218.13,316.67,57.25
2022-05-06 09:30:00,5,2109.53,15.87,98.71,110.15,164.03,157.13,218.39,35.97
2022-05-06 10:30:00,5,1949.31,8.38,87.74,211.72,162.12,187.47,246.88,29.89
2022-05-06 11:30:00,5,2002.72,3.69,66.49,371.93,156.4,253.19,313.72,26.09
2022-05-06 12:30:00,5,1268.39,1.06,23.31,394.82,83.92,177.06,223.75,16.72
2022-05-06 13:30:00,5,867.84,0.71,12.68,329.02,48.64,120.88,164.77,10.89
2022-05-06 14:30:00,5,700.95,0.69,10.71,280.38,35.29,91.58,133.77,9.12
2022-05-06 15:30:00,5,600.81,0.67,10.11,237.46,26.94,69.3,109.68,8.11
2022-05-06 16:30:00,5,580.79,0.66,11.65,203.13,22.89,57.49,96.84,7.92
2022-05-06 17:30:00,5,580.79,0.48,14.22,174.52,20.27,50.6,88.88,8.04
2022-05-06 18:30:00,5,867.84,0.25,31.87,137.33,32.9,56.41,98.5,12.67
2022-05-06 19:30:00,5,1174.93,0.01,42.16,107.29,45.78,67.33,115.83,18.49
2022-05-06 20:30:00,5,1268.39,0,41.47,97.27,49.11,72.86,124.19,22.04
2022-05-06 21:30:00,5,2403.26,0.04,78.83,45.06,74.39,126.34,198.63,38.5
2022-05-06 22:30:00,5,3898.62,11.06,106.93,1.68,104.9,203.5,306.53,53.2
2022-05-06 23:30:00,5,4325.87,29.5,95.96,0,106.81,225.12,343.06,50.16
2022-05-07 00:30:00,5,3738.4,29.06,86.37,0,89.65,194.11,305.54,36.98
2022-05-07 01:30:00,5,3177.64,20.79,76.09,0.01,77.25,169.09,267.2,28.88
2022-05-07 02:30:00,5,2777.1,14.08,68.55,0.06,73.43,153.13,240.42,26.6
2022-05-07 03:30:00,5,2670.29,13.3,61.69,0.03,73.43,152.18,235.18,26.09
2022-05-07 04:30:00,5,2990.72,23.02,54.84,0,78.2,177.63,267.31,27.11
2022-05-07 05:30:00,5,3471.37,34.42,53.47,0,77.25,209.69,310.99,31.16
2022-05-07 06:30:00,5,4058.84,52.3,52.78,0.17,79.15,244.1,359.8,42.56
2022-05-07 07:30:00,5,5554.2,99.24,58.95,2.37,97.27,311.38,449.37,58.77
2022-05-07 08:30:00,5,7156.37,118.02,112.41,13.23,114.44,386.94,534.65,66.88
2022-05-07 09:30:00,5,2109.53,11.85,78.83,121.59,144.96,148.5,200.87,30.91
2022-05-07 10:30:00,5,1842.5,5.92,63.06,226.02,152.59,171.89,221.47,30.65
2022-05-07 11:30:00,5,1735.69,2.29,41.47,366.21,131.61,216.49,267.46,30.91
2022-05-07 12:30:00,5,754.36,0.77,11.31,268.94,41.01,96.18,143.9,11.27
2022-05-07 13:30:00,5,534.06,0.66,7.71,223.16,23.37,64.11,107.98,7.16
2022-05-07 14:30:00,5,494,0.66,7.45,211.72,20.5,54.78,93.25,6.46
2022-05-07 15:30:00,5,520.71,0.78,9.94,211.72,22.65,54.79,91.18,7.16
2022-05-07 16:30:00,5,600.81,0.84,15.42,208.85,28.61,58.22,94.55,8.49
2022-05-07 17:30:00,5,680.92,0.55,21.25,194.55,30.99,58.34,93.87,9.63
2022-05-07 18:30:00,5,1535.42,0.35,61.69,125.89,45.3,83.03,130.67,20.27
2022-05-07 19:30:00,5,2937.32,0.02,105.56,47.21,78.2,143.7,219.19,38
2022-05-07 20:30:00,5,4058.84,1.68,123.38,8.4,108.72,206.36,306.19,52.18
2022-05-07 21:30:00,5,4325.87,4.69,113.79,2.01,116.35,235.36,345.79,57.25
2022-05-07 22:30:00,5,4058.84,6.76,100.08,1.05,104.9,230.42,340.52,54.21
2022-05-07 23:30:00,5,3417.97,6.09,87.74,1.43,81.06,196.47,289.05,43.57
2022-05-08 00:30:00,5,2563.48,1.15,76.09,7.51,56.74,148.78,216.53,31.41
2022-05-08 01:30:00,5,2029.42,0.05,59.63,18.95,43.39,123.9,176.04,27.87
2022-05-08 02:30:00,5,1708.98,0,46.61,26.82,35.76,109.51,152.1,27.36
2022-05-08 03:30:00,5,1522.06,0,39.76,27.89,31.95,103.35,140.86,27.61
2022-05-08 04:30:00,5,1375.2,0,34.62,28.97,29.56,98.58,133.14,27.87
2022-05-08 05:30:00,5,1188.28,0,29.13,38.98,27.66,92.27,123.61,28.37
2022-05-08 06:30:00,5,1081.47,0.08,26.39,57.22,29.56,91.55,122.34,29.13
2022-05-08 07:30:00,5,1321.79,1.98,36.33,61.51,38.15,103.53,139.48,31.41
2022-05-08 08:30:00,5,1508.71,4.92,43.18,90.84,48.64,115.61,155.11,31.66
2022-05-08 09:30:00,5,1335.14,3.58,35.64,163.08,57.7,120.64,157.83,27.87
2022-05-08 10:30:00,5,1295.09,2.32,29.47,248.91,62.94,136.85,173.33,26.85
2022-05-08 11:30:00,5,1255.04,1.44,23.99,337.6,65.8,156.05,191.81,25.33
2022-05-08 12:30:00,5,700.95,0.66,9.17,271.8,30.52,91.13,121.24,11.4
2022-05-08 13:30:00,5,574.11,0.63,7.88,248.91,23.37,71.53,102.69,8.49
2022-05-08 14:30:00,5,567.44,0.64,8.57,251.77,23.37,69.01,100.91,8.11
2022-05-08 15:30:00,5,587.46,0.72,10.54,240.33,24.56,68.13,100.98,8.49
2022-05-08 16:30:00,5,647.54,0.92,16.11,223.16,28.37,68.57,102.88,9.75
2022-05-08 17:30:00,5,727.65,0.85,23.65,197.41,31.95,67.18,102.95,10.89
2022-05-08 18:30:00,5,921.25,0.31,38.73,167.37,47.21,73.34,112.25,14.44
2022-05-08 19:30:00,5,1281.74,0.01,58.26,153.06,85.83,99.76,143.59,20.77
2022-05-08 20:30:00,5,1241.68,0,46.61,140.19,81.06,107.18,140.73,22.04
2022-05-08 21:30:00,5,974.66,0,25.7,135.9,46.25,82.69,105.22,19
2022-05-08 22:30:00,5,921.25,0,22.96,121.59,37.19,68.49,88.95,18.75
2022-05-08 23:30:00,5,881.2,0,21.76,113.01,32.9,59.82,77.63,18.24
2022-05-09 00:30:00,5,841.14,0,19.54,108.72,30.04,54.58,68.71,17.99
2022-05-09 01:30:00,5,854.49,0,19.36,101.57,31.95,54.02,66.62,19.25
2022-05-09 02:30:00,5,847.82,0,17.82,98.71,31.47,53.57,65.13,20.27
2022-05-09 03:30:00,5,867.84,0,17.31,100.14,37.67,56.42,67.65,21.79
2022-05-09 04:30:00,5,907.9,0,18.85,94.41,48.64,61.94,73.63,23.56
2022-05-09 05:30:00,5,947.95,0,21.93,74.39,51.02,65.19,77.47,24.57
2022-05-09 06:30:00,5,1041.41,0.1,28.45,53.64,47.21,66.29,80.94,26.09
2022-05-09 07:30:00,5,1228.33,2.4,37.01,47.21,47.68,70.89,90.51,28.37
2022-05-09 08:30:00,5,1308.44,5.7,41.13,70.1,53.41,74.51,96.97,27.87
2022-05-09 09:30:00,5,1068.12,4.53,34.62,125.89,59.13,71.28,92.27,21.28
2022-05-09 10:30:00,5,974.66,3.19,30.16,194.55,66.76,79.54,100.54,19.25
2022-05-09 11:30:00,5,921.25,2.04,25.7,274.66,73.43,94.58,115,17.48
2022-05-09 12:30:00,5,761.03,1.12,15.77,286.1,54.36,91.02,111.65,12.79
2022-05-09 13:30:00,5,714.3,1.01,15.94,286.1,52.45,89.78,112.94,11.15
2022-05-09 14:30:00,5,720.98,1.05,20.22,294.69,63.9,91.86,116.69,10.77
2022-05-09 15:30:00,5,754.36,1.1,26.05,297.55,77.25,95.16,121.04,11.02
2022-05-09 16:30:00,5,801.09,1.19,34.62,286.1,93.46,95.38,121.6,11.53
2022-05-09 17:30:00,5,834.47,0.94,42.5,248.91,100.14,88.78,114.87,12.16
2022-05-09 18:30:00,5,934.6,0.3,51.41,191.69,103.95,81.36,106.69,14.57
2022-05-09 19:30:00,5,1041.41,0.01,50.04,134.47,103.95,73.82,97.03,17.48
2022-05-09 20:30:00,5,1041.41,0,41.81,118.73,85.83,69.28,90.65,18.49
2022-05-09 21:30:00,5,1001.36,0,34.96,114.44,67.71,64.95,84.92,19
2022-05-09 22:30:00,5,1001.36,0,33.59,98.71,56.27,60.49,79.87,19.25
2022-05-09 23:30:00,5,947.95,0,31.53,87.98,48.16,55.48,71.86,17.48
2022-05-10 00:30:00,5,867.84,0,26.05,87.98,39.1,53.91,65.88,15.45
2022-05-10 01:30:00,5,854.49,0,21.93,90.84,34.33,59.42,69.72,15.83
2022-05-10 02:30:00,5,867.84,0,19.71,88.69,32.42,65.65,75.76,17.48
2022-05-10 03:30:00,5,894.55,0,20.22,81.54,32.9,70.92,81.32,19
2022-05-10 04:30:00,5,921.25,0,21.93,72.96,35.76,74,84.66,20.01
2022-05-10 05:30:00,5,947.95,0,25.02,62.94,39.58,74.89,86.29,20.52
2022-05-10 06:30:00,5,1054.76,0.13,32.22,47.21,47.68,76.01,89.97,22.29
2022-05-10 07:30:00,5,1255.04,2.88,41.81,38.98,59.13,80.74,99.43,25.08
2022-05-10 08:30:00,5,1335.14,5.98,45.24,67.95,68.66,83.96,103.74,25.33
2022-05-10 09:30:00,5,988.01,3.63,32.22,137.33,61.04,80.09,94.78,16.47
2022-05-10 10:30:00,5,894.55,2.32,24.68,197.41,58.65,87.81,101.21,14.19
2022-05-10 11:30:00,5,847.82,1.54,20.05,246.05,59.6,98.81,111.25,13.3
2022-05-10 12:30:00,5,774.38,1.02,15.42,260.35,49.59,99.17,113.04,10.89
2022-05-10 13:30:00,5,741,0.92,16.96,260.35,49.59,97.64,115.28,9.75
2022-05-10 14:30:00,5,761.03,0.87,21.93,268.94,61.04,101.19,120.86,9.63
2022-05-10 15:30:00,5,801.09,0.79,27.76,280.38,74.39,106.76,128.56,10.01
2022-05-10 16:30:00,5,847.82,0.63,30.16,274.66,78.2,107.38,130.93,10.64
2022-05-10 17:30:00,5,841.14,0.3,26.39,240.33,59.13,98.49,121.75,10.77
2022-05-10 18:30:00,5,1361.85,0.15,47.3,154.5,51.02,106.82,133.22,17.99
2022-05-10 19:30:00,5,2136.23,0.01,69.23,81.54,61.99,136.9,177.48,28.88
2022-05-10 20:30:00,5,2750.4,0,81.57,43.63,71.53,171.8,229.68,38.5
2022-05-10 21:30:00,5,2937.32,0,80.88,32.54,71.53,185.03,253.73,40.53
2022-05-10 22:30:00,5,2750.4,0,71.97,31.47,65.8,175.79,247.52,37.49
2022-05-10 23:30:00,5,2429.96,0.01,63.75,27.89,56.27,157.6,223.16,33.94
2022-05-11 00:30:00,5,2002.72,0.01,56.21,25.75,46.73,134.06,186.1,29.64
2022-05-11 01:30:00,5,1682.28,0,47.98,27.89,40.53,117.32,156.6,27.36
2022-05-11 02:30:00,5,1388.55,0,38.04,36.84,34.81,102.88,133.23,25.33
2022-05-11 03:30:00,5,1255.04,0,31.87,42.56,32.42,96.83,122.64,24.83
2022-05-11 04:30:00,5,1268.39,0,32.22,39.34,32.9,98.45,123.12,25.33
2022-05-11 05:30:00,5,1361.85,0.01,36.67,30.4,33.86,103.5,128.59,26.85
2022-05-11 06:30:00,5,1642.23,1.22,47.3,16.99,38.62,114.51,143.77,30.91
2022-05-11 07:30:00,5,2189.64,11.62,58.26,16.09,49.11,132.6,170.74,38.5
2022-05-11 08:30:00,5,2349.85,15.2,67.17,47.21,58.17,135.92,174.66,39.52
2022-05-11 09:30:00,5,1134.87,3.69,33.24,141.62,64.85,94.2,112.4,18.49
2022-05-11 10:30:00,5,947.95,2.01,22.96,211.72,64.85,101.01,117.31,14.06
2022-05-11 11:30:00,5,907.9,1.3,18.51,277.52,64.85,118.49,134.69,12.79
2022-05-11 12:30:00,5,841.14,0.85,14.22,300.41,52.45,118.5,135.79,11.02
2022-05-11 13:30:00,5,827.79,0.75,14.91,314.71,48.16,116.14,136.86,10.39
2022-05-11 14:30:00,5,854.49,0.63,16.45,326.16,49.59,118.88,142.64,10.51
2022-05-11 15:30:00,5,814.44,0.51,15.08,300.41,41.01,109.43,135.66,10.13
2022-05-11 16:30:00,5,787.73,0.46,16.11,271.8,34.81,102.82,129.41,10.13
2022-05-11 17:30:00,5,794.41,0.32,18.85,246.05,31.95,98.81,125.39,10.77
2022-05-11 18:30:00,5,1081.47,0.14,36.67,205.99,51.02,107.85,140.02,15.71
2022-05-11 19:30:00,5,1615.52,0,53.47,183.11,89.65,141.67,185.23,24.57
2022-05-11 20:30:00,5,1895.9,0,56.89,173.09,114.44,169.37,222.22,29.39
2022-05-11 21:30:00,5,1668.93,0,49.35,157.36,98.23,158.2,206.29,27.61
2022-05-11 22:30:00,5,1401.9,0,41.13,130.18,68.66,134.72,171.76,25.59
2022-05-11 23:30:00,5,1201.63,0,32.56,118.73,49.11,117.79,142.88,23.05
2022-05-12 00:30:00,5,988.01,0,24.33,124.45,37.67,106.07,122.32,20.27
2022-05-12 01:30:00,5,907.9,0,19.71,124.45,32.9,99.21,112.97,19.76
2022-05-12 02:30:00,5,881.2,0,18.34,115.87,32.42,92.88,105.88,20.52
2022-05-12 03:30:00,5,894.55,0,19.36,107.29,35.29,90.15,103.2,21.53
2022-05-12 04:30:00,5,921.25,0,20.56,100.14,37.19,90.06,103.39,22.55
2022-05-12 05:30:00,5,947.95,0,22.28,95.84,37.19,91.64,105.53,23.81
2022-05-12 06:30:00,5,1068.12,0.06,28.45,86.55,40.05,95.88,112.36,26.09
2022-05-12 07:30:00,5,1335.14,1.59,42.16,77.96,52.45,106.41,128.54,29.64
2022-05-12 08:30:00,5,1508.71,4.92,50.72,94.41,73.43,116.97,141.99,29.64
2022-05-12 09:30:00,5,1121.52,3.55,36.33,158.79,77.25,109.65,127.78,19.51
2022-05-12 10:30:00,5,1001.36,2.24,26.05,223.16,67.71,115.31,132.16,16.47
2022-05-12 11:30:00,5,934.6,1.3,18.85,288.96,59.13,127.89,144.25,15.2
2022-05-12 12:30:00,5,841.14,0.82,13.02,303.27,42.92,125.23,145.51,13.68
2022-05-12 13:30:00,5,801.09,0.74,12.85,303.27,37.67,120.03,147.16,12.79
2022-05-12 14:30:00,5,781.06,0.64,12.68,300.41,35.76,116.67,147.93,12.29
2022-05-12 15:30:00,5,694.27,0.57,10.97,254.63,27.66,102.85,136.75,11.4
2022-05-12 16:30:00,5,680.92,0.6,13.02,223.16,25.75,97.41,133.59,11.78
2022-05-12 17:30:00,5,700.95,0.5,16.28,194.55,25.75,93.41,132.46,12.29
2022-05-12 18:30:00,5,1054.76,0.27,36.67,158.79,42.44,104.73,151.4,17.73
2022-05-12 19:30:00,5,1628.88,0.01,56.89,125.89,74.39,135.83,193.86,27.61
2022-05-12 20:30:00,5,2082.82,0,64.43,118.73,101.09,174.23,243.79,34.96
2022-05-12 21:30:00,5,1976.01,0,52.78,134.47,98.23,186.55,255.89,33.94
2022-05-12 22:30:00,5,1708.98,0,47.98,131.61,84.88,171.29,230.78,30.91
2022-05-12 23:30:00,5,1468.66,0,41.47,118.73,66.76,154.06,203.28,28.12
2022-05-13 00:30:00,5,1241.68,0,31.19,110.15,48.64,140.97,175.62,25.59
2022-05-13 01:30:00,5,1161.58,0,24.68,108.72,40.53,136.45,162.48,25.08
2022-05-13 02:30:00,5,1134.87,0,21.08,108.72,37.67,137.1,159.19,25.33
2022-05-13 03:30:00,5,1148.22,0,20.73,105.86,36.72,141.01,161.6,26.09
2022-05-13 04:30:00,5,1188.28,0,21.25,103,36.24,146.38,166.15,26.35
2022-05-13 05:30:00,5,1241.68,0,23.65,97.27,36.24,153.15,173.15,27.11
2022-05-13 06:30:00,5,1428.6,0.08,32.56,85.83,40.53,165.7,189.2,30.15
2022-05-13 07:30:00,5,1869.2,2.21,52.09,78.68,51.98,190.63,221.86,35.97
2022-05-13 08:30:00,5,2136.23,5.7,63.06,111.58,65.8,209.91,244.17,36.98
2022-05-13 09:30:00,5,1482.01,3.63,42.84,197.41,73.43,181.93,211.35,26.35
2022-05-13 10:30:00,5,1415.25,2.79,38.73,280.38,84.88,192.97,226.85,24.57
2022-05-13 11:30:00,5,1535.42,1.73,34.27,423.43,103.95,249.37,287.87,25.33
2022-05-13 12:30:00,5,1308.44,0.95,22.28,457.76,84.88,232.31,274.25,19.76
2022-05-13 13:30:00,5,1028.06,0.68,15.77,389.1,55.31,181.3,221.72,15.33
2022-05-13 14:30:00,5,774.38,0.5,11.31,300.41,31.47,135.93,172.86,13.68
2022-05-13 15:30:00,5,560.76,0.46,8.65,220.3,18.84,85.72,121.38,11.53
2022-05-13 16:30:00,5,514.03,0.59,10.71,194.55,18.36,66.06,101.75,10.13
2022-05-13 17:30:00,5,507.35,0.57,14.05,181.67,19.55,56.68,92.27,9.25
2022-05-13 18:30:00,5,821.11,0.41,31.87,147.34,30.99,61.87,101.97,13.81
2022-05-13 19:30:00,5,1268.39,0.01,45.93,108.72,45.3,79.42,128.34,21.79
2022-05-13 20:30:00,5,1562.12,0,49.35,90.12,54.84,98.7,154.38,28.12
2022-05-13 21:30:00,5,2510.07,0,77.46,53.64,81.06,152.75,224.29,42.05
2022-05-13 22:30:00,5,3738.4,1.49,111.04,11,109.67,218.93,315.64,53.7
2022-05-13 23:30:00,5,4005.43,11.96,113.79,0.28,110.63,233.3,343.99,49.14
2022-05-14 00:30:00,5,3524.78,16.32,106.93,0.04,92.51,200.16,304.07,38
2022-05-14 01:30:00,5,3044.13,16.09,90.48,0.02,78.2,173.96,268.55,33.44
2022-05-14 02:30:00,5,2830.51,19,76.09,0,76.29,164.43,251.78,33.94
2022-05-14 03:30:00,5,2643.59,19.22,66.49,0.01,74.39,154.57,234.94,34.45
2022-05-14 04:30:00,5,2296.45,16.54,59.63,0.01,64.85,133.87,207.26,29.89
2022-05-14 05:30:00,5,1922.61,14.08,52.09,0.05,52.45,108.93,174.43,27.11
2022-05-14 06:30:00,5,2082.82,23.02,48.67,0.45,53.88,109.46,176.87,30.91
2022-05-14 07:30:00,5,3578.19,67.06,58.26,3.44,81.06,171.73,264.09,44.58
2022-05-14 08:30:00,5,5821.23,110.86,112.41,12.34,114.44,280.19,397.94,57.25
2022-05-14 09:30:00,5,1922.61,13.41,94.59,124.45,146.87,135.83,189.71,32.42
2022-05-14 10:30:00,5,1949.31,8.05,87.74,237.46,165.94,170.31,225.1,32.93
2022-05-14 11:30:00,5,1789.09,2.65,51.41,423.43,141.14,228.35,283.15,28.63
2022-05-14 12:30:00,5,807.76,0.72,11.82,308.99,41.48,123.95,163.76,13.3
2022-05-14 13:30:00,5,574.11,0.57,7.03,240.33,20.27,81.84,116.57,9.75
2022-05-14 14:30:00,5,514.03,0.54,6.43,214.58,16.21,66.8,97.87,8.61
2022-05-14 15:30:00,5,487.33,0.57,7.03,203.13,15.74,59.2,87.13,7.79
2022-05-14 16:30:00,5,500.68,0.58,9.42,203.13,18.12,58.71,85.78,7.98
2022-05-14 17:30:00,5,534.06,0.41,12.17,205.99,20.03,60.65,87.78,8.36
2022-05-14 18:30:00,5,814.44,0.2,27.08,188.83,32.9,72.98,104.67,13.05
2022-05-14 19:30:00,5,1068.12,0.01,32.22,161.65,41.48,85.58,123.34,18.24
2022-05-14 20:30:00,5,1148.22,0,31.19,141.62,41.96,88.13,128.44,21.03
2022-05-14 21:30:00,5,1455.31,0,40.1,108.72,46.73,98.08,143.94,26.6
2022-05-14 22:30:00,5,1895.9,0,54.15,72.96,55.31,116.45,171.14,31.92
2022-05-14 23:30:00,5,2029.42,0,60.32,53.64,55.79,121.34,176.96,30.65
2022-05-15 00:30:00,5,2136.23,0.02,69.92,26.11,55.79,126.35,181.25,26.35
2022-05-15 01:30:00,5,2323.15,1.68,74.71,4.38,60.08,138.53,197.62,25.84
2022-05-15 02:30:00,5,2429.96,7.82,70.6,0.15,63.9,148.02,214.08,27.87
2022-05-15 03:30:00,5,2510.07,14.08,65.12,0.01,67.71,154.48,229.15,33.94
2022-05-15 04:30:00,5,2349.85,16.54,58.95,0.01,63.9,149.02,226.71,39.01
2022-05-15 05:30:00,5,2162.93,17.43,52.09,0.01,57.7,137.32,211.76,41.54
2022-05-15 06:30:00,5,2456.67,29.5,50.72,0.34,64.85,147.15,227.21,49.65
2022-05-15 07:30:00,5,3845.21,68.84,59.63,3.4,92.51,200.8,307.95,61.81
2022-05-15 08:30:00,5,5340.58,91.2,108.3,15.38,116.35,262.91,393.04,62.32
2022-05-15 09:30:00,5,1562.12,7.26,52.09,128.75,61.99,93.31,153.28,26.09
2022-05-15 10:30:00,5,1041.41,2.37,26.39,211.72,49.11,81.88,138.2,20.27
2022-05-15 11:30:00,5,741,1.15,14.91,248.91,36.24,71.7,125.41,17.73
2022-05-15 12:30:00,4,340.46,0.54,4.93,164.51,11.44,38.26,81.78,6.02
2022-05-15 13:30:00,4,297.07,0.53,4.28,148.77,9.54,32.46,75.87,3.83
2022-05-15 14:30:00,4,293.73,0.56,4.67,147.34,10.01,32.27,78.03,3.61
2022-05-15 15:30:00,4,360.49,0.94,8.83,150.2,14.9,34.99,83.83,4.88
2022-05-15 16:30:00,4,473.98,1.3,16.45,148.77,21.93,39.25,92.29,6.9
2022-05-15 17:30:00,4,580.79,1.16,23.99,131.61,25.99,41.27,98.09,8.36
2022-05-15 18:30:00,5,1976.01,4.08,90.48,46.49,51.5,78.66,156.43,24.07
2022-05-15 19:30:00,5,3952.03,33.97,115.16,0.48,91.55,152.19,267.39,44.08
2022-05-15 20:30:00,5,5554.2,71.53,108.3,0,125.89,229.12,388.04,60.8
2022-05-15 21:30:00,5,7156.37,106.39,116.53,0,162.12,317.89,520.09,74.98
2022-05-15 22:30:00,5,8117.68,126.96,126.12,0,175.48,368.7,588.04,69.92
2022-05-15 23:30:00,5,7263.18,111.76,128.87,0,144.96,321.82,496.31,51.68
2022-05-16 00:30:00,5,4165.65,44.7,109.67,0,78.2,169.86,263.82,33.94
2022-05-16 01:30:00,5,2777.1,25.48,82.25,0,55.79,115.49,187.74,29.39
2022-05-16 02:30:00,5,1869.2,11.73,62.38,0.21,45.3,86.82,149.09,26.09
2022-05-16 03:30:00,5,1121.52,0.89,42.5,14.66,35.76,67.47,126.17,22.29
2022-05-16 04:30:00,5,680.92,0,22.28,50.07,28.37,60.52,127.49,18.24
2022-05-16 05:30:00,5,507.35,0,16.28,75.1,24.56,62.37,162.15,15.07
2022-05-16 06:30:00,5,453.95,0.01,16.62,80.82,25.03,66.06,211.33,14.19
2022-05-16 07:30:00,5,600.81,0.28,24.68,69.38,31.47,72.77,243.19,16.09
2022-05-16 08:30:00,5,700.95,1.4,29.13,68.66,37.19,79.16,268.47,16.72
2022-05-16 09:30:00,5,647.54,1.45,24.68,87.98,35.29,81.58,285.8,14.31
2022-05-16 10:30:00,5,560.76,0.83,19.71,104.43,31.95,84.83,307.2,12.79
2022-05-16 11:30:00,5,480.65,0.47,15.94,113.01,27.42,87.25,327.25,11.4
2022-05-16 12:30:00,5,387.19,0.58,11.31,118.73,20.27,78.77,294.67,8.04
2022-05-16 13:30:00,5,367.16,0.87,9.42,135.9,18.36,72.14,261.27,6.46
2022-05-16 14:30:00,5,367.16,0.94,8.65,155.93,18.12,70.44,250.08,6.21
2022-05-16 15:30:00,5,363.83,0.84,9,157.36,17.4,65.03,223.98,5.76
2022-05-16 16:30:00,5,413.89,0.77,14.05,154.5,22.41,64.32,211.65,6.71
2022-05-16 17:30:00,5,500.68,0.39,23.31,171.66,40.53,77.13,235.37,8.23
2022-05-16 18:30:00,5,1081.47,0.1,47.3,183.11,65.8,127.99,303.08,17.48
2022-05-16 19:30:00,5,1695.63,0,53.47,157.36,72.48,182.56,336,28.37
2022-05-16 20:30:00,5,1976.01,0,51.41,120.16,71.53,201.96,319.83,34.45
2022-05-16 21:30:00,5,2109.53,0,52.78,91.55,70.57,201.05,295.09,36.98
2022-05-16 22:30:00,5,2483.37,0,65.8,70.1,82.02,226.45,313.99,41.54
2022-05-16 23:30:00,5,2723.69,0,80.88,58.65,86.78,257.57,339.57,40.53
2022-05-17 00:30:00,5,2803.8,0,87.74,46.49,73.43,280.28,356.21,34.45
2022-05-17 01:30:00,5,2990.72,0,85.68,31.11,61.99,301.6,377.99,32.42
2022-05-17 02:30:00,5,3150.94,0.02,83.63,20.03,58.17,323.04,402.81,34.45
2022-05-17 03:30:00,5,3417.97,0.57,89.11,8.05,61.99,351.8,441.02,38
2022-05-17 04:30:00,5,3524.78,2.43,85,2.39,58.65,367.86,460.06,36.98
2022-05-17 05:30:00,5,3337.86,5.53,74.03,0.87,51.5,361.43,449.25,35.97
2022-05-17 06:30:00,5,3311.16,15.87,65.12,2.46,53.88,349.21,437.82,41.54
2022-05-17 07:30:00,5,4486.08,43.36,82.25,7.69,76.29,399.61,509.42,56.24
2022-05-17 08:30:00,5,5661.01,49.17,128.87,29.68,102.04,465.14,594.3,64.85
2022-05-17 09:30:00,5,2136.23,10.62,94.59,141.62,175.48,273.92,373.39,35.46
2022-05-17 10:30:00,5,1762.39,7.26,87.74,211.72,205.99,272.13,370.21,27.11
2022-05-17 11:30:00,5,1562.12,5.31,85,266.08,240.33,282.9,374.49,22.55
2022-05-17 12:30:00,5,1054.76,2.37,45.24,277.52,160.22,211.25,328.69,16.72
2022-05-17 13:30:00,5,854.49,1.23,26.73,286.1,104.9,183.63,328.94,12.67
2022-05-17 14:30:00,5,867.84,0.85,22.62,306.13,86.78,184.69,340.33,12.16
2022-05-17 15:30:00,5,961.3,1.1,29.82,294.69,90.6,182.51,339.21,14.06
2022-05-17 16:30:00,5,988.01,1.66,39.41,223.16,99.18,153.97,300.54,14.57
2022-05-17 17:30:00,5,854.49,1.4,37.7,160.22,82.97,123.07,257.48,12.67
2022-05-17 18:30:00,5,907.9,0.36,35.64,147.34,66.76,122.7,224.93,13.81
2022-05-17 19:30:00,5,1041.41,0.01,37.01,123.02,66.76,117.08,187.46,16.72
2022-05-17 20:30:00,5,1108.17,0,36.67,110.15,66.76,116.44,180.86,18.49
2022-05-17 21:30:00,5,1201.63,0,34.96,110.15,61.04,127.32,187.55,21.03
2022-05-17 22:30:00,5,1375.2,0,35.3,113.01,56.27,146.5,197.4,24.57
2022-05-17 23:30:00,5,1415.25,0,36.33,115.87,56.27,155.46,195.95,24.57
2022-05-18 00:30:00,5,1308.44,0,34.62,114.44,53.88,150.08,182.62,21.79
2022-05-18 01:30:00,5,1214.98,0,31.53,105.86,51.02,141.47,170.74,21.79
2022-05-18 02:30:00,5,1108.17,0,27.42,97.27,45.78,132,161.16,22.04
2022-05-18 03:30:00,5,1161.58,0,27.42,80.11,40.05,132.42,166.53,22.55
2022-05-18 04:30:00,5,1348.5,0,33.59,58.65,38.62,142.42,184.35,23.81
2022-05-18 05:30:00,5,1628.88,0.01,45.24,36.84,42.92,157.37,208.74,26.85
2022-05-18 06:30:00,5,2323.15,5.09,68.55,10.73,58.65,190.64,258.86,36.48
2022-05-18 07:30:00,5,3631.59,32.19,89.11,8.31,82.02,243.6,338.7,51.68
2022-05-18 08:30:00,5,4272.46,39.34,117.9,33.97,94.41,261.05,371.92,55.22
2022-05-18 09:30:00,5,1949.31,10.84,80.2,121.59,121.12,169.19,250.47,29.39
2022-05-18 10:30:00,5,1789.09,7.26,78.83,211.72,148.77,185.4,265.36,28.37
2022-05-18 11:30:00,5,2029.42,4.69,83.63,357.63,185.01,248.02,330.29,31.16
2022-05-18 12:30:00,5,834.47,1.9,28.79,274.66,77.25,142.71,291.13,10.26
2022-05-18 13:30:00,5,647.54,0.99,16.62,271.8,51.02,131.5,304.65,7.22
2022-05-18 14:30:00,5,627.52,0.76,15.25,274.66,46.25,130.66,305.71,6.84
2022-05-18 15:30:00,5,587.46,0.6,14.91,257.49,39.1,122.17,295.52,6.59
2022-05-18 16:30:00,5,580.79,0.49,16.96,234.6,35.29,115.14,282.67,6.97
2022-05-18 17:30:00,5,600.81,0.32,20.73,208.85,34.33,108.57,270.38,7.85
2022-05-18 18:30:00,5,921.25,0.16,43.87,165.94,57.7,115.36,274.96,13.68
2022-05-18 19:30:00,5,1482.01,0.01,70.6,118.73,102.04,139.36,303.34,23.81
2022-05-18 20:30:00,5,1735.69,0,74.03,94.41,122.07,153.47,307.85,29.64
2022-05-18 21:30:00,5,1895.9,0,67.17,75.1,95.37,156.38,292.89,33.44
2022-05-18 22:30:00,5,2189.64,0,73.34,49.35,75.34,165.68,311.52,38
2022-05-18 23:30:00,5,2243.04,0,79.51,30.4,65.8,164.08,317.61,36.48
2022-05-19 00:30:00,5,1949.31,0.01,71.29,24.68,52.93,147.12,290.92,30.91
2022-05-19 01:30:00,5,1575.47,0,54.15,29.33,43.39,129.7,265.1,27.61
2022-05-19 02:30:00,5,1201.63,0,38.04,39.34,35.76,114.05,247.78,24.83
2022-05-19 03:30:00,5,934.6,0,27.76,51.5,29.56,103.5,232.98,22.55
2022-05-19 04:30:00,5,827.79,0,22.96,57.94,27.89,100.43,222.35,22.04
2022-05-19 05:30:00,5,834.47,0,22.62,57.94,29.8,102.48,214.86,23.05
2022-05-19 06:30:00,5,1041.41,0.18,31.53,50.07,37.19,115.46,218.22,26.6
2022-05-19 07:30:00,5,1575.47,4.36,50.72,41.48,52.93,142.22,244.71,33.94
2022-05-19 08:30:00,5,2082.82,11.06,67.86,63.66,72.48,169.59,273.09,39.52
2022-05-19 09:30:00,5,1695.63,6.37,58.26,155.93,86.78,164.52,268.19,31.41
2022-05-19 10:30:00,5,1562.12,3.63,47.98,268.94,94.41,185.31,293.92,27.36
2022-05-19 11:30:00,5,1468.66,1.82,35.3,406.27,95.37,225.8,337,24.07
2022-05-19 12:30:00,5,881.2,0.92,16.28,349.04,51.02,167.56,292.6,13.55
2022-05-19 13:30:00,5,634.19,0.81,11.82,286.1,33.38,126.49,259.39,9.5
2022-05-19 14:30:00,5,527.38,0.77,10.11,240.33,25.75,106.16,240.75,8.23
2022-05-19 15:30:00,5,527.38,1.09,13.54,200.27,25.51,95.09,230,9.12
2022-05-19 16:30:00,5,620.84,1.51,21.25,174.52,30.28,91.73,226.22,10.89
2022-05-19 17:30:00,5,707.63,1.33,28.79,145.91,31.95,86.5,221.76,11.91
2022-05-19 18:30:00,5,1255.04,0.67,52.78,103,41.01,98.81,240.54,18.75
2022-05-19 19:30:00,5,2136.23,0.03,78.14,55.79,62.94,132.56,291.03,31.66
2022-05-19 20:30:00,5,2910.61,0.02,98.71,24.32,83.92,170.12,347.22,43.06
2022-05-19 21:30:00,5,3578.19,1.34,112.41,6.62,106.81,211.86,407.61,52.18
2022-05-19 22:30:00,5,3845.21,2.68,113.79,3.08,120.16,241.18,449.13,55.22
2022-05-19 23:30:00,5,3311.16,0.64,95.96,11,106.81,228.73,428.38,47.12
2022-05-20 00:30:00,5,2483.37,0,71.29,30.04,84.88,194.11,368.69,34.45
2022-05-20 01:30:00,5,2189.64,0,63.75,40.77,81.06,183.9,338.89,29.64
2022-05-20 02:30:00,5,2082.82,0,61.01,41.84,80.11,183.43,329.56,28.12
2022-05-20 03:30:00,5,2162.93,0,61.69,30.04,72.48,180.1,322.84,29.64
2022-05-20 04:30:00,5,2056.12,0.01,57.58,21.1,61.99,161.53,294.78,29.64
2022-05-20 05:30:00,5,1642.23,0,45.93,33.26,55.31,138.75,264.48,26.85
2022-05-20 06:30:00,5,1508.71,0.3,46.61,42.92,59.13,134.34,263.83,27.36
2022-05-20 07:30:00,5,2029.42,6.48,67.86,40.41,76.29,154.49,299.83,34.45
2022-05-20 08:30:00,5,2696.99,17.66,93.22,57.22,98.23,180.13,340.4,41.04
2022-05-20 09:30:00,5,2136.23,11.18,82.94,125.89,118.26,164.12,321.92,35.97
2022-05-20 10:30:00,5,2002.72,6.09,70.6,243.19,125.89,187.07,340.92,35.46
2022-05-20 11:30:00,5,1762.39,2.57,47.98,406.27,120.16,233.65,380.81,32.17
2022-05-20 12:30:00,5,707.63,1.02,14.39,274.66,41.96,120.15,241.58,12.16
2022-05-20 13:30:00,5,417.23,0.84,8.31,194.55,19.07,72.5,179.51,6.52
2022-05-20 14:30:00,5,350.48,0.8,7.2,168.8,14.07,58.1,153.06,5.13
2022-05-20 15:30:00,5,337.12,0.8,7.63,150.2,13.35,52.12,139.07,4.5
2022-05-20 16:30:00,5,373.84,0.91,11.14,140.19,17.17,51.41,135.54,5.07
2022-05-20 17:30:00,5,480.65,0.68,17.65,147.34,25.27,63.59,152.13,7.09
2022-05-20 18:30:00,5,1401.9,0.29,58.95,138.76,54.36,132.02,243.83,20.27
2022-05-20 19:30:00,5,2510.07,0.01,91.85,84.4,80.11,200.06,336.57,35.46
2022-05-20 20:30:00,5,3231.05,0,109.67,43.27,95.37,247.41,403.48,46.1
2022-05-20 21:30:00,5,3231.05,0,102.82,30.4,89.65,250.3,412.08,47.62
2022-05-20 22:30:00,5,2563.48,0,78.83,36.84,69.62,208.47,353.49,41.54
2022-05-20 23:30:00,5,1762.39,0,53.47,59.37,48.16,161.41,272.55,31.16
2022-05-21 00:30:00,5,1228.33,0,34.27,94.41,35.76,139.84,219.64,22.29
2022-05-21 01:30:00,5,1081.47,0,25.36,115.87,33.86,142.08,212.28,18.49
2022-05-21 02:30:00,5,1001.36,0,21.59,130.18,35.76,147.22,221.22,15.96
2022-05-21 03:30:00,5,921.25,0,19.19,137.33,36.24,150.01,231.5,14.44
2022-05-21 04:30:00,5,894.55,0,17.65,128.75,34.33,149.61,231.45,16.72
2022-05-21 05:30:00,5,921.25,0,18.16,110.15,32.42,150.68,226.45,21.53
2022-05-21 06:30:00,5,1081.47,0.08,23.31,92.98,33.38,160.05,229.99,26.85
2022-05-21 07:30:00,5,1361.85,1.54,33.24,89.41,38.62,178.87,249.24,30.4
2022-05-21 08:30:00,5,1428.6,3.07,35.64,131.61,43.39,187.38,264.59,27.11
2022-05-21 09:30:00,5,754.36,1.55,16.11,164.51,27.89,122.15,227.23,12.54
2022-05-21 10:30:00,5,640.87,1.24,12.68,185.97,25.99,111.01,225.28,10.89
2022-05-21 11:30:00,5,587.46,1.05,11.48,214.58,25.27,105.8,225.89,10.26
2022-05-21 12:30:00,5,440.6,0.71,9.25,183.11,18.36,80.73,210.63,7.66
2022-05-21 13:30:00,5,363.83,0.57,9.08,145.91,14.78,62.67,188.49,6.14
2022-05-21 14:30:00,5,350.48,0.36,10.28,130.18,14.66,57.23,177.84,5.89
2022-05-21 15:30:00,5,360.49,0.21,12.17,120.16,15.5,57.43,180.31,5.83
2022-05-21 16:30:00,5,393.87,0.18,15.59,111.58,18.36,61.42,190.21,6.21
2022-05-21 17:30:00,5,423.91,0.09,17.82,105.86,19.79,61.75,190.39,6.4
2022-05-21 18:30:00,5,1668.93,4.08,78.83,31.11,43.39,97.04,244.19,21.28
2022-05-21 19:30:00,5,3391.27,39.34,93.22,0.2,80.11,167.42,346.56,42.05
2022-05-21 20:30:00,5,4646.3,67.95,89.11,0,107.77,237.97,447.02,58.26
2022-05-21 21:30:00,5,5928.04,93.88,90.48,0,137.33,318.94,555.11,73.97
2022-05-21 22:30:00,5,7583.62,130.53,90.48,0,164.03,426.53,680.34,78.02
2022-05-21 23:30:00,5,7476.81,121.59,95.96,0,146.87,431.95,672.55,59.78
2022-05-22 00:30:00,5,4379.27,39.79,108.3,0,92.51,257.58,441.2,36.48
2022-05-22 01:30:00,5,3177.64,16.32,100.08,0.03,66.76,194.4,343.21,30.91
2022-05-22 02:30:00,5,2269.74,5.42,80.88,0.7,49.59,150.65,269.71,28.12
2022-05-22 03:30:00,5,1735.69,1.41,61.01,3.89,40.53,127.39,226.89,26.6
2022-05-22 04:30:00,5,1522.06,0.3,48.67,10.64,37.67,120.36,209.04,25.84
2022-05-22 05:30:00,5,1535.42,0.27,45.93,12.7,38.15,124.77,208.24,26.6
2022-05-22 06:30:00,5,1922.61,4.97,54.15,6.26,44.35,144.61,230.87,32.42
2022-05-22 07:30:00,5,2830.51,24.36,67.86,11.8,61.04,185.06,282.19,42.56
2022-05-22 08:30:00,5,3337.86,27.27,94.59,45.78,75.34,215.36,315.97,45.09
2022-05-22 09:30:00,5,1214.98,4.69,45.93,174.52,74.39,126.42,206.18,17.48
2022-05-22 10:30:00,5,974.66,2.49,29.47,243.19,64.85,127.52,211.07,14.44
2022-05-22 11:30:00,5,867.84,1.56,22.62,300.41,62.94,140.41,228.65,13.17
2022-05-22 12:30:00,5,634.19,0.89,12.68,283.24,41.48,120.7,215.2,10.01
2022-05-22 13:30:00,5,520.71,0.74,9.85,254.63,29.33,103.61,205.03,8.74
2022-05-22 14:30:00,5,507.35,0.72,10.02,251.77,27.66,99.95,208.6,8.49
2022-05-22 15:30:00,5,507.35,0.63,10.71,243.19,28.37,99.4,213.31,8.11
2022-05-22 16:30:00,5,600.81,0.5,15.77,274.66,43.87,118.64,228.07,7.98
2022-05-22 17:30:00,5,720.98,0.23,21.76,314.71,70.57,154.09,246.57,8.04
2022-05-22 18:30:00,5,794.41,0.07,25.02,228.88,65.8,141.03,208.38,10.26
2022-05-22 19:30:00,5,787.73,0,26.05,143.05,54.36,110.13,170.54,12.16
2022-05-22 20:30:00,5,847.82,0,25.36,133.04,51.5,118.02,170.68,14.82
2022-05-22 21:30:00,5,834.47,0,24.68,127.32,47.21,119.64,179.06,16.47
2022-05-22 22:30:00,5,781.06,0,25.02,115.87,43.87,102.83,168.52,17.48
2022-05-22 23:30:00,5,747.68,0,22.62,115.87,36.72,93.64,146.61,16.47
2022-05-23 00:30:00,5,714.3,0,18.85,108.72,30.52,93.64,137.48,15.2
2022-05-23 01:30:00,5,714.3,0,17.99,97.27,30.52,95.14,134.22,15.96
2022-05-23 02:30:00,5,714.3,0,16.28,88.69,29.33,93.3,128.5,17.23
2022-05-23 03:30:00,5,707.63,0,17.14,80.82,36.24,86.93,120.53,18.24
2022-05-23 04:30:00,5,700.95,0,19.19,71.53,47.68,81.21,113.48,19.25
2022-05-23 05:30:00,5,734.33,0,21.76,64.37,52.45,78.54,107.56,20.27
2022-05-23 06:30:00,5,847.82,0.1,26.39,60.8,50.07,76.96,97.85,19.25
2022-05-23 07:30:00,5,1068.12,1.84,38.04,56.51,59.6,83.77,102.17,18.24
2022-05-23 08:30:00,5,1188.28,5.87,45.24,62.94,77.25,93.41,109.95,13.17
2022-05-23 09:30:00,5,1108.17,4.69,37.01,85.12,66.76,97.69,113.51,9.5
2022-05-23 10:30:00,5,988.01,3.38,32.9,107.29,65.8,95.3,111.12,9.25
2022-05-23 11:30:00,5,881.2,3.3,31.19,127.32,70.57,90.19,103.13,8.36
2022-05-23 12:30:00,5,754.36,3.19,28.1,143.05,70.57,80.96,89.88,6.02
2022-05-23 13:30:00,5,707.63,2.18,20.91,173.09,57.7,74.88,83.35,5.57
2022-05-23 14:30:00,5,654.22,1.48,15.42,191.69,43.39,70.86,79.67,5.51
2022-05-23 15:30:00,5,687.6,1.48,18.16,168.8,35.76,67.05,76.55,6.78
2022-05-23 16:30:00,5,767.71,1.15,25.7,144.48,35.29,63.25,73.25,7.85
2022-05-23 17:30:00,5,894.55,0.31,34.62,133.04,36.72,65.75,76.58,9.25
2022-05-23 18:30:00,5,1028.06,0.01,39.07,115.87,40.05,67.57,80.4,11.27
2022-05-23 19:30:00,5,1121.52,0,38.73,101.57,41.01,70.04,83.51,13.43
2022-05-23 20:30:00,5,1134.87,0,37.01,92.98,40.05,71.75,84.39,13.55
2022-05-23 21:30:00,5,1148.22,0,34.62,91.55,38.62,75.27,89.03,13.68
2022-05-23 22:30:00,5,1268.39,0,37.7,80.11,43.39,82.51,98.59,14.19
2022-05-23 23:30:00,5,1214.98,0,36.67,65.8,43.39,79.66,94.78,11.4
2022-05-24 00:30:00,5,1001.36,0,30.85,65.09,38.62,67.73,77.18,7.09
2022-05-24 01:30:00,5,847.82,0,27.42,66.52,37.67,58.98,65.5,5.95
2022-05-24 02:30:00,4,660.9,0,20.56,83.68,30.99,45.5,49.83,4.81
2022-05-24 03:30:00,4,647.54,0,17.48,92.98,28.61,46.42,49.86,3.83
2022-05-24 04:30:00,5,700.95,0,18.85,87.98,30.04,50.95,54.99,4.05
2022-05-24 05:30:00,5,754.36,0,22.28,82.25,33.38,54.38,59.59,4.75
2022-05-24 06:30:00,5,867.84,0.13,28.79,77.25,38.15,60.75,68.36,6.46
2022-05-24 07:30:00,5,1054.76,2.01,34.62,64.37,43.87,68.05,78.62,9.37
2022-05-24 08:30:00,5,1108.17,4.41,34.96,67.95,45.78,72.38,82.92,10.77
2022-05-24 09:30:00,5,834.47,3.02,23.99,104.43,35.76,63.25,70.59,7.85
2022-05-24 10:30:00,5,720.98,2.54,20.56,123.02,34.81,55.52,62.65,7.41
2022-05-24 11:30:00,5,680.92,2.1,19.02,143.05,35.76,55.9,63.52,7.54
2022-05-24 12:30:00,5,634.19,1.56,15.08,165.94,31.47,61.18,98.7,7.16
2022-05-24 13:30:00,5,614.17,1.48,14.91,181.67,30.99,72.1,156.78,7.09
2022-05-24 14:30:00,5,654.22,1.59,16.79,211.72,36.72,85.96,190.72,7.66
2022-05-24 15:30:00,5,841.14,2.01,26.73,257.49,56.74,112.61,228.76,10.39
2022-05-24 16:30:00,5,1201.63,2.57,49.35,297.55,101.09,156.41,271.51,15.07
2022-05-24 17:30:00,5,1281.74,2.37,66.49,248.91,137.33,151.69,225.52,15.33
2022-05-24 18:30:00,5,1148.22,0.95,57.58,151.63,111.58,99.66,132.23,15.58
2022-05-24 19:30:00,5,1255.04,0.03,49.35,95.84,78.2,83.82,108.75,20.01
2022-05-24 20:30:00,5,1375.2,0,50.04,71.53,72.48,86.33,114.23,24.07
2022-05-24 21:30:00,5,1548.77,0,52.78,63.66,66.76,96.6,128.97,26.85
2022-05-24 22:30:00,5,1815.8,0,56.21,55.79,59.6,113.63,152.16,29.13
2022-05-24 23:30:00,5,1842.5,0,57.58,50.07,51.02,117.22,156.49,25.33
2022-05-25 00:30:00,5,1922.61,0.01,65.12,33.26,39.1,122.29,161.73,17.99
2022-05-25 01:30:00,5,2136.23,0.15,67.86,17.34,33.86,138.69,181.44,14.82
2022-05-25 02:30:00,5,2269.74,0.58,64.43,9.66,33.38,153.81,198.94,14.57
2022-05-25 03:30:00,5,2536.77,3.1,64.43,2.66,38.15,176.7,227.1,15.96
2022-05-25 04:30:00,5,2937.32,9.72,66.49,0.22,43.87,212.15,269.71,15.58
2022-05-25 05:30:00,5,3391.27,18.78,69.23,0.01,50.07,248.75,314.78,15.2
2022-05-25 06:30:00,5,3845.21,33.97,66.49,0.56,56.74,272.65,353.62,19
2022-05-25 07:30:00,5,4753.11,63.48,68.55,4.69,69.62,311.91,418.19,32.42
2022-05-25 08:30:00,5,5554.2,62.58,106.93,22.71,81.06,350.24,469.89,45.6
2022-05-25 09:30:00,5,1789.09,17.88,98.71,101.57,211.72,166.81,237.29,16.97
2022-05-25 10:30:00,5,1361.85,13.19,89.11,153.06,215.53,160.96,234.49,11.27
2022-05-25 11:30:00,5,1321.79,8.05,76.77,231.74,204.09,190.26,262.79,9.25
2022-05-25 12:30:00,5,1268.39,3.3,47.3,340.46,158.31,219.53,283.23,8.23
2022-05-25 13:30:00,5,1174.93,1.23,23.65,417.71,109.67,218.12,268.67,9.37
2022-05-25 14:30:00,5,1121.52,0.89,19.02,423.43,86.78,206.24,248.75,9.5
2022-05-25 15:30:00,5,1028.06,0.91,19.36,371.93,66.76,169.56,203.15,9.75
2022-05-25 16:30:00,5,934.6,1.08,22.96,297.55,53.88,128.9,154.22,10.26
2022-05-25 17:30:00,5,921.25,1.05,28.79,228.88,47.21,100.82,120.77,10.89
2022-05-25 18:30:00,5,1415.25,0.73,56.21,155.93,53.88,106.91,133.74,18.24
2022-05-25 19:30:00,5,2162.93,0.04,78.83,97.27,65.8,137.48,181.09,28.88
2022-05-25 20:30:00,5,2510.07,0,80.2,75.1,69.62,160.44,215.42,34.45
2022-05-25 21:30:00,5,3070.83,0,91.85,53.64,76.29,201.37,270.9,42.56
2022-05-25 22:30:00,5,4112.24,0.63,117.9,16.45,87.74,269.47,362.91,52.18
2022-05-25 23:30:00,5,4806.52,7.71,126.12,1.08,88.69,317.47,425.62,52.18
2022-05-26 00:30:00,5,5180.36,19.67,120.64,0.04,78.2,348.91,469.33,44.08
2022-05-26 01:30:00,5,5874.63,33.53,115.16,0,72.48,401.16,536.01,42.05
2022-05-26 02:30:00,5,6568.91,43.81,111.04,0,70.57,455.56,600.82,42.05
2022-05-26 03:30:00,5,6942.75,47.83,109.67,0,68.66,493.61,636.54,41.04
2022-05-26 04:30:00,5,7049.56,47.39,109.67,0,63.9,507.02,643.09,38.5
2022-05-26 05:30:00,5,6942.75,48.28,106.93,0,59.13,511.92,640.82,32.93
2022-05-26 06:30:00,5,6942.75,62.58,100.08,0.48,61.99,509.29,640.14,34.96
2022-05-26 07:30:00,5,8438.11,114.44,105.56,3.93,81.06,580.65,741.3,54.72
2022-05-26 08:30:00,5,10360.72,137.69,180.96,18.24,98.23,700.12,889.2,66.88
2022-05-26 09:30:00,5,2136.23,10.84,91.85,161.65,160.22,236.02,286.65,15.07
2022-05-26 10:30:00,5,1562.12,4.64,55.52,271.8,129.7,212.38,248.78,11.53
2022-05-26 11:30:00,5,1482.01,1.93,33.24,406.27,117.3,251.23,284.23,11.15
2022-05-26 12:30:00,5,1295.09,1.01,20.22,452.04,93.46,231.77,258.69,11.78
2022-05-26 13:30:00,5,1094.82,0.91,17.31,417.71,74.39,184.32,204.85,11.65
2022-05-26 14:30:00,5,1014.71,0.92,17.48,383.38,67.71,162.86,180.95,11.15
2022-05-26 15:30:00,5,1148.22,1.4,27.42,354.77,72.48,158.5,178.35,13.55
2022-05-26 16:30:00,5,1455.31,2.01,45.24,314.71,79.15,160.15,184.23,17.48
2022-05-26 17:30:00,5,1762.39,2.04,65.8,248.91,82.02,153.61,181.98,21.28
2022-05-26 18:30:00,5,3391.27,2.35,139.83,110.15,101.09,209.09,263.54,40.53
2022-05-26 19:30:00,5,5661.01,12.18,183.7,7.42,129.7,324.41,420.97,65.86
2022-05-26 20:30:00,5,7156.37,44.7,160.4,0,141.14,422.94,556.58,81.06
2022-05-26 21:30:00,5,7049.56,46.49,141.2,0,127.79,438.91,589.58,79.04
2022-05-26 22:30:00,5,6034.85,37.1,119.27,0,106.81,399.76,540.56,68.9
2022-05-26 23:30:00,5,4539.49,24.36,100.08,0.16,79.15,311.13,417.8,51.68
2022-05-27 00:30:00,5,1976.01,0,60.32,39.34,48.16,157.47,209.82,29.13
2022-05-27 01:30:00,5,1468.66,0,44.55,52.93,39.1,123.87,162.37,24.32
2022-05-27 02:30:00,5,1228.33,0,34.27,60.8,32.42,109.11,140.24,23.05
2022-05-27 03:30:00,5,1188.28,0,31.19,58.65,30.04,106.82,135.21,23.56
2022-05-27 04:30:00,5,1268.39,0,33.93,47.92,31.47,112.96,142.18,24.57
2022-05-27 05:30:00,5,1415.25,0.01,40.44,34.33,34.33,122.09,154.09,26.6
2022-05-27 06:30:00,5,1815.8,2.26,55.52,15.74,42.92,141.1,180.93,32.17
2022-05-27 07:30:00,5,2563.48,17.88,68.55,12.16,56.27,171.27,224.54,41.04
2022-05-27 08:30:00,5,2910.61,23.02,81.57,40.41,64.85,183.3,240.38,42.05
2022-05-27 09:30:00,5,1268.39,4.14,40.44,168.8,63.9,121.59,154.16,18.49
2022-05-27 10:30:00,5,1081.47,2.24,26.73,248.91,59.6,130.7,163.3,15.96
2022-05-27 11:30:00,5,1028.06,1.29,19.36,323.3,56.74,151.73,189.13,15.2
2022-05-27 12:30:00,5,801.09,0.91,13.02,297.55,41.48,129.02,196.16,11.53
2022-05-27 13:30:00,5,660.9,0.92,11.65,248.91,33.86,108.26,207.88,10.13
2022-05-27 14:30:00,5,600.81,0.91,11.14,217.44,29.09,95.45,213.69,10.51
2022-05-27 15:30:00,5,540.73,0.99,11.82,185.97,24.8,77.52,210.38,10.26
2022-05-27 16:30:00,5,520.71,1.24,15.42,157.36,24.08,64.98,206.49,9.5
2022-05-27 17:30:00,5,514.03,1.2,19.36,124.45,22.65,59.55,204.67,8.74
2022-05-27 18:30:00,5,660.9,0.69,30.5,91.55,28.85,63.7,211.21,10.89
2022-05-27 19:30:00,5,807.76,0.03,36.33,66.52,33.86,69.34,210.44,14.44
2022-05-27 20:30:00,5,841.14,0,34.62,56.51,32.42,69.67,192.5,16.21
2022-05-27 21:30:00,5,1134.87,0,43.87,40.41,35.76,78.88,187.19,21.53
2022-05-27 22:30:00,5,1615.52,0.28,59.63,17.17,43.87,98.73,204.81,28.88
2022-05-27 23:30:00,5,1815.8,2.35,64.43,4.29,45.78,105.93,206.36,29.64
2022-05-28 00:30:00,5,1762.39,6.54,59.63,0.89,39.58,100.68,192.34,24.07
2022-05-28 01:30:00,5,1615.52,6.93,51.41,0.54,32.9,96.39,181.26,20.01
2022-05-28 02:30:00,5,1495.36,6.37,45.24,0.63,29.33,93.99,174.61,18.49
2022-05-28 03:30:00,5,1361.85,4.47,41.13,1.24,27.18,89.91,168.64,17.99
2022-05-28 04:30:00,5,1268.39,2.79,38.73,2.46,26.46,85.92,162.04,17.73
2022-05-28 05:30:00,5,1174.93,1.62,38.39,4.96,26.23,79.91,153.3,18.24
2022-05-28 06:30:00,5,1161.58,2.29,40.1,10.55,29.56,75.33,148.7,20.77
2022-05-28 07:30:00,5,1655.58,14.53,47.3,14.66,40.05,91.16,175.93,27.61
2022-05-28 08:30:00,5,1895.9,19.45,58.95,38.62,47.68,98.81,201.38,29.89
2022-05-28 09:30:00,5,834.47,4.92,28.1,101.57,36.72,73.2,265.87,16.47
2022-05-28 10:30:00,5,660.9,2.18,17.82,157.36,33.38,85.16,312.72,14.57
2022-05-28 11:30:00,5,580.79,1.22,12.85,200.27,32.42,98.53,344.95,13.55
2022-05-28 12:30:00,5,487.33,0.91,9.77,197.41,26.46,97.41,348.01,10.89
2022-05-28 13:30:00,5,427.25,0.92,9.42,180.24,22.17,90.41,325.6,8.49
2022-05-28 14:30:00,5,417.23,0.99,10.37,170.23,21.22,89.3,323.67,7.6
2022-05-28 15:30:00,5,494,1.45,15.77,161.65,26.23,92.37,331.57,8.49
2022-05-28 16:30:00,5,594.14,1.96,22.62,140.19,29.33,91.7,324.33,9.5
2022-05-28 17:30:00,5,660.9,2.07,28.79,105.86,27.42,83.68,293.11,9.5
2022-05-28 18:30:00,5,1241.68,2.54,60.32,53.64,35.76,93.76,290.24,16.47
2022-05-28 19:30:00,5,2136.23,6.09,93.22,5.14,51.98,122.83,318.08,27.11
2022-05-28 20:30:00,5,2563.48,18.55,89.11,0.03,57.7,140.2,324.08,32.93
2022-05-28 21:30:00,5,2243.04,10.06,76.77,0.45,47.21,131.25,297.81,33.94
2022-05-28 22:30:00,5,1842.5,3.63,60.32,2.28,38.15,119.11,277.18,35.46
2022-05-28 23:30:00,5,1575.47,1.36,52.09,5.81,31.95,107.49,258.84,32.42
2022-05-29 00:30:00,5,1482.01,2.32,50.72,3.8,27.66,102.36,244.77,26.85
2022-05-29 01:30:00,5,1562.12,5.87,47.3,0.64,27.66,107.56,250.55,24.83
2022-05-29 02:30:00,5,1628.88,9.72,42.84,0.12,29.09,114.04,263.95,24.83
2022-05-29 03:30:00,5,1708.98,12.74,40.78,0.06,31.95,121.23,283.9,24.57
2022-05-29 04:30:00,5,1588.82,9.83,41.13,0.33,30.99,119.57,291.52,21.28
2022-05-29 05:30:00,5,1255.04,3.05,40.44,4.07,27.42,105.45,275.49,18.49
2022-05-29 06:30:00,5,694.27,0.31,25.36,38.27,23.6,78.31,264.39,16.72
2022-05-29 07:30:00,5,881.2,3.86,31.19,40.41,30.99,86.2,298.17,20.52
2022-05-29 08:30:00,5,974.66,6.31,33.93,65.8,36.72,96.48,339.8,21.28
2022-05-29 09:30:00,5,774.38,3.69,24.33,115.87,37.67,100.32,368.22,18.75
2022-05-29 10:30:00,5,747.68,2.1,19.36,183.11,41.48,115,393.72,18.49
2022-05-29 11:30:00,5,741,1.24,15.77,254.63,45.78,133.63,418.16,18.24
2022-05-29 12:30:00,5,600.81,0.87,11.31,248.91,36.24,118.99,369.01,13.55
2022-05-29 13:30:00,5,500.68,0.8,10.28,217.44,27.89,99.21,326.47,10.26
2022-05-29 14:30:00,5,460.62,0.75,10.45,200.27,24.8,92.7,321.72,9.63
2022-05-29 15:30:00,5,627.52,1.47,20.39,183.11,32.9,97.98,337.76,11.65
2022-05-29 16:30:00,5,881.2,2.21,33.24,175.95,41.96,107.12,353.65,14.31
2022-05-29 17:30:00,5,1094.82,2.35,45.93,153.06,46.25,113.16,365.75,16.21
2022-05-29 18:30:00,5,1455.31,1.27,63.06,113.01,53.88,124.16,380.76,21.03
2022-05-29 19:30:00,5,2056.12,0.06,79.51,67.23,72.48,149.26,399.69,30.4
2022-05-29 20:30:00,5,2323.15,0,78.14,47.21,85.83,164.74,394.56,35.46
2022-05-29 21:30:00,5,1842.5,0,54.84,72.24,70.57,155.1,336.6,32.42
2022-05-29 22:30:00,5,1468.66,0,38.39,90.84,48.16,145.46,287.73,29.13
2022-05-29 23:30:00,5,1201.63,0,29.82,91.55,33.38,129.72,243.64,25.33
2022-05-30 00:30:00,5,934.6,0,21.93,94.41,26.46,116.83,207.24,22.55
2022-05-30 01:30:00,5,921.25,0,21.08,87.98,27.42,117.91,194.53,23.31
2022-05-30 02:30:00,5,921.25,0,19.71,79.39,26.46,120.08,187.97,24.57
2022-05-30 03:30:00,5,921.25,0,19.36,72.24,26.46,122.09,186.99,25.59
2022-05-30 04:30:00,5,934.6,0,19.71,67.95,26.94,124.87,190.23,25.84
2022-05-30 05:30:00,5,974.66,0,21.08,67.23,28.13,129.78,196.57,25.59
2022-05-30 06:30:00,5,1134.87,0.16,27.42,65.8,32.42,139.79,210.3,26.85
2022-05-30 07:30:00,5,1468.66,2.79,40.44,65.8,42.92,156.51,235.63,32.17
2022-05-30 08:30:00,5,1735.69,6.43,50.72,92.98,55.79,171.23,261.26,34.96
2022-05-30 09:30:00,5,1482.01,5.31,45.93,155.93,71.53,162.63,294.64,30.65
2022-05-30 10:30:00,5,1482.01,3.8,44.55,251.77,86.78,182.5,348.96,29.89
2022-05-30 11:30:00,5,1428.6,2.18,35.99,366.21,92.51,217.79,424.57,26.85
2022-05-30 12:30:00,5,907.9,1.17,19.54,343.32,56.27,176.06,440.83,16.72
2022-05-30 13:30:00,5,607.49,1.03,14.74,271.8,35.29,135.23,435.93,12.29
2022-05-30 14:30:00,5,453.95,1.01,12.51,208.85,25.03,109.09,413.36,9.63
2022-05-30 15:30:00,5,1041.41,4.08,41.47,161.65,35.76,113.43,390.56,15.45
2022-05-30 16:30:00,5,2109.53,8.16,91.85,144.48,53.88,145.34,414.85,25.08
2022-05-30 17:30:00,5,3017.43,9.83,138.46,111.58,65.8,169.75,446.38,31.16
2022-05-30 18:30:00,5,4165.65,12.96,191.93,40.05,85.83,210.26,507.84,44.58
2022-05-30 19:30:00,5,5607.6,38.89,197.41,1.12,113.49,278.72,601.62,64.34
2022-05-30 20:30:00,5,6782.53,77.78,165.88,0,133.51,349.52,690.69,81.06
2022-05-30 21:30:00,5,7797.24,101.03,149.43,0,144.96,402.37,751.47,100.31
2022-05-30 22:30:00,5,8331.3,114.44,142.57,0,146.87,430.48,790.46,115.51
2022-05-30 23:30:00,5,7690.43,108.18,131.61,0,122.07,383.78,737.59,106.39
2022-05-31 00:30:00,5,5340.58,67.06,113.79,0,81.06,273.8,578.89,70.93
2022-05-31 01:30:00,5,3417.97,29.5,89.11,0,54.84,205.94,445.71,48.13
2022-05-31 02:30:00,5,2296.45,12.07,64.43,0.2,40.05,171.07,366.19,39.52
2022-05-31 03:30:00,5,1548.77,2.85,48.67,1.65,31.95,136.3,316.41,35.97
2022-05-31 04:30:00,5,1428.6,4.25,43.87,0.75,32.9,125,302.5,33.44
2022-05-31 05:30:00,5,1428.6,7.04,42.84,0.28,33.86,116.23,290.63,30.91
2022-05-31 06:30:00,5,1615.52,13.19,45.24,1.25,39.58,116.28,290.62,31.92
2022-05-31 07:30:00,5,2162.93,29.95,52.09,8.4,52.93,132.95,316.29,37.49
2022-05-31 08:30:00,5,2376.56,32.63,69.92,29.68,61.04,137.9,332.15,38
2022-05-31 09:30:00,5,1321.79,10.28,52.78,98.71,65.8,106.39,300.14,29.13
2022-05-31 10:30:00,5,1401.9,5.81,51.41,200.27,90.6,140.5,341.57,32.42
2022-05-31 11:30:00,5,1735.69,2.57,42.5,389.1,121.12,238.05,446.79,35.46
2022-05-31 12:30:00,5,1174.93,1.06,21.42,400.54,76.29,215.58,427.22,24.32
2022-05-31 13:30:00,5,988.01,0.77,18.68,371.93,53.88,202.47,416.33,21.28
2022-05-31 14:30:00,5,974.66,0.57,19.19,351.91,43.39,206.02,414.56,21.53
2022-05-31 15:30:00,5,894.55,0.52,18.68,306.13,37.67,190.93,379.45,18.24
2022-05-31 16:30:00,5,867.84,0.65,21.93,286.1,44.82,176.76,349.58,14.95
2022-05-31 17:30:00,5,867.84,0.61,26.73,260.35,48.16,162.3,319.41,14.06
2022-05-31 18:30:00,5,3124.24,2.24,141.2,114.44,91.55,249.38,432.57,38.5
2022-05-31 19:30:00,5,6675.72,27.05,238.54,4.02,156.4,430.73,667.73,74.98
2022-05-31 20:30:00,5,9078.98,79.57,249.51,0,196.46,584.73,863.64,103.35
2022-05-31 21:30:00,5,10040.28,92.98,254.99,0,221.25,666,963.73,122.61
2022-05-31 22:30:00,5,11215.21,101.92,252.25,0,244.14,772.31,1081.57,133.75
2022-05-31 23:30:00,5,12069.7,98.35,241.28,0,236.51,864.27,1164.54,116.53
2022-06-01 00:30:00,5,10894.78,67.95,224.83,0,179.29,799.3,1069.62,74.98
2022-06-01 01:30:00,5,9613.04,51.86,200.15,0,129.7,693.84,940.38,51.68
2022-06-01 02:30:00,5,9078.98,53.2,180.96,0,101.09,650.13,887.77,41.54
2022-06-01 03:30:00,5,8544.92,52.3,161.77,0,82.97,622.36,849.21,36.48
2022-06-01 04:30:00,5,7049.56,39.79,128.87,0,66.76,529.96,721.92,34.45
2022-06-01 05:30:00,5,4913.33,22.58,94.59,0.03,54.84,387.36,541.92,32.93
2022-06-01 06:30:00,5,2803.8,7.26,69.92,3.35,50.07,250.35,390.51,33.44
2022-06-01 07:30:00,5,2990.72,19.89,76.09,16.45,61.04,245.33,401.8,41.04
2022-06-01 08:30:00,5,3471.37,26.15,104.19,50.07,74.39,260.82,435.09,45.6
2022-06-01 09:30:00,5,2269.74,9.28,80.88,160.22,93.46,210.83,364.07,34.45
2022-06-01 10:30:00,5,2002.72,4.86,62.38,280.38,103.95,227.5,371.13,32.93
2022-06-01 11:30:00,5,1642.23,2.18,39.07,394.82,97.27,244.81,375.65,28.88
2022-06-01 12:30:00,5,700.95,0.95,12.68,263.21,35.76,121.91,221.74,12.16
2022-06-01 13:30:00,5,554.08,0.8,10.2,217.44,23.84,96.56,195.46,9.5
2022-06-01 14:30:00,5,514.03,0.71,10.28,200.27,21.93,90.4,196.54,8.87
2022-06-01 15:30:00,5,514.03,0.77,12.51,185.97,23.37,88.12,204.36,8.74
2022-06-01 16:30:00,5,554.08,0.94,16.79,173.09,25.75,85.79,208.19,9.63
2022-06-01 17:30:00,5,574.11,0.89,20.39,147.34,24.8,78.68,209.14,9.75
2022-06-01 18:30:00,5,907.9,0.68,39.76,107.29,32.9,85.24,227.64,14.06
2022-06-01 19:30:00,5,1348.5,0.04,55.52,73.67,42.44,102.04,258.23,20.77
2022-06-01 20:30:00,5,1575.47,0,58.95,56.51,47.68,113.48,280.04,24.83
2022-06-01 21:30:00,5,2189.64,0.17,79.51,27.54,61.04,141.94,318.97,33.94
2022-06-01 22:30:00,5,2964.02,6.98,97.33,1.81,76.29,180.86,370.3,42.05
2022-06-01 23:30:00,5,3124.24,14.75,91.85,0.11,75.34,186.73,381.34,38.5
2022-06-02 00:30:00,5,2830.51,14.53,84.31,0.09,65.8,172.79,362.87,29.64
2022-06-02 01:30:00,5,2750.4,15.42,74.71,0.05,61.99,174.21,366.61,27.11
2022-06-02 02:30:00,5,2723.69,18.1,63.06,0.02,60.08,179.84,376.9,26.85
2022-06-02 03:30:00,5,2643.59,21.01,53.47,0.01,56.74,181.85,381.18,27.36
2022-06-02 04:30:00,5,2429.96,22.13,45.93,0.01,51.02,172.17,359.8,27.36
2022-06-02 05:30:00,5,2109.53,19.45,46.61,0.04,44.35,151.98,320.17,29.89
2022-06-02 06:30:00,5,1588.82,7.26,53.47,3.26,39.1,117.3,273.49,33.44
2022-06-02 07:30:00,5,2002.72,21.46,56.21,12.16,50.54,128.94,290.13,36.98
2022-06-02 08:30:00,5,2296.45,24.36,69.23,36.84,58.65,137.76,304.89,39.01
2022-06-02 09:30:00,5,1121.52,6.37,40.44,115.87,53.88,91.91,245.31,21.53
2022-06-02 10:30:00,5,1001.36,3.55,31.19,185.97,58.17,103.17,245.98,20.27
2022-06-02 11:30:00,5,921.25,1.96,23.31,257.49,59.13,115.14,257.75,16.47
2022-06-02 12:30:00,5,520.71,1.1,12.17,217.44,30.99,86.03,229.18,9.25
2022-06-02 13:30:00,5,453.95,0.96,11.65,205.99,26.23,77.61,219.86,7.79
2022-06-02 14:30:00,5,447.27,0.87,12.85,197.41,25.75,75.31,216.95,7.92
2022-06-02 15:30:00,5,473.98,0.98,15.77,185.97,26.23,73.15,210.57,8.49
2022-06-02 16:30:00,5,567.44,1.26,22.28,185.97,29.8,75.79,212.17,10.01
2022-06-02 17:30:00,5,654.22,1.13,29.47,180.24,31.95,78.32,212.86,11.65
2022-06-02 18:30:00,5,2483.37,4.19,128.87,73.67,62.94,131.94,287.68,30.91
2022-06-02 19:30:00,5,4913.33,34.42,189.19,1.56,109.67,231.02,426.05,55.22
2022-06-02 20:30:00,5,6088.26,64.37,163.14,0,135.42,301.96,519.95,68.9
2022-06-02 21:30:00,5,6622.31,74.21,141.2,0,150.68,352.6,582.41,76
2022-06-02 22:30:00,5,7156.37,84.94,127.49,0,162.12,399.81,637.6,80.05
2022-06-02 23:30:00,5,7049.56,85.83,115.16,0,152.59,393.96,623.85,68.9
2022-06-03 00:30:00,5,5767.82,69.74,102.82,0,122.07,325.11,529.42,47.12
2022-06-03 01:30:00,5,4539.49,46.49,95.96,0,102.04,264.77,441.83,34.96
2022-06-03 02:30:00,5,3685,24.36,93.22,0.02,91.55,227.4,384.79,29.13
2022-06-03 03:30:00,5,2964.02,10.17,85.68,0.28,82.97,198.94,341.38,26.85
2022-06-03 04:30:00,5,2803.8,10.06,76.77,0.24,76.29,193.85,330.2,26.6
2022-06-03 05:30:00,5,2696.99,16.76,65.8,0.04,66.76,185.44,320.48,28.12
2022-06-03 06:30:00,5,3124.24,39.34,58.95,0.46,69.62,197.66,343.5,36.48
2022-06-03 07:30:00,5,4699.71,94.77,68.55,3.26,93.46,260.07,438.12,53.7
2022-06-03 08:30:00,5,6088.26,123.38,119.27,13.23,109.67,305.77,507.23,61.3
2022-06-03 09:30:00,5,2910.61,17.43,108.3,120.16,80.11,178.85,337.99,39.52
2022-06-03 10:30:00,5,2616.88,6.54,82.94,280.38,90.6,219.59,376.21,42.05
2022-06-03 11:30:00,5,2349.85,2.51,53.47,463.49,99.18,296.63,449.19,40.02
2022-06-03 12:30:00,5,634.19,0.98,11.82,246.05,30.04,101.3,215.35,10.64
2022-06-03 13:30:00,5,440.6,0.92,8.74,194.55,19.55,75.09,198.82,6.46
2022-06-03 14:30:00,5,393.87,0.96,8.65,177.38,17.64,66.07,192.15,5.45
2022-06-03 15:30:00,5,400.54,1.13,10.45,164.51,18.36,60.8,184.23,5.51
2022-06-03 16:30:00,5,453.95,1.34,14.74,158.79,21.22,59.8,181.22,6.46
2022-06-03 17:30:00,5,500.68,1.17,19.19,148.77,22.65,59.53,177.76,7.54
2022-06-03 18:30:00,5,921.25,0.98,46.61,125.89,44.82,74.06,194.41,15.07
2022-06-03 19:30:00,5,1281.74,0.05,56.89,98.71,57.7,88.06,210.33,22.04
2022-06-03 20:30:00,5,1348.5,0,50.04,85.12,54.84,92.06,207.76,25.33
2022-06-03 21:30:00,5,2056.12,0,69.92,48.64,69.62,124.41,241.83,37.49
2022-06-03 22:30:00,5,3177.64,2.12,101.45,8.49,101.09,182.57,311.26,50.16
2022-06-03 23:30:00,5,3845.21,10.95,111.04,0.34,123.98,219.83,353.93,51.17
2022-06-04 00:30:00,5,4165.65,17.21,115.16,0.05,131.61,236.82,370.37,44.08
2022-06-04 01:30:00,5,4325.87,17.21,119.27,0.03,129.7,245.25,381.61,42.05
2022-06-04 02:30:00,5,4272.46,14.19,120.64,0.04,122.07,243.38,382.59,45.09
2022-06-04 03:30:00,5,4165.65,13.52,113.79,0.02,115.39,245.93,385.23,50.16
2022-06-04 04:30:00,5,4058.84,14.75,102.82,0.02,106.81,249.85,383.56,46.1
2022-06-04 05:30:00,5,3685,16.09,91.85,0.02,94.41,239.77,362.21,34.96
2022-06-04 06:30:00,5,3177.64,17.43,82.94,1.63,92.51,206.21,317.33,31.41
2022-06-04 07:30:00,5,3524.78,32.63,86.37,12.34,97.27,210.31,330.37,38.5
2022-06-04 08:30:00,5,3738.4,32.19,106.93,43.63,92.51,214.39,342.55,41.04
2022-06-04 09:30:00,5,2696.99,10.51,87.05,153.06,80.11,179.73,296.74,33.44
2022-06-04 10:30:00,5,2376.56,4.58,65.8,297.55,77.25,205.48,317.26,30.65
2022-06-04 11:30:00,5,2056.12,2.07,43.53,446.32,79.15,247.04,350.36,27.36
2022-06-04 12:30:00,5,574.11,0.86,11.14,263.21,33.38,88.55,156.9,7.54
2022-06-04 13:30:00,5,403.88,0.71,7.8,214.58,19.31,60.4,127.45,5.38
2022-06-04 14:30:00,5,363.83,0.65,7.37,191.69,15.97,51.99,122.93,5
2022-06-04 15:30:00,5,594.14,1.56,20.39,183.11,27.89,59.49,136.43,8.74
2022-06-04 16:30:00,5,947.95,2.15,38.04,191.69,43.39,75.38,157.24,13.68
2022-06-04 17:30:00,5,1228.33,2.12,55.52,175.95,52.93,84.71,171.25,16.47
2022-06-04 18:30:00,5,1815.8,1.37,83.63,118.73,64.85,100.98,196.5,22.8
2022-06-04 19:30:00,5,2723.69,0.09,105.56,55.79,81.06,135.37,247.78,33.44
2022-06-04 20:30:00,5,3391.27,0.06,112.41,19.85,92.51,168.14,297.68,40.53
2022-06-04 21:30:00,5,4219.06,11.85,111.04,1.5,107.77,214.62,366.38,49.65
2022-06-04 22:30:00,5,5073.55,37.55,100.08,0,123.98,266.76,439.36,56.24
2022-06-04 23:30:00,5,4913.33,42.02,97.33,0,114.44,261.93,430.28,47.62
2022-06-05 00:30:00,5,4219.06,30.4,98.71,0,94.41,229.5,374.11,32.42
2022-06-05 01:30:00,5,3898.62,23.25,91.85,0.01,84.88,224.76,346.63,25.59
2022-06-05 02:30:00,5,3124.24,12.18,80.88,0.63,63.9,190.27,287.52,25.84
2022-06-05 03:30:00,5,1228.33,0,38.73,40.05,27.89,90.7,173.8,26.6
2022-06-05 04:30:00,5,787.73,0,25.7,47.92,20.5,62.35,139.05,22.04
2022-06-05 05:30:00,5,600.81,0,21.08,57.22,19.31,44.04,107.22,18.75
2022-06-05 06:30:00,4,587.46,0.22,22.28,65.09,22.41,36.64,96.91,17.99
2022-06-05 07:30:00,5,787.73,2.77,30.16,65.8,29.09,40.9,109.8,20.27
2022-06-05 08:30:00,5,867.84,5.42,32.9,78.68,32.42,42.79,118.51,20.77
2022-06-05 09:30:00,5,660.9,3.86,23.99,110.15,30.28,39.47,128.22,18.24
2022-06-05 10:30:00,5,600.81,2.4,19.02,158.79,30.99,49.14,172.4,17.73
2022-06-05 11:30:00,5,547.41,1.52,14.91,203.13,30.52,60.35,226.14,15.71
2022-06-05 12:30:00,5,283.72,0.62,5.14,151.63,10.97,43.07,204.85,5.19
2022-06-05 13:30:00,5,267.03,0.62,5.14,145.91,9.78,37.16,169.96,3.77
2022-06-05 14:30:00,5,273.7,0.68,6,141.62,10.01,33.84,147.71,3.64
2022-06-05 15:30:00,5,574.11,2.4,22.28,130.18,20.27,39.4,141.75,7.85
2022-06-05 16:30:00,5,1041.41,4.02,46.61,124.45,31.95,52.35,156.46,13.05
2022-06-05 17:30:00,5,1522.06,4.64,74.71,104.43,41.96,66.08,178.62,17.73
2022-06-05 18:30:00,5,3124.24,14.75,145.32,33.26,70.57,119.09,257.28,33.44
2022-06-05 19:30:00,5,5073.55,55.88,164.51,0.75,103,199.01,377.18,51.17
2022-06-05 20:30:00,5,5714.42,82.25,138.46,0,111.58,237.65,442.68,61.3
2022-06-05 21:30:00,5,5393.98,84.94,109.67,0,105.86,234.77,442.37,62.82
2022-06-05 22:30:00,5,4325.87,69.74,81.57,0,86.78,192.34,369.86,52.18
2022-06-05 23:30:00,5,2643.59,36.21,64.43,0.04,54.84,118.5,242.6,34.45
2022-06-06 00:30:00,5,614.17,0,27.76,56.51,16.93,40.52,122.29,17.48
2022-06-06 01:30:00,5,480.65,0,19.88,74.39,17.4,36.19,110.81,16.97
2022-06-06 02:30:00,5,460.62,0,17.99,80.11,18.36,36.32,112.55,16.97
2022-06-06 03:30:00,5,473.98,0,17.99,77.96,20.03,37.39,115.98,17.48
2022-06-06 04:30:00,5,494,0,18.68,72.24,20.98,38.89,119.93,18.24
2022-06-06 05:30:00,5,540.73,0,21.08,64.37,22.65,40.65,125.46,19.25
2022-06-06 06:30:00,5,727.65,0.45,30.5,51.5,28.85,47.68,139.52,22.29
2022-06-06 07:30:00,5,1188.28,6.87,45.24,41.48,40.53,63.29,166.17,28.37
2022-06-06 08:30:00,5,1535.42,15.2,56.21,50.78,51.5,74.92,185.06,31.66
2022-06-06 09:30:00,5,1308.44,10.84,51.41,92.98,56.27,71.87,186.85,28.63
2022-06-06 10:30:00,5,1161.58,5.76,43.18,170.23,60.08,84.74,211.26,27.36
2022-06-06 11:30:00,5,961.3,2.68,31.19,260.35,61.04,104.91,255.32,24.32
2022-06-06 12:30:00,5,407.22,1.08,9.68,185.97,23.37,62.01,241.35,8.99
2022-06-06 13:30:00,5,357.15,1.01,8.74,178.81,19.79,53.91,216.7,6.46
2022-06-06 14:30:00,5,370.5,1.08,10.2,188.83,21.7,54.64,212.02,6.46
2022-06-06 15:30:00,5,694.27,2.71,27.76,194.55,38.62,67.59,226.66,11.15
2022-06-06 16:30:00,5,1281.74,4.75,57.58,185.97,57.7,88.87,259.38,17.99
2022-06-06 17:30:00,5,1869.2,6.03,91.85,148.77,69.62,104.21,285.92,24.32
2022-06-06 18:30:00,5,3685,16.32,172.73,48.64,100.14,160.64,374.07,50.16
2022-06-06 19:30:00,5,5767.82,63.48,186.44,0.91,137.33,239.82,498.06,86.13
2022-06-06 20:30:00,5,6408.69,84.04,175.48,0,148.77,273.74,556.25,105.38
2022-06-06 21:30:00,5,6248.47,76.89,174.11,0,144.96,277.06,557.83,102.34
2022-06-06 22:30:00,5,6301.88,79.57,163.14,0,139.24,287.37,558.72,87.14
2022-06-06 23:30:00,5,5500.79,72.42,139.83,0,113.49,249.93,474.36,62.32
2022-06-07 00:30:00,5,2162.93,0.99,98.71,13.23,46.73,111.82,268.38,26.35
2022-06-07 01:30:00,5,1562.12,0,66.49,24.32,36.24,94.74,240.61,25.33
2022-06-07 02:30:00,5,1482.01,0.02,58.26,20.92,37.67,96.74,246.63,29.64
2022-06-07 03:30:00,5,1468.66,0.09,56.21,14.48,41.01,100.14,257.4,32.42
2022-06-07 04:30:00,5,1281.74,0.23,48.67,10.82,36.72,93.35,252.73,30.4
2022-06-07 05:30:00,5,934.6,0.13,35.64,15.56,28.61,80.94,237.12,26.6
2022-06-07 06:30:00,5,774.38,0.44,30.85,28.25,27.18,75.49,231.12,24.83
2022-06-07 07:30:00,5,1041.41,5.31,39.41,32.9,35.76,80.36,231.07,27.87
2022-06-07 08:30:00,5,1188.28,9.39,45.24,57.22,43.39,79.5,220.7,28.12
2022-06-07 09:30:00,5,747.68,4.14,27.08,113.01,38.15,65.63,219.68,19.51
2022-06-07 10:30:00,5,587.46,2.18,17.82,160.22,33.38,72.04,266.39,15.83
2022-06-07 11:30:00,5,473.98,1.34,12.34,185.97,26.94,81.04,331.05,12.67
2022-06-07 12:30:00,5,320.43,0.73,5.91,158.79,13.71,70.15,313.3,5.89
2022-06-07 13:30:00,5,313.76,0.73,6,157.36,13.11,70.91,313.97,4.75
2022-06-07 14:30:00,5,320.43,0.79,6.68,158.79,14.54,72.18,309.91,4.69
2022-06-07 15:30:00,5,347.14,0.89,8.65,163.08,17.17,72.8,294.28,5
2022-06-07 16:30:00,5,390.53,0.99,12.17,163.08,19.55,72.4,279.54,5.7
2022-06-07 17:30:00,5,433.92,0.84,16.28,157.36,20.74,71.92,268.23,6.52
2022-06-07 18:30:00,5,934.6,0.82,46.61,121.59,39.1,88.22,291.81,14.57
2022-06-07 19:30:00,5,1535.42,0.06,67.17,79.39,55.79,110.16,318.28,24.57
2022-06-07 20:30:00,5,1869.2,0,68.55,57.94,61.99,125,330.77,30.91
2022-06-07 21:30:00,5,2002.72,0,68.55,50.07,66.76,135.03,336.17,34.45
2022-06-07 22:30:00,5,2029.42,0,69.23,43.27,64.85,138.05,338.23,33.94
2022-06-07 23:30:00,5,1682.28,0,63.06,38.98,49.59,122.76,315.37,28.63
2022-06-08 00:30:00,5,1094.82,0,46.61,40.77,29.8,94.67,269.39,21.53
2022-06-08 01:30:00,5,781.06,0,32.22,44.35,22.89,73.77,211.67,20.01
2022-06-08 02:30:00,5,607.49,0,23.31,52.93,21.46,57.63,162.65,19.76
2022-06-08 03:30:00,5,473.98,0,17.65,65.09,21.7,45.86,139.07,17.73
2022-06-08 04:30:00,5,407.22,0,14.91,69.38,20.74,39.68,126.48,15.71
2022-06-08 05:30:00,5,380.52,0,14.22,74.39,20.74,36.86,125.44,14.69
2022-06-08 06:30:00,5,417.23,0.07,16.62,78.68,22.89,39.72,147.86,14.19
2022-06-08 07:30:00,5,520.71,1.23,21.08,73.67,27.42,46.67,182.08,14.57
2022-06-08 08:30:00,5,560.76,3.02,20.91,77.96,28.85,54.75,231.08,14.31
2022-06-08 09:30:00,5,494,2.74,15.94,100.14,25.75,64.58,289.43,12.54
2022-06-08 10:30:00,5,453.95,1.87,12.68,130.18,24.32,77.42,347.14,11.4
2022-06-08 11:30:00,5,413.89,1.27,9.85,154.5,22.17,87.38,389.45,9.75
2022-06-08 12:30:00,5,313.76,0.85,6.43,151.63,13.35,62.36,273.21,6.08
2022-06-08 13:30:00,5,290.39,0.82,6.08,148.77,11.32,48.95,206.19,4.69
2022-06-08 14:30:00,5,287.06,0.81,6.25,147.34,10.85,42.77,177,4.31
2022-06-08 15:30:00,5,290.39,0.87,7.03,143.05,11.09,36.83,145.47,4.05
2022-06-08 16:30:00,5,327.11,1.08,10.02,140.19,13.59,33.21,124.38,4.43
2022-06-08 17:30:00,5,373.84,1.12,14.22,134.47,16.45,31.38,110.98,5.13
2022-06-08 18:30:00,5,894.55,1.73,45.24,104.43,35.29,44.09,127.39,13.3
2022-06-08 19:30:00,5,1441.96,0.2,68.55,75.82,51.02,63.73,156.56,24.07
2022-06-08 20:30:00,5,1575.47,0,67.17,60.8,48.64,69.65,161.42,29.39
2022-06-08 21:30:00,5,1495.36,0,62.38,45.78,42.92,66.33,151.9,30.65
2022-06-08 22:30:00,5,1348.5,0,56.21,37.19,39.58,63.07,150.62,29.89
2022-06-08 23:30:00,5,1081.47,0,46.61,40.41,33.38,55.39,143.91,25.33
2022-06-09 00:30:00,5,720.98,0,32.9,54.36,25.03,44.88,132.35,19.51
2022-06-09 01:30:00,5,560.76,0,23.99,64.37,21.93,41.86,130.14,17.23
2022-06-09 02:30:00,5,480.65,0,19.36,69.38,21.22,39.54,127.38,15.71
2022-06-09 03:30:00,5,433.92,0,16.96,70.1,21.22,37.24,127.59,14.69
2022-06-09 04:30:00,5,417.23,0,15.94,69.38,20.98,36.75,130.46,14.82
2022-06-09 05:30:00,5,423.91,0,16.45,65.09,20.98,36.19,128.06,15.58
2022-06-09 06:30:00,5,507.35,0.21,21.25,52.21,23.84,37.7,134.09,17.48
2022-06-09 07:30:00,5,694.27,3.19,27.76,42.56,28.85,43.45,159.61,19.25
2022-06-09 08:30:00,5,761.03,6.15,29.13,55.07,31.47,49.63,196.74,18.75
2022-06-09 09:30:00,5,647.54,4.3,23.65,89.41,30.99,58.19,252.39,15.96
2022-06-09 10:30:00,5,594.14,2.49,20.05,133.04,32.9,71.39,303.01,15.58
2022-06-09 11:30:00,5,520.71,1.38,16.11,170.23,31.47,81.08,336.34,14.69
2022-06-09 12:30:00,5,343.8,0.67,7.71,151.63,16.21,64.22,287.57,7.41
2022-06-09 13:30:00,5,330.45,0.71,7.54,151.63,15.14,60.58,264.58,5.64
2022-06-09 14:30:00,5,347.14,0.82,8.91,155.93,17.17,62.26,264.77,5.64
2022-06-09 15:30:00,5,390.53,1.02,12,157.36,20.98,65.45,270.93,6.33
2022-06-09 16:30:00,5,473.98,1.27,18.51,153.06,26.46,70.5,281.31,7.54
2022-06-09 17:30:00,5,547.41,1.15,26.39,141.62,29.56,73.83,289.93,8.49
2022-06-09 18:30:00,5,1708.98,2.96,100.08,64.37,53.88,106.11,341.68,22.55
2022-06-09 19:30:00,5,3284.45,20.34,154.91,2.26,85.83,159.67,422.83,40.53
2022-06-09 20:30:00,5,4219.06,44.26,142.57,0,102.04,198.76,477.69,50.16
2022-06-09 21:30:00,5,4432.68,50.07,124.75,0,104.9,214.89,492.72,52.69
2022-06-09 22:30:00,5,4005.43,45.15,106.93,0,91.55,197.92,453.23,47.62
2022-06-09 23:30:00,5,2937.32,30.4,89.11,0,65.8,152.17,367.13,36.48
2022-06-10 00:30:00,5,1682.28,7.38,71.29,1.24,38.62,102.7,278.67,25.08
2022-06-10 01:30:00,5,1108.17,0.21,49.35,16.63,28.61,84.75,242.38,21.03
2022-06-10 02:30:00,5,847.82,0,32.9,40.05,24.8,77.71,222.83,19.51
2022-06-10 03:30:00,5,647.54,0,23.31,61.51,22.89,67.3,194.14,17.99
2022-06-10 04:30:00,5,554.08,0,19.54,62.94,22.41,54.88,155.04,19.25
2022-06-10 05:30:00,5,487.33,0,17.99,57.94,22.89,44.46,139.06,18.75
2022-06-10 06:30:00,5,467.3,0.12,18.68,57.22,25.27,43.38,172.81,16.09
2022-06-10 07:30:00,5,580.79,1.82,23.31,56.51,29.8,53.66,237,15.83
2022-06-10 08:30:00,5,627.52,3.8,23.99,70.81,31.47,63.94,290.04,14.82
2022-06-10 09:30:00,5,527.38,2.96,17.65,97.27,26.46,66.28,300.9,12.16
2022-06-10 10:30:00,5,480.65,1.87,13.54,128.75,25.03,66.25,283.6,10.89
2022-06-10 11:30:00,5,427.25,1.23,10.28,150.2,22.17,63.08,258.58,9.12
2022-06-10 12:30:00,5,327.11,0.76,6.51,141.62,13.95,51.33,213.5,5.51
2022-06-10 13:30:00,5,317.1,0.72,6.85,140.19,13.59,49.88,203.64,4.62
2022-06-10 14:30:00,5,327.11,0.7,8.05,137.33,14.9,51.56,209.08,4.62
2022-06-10 15:30:00,5,333.79,0.75,9,133.04,15.74,53.56,216.75,4.69
2022-06-10 16:30:00,5,353.81,0.86,10.62,131.61,16.69,55.21,216.83,5.07
2022-06-10 17:30:00,5,383.85,0.79,13.19,128.75,17.64,55.22,215.42,5.64
2022-06-10 18:30:00,5,1895.9,7.6,87.05,43.99,50.54,95.41,272.58,24.07
2022-06-10 19:30:00,5,4005.43,42.92,116.53,0.75,97.27,175.47,389.28,48.13
2022-06-10 20:30:00,5,5393.98,72.42,112.41,0,129.7,250.78,501.7,64.85
2022-06-10 21:30:00,5,6195.07,84.94,111.04,0,148.77,304.11,580.87,73.97
2022-06-10 22:30:00,5,6034.85,80.47,102.82,0,144.96,304.18,565.67,66.88
2022-06-10 23:30:00,5,4325.87,49.62,89.11,0,104.9,218.09,417.67,46.61
2022-06-11 00:30:00,5,1482.01,1.01,60.32,12.7,41.48,87.96,219.65,25.59
2022-06-11 01:30:00,5,867.84,0,35.64,33.97,26.46,61.56,171.21,21.28
2022-06-11 02:30:00,5,687.6,0,27.76,42.56,23.37,54.94,163.39,20.01
2022-06-11 03:30:00,5,614.17,0,23.99,47.92,23.6,53.82,171.52,19.51
2022-06-11 04:30:00,5,574.11,0,21.08,50.07,24.32,55.61,186.15,19.51
2022-06-11 05:30:00,5,547.41,0,19.54,51.5,24.56,57.87,195.17,19.51
2022-06-11 06:30:00,5,520.71,0.16,19.88,55.79,26.46,54.71,191.74,18.24
2022-06-11 07:30:00,5,627.52,1.87,22.96,58.65,28.37,50.59,175.61,18.75
2022-06-11 08:30:00,5,627.52,3.1,21.59,80.11,27.66,46.87,176.49,16.72
2022-06-11 09:30:00,5,480.65,2.01,14.05,111.58,23.13,47.14,208.42,12.67
2022-06-11 10:30:00,5,433.92,1.31,10.45,140.19,21.46,52.38,233.91,10.89
2022-06-11 11:30:00,5,383.85,0.95,8.05,154.5,18.6,54.27,239.17,8.99
2022-06-11 12:30:00,5,290.39,0.65,4.76,118.73,10.25,49.79,247.6,5
2022-06-11 13:30:00,5,270.37,0.6,4.33,104.43,7.99,47.81,250.07,3.58
2022-06-11 14:30:00,5,263.69,0.54,4.54,101.57,7.45,44.71,223.79,3.29
2022-06-11 15:30:00,5,260.35,0.49,4.67,104.43,7.15,40.56,186.86,3.2
2022-06-11 16:30:00,5,270.37,0.52,5.44,107.29,7.45,41.07,179.85,3.61
2022-06-11 17:30:00,5,280.38,0.47,6.51,104.43,7.75,48.61,225.97,4.37
2022-06-11 18:30:00,5,574.11,0.67,23.65,87.26,18.84,66.79,276.87,9.88
2022-06-11 19:30:00,5,894.55,0.06,35.3,68.66,28.61,77.31,263.12,16.21
2022-06-11 20:30:00,5,1108.17,0,39.07,54.36,35.29,82.04,237.76,21.28
2022-06-11 21:30:00,5,1335.14,0,44.55,43.27,43.39,89.57,234.72,25.84
2022-06-11 22:30:00,5,1495.36,0,50.04,33.97,47.68,96.53,238.3,28.63
2022-06-11 23:30:00,5,1415.25,0,50.04,28.97,43.39,92.28,227.57,26.6
2022-06-12 00:30:00,5,1108.17,0,43.18,28.97,32.9,79.27,205.45,22.29
2022-06-12 01:30:00,5,934.6,0,36.67,29.33,27.89,73.74,199.31,21.03
2022-06-12 02:30:00,5,881.2,0,33.24,27.89,27.18,73.42,203.09,21.03
2022-06-12 03:30:00,5,867.84,0,30.85,25.39,27.42,73.9,210.73,21.28
2022-06-12 04:30:00,5,814.44,0.01,28.1,25.39,25.75,69.53,204.81,21.28
2022-06-12 05:30:00,5,747.68,0,26.05,28.61,23.37,60.22,174.98,22.29
2022-06-12 06:30:00,5,614.17,0.2,22.62,51.5,24.8,48.83,141.39,19.76
2022-06-12 07:30:00,5,687.6,2.18,24.68,58.65,28.13,46.59,125.01,20.27
2022-06-12 08:30:00,5,680.92,3.74,23.65,77.25,28.85,43.09,119.97,17.99
2022-06-12 09:30:00,5,520.71,2.46,15.59,105.86,24.32,37.82,125.55,13.05
2022-06-12 10:30:00,5,460.62,1.54,11.82,137.33,23.13,40.6,145.68,11.4
2022-06-12 11:30:00,5,403.88,1.03,9,154.5,20.5,43.9,167.21,9.63
2022-06-12 12:30:00,5,303.75,0.67,5.31,125.89,11.8,41.46,188.03,5.45
2022-06-12 13:30:00,5,287.06,0.64,5.14,113.01,10.01,43.37,209.54,4.12
2022-06-12 14:30:00,5,290.39,0.64,5.74,108.72,10.01,45.41,222.71,3.99
2022-06-12 15:30:00,5,297.07,0.68,6.51,104.43,10.25,45.67,221.23,3.96
2022-06-12 16:30:00,5,317.1,0.82,8.31,101.57,11.21,44.61,205.22,4.18
2022-06-12 17:30:00,5,343.8,0.81,10.8,97.27,11.92,42.23,182.2,4.56
2022-06-12 18:30:00,5,607.49,0.95,26.05,78.68,20.98,46.86,172.63,8.87
2022-06-12 19:30:00,5,934.6,0.1,38.39,57.22,30.99,55.83,174.93,14.95
2022-06-12 20:30:00,5,1094.82,0,39.76,47.21,35.29,61.5,172.09,19.51
2022-06-12 21:30:00,5,1335.14,0,46.61,35.41,41.96,71.05,176.21,24.57
2022-06-12 22:30:00,5,1628.88,0.03,56.21,20.74,49.11,83.45,186.32,29.13
2022-06-12 23:30:00,5,1642.23,0.25,57.58,12.52,47.68,82.84,177.88,28.12
2022-06-13 00:30:00,5,1295.09,0.19,48.67,13.23,38.15,67.18,147.57,23.31
2022-06-13 01:30:00,5,1028.06,0.07,39.76,16.99,33.86,56.3,125.72,22.55
2022-06-13 02:30:00,5,801.09,0.01,31.19,25.03,30.28,47.75,109.85,21.28
2022-06-13 03:30:00,4,620.84,0,23.31,36.84,27.18,39.6,93.82,20.01
2022-06-13 04:30:00,4,540.73,0,19.71,43.99,26.23,34.2,78.91,18.75
2022-06-13 05:30:00,4,500.68,0,18.68,47.92,26.7,30.49,69.96,17.73
2022-06-13 06:30:00,4,514.03,0.18,20.73,47.92,28.13,29.94,69.86,17.23
2022-06-13 07:30:00,4,627.52,1.7,25.02,45.78,30.52,32,73.94,17.73
2022-06-13 08:30:00,4,640.87,2.4,25.7,54.36,28.37,29.45,68.76,15.45
2022-06-13 09:30:00,4,527.38,1.34,19.19,80.11,23.13,25,65.66,10.39
2022-06-13 10:30:00,4,473.98,1.49,14.39,104.43,23.6,26.89,84.64,8.49
2022-06-13 11:30:00,4,420.57,1.31,10.71,131.61,22.17,28.77,95.13,7.41
2022-06-13 12:30:00,5,313.76,0.8,5.91,127.32,13.11,27.27,101.95,4.62
2022-06-13 13:30:00,4,303.75,0.77,6,121.59,11.8,26.81,99.08,4.31
2022-06-13 14:30:00,4,310.42,0.75,6.77,121.59,12.28,26.44,93.96,4.37
2022-06-13 15:30:00,4,310.42,0.75,7.37,121.59,12.4,25.6,85.18,4.37
2022-06-13 16:30:00,4,323.77,0.84,8.83,121.59,13.11,25.26,78.07,4.5
2022-06-13 17:30:00,4,347.14,0.8,10.97,118.73,14.19,25.31,74.59,4.88
2022-06-13 18:30:00,4,547.41,0.73,23.65,104.43,25.99,31.41,84.75,8.61
2022-06-13 19:30:00,5,754.36,0.07,32.9,84.4,35.29,40.06,103.14,13.93
2022-06-13 20:30:00,5,821.11,0,33.93,69.38,34.81,44.25,117.95,17.23
2022-06-13 21:30:00,5,787.73,0,32.22,57.22,30.52,43.09,121.94,17.99
2022-06-13 22:30:00,5,720.98,0,29.13,48.64,27.18,39.23,113.06,17.73
2022-06-13 23:30:00,4,587.46,0,24.33,50.78,22.41,32.49,91.04,16.72
2022-06-14 00:30:00,4,447.27,0,17.82,62.94,17.88,27.2,71.61,15.45
2022-06-14 01:30:00,4,393.87,0,13.88,71.53,16.69,27.47,68.99,14.06
2022-06-14 02:30:00,4,363.83,0,11.14,73.67,15.97,25.77,65.74,12.03
2022-06-14 03:30:00,4,350.48,0,10.02,72.96,14.78,24.96,71.94,10.89
2022-06-14 04:30:00,4,350.48,0,10.45,70.81,15.74,25.98,82.33,10.13
2022-06-14 05:30:00,4,367.16,0,12,66.52,17.88,27.51,88.75,10.39
2022-06-14 06:30:00,4,433.92,0.13,15.59,61.51,21.46,29.07,89.45,11.65
2022-06-14 07:30:00,4,527.38,1.54,18.51,62.23,24.56,29.66,84.32,13.05
2022-06-14 08:30:00,4,554.08,2.65,17.65,80.11,24.8,28.33,74.2,12.67
2022-06-14 09:30:00,4,500.68,1.87,14.39,105.86,22.89,26.27,64.48,10.89
2022-06-14 10:30:00,4,460.62,1.13,12.34,123.02,21.7,24.74,57.5,9.75
2022-06-14 11:30:00,4,413.89,0.67,10.88,128.75,19.07,22.11,50.57,8.49
2022-06-14 12:30:00,3,360.49,0.49,8.74,120.16,14.42,20.21,47.86,6.52
2022-06-14 13:30:00,3,353.81,0.53,8.65,113.01,13.59,19.78,47.59,5.89
2022-06-14 14:30:00,3,357.15,0.64,9.08,107.29,13.83,18.51,44.85,5.83
2022-06-14 15:30:00,3,363.83,0.91,9.42,107.29,14.19,17.8,42.91,5.89
2022-06-14 16:30:00,3,397.21,0.91,12.17,105.86,15.26,17.98,43.21,6.33
2022-06-14 17:30:00,3,433.92,0.78,15.42,100.14,16.45,18.64,45.04,6.78
2022-06-14 18:30:00,3,500.68,0.37,20.39,90.12,20.5,20.66,48.27,8.49
2022-06-14 19:30:00,4,554.08,0.02,22.28,75.1,22.17,22.64,50.83,10.51
2022-06-14 20:30:00,4,547.41,0,20.56,64.37,20.03,23.05,50.17,11.53
2022-06-14 21:30:00,3,534.06,0,18.85,61.51,18.12,21.89,45.06,12.29
2022-06-14 22:30:00,3,527.38,0,17.31,60.08,16.93,19.97,38.55,12.67
2022-06-14 23:30:00,2,480.65,0,15.77,56.51,14.78,17.59,33.24,12.41
2022-06-15 00:30:00,2,417.23,0,13.02,54.36,12.87,15.62,29.55,12.29
2022-06-15 01:30:00,2,393.87,0,11.48,55.07,13.47,15.75,27.78,12.41
2022-06-15 02:30:00,2,387.19,0,11.48,55.79,14.54,15.86,25.42,11.91
2022-06-15 03:30:00,2,380.52,0,11.65,55.79,15.74,15.58,24.4,11.4
2022-06-15 04:30:00,2,373.84,0,12,56.51,16.69,15.05,24.22,10.89
2022-06-15 05:30:00,2,377.18,0,13.02,56.51,18.12,14.58,23.88,10.39
2022-06-15 06:30:00,2,433.92,0.15,16.62,53.64,20.98,15.42,25.2,11.02
2022-06-15 07:30:00,2,520.71,1.69,18.51,55.07,22.89,17.17,28.74,12.16
2022-06-15 08:30:00,2,540.73,2.85,16.96,71.53,21.93,17.35,29.74,11.91
2022-06-15 09:30:00,2,487.33,2.24,13.19,97.27,19.55,17.08,29.7,10.13
2022-06-15 10:30:00,3,440.6,1.51,10.28,120.16,18.6,17.69,30.76,8.74
2022-06-15 11:30:00,3,400.54,1.06,8.31,133.04,16.45,17.49,32.03,7.92
2022-06-15 12:30:00,3,340.46,0.81,6.08,124.45,11.8,17.44,38.81,5.64
2022-06-15 13:30:00,3,330.45,0.82,6,121.59,11.21,19.67,47.44,4.88
2022-06-15 14:30:00,4,333.79,0.87,6.6,124.45,12.04,21.1,51.78,4.88
2022-06-15 15:30:00,4,340.46,0.91,7.45,123.02,12.4,21.83,54.4,4.88
2022-06-15 16:30:00,4,360.49,1.01,9.34,118.73,13.23,22.95,57.62,5.13
2022-06-15 17:30:00,4,390.53,0.95,12.17,111.58,14.07,23.39,59.27,5.51
2022-06-15 18:30:00,4,554.08,0.82,24.33,92.98,24.56,27.65,66.04,8.61
2022-06-15 19:30:00,4,680.92,0.08,31.53,75.82,28.37,30.86,70.01,11.78
2022-06-15 20:30:00,4,660.9,0,27.08,67.95,22.89,29.82,64.83,13.17
2022-06-15 21:30:00,4,607.49,0,22.28,66.52,19.31,25.27,49.9,13.43
2022-06-15 22:30:00,3,554.08,0,19.54,65.8,17.64,20.56,37.74,13.17
2022-06-15 23:30:00,2,467.3,0,16.62,65.09,15.02,16.75,30.29,11.78
2022-06-16 00:30:00,2,377.18,0,12.17,64.37,11.8,13.49,24.88,9.63
2022-06-16 01:30:00,2,350.48,0,10.45,63.66,11.92,12.69,23.25,9.12
2022-06-16 02:30:00,2,343.8,0,10.02,62.94,12.87,12.61,22.22,9.12
2022-06-16 03:30:00,2,347.14,0,10.28,64.37,14.42,12.96,22.33,9.37
2022-06-16 04:30:00,2,350.48,0,10.97,64.37,16.45,13.71,23.97,9.5
2022-06-16 05:30:00,2,373.84,0,13.02,59.37,18.84,14.89,27.25,10.39
2022-06-16 06:30:00,2,473.98,0.24,19.36,46.49,25.51,18.09,33.95,12.92
2022-06-16 07:30:00,4,707.63,4.02,28.45,37.55,41.48,26.38,47.77,17.48
2022-06-16 08:30:00,4,881.2,8.72,32.9,47.92,57.22,34.07,60.87,19.51
2022-06-16 09:30:00,4,627.52,5.2,22.96,78.68,43.87,27.46,57.92,12.41
2022-06-16 10:30:00,4,580.79,3.3,19.54,121.59,42.44,33.53,69.49,10.64
2022-06-16 11:30:00,5,614.17,1.93,17.48,188.83,45.3,53.3,92.54,10.64
2022-06-16 12:30:00,5,614.17,1.12,14.57,243.19,42.92,70.91,110.59,9.88
2022-06-16 13:30:00,5,594.14,0.95,14.57,237.46,38.62,64.98,101.08,9.37
2022-06-16 14:30:00,5,574.11,0.99,16.45,197.41,36.72,50.2,81.39,9.5
2022-06-16 15:30:00,4,547.41,1.27,18.16,157.36,33.86,36.65,64.61,9.25
2022-06-16 16:30:00,4,580.79,1.73,22.62,144.48,34.81,34.87,64.06,9.63
2022-06-16 17:30:00,4,620.84,1.54,26.39,144.48,31.95,36.51,66,9.37
2022-06-16 18:30:00,4,907.9,1.08,43.53,130.18,35.29,47.01,78.73,13.43
2022-06-16 19:30:00,5,1255.04,0.1,58.26,87.98,41.01,54.39,88.64,19.76
2022-06-16 20:30:00,5,1375.2,0,60.32,54.36,42.92,54.43,88.78,23.56
2022-06-16 21:30:00,5,1428.6,0,60.32,36.48,44.82,55.93,90.42,25.84
2022-06-16 22:30:00,5,1428.6,0.02,59.63,25.39,43.39,56.25,91.03,26.6
2022-06-16 23:30:00,4,1268.39,0.04,54.15,21.82,36.24,48.27,78.76,23.31
2022-06-17 00:30:00,4,961.3,0.01,42.16,28.61,26.46,35.16,59.11,18.24
2022-06-17 01:30:00,4,774.38,0,32.22,35.76,22.89,29.88,52.2,16.47
2022-06-17 02:30:00,4,680.92,0,27.08,37.55,22.89,28.04,50.54,16.47
2022-06-17 03:30:00,4,634.19,0,25.02,33.97,24.08,26.89,48.65,17.23
2022-06-17 04:30:00,4,634.19,0.01,25.02,28.25,25.75,26.77,47.15,18.49
2022-06-17 05:30:00,4,667.57,0.04,28.1,21.82,29.09,28.05,47.29,19.76
2022-06-17 06:30:00,4,907.9,2.88,37.7,11,40.05,37.71,59.65,23.31
2022-06-17 07:30:00,5,1535.42,21.68,49.35,7.87,68.66,67.72,97.58,29.64
2022-06-17 08:30:00,5,2109.53,38.44,67.17,9.3,107.77,102.39,134.9,28.12
2022-06-17 09:30:00,5,1735.69,27.94,67.17,15.38,110.63,86.51,113.93,19.76
2022-06-17 10:30:00,5,1708.98,26.82,70.6,33.97,125.89,90.88,120.64,20.77
2022-06-17 11:30:00,5,1815.8,19.22,85,90.84,135.42,116.86,150,20.52
2022-06-17 12:30:00,5,1134.87,4.75,41.47,194.55,68.66,106.63,136.8,12.16
2022-06-17 13:30:00,5,834.47,1.47,19.36,246.05,40.53,100.19,124.8,11.15
2022-06-17 14:30:00,5,667.57,1.19,15.08,231.74,31.95,74.95,96.45,12.03
2022-06-17 15:30:00,4,554.08,1.15,14.22,188.83,26.23,49.43,70.92,12.16
2022-06-17 16:30:00,4,514.03,1.06,16.45,153.06,23.13,35.46,58.27,12.16
2022-06-17 17:30:00,4,500.68,0.69,19.02,125.89,20.98,30.08,55.7,11.02
2022-06-17 18:30:00,4,1001.36,0.61,46.61,75.1,30.04,44.2,80.49,15.96
2022-06-17 19:30:00,5,1575.47,0.07,71.29,35.76,41.48,66.46,112.23,23.81
2022-06-17 20:30:00,5,1842.5,0.24,79.51,16.63,43.39,78.81,129.06,26.09
2022-06-17 21:30:00,5,2162.93,3.97,82.94,4.07,44.82,93.32,144.22,24.83
2022-06-17 22:30:00,5,2670.29,17.43,81.57,0.07,52.45,120.13,176.91,27.87
2022-06-17 23:30:00,5,3044.13,32.19,78.83,0,56.74,138.83,199.4,27.61
2022-06-18 00:30:00,5,2857.21,34.87,74.71,0,51.5,130.07,185.47,21.28
2022-06-18 01:30:00,5,2216.34,19.89,65.12,0.02,38.15,100.21,145.02,15.71
2022-06-18 02:30:00,5,1562.12,5.64,54.15,1.07,26.94,69.15,102.09,13.55
2022-06-18 03:30:00,4,1081.47,0.43,40.1,8.31,20.5,46.89,70.3,12.67
2022-06-18 04:30:00,4,947.95,0.19,34.62,12.16,20.5,42.22,63.18,10.89
2022-06-18 05:30:00,4,1001.36,0.54,38.39,9.12,25.03,46.56,69.14,9.5
2022-06-18 06:30:00,5,1321.79,6.26,47.98,4.34,37.67,63.93,91.96,11.15
2022-06-18 07:30:00,5,1922.61,23.25,58.26,8.49,60.08,97.31,131.93,15.58
2022-06-18 08:30:00,5,2162.93,27.72,71.97,9.66,80.11,110.85,142.84,16.47
2022-06-18 09:30:00,5,1148.22,6.43,51.41,26.82,63.9,51.68,69.89,10.77
2022-06-18 10:30:00,4,974.66,5.59,39.41,40.41,61.04,39.51,57.01,11.4
2022-06-18 11:30:00,4,961.3,4.75,36.33,62.23,62.94,38.72,57.19,11.65
2022-06-18 12:30:00,4,674.25,2.32,22.62,107.29,44.35,32.87,47.22,8.11
2022-06-18 13:30:00,4,567.44,1.47,15.25,145.91,35.76,35.11,47.1,6.71
2022-06-18 14:30:00,4,547.41,1.24,12.85,174.52,34.33,39.66,50.95,6.65
2022-06-18 15:30:00,4,527.38,1.17,12.68,174.52,31.47,36.98,47.69,6.71
2022-06-18 16:30:00,4,527.38,1.3,15.42,151.63,29.33,29.78,40.04,7.09
2022-06-18 17:30:00,3,540.73,1.36,19.88,120.16,27.89,23.25,33.02,7.6
2022-06-18 18:30:00,4,761.03,1.15,35.3,80.82,34.81,26.01,38.82,11.15
2022-06-18 19:30:00,4,1001.36,0.12,48.67,48.64,41.48,32.55,49.95,15.2
2022-06-18 20:30:00,4,894.55,0,39.76,42.56,31.47,27.64,43.86,14.82
2022-06-18 21:30:00,3,741,0,28.79,43.27,22.17,22.26,35.9,14.06
2022-06-18 22:30:00,3,720.98,0,27.42,38.27,20.98,22.24,36.04,14.57
2022-06-18 23:30:00,3,674.25,0,27.42,35.05,19.55,20.25,32.7,13.55
2022-06-19 00:30:00,2,567.44,0,23.99,35.76,17.17,16.51,25.52,11.02
2022-06-19 01:30:00,2,500.68,0,20.73,38.62,17.88,15.78,22.12,7.92
2022-06-19 02:30:00,2,453.95,0,16.79,47.21,17.64,14.96,19.21,4.5
2022-06-19 03:30:00,2,413.89,0,13.54,53.64,16.69,13.73,17.85,2.82
2022-06-19 04:30:00,2,453.95,0,15.94,47.92,19.55,16.42,22.17,3.01
2022-06-19 05:30:00,3,534.06,0,21.76,37.19,24.32,21.22,29.47,4.18
2022-06-19 06:30:00,4,747.68,1.05,32.22,23.25,31.95,30.99,43.93,7.03
2022-06-19 07:30:00,4,1081.47,8.27,39.41,16.99,40.53,44.45,63.18,10.13
2022-06-19 08:30:00,5,1255.04,12.41,45.24,18.42,45.3,50.12,69.88,10.89
2022-06-19 09:30:00,4,1148.22,9.28,45.24,29.33,46.73,47.15,63.32,10.39
2022-06-19 10:30:00,4,1081.47,7.1,42.16,55.07,47.68,49.03,63.62,10.39
2022-06-19 11:30:00,5,961.3,4.14,34.62,103,44.82,51.43,63.31,9.5
2022-06-19 12:30:00,4,694.27,1.84,20.22,130.18,30.28,40.02,48.33,7.35
2022-06-19 13:30:00,4,567.44,1.79,17.14,114.44,25.27,27.53,34.46,6.71
2022-06-19 14:30:00,3,534.06,2.12,17.14,107.29,25.51,22.45,29.17,6.9
2022-06-19 15:30:00,2,480.65,1.82,15.94,95.84,22.89,17.71,23.92,6.4
2022-06-19 16:30:00,2,467.3,1.37,19.02,73.67,22.17,14.75,21.42,6.4
2022-06-19 17:30:00,2,500.68,0.57,24.33,57.94,23.13,14.14,21.56,6.97
2022-06-19 18:30:00,3,794.41,0.32,41.47,35.41,30.52,22.77,35.57,11.4
2022-06-19 19:30:00,4,1174.93,0.3,55.52,16.81,37.67,37.24,58.5,17.48
2022-06-19 20:30:00,4,1308.44,0.4,55.52,11.98,36.72,44.42,69.99,20.52
2022-06-19 21:30:00,4,1375.2,0.85,54.84,8.4,33.38,48.76,76.78,22.8
2022-06-19 22:30:00,5,1495.36,2.82,56.21,2.91,32.9,55.81,87.96,24.83
2022-06-19 23:30:00,5,1482.01,5.42,54.84,0.78,30.04,55.57,87.87,22.29
2022-06-20 00:30:00,4,1268.39,4.69,50.72,0.88,24.56,45.99,72.04,16.97
2022-06-20 01:30:00,4,1148.22,3.63,45.93,1.33,23.84,42.59,65.31,14.57
2022-06-20 02:30:00,4,1068.12,2.4,41.47,2.21,23.13,41.36,62.34,12.03
2022-06-20 03:30:00,4,1028.06,2.04,37.36,2.66,22.89,41.39,61.61,10.26
2022-06-20 04:30:00,4,1028.06,2.99,34.62,1.65,23.37,42.89,63.28,9.25
2022-06-20 05:30:00,4,1121.52,6.93,32.56,0.36,25.51,47.44,69.28,9.37
2022-06-20 06:30:00,5,1535.42,20.79,32.22,0.77,34.33,67.46,97.45,13.05
2022-06-20 07:30:00,5,2536.77,50.96,39.41,3.53,54.84,116.96,166.16,23.31
2022-06-20 08:30:00,5,3578.19,75.1,67.17,7.78,82.02,174.65,239.08,34.45
2022-06-20 09:30:00,5,1869.2,27.72,78.83,39.7,120.16,105.21,137.54,23.31
2022-06-20 10:30:00,5,1508.71,13.63,71.29,92.98,107.77,107.11,134.77,18.24
2022-06-20 11:30:00,5,1268.39,5.31,43.18,200.27,75.34,122.45,146.83,13.81
2022-06-20 12:30:00,5,881.2,1.49,16.79,268.94,41.48,103.68,122.27,11.4
2022-06-20 13:30:00,5,727.65,1.24,13.88,257.49,31.95,81.22,96.55,10.89
2022-06-20 14:30:00,5,687.6,1.4,15.25,246.05,32.42,71.04,85.52,10.77
2022-06-20 15:30:00,5,674.25,1.47,17.99,228.88,32.9,63.01,77.85,10.39
2022-06-20 16:30:00,5,680.92,1.54,23.31,188.83,32.42,51.72,67.45,10.13
2022-06-20 17:30:00,4,700.95,1.31,29.82,145.91,31.95,42.04,59.1,10.26
2022-06-20 18:30:00,4,1094.82,1.1,53.47,90.84,40.05,49.37,74.36,15.71
2022-06-20 19:30:00,5,1602.17,0.16,73.34,44.7,45.3,66.53,103.12,23.31
2022-06-20 20:30:00,5,1735.69,0.01,74.71,27.18,41.48,74.21,114.86,26.6
2022-06-20 21:30:00,5,1655.58,0.03,69.92,22.89,36.72,74.08,112.94,27.87
2022-06-20 22:30:00,5,1628.88,0.19,67.86,16.27,35.29,73.03,110.82,28.63
2022-06-20 23:30:00,5,1482.01,0.62,63.06,9.3,30.99,64.37,97.81,25.33
2022-06-21 00:30:00,5,1308.44,2.35,54.84,3.62,24.8,54.55,81.9,18.49
2022-06-21 01:30:00,5,1348.5,5.98,47.98,0.58,24.08,57.38,84.98,13.81
2022-06-21 02:30:00,5,1415.25,9.39,42.16,0.11,25.99,64.59,94.78,11.65
2022-06-21 03:30:00,5,1508.71,12.96,39.07,0.02,29.56,73.99,107.73,11.27
2022-06-21 04:30:00,5,1602.17,16.54,36.67,0,31.47,82.4,118.39,10.64
2022-06-21 05:30:00,5,1789.09,22.8,34.62,0,33.38,93.4,131.64,10.77
2022-06-21 06:30:00,5,2349.85,40.23,34.62,0.37,41.01,122.36,169.69,15.07
2022-06-21 07:30:00,5,3578.19,74.21,44.55,3.8,56.27,177.2,244.84,26.6
2022-06-21 08:30:00,5,4486.08,77.78,90.48,18.95,67.71,221.9,301.26,37.49
2022-06-21 09:30:00,5,2616.88,20.34,97.33,67.95,93.46,149.4,193.22,26.85
2022-06-21 10:30:00,5,3124.24,15.2,106.93,125.89,101.09,212.89,264.84,29.13
2022-06-21 11:30:00,5,3578.19,9.28,111.04,226.02,110.63,304.49,362.33,29.39
2022-06-21 12:30:00,5,3631.59,4.36,104.19,291.82,107.77,356.01,415.52,28.63
2022-06-21 13:30:00,5,2964.02,3.97,82.94,294.69,91.55,300.21,346.98,21.53
2022-06-21 14:30:00,5,1976.01,3.74,59.63,294.69,93.46,207.24,237,14.69
2022-06-21 15:30:00,5,781.06,3.21,32.9,203.13,78.2,79.35,90.97,6.71
2022-06-21 16:30:00,5,767.71,3.69,39.07,180.24,77.25,69.29,80.62,7.09
2022-06-21 17:30:00,5,881.2,3.55,50.72,161.65,81.06,67.36,80.05,9.25
2022-06-21 18:30:00,5,1255.04,2.07,69.23,127.32,80.11,78.07,97.23,15.58
2022-06-21 19:30:00,5,1789.09,0.13,76.09,101.57,69.62,108.6,140.11,24.83
2022-06-21 20:30:00,5,2109.53,0,74.71,87.26,63.9,139.97,181.38,31.66
2022-06-21 21:30:00,5,2216.34,0,71.29,82.97,60.56,163.91,207.41,31.66
2022-06-21 22:30:00,5,2296.45,0,71.29,71.53,57.22,180.47,224.5,26.09
2022-06-21 23:30:00,5,2216.34,0,69.92,60.08,51.02,182.95,221.95,16.72
2022-06-22 00:30:00,5,1815.8,0,58.26,61.51,41.96,160.84,189.86,9.37
2022-06-22 01:30:00,5,1508.71,0,45.24,62.23,37.67,136.74,160.42,7.79
2022-06-22 02:30:00,5,1415.25,0,39.41,54.36,34.81,124.74,147.79,7.98
2022-06-22 03:30:00,5,1468.66,0,39.41,41.48,32.9,126.82,152.52,8.36
2022-06-22 04:30:00,5,1562.12,0.01,42.16,27.54,31.95,133.74,162.97,8.23
2022-06-22 05:30:00,5,1695.63,0.43,47.98,13.23,33.38,140.18,173.98,8.49
2022-06-22 06:30:00,5,2082.82,8.49,54.15,3.44,40.53,156.05,198.45,11.27
2022-06-22 07:30:00,5,3017.43,33.53,61.69,7.69,59.6,199.06,256.14,18.49
2022-06-22 08:30:00,5,3791.81,44.7,89.11,18.78,87.74,243.84,307.56,24.07
2022-06-22 09:30:00,5,2883.91,24.14,109.67,65.09,158.31,226.74,271.46,20.52
2022-06-22 10:30:00,5,2536.77,16.99,117.9,138.76,209.81,250.22,291.51,18.75
2022-06-22 11:30:00,5,2162.93,11.18,109.67,243.19,251.77,284.01,321.96,13.43
2022-06-22 12:30:00,5,1228.33,5.87,61.69,266.08,179.29,180.65,208.83,8.11
2022-06-22 13:30:00,5,947.95,2.68,36.33,300.41,127.79,159.01,184.71,6.27
2022-06-22 14:30:00,5,921.25,1.52,27.42,340.46,111.58,166.57,192.55,5.83
2022-06-22 15:30:00,5,921.25,1.24,26.73,346.18,96.32,157.55,184.55,6.52
2022-06-22 16:30:00,5,974.66,1.38,32.9,308.99,79.15,136.11,165.33,8.61
2022-06-22 17:30:00,5,1028.06,1.38,40.1,243.19,63.9,107.19,137.61,10.77
2022-06-22 18:30:00,5,1201.63,0.85,50.72,171.66,55.79,94.63,128.12,15.45
2022-06-22 19:30:00,5,1535.42,0.08,59.63,110.15,56.27,102.62,144.05,22.55
2022-06-22 20:30:00,5,1642.23,0,56.21,82.97,53.88,110.53,155.8,26.6
2022-06-22 21:30:00,5,1708.98,0,53.47,77.25,53.41,121.11,166.71,29.39
2022-06-22 22:30:00,5,1842.5,0,56.21,70.1,53.41,134.73,182.79,31.92
2022-06-22 23:30:00,5,1762.39,0,54.84,61.51,47.21,131.95,176.76,29.89
2022-06-23 00:30:00,5,1428.6,0,45.93,53.64,36.72,109.91,146.82,24.32
2022-06-23 01:30:00,5,1188.28,0,38.04,45.06,32.42,89.46,122.7,21.79
2022-06-23 02:30:00,5,1068.12,0,34.96,35.05,32.42,74,106.65,20.52
2022-06-23 03:30:00,5,1001.36,0,33.59,29.68,33.38,65.22,96.44,19.25
2022-06-23 04:30:00,5,961.3,0,32.22,33.97,33.86,62.64,90.1,17.99
2022-06-23 05:30:00,5,947.95,0,31.53,43.99,35.76,64.94,87.69,16.47
2022-06-23 06:30:00,5,1054.76,0.39,36.67,48.64,41.96,72.12,93.85,17.48
2022-06-23 07:30:00,5,1361.85,4.97,45.24,52.21,51.98,87.39,115.63,22.8
2022-06-23 08:30:00,5,1508.71,8.94,50.04,77.96,60.08,95.44,130.83,25.08
2022-06-23 09:30:00,5,947.95,4.86,29.47,121.59,46.25,66.89,124.68,15.07
2022-06-23 10:30:00,5,720.98,2.57,18.34,157.36,36.24,62.58,136.49,11.78
2022-06-23 11:30:00,5,594.14,1.62,12.68,173.09,29.33,58.12,129.12,10.01
2022-06-23 12:30:00,5,507.35,1.2,9.6,173.09,22.17,49.96,102.55,8.11
2022-06-23 13:30:00,4,487.33,1.13,9.08,173.09,20.03,46.34,80.66,7.28
2022-06-23 14:30:00,4,480.65,1.1,9.25,173.09,19.31,45.32,70.31,7.22
2022-06-23 15:30:00,4,487.33,1.33,11.14,164.51,20.27,41.96,63.55,7.54
2022-06-23 16:30:00,4,534.06,1.79,15.59,150.2,22.41,38.08,59.33,8.36
2022-06-23 17:30:00,4,607.49,1.9,20.91,135.9,24.08,37.72,59.06,9.63
2022-06-23 18:30:00,4,834.47,1.33,32.56,120.16,30.99,47.3,71.69,13.55
2022-06-23 19:30:00,5,1148.22,0.14,42.84,104.43,40.53,64.71,95.73,20.01
2022-06-23 20:30:00,5,1308.44,0,42.5,97.27,44.35,78.01,112.82,24.57
2022-06-23 21:30:00,5,1455.31,0,45.24,91.55,48.16,88.5,126.21,28.63
2022-06-23 22:30:00,5,1628.88,0,48.67,80.82,49.59,97.06,138.48,31.66
2022-06-23 23:30:00,5,1535.42,0,47.3,73.67,44.35,91.87,130.48,29.64
2022-06-24 00:30:00,5,1241.68,0,39.07,72.96,35.29,76.91,107.69,24.57
2022-06-24 01:30:00,5,1081.47,0,32.56,72.96,31.47,71.44,100.19,23.05
2022-06-24 02:30:00,5,1054.76,0,30.16,69.38,31.47,73.45,104.83,23.31
2022-06-24 03:30:00,5,1081.47,0,29.82,64.37,31.47,77.06,112.73,24.07
2022-06-24 04:30:00,5,1094.82,0,30.16,57.22,31.47,80.6,121.14,25.08
2022-06-24 05:30:00,5,1148.22,0,33.93,45.06,31.95,85.48,133.49,26.35
2022-06-24 06:30:00,5,1388.55,1.22,44.55,28.25,37.19,96.88,157.52,29.64
2022-06-24 07:30:00,5,1895.9,12.29,55.52,25.75,49.11,118.51,197.2,35.97
2022-06-24 08:30:00,5,2109.53,16.99,65.12,56.51,59.6,128.53,213.86,35.97
2022-06-24 09:30:00,5,1441.96,6.09,47.3,155.93,64.85,103.86,170.02,25.84
2022-06-24 10:30:00,5,1281.74,3.24,33.93,237.46,69.62,115.82,176.85,24.07
2022-06-24 11:30:00,5,1121.52,1.84,23.99,297.55,67.71,121.99,176.43,21.53
2022-06-24 12:30:00,5,660.9,1.02,11.31,243.19,35.76,70.12,125.54,11.27
2022-06-24 13:30:00,5,540.73,1.01,9.77,211.72,26.46,55.64,125.34,8.49
2022-06-24 14:30:00,5,507.35,1.05,9.94,200.27,24.08,51.99,124.61,7.79
2022-06-24 15:30:00,5,500.68,1.15,10.97,185.97,22.89,48.64,120.81,7.66
2022-06-24 16:30:00,5,534.06,1.42,14.74,173.09,24.08,46.57,115.3,8.23
2022-06-24 17:30:00,5,594.14,1.48,19.88,157.36,25.51,45.31,111.06,8.99
2022-06-24 18:30:00,5,1081.47,1.73,45.93,117.3,37.67,59.61,131.08,16.09
2022-06-24 19:30:00,5,1789.09,0.27,71.29,73.67,54.84,87.44,171.92,26.85
2022-06-24 20:30:00,5,2162.93,0,75.4,52.21,62.94,108.88,202.19,34.45
2022-06-24 21:30:00,5,3017.43,0.92,97.33,20.03,79.15,157.08,266.21,46.1
2022-06-24 22:30:00,5,4219.06,14.75,108.3,0.32,93.46,223.13,353.21,56.24
2022-06-24 23:30:00,5,4432.68,22.8,106.93,0.02,85.83,234.85,367.25,49.65
2022-06-25 00:30:00,5,3738.4,13.97,102.82,0.24,62.94,197.02,314.51,34.45
2022-06-25 01:30:00,5,3204.35,5.81,91.85,0.95,47.68,174.4,280.24,25.84
2022-06-25 02:30:00,5,2990.72,6.26,78.14,0.62,41.01,171.46,272.64,23.31
2022-06-25 03:30:00,5,2883.91,10.06,67.17,0.14,38.15,173.95,275.12,23.31
2022-06-25 04:30:00,5,2857.21,16.76,57.58,0.02,37.67,180.37,282.47,24.57
2022-06-25 05:30:00,5,3017.43,26.82,51.41,0,40.05,195.28,299.23,26.85
2022-06-25 06:30:00,5,3685,49.62,48.67,0.51,50.54,233.53,344.93,34.45
2022-06-25 07:30:00,5,5554.2,100.14,60.32,3.93,76.29,327.97,467.78,53.2
2022-06-25 08:30:00,5,7690.43,116.23,139.83,19.85,102.04,445.3,610.26,64.85
2022-06-25 09:30:00,5,2269.74,10.95,87.05,157.36,143.05,164.9,228.13,28.12
2022-06-25 10:30:00,5,2136.23,6.93,81.57,274.66,179.29,199.07,260.9,26.35
2022-06-25 11:30:00,5,2109.53,3.91,69.92,440.6,207.9,283.43,346.89,22.29
2022-06-25 12:30:00,5,1188.28,1.56,29.13,423.43,127.79,202.07,252.54,12.79
2022-06-25 13:30:00,5,894.55,0.81,15.59,411.99,76.29,167.37,213.52,8.61
2022-06-25 14:30:00,5,841.14,0.73,15.08,411.99,62.94,157.53,202.62,7.79
2022-06-25 15:30:00,5,801.09,0.75,16.62,389.1,52.45,138.44,182.35,7.98
2022-06-25 16:30:00,5,781.06,0.87,21.25,337.6,46.73,116.33,159.65,8.74
2022-06-25 17:30:00,5,781.06,0.88,28.1,277.52,43.87,95.06,137.07,9.5
2022-06-25 18:30:00,5,2296.45,2.35,112.41,137.33,68.66,132.45,197.97,27.87
2022-06-25 19:30:00,5,4646.3,9.39,200.15,15.2,110.63,227.1,333.83,56.24
2022-06-25 20:30:00,5,6248.47,46.49,197.41,0,141.14,313.68,447.65,78.02
2022-06-25 21:30:00,5,7049.56,57.22,191.93,0,150.68,378.98,519.47,87.14
2022-06-25 22:30:00,5,7583.62,55.88,186.44,0,143.05,434.77,581.1,77.01
2022-06-25 23:30:00,5,7156.37,42.02,175.48,0,115.39,423.27,561.92,56.24
2022-06-26 00:30:00,5,4379.27,3.97,135.72,10.46,74.39,285.74,379.24,32.17
2022-06-26 01:30:00,5,2296.45,0,69.23,38.27,46.73,173.33,231.46,27.36
2022-06-26 02:30:00,5,1321.79,0,34.27,50.07,30.28,115.46,150.06,26.6
2022-06-26 03:30:00,5,934.6,0,17.14,107.29,37.67,94.93,112.04,20.27
2022-06-26 04:30:00,5,1001.36,0,17.65,82.97,41.48,71.21,82.65,20.77
2022-06-26 05:30:00,4,1041.41,0,19.36,65.09,38.15,47.5,56.69,21.53
2022-06-26 06:30:00,4,1068.12,0.15,22.28,60.8,36.72,33.36,42.14,21.28
2022-06-26 07:30:00,4,1134.87,1.66,26.39,70.81,39.58,32.68,42.96,21.03
2022-06-26 08:30:00,4,1134.87,3.13,27.42,101.57,43.87,38.43,49.03,19.76
2022-06-26 09:30:00,4,961.3,1.87,21.25,140.19,42.44,40.29,48.01,14.06
2022-06-26 10:30:00,4,881.2,1.3,18.68,160.22,41.48,42.71,49.47,12.54
2022-06-26 11:30:00,4,827.79,0.94,18.34,164.51,41.48,41.58,47.64,11.91
2022-06-26 12:30:00,4,774.38,0.67,16.45,163.08,35.29,36.15,42.26,10.13
2022-06-26 13:30:00,4,741,0.7,17.14,168.8,36.72,35.97,42.92,9.12
2022-06-26 14:30:00,4,734.33,0.82,19.54,175.95,41.96,37.7,44.89,8.74
2022-06-26 15:30:00,4,741,1.12,22.96,183.11,49.11,40.36,47.81,8.61
2022-06-26 16:30:00,4,747.68,1.41,26.73,188.83,56.74,43.04,50.69,8.36
2022-06-26 17:30:00,4,774.38,1.4,31.53,183.11,62.94,41.43,48.92,8.23
2022-06-26 18:30:00,4,881.2,0.87,43.53,157.36,77.25,38.32,46.78,9.88
2022-06-26 19:30:00,4,988.01,0.07,49.35,118.73,88.69,33.65,43.88,12.03
2022-06-26 20:30:00,4,988.01,0,41.81,108.72,78.2,31.94,42.78,12.92
2022-06-26 21:30:00,4,921.25,0,32.9,124.45,61.99,35.44,45.5,12.54
2022-06-26 22:30:00,4,867.84,0,27.42,137.33,51.02,39.98,49.79,13.05
2022-06-26 23:30:00,4,801.09,0,23.99,138.76,43.39,39.56,47.95,12.79
2022-06-27 00:30:00,4,727.65,0,20.22,135.9,37.67,38.9,45.6,12.92
2022-06-27 01:30:00,4,700.95,0,20.05,134.47,40.53,41.93,48.63,13.55
2022-06-27 02:30:00,4,680.92,0,18.85,130.18,41.01,42.37,48.42,12.79
2022-06-27 03:30:00,4,680.92,0,20.05,108.72,43.39,40.72,46.48,12.54
2022-06-27 04:30:00,4,694.27,0,22.62,86.55,46.25,39.3,45.23,13.68
2022-06-27 05:30:00,4,714.3,0,26.05,70.1,50.07,38.73,45.08,14.82
2022-06-27 06:30:00,4,761.03,0.18,31.53,57.94,55.31,39.16,46.5,15.2
2022-06-27 07:30:00,4,854.49,2.54,34.96,60.8,59.6,41.62,50.48,14.57
2022-06-27 08:30:00,4,894.55,4.86,34.96,88.69,62.94,45.82,54.67,12.16
2022-06-27 09:30:00,4,854.49,1.65,32.22,111.58,54.36,44.84,51.77,8.49
2022-06-27 10:30:00,4,841.14,1.72,28.79,121.59,51.98,42.53,48.82,7.22
2022-06-27 11:30:00,4,834.47,1.82,25.7,154.5,53.88,49.05,55.04,6.78
2022-06-27 12:30:00,5,827.79,1.4,21.08,197.41,51.5,59.66,65.32,6.27
2022-06-27 13:30:00,5,854.49,1.24,20.39,240.33,55.79,71.18,77.06,5.95
2022-06-27 14:30:00,5,894.55,1.26,22.96,286.1,67.71,85.69,92.22,5.83
2022-06-27 15:30:00,5,947.95,1.23,28.1,331.88,84.88,103.87,111.5,6.02
2022-06-27 16:30:00,5,1001.36,1.22,37.7,337.6,103,109.89,118.68,6.52
2022-06-27 17:30:00,5,1054.76,1.03,50.72,297.55,118.26,99.62,109.23,7.47
2022-06-27 18:30:00,5,1295.09,0.53,76.09,211.72,139.24,87.93,101.7,12.67
2022-06-27 19:30:00,5,1575.47,0.03,82.25,120.16,133.51,76.6,97.34,19.76
2022-06-27 20:30:00,5,1588.82,0,67.17,80.82,98.23,63.04,86.79,22.55
2022-06-27 21:30:00,4,1375.2,0,47.98,77.96,65.8,46.42,66.92,21.03
2022-06-27 22:30:00,4,1188.28,0,38.04,75.1,51.98,36.34,52.87,19
2022-06-27 23:30:00,4,1041.41,0,34.27,64.37,47.21,29.45,42.02,17.23
2022-06-28 00:30:00,3,894.55,0,30.5,50.78,43.87,24.75,34.06,16.21
2022-06-28 01:30:00,4,867.84,0,29.13,39.34,42.92,26.96,36.16,17.73
2022-06-28 02:30:00,4,854.49,0,28.79,32.19,42.44,31.02,40.22,17.99
2022-06-28 03:30:00,4,881.2,0,29.82,27.54,43.39,35.27,43.65,16.72
2022-06-28 04:30:00,4,881.2,0.01,30.85,24.32,43.87,37.74,44.26,12.16
2022-06-28 05:30:00,4,894.55,0.06,32.56,19.67,43.39,38.8,44.68,8.23
2022-06-28 06:30:00,4,974.66,0.72,38.04,11.18,47.68,41.31,48.18,7.47
2022-06-28 07:30:00,5,1214.98,5.64,47.3,4.96,59.6,50.55,61.38,10.89
2022-06-28 08:30:00,5,1415.25,12.63,56.21,13.05,75.34,58.49,71.64,13.68
2022-06-28 09:30:00,5,1441.96,3.86,76.09,10.28,84.88,60.26,74.93,15.45
2022-06-28 10:30:00,5,1522.06,3.69,80.2,3.76,95.37,62.05,79.28,18.75
2022-06-28 11:30:00,5,1575.47,2.96,80.2,5.59,96.32,60.66,79.75,21.03
2022-06-28 12:30:00,4,1121.52,0.05,46.61,55.07,53.88,33.98,45.97,13.17
2022-06-28 13:30:00,4,947.95,0.02,29.47,82.25,37.67,25.24,34.22,10.77
2022-06-28 14:30:00,4,867.84,0.03,23.31,89.41,31.95,25.75,35.53,10.89
2022-06-28 15:30:00,4,807.76,0.35,19.02,101.57,26.94,29.51,41.29,11.02
2022-06-28 16:30:00,4,807.76,0.59,19.54,114.44,26.94,35.09,48.47,11.65
2022-06-28 17:30:00,4,847.82,0.64,22.62,121.59,28.61,38.59,52.92,12.79
2022-06-28 18:30:00,5,2830.51,14.19,109.67,33.97,67.71,105.11,151.02,35.97
2022-06-28 19:30:00,5,5874.63,80.47,130.24,0.49,125.89,237.25,339.36,66.88
2022-06-28 20:30:00,5,8438.11,141.26,124.75,0,171.66,379.14,541.02,91.2
2022-06-28 21:30:00,5,10467.53,169.87,132.98,0,190.73,490.45,711.37,107.41
2022-06-28 22:30:00,5,11215.21,178.81,132.98,0,186.92,542.3,801.89,112.47
2022-06-28 23:30:00,5,10787.96,178.81,123.38,0,160.22,518.72,763.1,97.27
2022-06-29 00:30:00,5,8972.17,148.42,113.79,0,118.26,415.8,598.59,67.89
2022-06-29 01:30:00,5,6141.66,84.94,101.45,0,82.02,279,400.15,46.1
2022-06-29 02:30:00,5,3738.4,34.87,78.14,0,57.22,166.46,238.65,35.46
2022-06-29 03:30:00,5,2510.07,12.74,59.63,0.09,47.21,113.03,158.57,31.92
2022-06-29 04:30:00,5,2323.15,11.4,52.09,0.12,48.16,111.81,154.68,31.66
2022-06-29 05:30:00,5,2643.59,19.67,50.72,0.02,55.31,136.72,185.93,34.45
2022-06-29 06:30:00,5,3524.78,45.15,52.78,0.24,71.53,190.02,252.65,43.06
2022-06-29 07:30:00,5,5340.58,98.35,65.8,1.81,92.51,278.48,369.95,61.3
2022-06-29 08:30:00,5,6568.91,121.59,115.16,8.4,101.09,324.43,430.9,66.88
2022-06-29 09:30:00,5,2056.12,6.98,116.53,26.46,143.05,148.64,187.66,26.09
2022-06-29 10:30:00,5,2082.82,4.92,137.09,14.48,183.11,158.9,207.12,27.61
2022-06-29 11:30:00,5,2269.74,2.4,134.35,15.38,181.2,162.9,246.32,31.41
2022-06-29 12:30:00,5,1308.44,0.03,59.63,41.84,85.83,101.03,292.24,20.01
2022-06-29 13:30:00,5,700.95,0,27.42,52.93,41.01,66.12,286.08,11.65
2022-06-29 14:30:00,5,527.38,0,20.22,57.94,29.56,60.03,292.23,8.99
2022-06-29 15:30:00,5,500.68,0.01,19.36,62.94,28.13,62.34,305.61,8.49
2022-06-29 16:30:00,5,660.9,0.01,35.3,52.21,55.31,70.26,311.73,11.15
2022-06-29 17:30:00,5,961.3,0.01,71.29,31.11,133.51,87.29,281.09,14.44
2022-06-29 18:30:00,5,1121.52,0.01,73.34,38.62,148.77,103.74,207.42,14.31
2022-06-29 19:30:00,5,1081.47,0,50.72,42.92,87.74,68.35,103.07,14.44
2022-06-29 20:30:00,4,1014.71,0,39.07,41.13,56.74,39.23,54.17,14.31
2022-06-29 21:30:00,4,961.3,0,31.87,51.5,46.73,36.84,49.8,13.3
2022-06-29 22:30:00,4,974.66,0,31.53,55.79,50.07,45.7,57.64,12.92
2022-06-29 23:30:00,5,961.3,0,32.56,50.07,53.88,51.89,62.49,12.41
2022-06-30 00:30:00,4,907.9,0,31.19,40.77,51.02,49.15,57.58,11.53
2022-06-30 01:30:00,4,881.2,0,30.5,29.33,48.64,43.65,51.23,10.77
2022-06-30 02:30:00,4,881.2,0.08,30.85,16.27,45.3,37.88,45.03,9.5
2022-06-30 03:30:00,4,881.2,0.27,30.16,9.57,42.44,30.08,36.69,8.11
2022-06-30 04:30:00,4,854.49,0.2,29.47,11.35,41.01,25.95,31.87,6.9
2022-06-30 05:30:00,3,841.14,0.13,30.85,15.02,42.44,24.97,30.91,6.4
2022-06-30 06:30:00,4,921.25,0.47,37.36,13.05,48.64,27.42,34.62,7.41
2022-06-30 07:30:00,4,1161.58,4.47,50.04,3.71,61.99,36.11,47.07,10.13
2022-06-30 08:30:00,4,1375.2,14.75,56.89,1.61,79.15,45.39,59.3,12.54
2022-06-30 09:30:00,4,1401.9,16.76,61.69,2.37,88.69,49.49,63.9,12.92
2022-06-30 10:30:00,5,1361.85,17.21,67.86,1.86,105.86,52.53,67.19,12.54
2022-06-30 11:30:00,5,1281.74,19,74.71,1.77,131.61,55.19,69.24,11.15
2022-06-30 12:30:00,5,1201.63,19.89,81.57,0.49,150.68,58.19,70.93,9.12
2022-06-30 13:30:00,5,1174.93,21.46,93.22,0.07,181.2,65.04,77.15,7.66
2022-06-30 14:30:00,5,1121.52,17.21,98.71,0.09,192.64,67.93,79.26,6.27
2022-06-30 15:30:00,5,1054.76,9.28,87.05,0.39,156.4,64.14,75.77,6.02
2022-06-30 16:30:00,5,1041.41,4.69,75.4,1.33,129.7,57.27,69.59,6.59
2022-06-30 17:30:00,5,1081.47,2.24,70.6,3.84,120.16,50.89,62.94,7.09
2022-06-30 18:30:00,4,1174.93,0.84,67.86,8.31,116.35,46.99,57.6,7.54
2022-06-30 19:30:00,5,1348.5,1.09,69.23,6.97,114.44,51.82,63.89,8.99
2022-06-30 20:30:00,5,1495.36,4.14,70.6,1.5,117.3,61.74,76.2,9.63
2022-06-30 21:30:00,5,1535.42,10.62,67.86,0.04,117.3,70.45,86.99,9.63
2022-06-30 22:30:00,5,1495.36,15.87,65.12,0,109.67,73.81,91.28,9.25
2022-06-30 23:30:00,5,1375.2,15.87,59.63,0,92.51,68.64,83.08,7.03
2022-07-01 00:30:00,5,1241.68,11.51,53.47,0.01,71.53,62.63,73.58,5.45
2022-07-01 01:30:00,5,1188.28,9.72,49.35,0.01,64.85,61.17,71.19,5.51
2022-07-01 02:30:00,5,1188.28,10.28,46.61,0,66.76,58.26,68.16,5.64
2022-07-01 03:30:00,5,1214.98,11.4,44.55,0,71.53,56.88,67.13,5.83
2022-07-01 04:30:00,5,1228.33,11.96,44.55,0,72.48,59.68,70.63,5.95
2022-07-01 05:30:00,5,1268.39,13.63,44.55,0,72.48,66.94,79.05,6.71
2022-07-01 06:30:00,5,1441.96,19.22,45.24,0.03,76.29,81.8,96,8.49
2022-07-01 07:30:00,5,1869.2,33.97,48.67,0.15,91.55,107.6,126.69,11.78
2022-07-01 08:30:00,5,2162.93,49.62,54.84,0.27,120.16,125.7,146.89,13.17
2022-07-01 09:30:00,5,1976.01,51.41,64.43,2.75,162.12,122.5,142.29,11.02
2022-07-01 10:30:00,5,1842.5,39.79,85,16.27,190.73,117.11,136.44,9.63
2022-07-01 11:30:00,5,1695.63,25.48,97.33,51.5,200.27,112.44,130.36,8.61
2022-07-01 12:30:00,5,1468.66,13.86,90.48,88.69,185.01,106.44,120.99,6.4
2022-07-01 13:30:00,5,1308.44,8.83,89.11,79.39,169.75,93.64,105.87,5.64
2022-07-01 14:30:00,5,1255.04,5.81,102.82,42.2,165.94,80.46,91.64,5.64
2022-07-01 15:30:00,5,1255.04,2.85,112.41,10.1,156.4,73.77,84.94,6.02
2022-07-01 16:30:00,5,1308.44,6.03,113.79,2.5,146.87,74.65,86.41,6.33
2022-07-01 17:30:00,5,1401.9,9.16,113.79,1.13,139.24,79.83,92.4,6.59
2022-07-01 18:30:00,5,1895.9,26.15,120.64,0.18,148.77,105.6,124.46,12.67
2022-07-01 19:30:00,5,2643.59,51.86,126.12,0,164.03,152.61,182.41,20.52
2022-07-01 20:30:00,5,3124.24,65.27,130.24,0,167.85,196.99,234.71,21.53
2022-07-01 21:30:00,5,3631.59,76.89,127.49,0,152.59,244.03,293.39,22.04
2022-07-01 22:30:00,5,4112.24,83.15,124.75,0,133.51,285.18,344.78,21.03
2022-07-01 23:30:00,5,4272.46,79.57,123.38,0,110.63,308.83,371.23,16.21
2022-07-02 00:30:00,5,4219.06,68.84,119.27,0,74.39,308.77,369.31,10.89
2022-07-02 01:30:00,5,4165.65,57.22,108.3,0,50.07,303.54,363.14,9.25
2022-07-02 02:30:00,5,4165.65,53.2,98.71,0,43.39,306.62,367.16,10.77
2022-07-02 03:30:00,5,4219.06,53.64,89.11,0,45.3,316.02,374.7,12.67
2022-07-02 04:30:00,5,3791.81,40.68,78.83,0,40.53,288.24,336.21,11.15
2022-07-02 05:30:00,5,3070.83,24.14,67.86,0.01,34.33,232.2,267.6,9.75
2022-07-02 06:30:00,5,2777.1,19.45,62.38,0.28,35.76,200.46,233.07,11.4
2022-07-02 07:30:00,5,3150.94,30.85,65.12,3.84,44.82,206.67,247.21,15.96
2022-07-02 08:30:00,5,3257.75,29.95,78.83,21.99,50.07,205.34,246.35,18.75
2022-07-02 09:30:00,5,1522.06,5.64,48.67,121.59,61.99,128.25,141.2,6.52
2022-07-02 10:30:00,5,1054.76,2.32,27.08,188.83,48.64,94.74,102.81,5.19
2022-07-02 11:30:00,5,847.82,1.4,17.99,220.3,41.96,82.49,89.04,5.19
2022-07-02 12:30:00,5,694.27,1.02,12.51,214.58,31.95,66.01,71.16,4.88
2022-07-02 13:30:00,5,607.49,1.03,11.82,200.27,28.85,54.03,58.43,4.94
2022-07-02 14:30:00,4,567.44,1.17,13.02,188.83,30.04,49.01,53.18,5.13
2022-07-02 15:30:00,4,554.08,1.22,15.94,173.09,31.47,43.74,48.1,5.64
2022-07-02 16:30:00,4,567.44,1.12,22.62,140.19,34.81,36.52,41.24,6.52
2022-07-02 17:30:00,4,600.81,0.5,30.16,105.86,37.67,30.25,35.32,7.35
2022-07-02 18:30:00,4,734.33,0.07,38.39,80.82,43.39,31.55,38.79,9.88
2022-07-02 19:30:00,4,894.55,0,39.07,71.53,41.96,39.32,50.48,13.81
2022-07-02 20:30:00,4,934.6,0,35.99,69.38,37.67,45.72,58.99,16.09
2022-07-02 21:30:00,4,881.2,0,32.56,62.94,33.38,46.24,58.23,15.83
2022-07-02 22:30:00,4,807.76,0,30.85,54.36,31.47,44.26,54.26,13.68
2022-07-02 23:30:00,4,734.33,0,28.45,51.5,30.28,42.35,49.85,11.02
2022-07-03 00:30:00,4,647.54,0,24.33,53.64,28.13,39.03,43.73,7.73
2022-07-03 01:30:00,4,627.52,0,22.96,50.07,28.13,38.52,42.63,5.95
2022-07-03 02:30:00,4,634.19,0,23.99,41.48,30.04,38.59,42.69,5.07
2022-07-03 03:30:00,4,647.54,0.01,26.73,30.4,33.86,38.62,42.82,4.56
2022-07-03 04:30:00,4,667.57,0.04,30.16,21.64,38.62,39.36,43.54,4.18
2022-07-03 05:30:00,4,700.95,0.21,34.27,13.77,43.87,41.36,45.7,4.12
2022-07-03 06:30:00,4,787.73,1.61,39.07,6.08,50.07,45.85,52.22,5.26
2022-07-03 07:30:00,5,934.6,7.26,39.76,3.71,54.36,50.8,60.49,7.28
2022-07-03 08:30:00,5,1028.06,13.19,37.7,7.33,56.74,51.93,62.89,8.61
2022-07-03 09:30:00,4,881.2,12.18,35.99,14.84,61.04,41.45,49.28,6.59
2022-07-03 10:30:00,4,774.38,9.16,32.22,38.62,58.17,36.93,43.41,6.02
2022-07-03 11:30:00,4,694.27,5.42,27.42,88.69,54.36,43.87,49.48,5.64
2022-07-03 12:30:00,5,620.84,2.15,18.68,145.91,43.87,58.55,63.23,4.88
2022-07-03 13:30:00,5,580.79,1.15,16.96,153.06,37.67,58.48,62.69,4.81
2022-07-03 14:30:00,5,574.11,0.73,20.39,135.9,38.15,52.86,57.13,5.32
2022-07-03 15:30:00,5,1134.87,1.93,50.04,85.83,44.82,68.19,80.9,12.03
2022-07-03 16:30:00,5,1922.61,6.98,86.37,38.62,53.88,94.32,117.86,19
2022-07-03 17:30:00,5,2563.48,20.79,106.93,12.16,66.76,113.91,145.13,25.33
2022-07-03 18:30:00,5,3204.35,41.57,112.41,2.19,87.74,142.98,183.98,35.97
2022-07-03 19:30:00,5,3898.62,60.8,98.71,0.07,88.69,189.26,244.23,42.56
2022-07-03 20:30:00,5,4432.68,70.63,87.05,0,81.06,225.66,290.87,39.01
2022-07-03 21:30:00,5,4432.68,63.48,78.83,0,69.62,235.35,303.35,31.66
2022-07-03 22:30:00,5,4486.08,59.01,73.34,0,62.94,244.08,315.81,28.37
2022-07-03 23:30:00,5,4432.68,59.01,69.23,0,53.88,242.56,311.49,21.79
2022-07-04 00:30:00,5,4058.84,53.64,63.75,0,42.44,219.59,277.82,14.44
2022-07-04 01:30:00,5,3685,45.6,58.26,0,39.58,200.86,252.11,12.67
2022-07-04 02:30:00,5,3257.75,34.42,54.15,0,37.19,181.62,227.74,11.4
2022-07-04 03:30:00,5,2803.8,24.14,51.41,0,36.72,161.35,200.95,10.13
2022-07-04 04:30:00,5,2349.85,15.87,47.3,0.03,35.29,137.38,168.13,8.49
2022-07-04 05:30:00,5,1895.9,9.5,43.87,0.28,35.29,112.69,134.59,7.6
2022-07-04 06:30:00,5,1308.44,0.78,50.04,13.05,51.02,83.82,98.03,8.23
2022-07-04 07:30:00,5,1415.25,8.49,61.69,8.85,76.29,92.68,112.02,11.4
2022-07-04 08:30:00,5,1615.52,24.14,69.92,12.34,112.53,107.47,131.93,13.81
2022-07-04 09:30:00,5,1468.66,25.03,84.31,22.71,165.94,106.74,128.17,11.4
2022-07-04 10:30:00,5,1348.5,20.79,98.71,26.82,202.18,112.21,130.85,9.88
2022-07-04 11:30:00,5,1361.85,18.78,108.3,38.27,223.16,128.48,146.65,9.63
2022-07-04 12:30:00,5,1188.28,10.84,98.71,60.8,190.73,113.56,128.23,7.47
2022-07-04 13:30:00,5,1054.76,8.49,72.66,107.29,146.87,98.72,110.6,6.59
2022-07-04 14:30:00,5,1014.71,5.81,57.58,174.52,127.79,110.32,121.5,5.89
2022-07-04 15:30:00,5,1041.41,3.1,47.98,248.91,121.12,137.87,149.4,5.38
2022-07-04 16:30:00,5,1148.22,1.87,53.47,286.1,131.61,162,175.04,5.7
2022-07-04 17:30:00,5,1295.09,1.2,72.66,280.38,160.22,175.76,190.66,6.33
2022-07-04 18:30:00,5,3391.27,1.79,180.96,111.58,177.38,266.55,314.99,29.89
2022-07-04 19:30:00,5,6622.31,29.95,249.51,2.26,175.48,430.39,539.36,64.85
2022-07-04 20:30:00,5,9185.79,89.41,230.31,0,179.29,585.38,751.16,90.18
2022-07-04 21:30:00,5,10147.09,116.23,200.15,0,171.66,637.6,838.77,100.31
2022-07-04 22:30:00,5,9826.66,119.81,164.51,0,133.51,604.66,813.28,81.06
2022-07-04 23:30:00,5,8544.92,109.97,132.98,0,89.65,517.22,699.76,49.65
2022-07-05 00:30:00,5,6568.91,78.68,112.41,0,64.85,390.66,522.91,34.96
2022-07-05 01:30:00,5,5661.01,64.37,106.93,0,71.53,346.59,461.15,41.04
2022-07-05 02:30:00,5,5500.79,52.3,112.41,0,86.78,355.01,463.98,47.12
2022-07-05 03:30:00,5,5447.39,33.53,126.12,0,100.14,383.88,480.74,47.62
2022-07-05 04:30:00,5,4272.46,9.72,116.53,1.3,92.51,325.51,394.42,39.01
2022-07-05 05:30:00,5,2750.4,0.41,78.14,13.77,62.94,232.9,271.09,23.05
2022-07-05 06:30:00,5,1482.01,0.01,36.67,60.8,45.78,141.31,155.63,8.04
2022-07-05 07:30:00,5,1602.17,0.3,54.84,52.93,61.04,136.02,153.95,10.64
2022-07-05 08:30:00,5,1789.09,3.97,73.34,55.79,85.83,147.68,170.03,13.68
2022-07-05 09:30:00,5,1842.5,3.27,87.05,65.8,117.3,162.04,185.09,14.69
2022-07-05 10:30:00,5,1708.98,2.49,98.71,67.95,152.59,171.07,192.96,13.17
2022-07-05 11:30:00,5,1495.36,2.91,100.08,70.81,171.66,170.96,189.82,9.88
2022-07-05 12:30:00,5,1028.06,3.38,61.01,100.14,114.44,111.09,121.81,4.5
2022-07-05 13:30:00,5,854.49,3.44,36.33,128.75,74.39,72.76,79.98,3.99
2022-07-05 14:30:00,5,787.73,2.57,25.7,163.08,58.17,61.64,67.41,4.12
2022-07-05 15:30:00,5,794.41,1.9,23.99,183.11,51.5,59.96,65.55,5
2022-07-05 16:30:00,5,881.2,1.9,33.24,171.66,56.27,57.07,63.82,6.71
2022-07-05 17:30:00,5,988.01,1.52,45.93,147.34,64.85,55.16,63.3,8.36
2022-07-05 18:30:00,5,1268.39,0.64,63.75,117.3,75.34,61.54,74.58,12.92
2022-07-05 19:30:00,5,1588.82,0.03,65.8,91.55,67.71,73.73,95.15,19.25
2022-07-05 20:30:00,5,1668.93,0,57.58,80.11,55.31,81.34,107.65,23.31
2022-07-05 21:30:00,5,1508.71,0,46.61,79.39,46.25,78.23,103.85,23.31
2022-07-05 22:30:00,5,1335.14,0,38.39,82.97,42.44,69.57,91.93,19.76
2022-07-05 23:30:00,5,1121.52,0,30.85,98.71,41.01,65.46,81.76,12.54
2022-07-06 00:30:00,5,867.84,0,25.7,128.75,49.11,67.24,75.63,6.02
2022-07-06 01:30:00,5,814.44,0,23.65,125.89,47.68,68.86,75.03,4.88
2022-07-06 02:30:00,5,814.44,0,22.96,107.29,42.92,63.21,69.09,4.75
2022-07-06 03:30:00,5,834.47,0,24.33,81.54,41.48,55.84,61.72,4.81
2022-07-06 04:30:00,5,841.14,0,25.36,60.08,40.05,50.58,56.34,4.69
2022-07-06 05:30:00,4,807.76,0,24.33,53.64,36.24,45.57,50.75,4.5
2022-07-06 06:30:00,4,801.09,0.01,26.05,54.36,37.19,42.61,48.25,5
2022-07-06 07:30:00,4,961.3,0.43,39.07,47.92,52.45,49.42,58.62,7.35
2022-07-06 08:30:00,5,1134.87,4.3,52.78,45.42,74.39,54.66,67.24,10.13
2022-07-06 09:30:00,5,1188.28,3.13,67.86,40.41,99.18,57.3,71.28,11.4
2022-07-06 10:30:00,5,1094.82,0.87,67.86,46.49,113.49,56.13,69.05,10.51
2022-07-06 11:30:00,5,961.3,0.23,54.84,82.25,107.77,56.52,66.65,8.74
2022-07-06 12:30:00,5,834.47,0.06,41.13,118.73,88.69,55.99,63.67,6.9
2022-07-06 13:30:00,5,801.09,0.1,37.01,133.04,79.15,56.39,63.38,6.27
2022-07-06 14:30:00,5,787.73,0.78,34.27,147.34,75.34,57.3,63.93,5.95
2022-07-06 15:30:00,5,787.73,2.71,29.13,191.69,74.39,66.79,73.55,5.51
2022-07-06 16:30:00,5,827.79,2.54,38.73,165.94,78.2,61.42,68.81,6.27
2022-07-06 17:30:00,5,894.55,1.98,48.67,125.89,77.25,54.37,62.52,7.54
2022-07-06 18:30:00,5,1228.33,1.08,67.17,88.69,79.15,61.59,75.09,12.67
2022-07-06 19:30:00,5,1695.63,0.11,76.77,58.65,72.48,79.68,104.13,21.03
2022-07-06 20:30:00,5,1976.01,0,76.77,42.92,67.71,92.77,126.3,26.09
2022-07-06 21:30:00,5,2109.53,0,71.97,37.91,61.04,98.15,137.74,26.6
2022-07-06 22:30:00,5,2269.74,0.01,71.29,29.33,52.93,104.76,150.4,25.59
2022-07-06 23:30:00,5,2296.45,0.06,72.66,19.13,45.3,103.64,149.75,21.03
2022-07-07 00:30:00,5,2029.42,0.09,65.12,16.81,36.24,89.18,127.37,14.19
2022-07-07 01:30:00,5,1682.28,0.02,51.41,21.99,30.52,77.38,105.55,10.26
2022-07-07 02:30:00,5,1388.55,0,38.04,29.33,29.09,69.19,88.51,7.79
2022-07-07 03:30:00,5,1121.52,0,31.53,36.84,37.67,65.7,77.57,5.95
2022-07-07 04:30:00,5,1068.12,0.01,31.53,30.04,39.1,64.99,75.59,5.57
2022-07-07 05:30:00,5,1014.71,0.03,32.56,23.96,39.58,60.6,70.26,5.7
2022-07-07 06:30:00,5,961.3,0.22,36.67,19.85,44.82,58.17,68.19,6.52
2022-07-07 07:30:00,5,1054.76,3.69,45.93,11.8,58.17,65.65,79.39,8.99
2022-07-07 08:30:00,5,1174.93,13.19,49.35,15.02,76.29,74.55,91.32,11.27
2022-07-07 09:30:00,5,1068.12,9.16,56.21,19.13,88.69,67.28,82.41,10.51
2022-07-07 10:30:00,5,934.6,3.27,58.95,26.82,94.41,54.91,67.72,10.26
2022-07-07 11:30:00,4,854.49,1.47,57.58,41.48,99.18,45.82,57.12,10.26
2022-07-07 12:30:00,4,734.33,1.55,43.87,80.82,82.02,32.1,39.9,7.98
2022-07-07 13:30:00,4,680.92,2.6,38.39,111.58,81.06,30.14,36.48,6.71
2022-07-07 14:30:00,4,667.57,2.96,35.99,141.62,87.74,38.8,45.03,6.27
2022-07-07 15:30:00,4,674.25,2.32,34.62,160.22,85.83,45.71,52.35,6.59
2022-07-07 16:30:00,4,700.95,1.79,40.1,144.48,84.88,43.86,51.08,7.47
2022-07-07 17:30:00,4,734.33,1.26,47.3,114.44,85.83,38.19,45.87,8.49
2022-07-07 18:30:00,4,1134.87,0.81,65.12,71.53,82.97,46.07,60.86,14.95
2022-07-07 19:30:00,5,1682.28,0.07,73.34,38.27,66.76,66.25,94.43,24.57
2022-07-07 20:30:00,5,2002.72,0.1,75.4,19.13,62.94,84.2,123.31,31.66
2022-07-07 21:30:00,5,2029.42,0.48,70.6,10.73,59.13,90.54,133.85,33.94
2022-07-07 22:30:00,5,1789.09,0.43,61.01,11.18,51.98,83.23,124.21,30.15
2022-07-07 23:30:00,5,1441.96,0.12,51.41,17.52,43.39,67.95,100.55,23.05
2022-07-08 00:30:00,5,1094.82,0.01,40.78,27.54,35.29,52.8,75.62,16.97
2022-07-08 01:30:00,5,974.66,0,34.27,32.54,30.99,50.9,69.76,15.71
2022-07-08 02:30:00,5,947.95,0,30.5,35.05,28.85,53.62,71.08,15.07
2022-07-08 03:30:00,5,1001.36,0,30.5,32.19,28.37,60.64,79.27,14.31
2022-07-08 04:30:00,5,1108.17,0.01,33.59,25.03,29.56,70.26,91.45,13.3
2022-07-08 05:30:00,5,1255.04,0.22,39.76,15.56,32.42,81.62,106.07,13.3
2022-07-08 06:30:00,5,1588.82,4.75,48.67,5.5,39.1,98.71,129.91,16.97
2022-07-08 07:30:00,5,2243.04,23.69,53.47,9.12,49.59,124.31,167.16,26.09
2022-07-08 08:30:00,5,2536.77,32.19,63.75,25.39,54.84,132.61,179.18,31.66
2022-07-08 09:30:00,5,947.95,6.82,36.67,104.43,66.76,75.11,89.91,14.31
2022-07-08 10:30:00,5,754.36,3.69,26.39,155.93,60.56,75.85,86.33,10.77
2022-07-08 11:30:00,5,707.63,2.32,21.59,205.99,60.08,91.65,101.09,9.63
2022-07-08 12:30:00,5,680.92,1.66,18.34,234.6,57.7,97.83,106.46,8.61
2022-07-08 13:30:00,5,680.92,1.51,18.51,248.91,58.65,96.37,104.41,7.92
2022-07-08 14:30:00,5,687.6,1.54,20.39,248.91,61.99,91.34,99.15,7.41
2022-07-08 15:30:00,5,700.95,1.65,26.05,237.46,68.66,85.5,93.19,7.35
2022-07-08 16:30:00,5,747.68,1.84,40.44,200.27,85.83,77.12,85.39,7.98
2022-07-08 17:30:00,5,807.76,1.51,58.95,145.91,106.81,66.6,75.57,9.25
2022-07-08 18:30:00,5,1415.25,1.09,95.96,76.53,119.21,76.61,96.17,17.99
2022-07-08 19:30:00,5,2323.15,0.23,116.53,26.11,103.95,106.93,146.98,31.41
2022-07-08 20:30:00,5,2857.21,2.4,111.04,5.05,85.83,135.4,193.15,40.53
2022-07-08 21:30:00,5,2883.91,4.97,94.59,1.52,70.57,144.03,209.23,43.06
2022-07-08 22:30:00,5,2483.37,2.26,78.14,4.56,55.31,131.04,190.19,40.02
2022-07-08 23:30:00,5,1895.9,0.15,63.06,20.74,41.96,106.79,149.64,32.93
2022-07-09 00:30:00,5,1241.68,0,40.78,52.93,32.9,81.85,104.21,24.07
2022-07-09 01:30:00,5,1041.41,0,32.22,55.07,29.33,78.02,93.87,21.28
2022-07-09 02:30:00,5,921.25,0,26.39,51.5,25.75,76.26,89.43,19.25
2022-07-09 03:30:00,5,761.03,0,18.68,65.8,20.03,63.18,72.27,13.68
2022-07-09 04:30:00,5,767.71,0,21.93,68.66,26.94,58.31,66.47,11.15
2022-07-09 05:30:00,5,907.9,0,36.67,53.64,47.21,68.4,78.54,11.65
2022-07-09 06:30:00,5,1068.12,0.07,53.47,30.4,67.71,85.18,97.99,12.54
2022-07-09 07:30:00,5,1228.33,1.26,56.21,20.92,69.62,96.99,112.14,14.44
2022-07-09 08:30:00,5,1268.39,3.24,55.52,29.68,70.57,99.79,114.6,14.19
2022-07-09 09:30:00,5,1014.71,2.71,49.35,58.65,75.34,80.43,90.58,9.25
2022-07-09 10:30:00,5,821.11,1.7,40.78,80.82,67.71,59.53,66.75,6.84
2022-07-09 11:30:00,4,727.65,1.15,32.56,95.84,57.22,47.84,53.32,5.83
2022-07-09 12:30:00,4,694.27,0.27,25.7,110.15,45.3,45.4,49.37,5
2022-07-09 13:30:00,5,727.65,0.04,27.08,98.71,45.3,51.49,55.05,5
2022-07-09 14:30:00,5,761.03,0.01,30.5,83.68,50.54,55.26,58.88,5.19
2022-07-09 15:30:00,5,781.06,0.01,35.64,72.96,57.7,53.72,58.1,5.7
2022-07-09 16:30:00,4,801.09,0.03,41.81,62.23,64.85,49.67,55.09,6.52
2022-07-09 17:30:00,4,821.11,0.14,45.24,53.64,65.8,46.39,52.39,7.47
2022-07-09 18:30:00,5,894.55,0.07,47.98,43.99,67.71,50.19,56.67,8.49
2022-07-09 19:30:00,5,1014.71,0,47.98,35.05,67.71,59.79,67.48,8.99
2022-07-09 20:30:00,5,1054.76,0.01,45.93,30.04,64.85,63.84,72.35,7.92
2022-07-09 21:30:00,5,1001.36,0,40.78,31.83,57.22,60.58,69.21,6.65
2022-07-09 22:30:00,5,961.3,0,34.96,34.33,45.3,56.29,65.03,6.46
2022-07-09 23:30:00,4,881.2,0,30.85,33.62,36.24,49.73,56.84,5.64
2022-07-10 00:30:00,4,774.38,0,25.7,33.26,28.85,45.13,50.96,5.38
2022-07-10 01:30:00,4,727.65,0,22.62,31.83,26.94,44.93,50.89,5.83
2022-07-10 02:30:00,4,707.63,0,21.76,29.68,26.94,45.81,51.76,5.83
2022-07-10 03:30:00,4,700.95,0,21.93,28.97,29.8,47.51,52.59,5
2022-07-10 04:30:00,5,700.95,0,22.96,28.97,32.42,51.14,55.4,4.18
2022-07-10 05:30:00,5,707.63,0.01,24.68,28.25,34.81,55.86,59.89,4.05
2022-07-10 06:30:00,5,754.36,0.03,28.1,26.11,37.19,59.55,64.21,4.56
2022-07-10 07:30:00,5,881.2,0.78,35.64,19.13,42.92,62.71,69.29,5.95
2022-07-10 08:30:00,5,1001.36,4.14,41.13,16.27,51.5,65.58,73.62,7.16
2022-07-10 09:30:00,5,1081.47,7.26,45.93,17.88,62.94,69.6,78.57,7.92
2022-07-10 10:30:00,5,1174.93,9.28,54.84,15.56,79.15,77.04,87.52,8.74
2022-07-10 11:30:00,5,1281.74,12.41,67.17,11.27,101.09,87.02,98.78,9.25
2022-07-10 12:30:00,5,1361.85,16.99,73.34,15.38,114.44,97.91,110.37,9.12
2022-07-10 13:30:00,5,1401.9,18.1,78.83,30.4,123.98,106.98,119.56,9.12
2022-07-10 14:30:00,5,1428.6,16.54,89.11,54.36,139.24,118.88,131.57,8.49
2022-07-10 15:30:00,5,1308.44,9.61,90.48,80.11,137.33,116.96,128.49,6.52
2022-07-10 16:30:00,5,1268.39,4.14,94.59,85.83,137.33,119.59,131.7,5.64
2022-07-10 17:30:00,5,1268.39,0.8,94.59,88.69,135.42,126.22,140.55,5.45
2022-07-10 18:30:00,5,1201.63,0.19,76.09,100.14,116.35,123.32,141.02,6.84
2022-07-10 19:30:00,5,1188.28,0.03,54.84,92.98,89.65,110.85,132.51,10.39
2022-07-10 20:30:00,5,1174.93,0,42.5,73.67,70.57,94.74,117.8,12.92
2022-07-10 21:30:00,5,1375.2,0,42.5,50.78,60.08,95.65,122.89,14.95
2022-07-10 22:30:00,5,1708.98,0,49.35,30.76,52.93,110.47,145.86,15.96
2022-07-10 23:30:00,5,1869.2,0.1,55.52,16.63,47.21,116.3,154.96,13.93
2022-07-11 00:30:00,5,1789.09,0.39,57.58,9.39,42.92,110.52,146.38,11.02
2022-07-11 01:30:00,5,1682.28,0.64,56.89,6.44,44.82,105.69,138.29,10.51
2022-07-11 02:30:00,5,1508.71,0.5,53.47,7.24,48.64,98.75,126.69,10.39
2022-07-11 03:30:00,5,1295.09,0.24,54.84,11.18,62.94,93.08,114.27,9.88
2022-07-11 04:30:00,5,1268.39,0.27,61.69,11,79.15,99.21,117.84,8.99
2022-07-11 05:30:00,5,1321.79,0.64,71.97,7.78,100.14,112.61,130.31,8.23
2022-07-11 06:30:00,5,1468.66,3.38,83.63,3.93,127.79,128.26,147.59,9.37
2022-07-11 07:30:00,5,1869.2,18.1,93.22,9.48,160.22,156.1,182.65,14.06
2022-07-11 08:30:00,5,2403.26,32.63,109.67,29.33,186.92,201.24,236.63,17.99
2022-07-11 09:30:00,5,2109.53,24.59,112.41,72.96,186.92,201.33,232.99,11.65
2022-07-11 10:30:00,5,1869.2,14.31,106.93,133.04,185.01,211.75,239.92,8.36
2022-07-11 11:30:00,5,1762.39,8.83,100.08,203.13,200.27,237.17,263.72,6.4
2022-07-11 12:30:00,5,1468.66,4.14,68.55,260.35,160.22,234.36,255.32,4.24
2022-07-11 13:30:00,5,1321.79,1.93,44.55,317.57,125.89,237.24,254.48,3.17
2022-07-11 14:30:00,5,1335.14,1.09,36.67,371.93,123.98,256.74,273.28,2.37
2022-07-11 15:30:00,5,1401.9,0.82,35.64,406.27,122.07,270.74,287.97,2.5
2022-07-11 16:30:00,5,1522.06,0.74,39.41,423.43,121.12,282.69,302.02,3.89
2022-07-11 17:30:00,5,1642.23,0.57,46.61,406.27,117.3,280.54,301.97,5.83
2022-07-11 18:30:00,5,3631.59,0.86,143.95,223.16,123.98,363.28,417.31,31.16
2022-07-11 19:30:00,5,6835.94,0.68,249.51,45.78,146.87,544.53,654.43,66.88
2022-07-11 20:30:00,5,9613.04,19.22,298.86,0.11,179.29,734.68,891.14,100.31
2022-07-11 21:30:00,5,11535.64,36.21,318.05,0,204.09,911.82,1092.5,116.53
2022-07-11 22:30:00,5,12176.51,43.81,287.89,0,164.03,985.45,1169.86,84.1
2022-07-11 23:30:00,5,10467.53,31.74,227.57,0.15,108.72,852.77,1003.65,43.57
2022-07-12 00:30:00,5,4219.06,0,93.22,86.55,89.65,403.42,465.82,11.02
2022-07-12 01:30:00,5,2750.4,0,59.63,82.25,77.25,278.03,323.2,8.99
2022-07-12 02:30:00,5,2056.12,0,44.55,73.67,69.62,222.51,258.84,7.47
2022-07-12 03:30:00,5,1789.09,0,37.36,62.94,61.04,194.14,223.72,6.65
2022-07-12 04:30:00,5,1682.28,0,34.62,50.78,52.93,174.74,198.26,5.76
2022-07-12 05:30:00,5,1602.17,0,38.04,39.34,52.93,156.57,175.43,5.51
2022-07-12 06:30:00,5,1361.85,0.09,51.41,45.06,75.34,134.26,151.03,6.27
2022-07-12 07:30:00,5,1548.77,3.69,66.49,38.98,85.83,128.06,151.12,11.53
2022-07-12 08:30:00,5,1869.2,14.75,73.34,39.34,97.27,129.53,160.28,17.99
2022-07-12 09:30:00,5,1148.22,11.06,63.75,79.39,123.98,95.7,112.95,9.25
2022-07-12 10:30:00,5,988.01,8.72,56.89,103,127.79,102.86,117.32,7.03
2022-07-12 11:30:00,5,934.6,6.48,54.15,135.9,133.51,119.08,132.73,5.95
2022-07-12 12:30:00,5,961.3,4.41,54.84,171.66,135.42,140.37,153.66,5.7
2022-07-12 13:30:00,5,1041.41,3.52,67.86,180.24,158.31,158.78,172.89,6.4
2022-07-12 14:30:00,5,1068.12,2.77,86.37,155.93,185.01,153.47,167.23,6.46
2022-07-12 15:30:00,5,1081.47,2.6,100.08,125.89,202.18,138.04,150.75,6.4
2022-07-12 16:30:00,5,1148.22,3.13,113.79,107.29,207.9,130.5,143.67,6.84
2022-07-12 17:30:00,5,1281.74,3.07,131.61,86.55,217.44,129.28,144.2,7.85
2022-07-12 18:30:00,5,2483.37,10.95,180.96,25.03,211.72,173.33,208.74,23.31
2022-07-12 19:30:00,5,4539.49,53.64,197.41,0.49,198.36,268.4,342.92,47.62
2022-07-12 20:30:00,5,6195.07,92.09,183.7,0,177.38,355.51,465.42,61.3
2022-07-12 21:30:00,5,6462.1,88.51,159.03,0,135.42,362.44,487.25,55.73
2022-07-12 22:30:00,5,5447.39,61.69,126.12,0,89.65,301.33,415.9,43.06
2022-07-12 23:30:00,5,3898.62,34.87,95.96,0,55.31,214.93,298.76,28.88
2022-07-13 00:30:00,5,1762.39,0.66,65.8,13.95,38.62,109.76,142.37,16.09
2022-07-13 01:30:00,5,1441.96,0.03,52.78,19.67,42.92,95.92,118.74,11.27
2022-07-13 02:30:00,5,1388.55,0.02,48.67,21.99,52.45,95.38,114.24,7.85
2022-07-13 03:30:00,5,1268.39,0,43.53,30.4,61.04,89.99,104.43,5.45
2022-07-13 04:30:00,5,1201.63,0,43.53,33.97,69.62,88.46,101.38,5.13
2022-07-13 05:30:00,5,1268.39,0.05,52.78,23.96,83.92,94.72,108.81,6.46
2022-07-13 06:30:00,5,1441.96,3.16,66.49,5.36,101.09,105.71,123.4,9.37
2022-07-13 07:30:00,5,1602.17,14.53,65.8,1.94,100.14,105.44,126.16,12.03
2022-07-13 08:30:00,5,1468.66,17.21,57.58,8.67,83.92,79.89,97.35,12.16
2022-07-13 09:30:00,5,1001.36,8.94,43.87,33.97,69.62,52.84,62.62,7.73
2022-07-13 10:30:00,5,881.2,6.09,38.04,80.82,67.71,55.84,64.34,7.16
2022-07-13 11:30:00,5,841.14,3.97,32.22,151.63,69.62,71.4,79.67,6.97
2022-07-13 12:30:00,5,781.06,2.01,22.28,223.16,61.99,90.18,97.87,6.08
2022-07-13 13:30:00,5,741,1.45,19.71,260.35,61.99,98.16,105.72,5.45
2022-07-13 14:30:00,5,734.33,1.48,22.62,286.1,74.39,105.1,113.02,5.07
2022-07-13 15:30:00,5,781.06,1.79,32.22,288.96,95.37,110.37,119.45,5.57
2022-07-13 16:30:00,5,894.55,2.51,53.47,246.05,127.79,107.64,118.81,7.35
2022-07-13 17:30:00,5,961.3,2.71,68.55,164.51,135.42,86.08,98.77,9.63
2022-07-13 18:30:00,5,1321.79,1.9,76.77,89.41,105.86,77.09,97.12,16.72
2022-07-13 19:30:00,5,1949.31,0.21,80.2,46.49,79.15,99.36,136.15,27.61
2022-07-13 20:30:00,5,2403.26,0.01,78.83,26.82,72.48,127.6,180.22,34.45
2022-07-13 21:30:00,5,2563.48,0.05,75.4,19.85,69.62,143.53,205.93,33.44
2022-07-13 22:30:00,5,2456.67,0.04,69.92,19.85,62.94,143.04,208.24,29.64
2022-07-13 23:30:00,5,2109.53,0.02,61.69,24.32,54.84,127.03,183.84,23.05
2022-07-14 00:30:00,5,1789.09,0.01,56.21,25.03,46.73,110.26,154.04,15.2
2022-07-14 01:30:00,5,1762.39,0.04,53.47,19.67,44.35,112.93,152.52,11.02
2022-07-14 02:30:00,5,1789.09,0.08,50.72,16.09,45.3,120.79,158.51,9.25
2022-07-14 03:30:00,5,1789.09,0.11,48.67,14.84,47.68,128.2,164.53,8.74
2022-07-14 04:30:00,5,1789.09,0.24,50.72,11.8,51.98,131.94,166.86,9.12
2022-07-14 05:30:00,5,1789.09,1.19,55.52,5.54,56.74,128.74,163.21,10.26
2022-07-14 06:30:00,5,1602.17,6.26,51.41,2.3,60.08,99.81,128.92,12.67
2022-07-14 07:30:00,5,1789.09,22.35,46.61,8.76,69.62,90.97,122.17,18.24
2022-07-14 08:30:00,5,1976.01,29.5,59.63,26.82,91.55,96.72,129.78,23.05
2022-07-14 09:30:00,5,1735.69,19.45,73.34,65.8,120.16,100.84,130.18,23.56
2022-07-14 10:30:00,5,1495.36,10.51,76.77,111.58,139.24,109.5,134.42,21.79
2022-07-14 11:30:00,5,1121.52,4.47,67.86,141.62,137.33,96.28,113.51,17.73
2022-07-14 12:30:00,5,801.09,1.84,54.84,141.62,121.12,73.2,83.33,11.02
2022-07-14 13:30:00,5,814.44,1.52,60.32,117.3,121.12,65.63,74.25,9.25
2022-07-14 14:30:00,5,894.55,0.88,71.97,82.97,127.79,62.18,70.68,8.61
2022-07-14 15:30:00,5,1068.12,0.35,89.11,47.92,137.33,66.63,76.52,9.37
2022-07-14 16:30:00,5,1241.68,1.37,104.19,19.49,150.68,71.73,83.61,10.13
2022-07-14 17:30:00,5,1281.74,3.58,95.96,7.69,139.24,68.13,80.7,10.13
2022-07-14 18:30:00,5,1348.5,5.7,76.77,11.18,100.14,62.65,78.95,12.29
2022-07-14 19:30:00,5,1535.42,2.99,70.6,4.6,74.39,66.74,90.96,15.45
2022-07-14 20:30:00,5,1695.63,3.58,65.12,2.41,68.66,76.08,107.74,16.97
2022-07-14 21:30:00,5,1682.28,2.07,60.32,4.6,63.9,81.42,117.27,16.47
2022-07-14 22:30:00,5,1562.12,0.45,55.52,11.35,59.13,82.65,117.58,15.07
2022-07-14 23:30:00,5,1361.85,0.13,51.41,16.09,54.84,76.69,106.96,12.16
2022-07-15 00:30:00,5,1108.17,0.11,46.61,15.56,49.59,63.62,86.44,8.74
2022-07-15 01:30:00,5,934.6,0.19,41.81,12.34,45.78,54.05,71.98,7.79
2022-07-15 02:30:00,4,821.11,0.24,35.3,11.09,40.05,44.69,59.59,7.79
2022-07-15 03:30:00,4,767.71,0.19,30.16,12.87,36.24,37.06,49.75,8.23
2022-07-15 04:30:00,4,741,0.11,28.45,16.09,36.24,34.54,45.72,8.99
2022-07-15 05:30:00,4,761.03,0.09,29.47,18.06,37.19,35.69,46.28,10.01
2022-07-15 06:30:00,4,867.84,1.09,33.59,15.2,41.01,40.29,52.52,12.79
2022-07-15 07:30:00,4,1094.82,8.27,36.67,22.89,50.07,48.91,65.68,17.48
2022-07-15 08:30:00,5,1174.93,10.62,42.5,55.07,61.99,54.27,71.97,19
2022-07-15 09:30:00,4,807.76,2.99,39.76,88.69,69.62,43.66,53.56,12.41
2022-07-15 10:30:00,4,727.65,2.77,34.62,111.58,68.66,41.75,49.66,11.4
2022-07-15 11:30:00,4,700.95,2.43,30.5,153.06,70.57,48.17,55.38,11.15
2022-07-15 12:30:00,5,640.87,1.52,24.33,183.11,61.99,50.55,57.01,9.88
2022-07-15 13:30:00,4,587.46,1.09,25.36,168.8,58.65,41.96,47.72,8.61
2022-07-15 14:30:00,4,560.76,0.66,29.47,143.05,61.99,33.52,39,8.23
2022-07-15 15:30:00,4,667.57,0.8,43.87,118.73,83.92,35.4,41.69,9.37
2022-07-15 16:30:00,4,847.82,1.69,58.26,104.43,105.86,47.24,55.28,10.51
2022-07-15 17:30:00,5,974.66,1.84,61.69,97.27,103.95,58.3,67.5,11.02
2022-07-15 18:30:00,5,1348.5,1.33,69.92,74.39,84.88,75.61,92.37,15.71
2022-07-15 19:30:00,5,1842.5,0.14,78.14,44.7,70.57,98.19,128.46,22.29
2022-07-15 20:30:00,5,2216.34,0.03,81.57,24.32,66.76,118.5,161.34,25.33
2022-07-15 21:30:00,5,2429.96,0.53,82.25,11.62,61.04,128.88,182.43,24.83
2022-07-15 22:30:00,5,2483.37,3.02,80.88,3.13,55.31,132.07,188.88,23.56
2022-07-15 23:30:00,5,2269.74,4.02,76.77,1.99,45.78,117.95,166.84,18.75
2022-07-16 00:30:00,5,1708.98,0.73,63.75,10.64,33.38,89.88,121.54,12.79
2022-07-16 01:30:00,5,1214.98,0,41.13,29.68,25.75,70.37,90.39,10.39
2022-07-16 02:30:00,5,974.66,0,29.13,40.41,23.37,61.84,76.75,9.88
2022-07-16 03:30:00,5,907.9,0,26.39,41.13,24.32,60.56,74.3,9.5
2022-07-16 04:30:00,5,961.3,0,29.47,33.97,27.18,64.97,80.34,9.12
2022-07-16 05:30:00,5,1108.17,0.04,36.67,23.25,31.95,74.06,92.92,9.25
2022-07-16 06:30:00,5,1428.6,2.77,46.61,10.82,40.05,90.81,116.89,11.91
2022-07-16 07:30:00,5,1976.01,19,50.72,15.2,55.31,116,152.79,18.24
2022-07-16 08:30:00,5,2162.93,26.15,63.06,35.41,78.2,123.49,161.21,21.53
2022-07-16 09:30:00,5,1201.63,11.73,60.32,80.11,107.77,77.67,94.91,12.41
2022-07-16 10:30:00,5,1014.71,7.26,61.01,101.57,122.07,74.51,88.25,9.88
2022-07-16 11:30:00,5,834.47,2.68,56.89,111.58,120.16,70.61,80.74,8.04
2022-07-16 12:30:00,5,847.82,1.12,60.32,95.84,119.21,67.39,75.66,8.49
2022-07-16 13:30:00,5,961.3,2.46,64.43,79.39,121.12,71.02,79.52,8.87
2022-07-16 14:30:00,5,1028.06,4.86,64.43,75.1,119.21,75.83,84.91,7.98
2022-07-16 15:30:00,5,1108.17,7.1,66.49,85.83,119.21,86.49,97.32,7.98
2022-07-16 16:30:00,5,1188.28,3.8,82.94,67.95,129.7,92.26,104.96,9.12
2022-07-16 17:30:00,5,1228.33,1.73,89.11,50.07,131.61,90.12,103.39,10.13
2022-07-16 18:30:00,5,1348.5,0.44,85,38.62,113.49,89.71,104.26,11.78
2022-07-16 19:30:00,5,1708.98,0.08,85.68,24.32,89.65,102.76,123.25,14.31
2022-07-16 20:30:00,5,1922.61,0.05,81.57,21.28,68.66,114.82,139.04,13.68
2022-07-16 21:30:00,5,1815.8,0,65.12,33.62,50.07,115.7,140.15,11.78
2022-07-16 22:30:00,5,1615.52,0,50.04,44.7,38.62,106.85,130.36,10.26
2022-07-16 23:30:00,5,1268.39,0,39.07,45.42,32.9,86.11,103.8,7.85
2022-07-17 00:30:00,5,907.9,0,30.85,38.98,31.47,58.9,69.14,6.21
2022-07-17 01:30:00,4,787.73,0,27.76,29.33,29.56,46.66,55.05,6.02
2022-07-17 02:30:00,4,741,0.02,26.39,22.53,28.61,41.46,49.61,6.02
2022-07-17 03:30:00,4,727.65,0.05,26.73,18.06,31.47,39.53,46.69,5.38
2022-07-17 04:30:00,4,714.3,0.1,27.76,15.38,35.76,39.32,45.03,4.43
2022-07-17 05:30:00,4,714.3,0.2,30.16,13.05,38.62,42.42,47.49,3.99
2022-07-17 06:30:00,5,781.06,0.72,35.99,10.37,41.48,50.03,56.44,4.69
2022-07-17 07:30:00,5,1001.36,5.92,42.16,9.57,50.07,62.66,72.9,6.97
2022-07-17 08:30:00,5,1188.28,14.53,44.55,18.95,61.99,74.51,87.32,8.99
2022-07-17 09:30:00,5,1228.33,15.42,47.98,42.2,76.29,83.54,96.82,9.63
2022-07-17 10:30:00,5,1188.28,10.73,55.52,67.95,91.55,91.57,104.84,8.87
2022-07-17 11:30:00,5,1041.41,5.92,55.52,95.84,101.09,90.32,101.5,7.09
2022-07-17 12:30:00,5,827.79,1.82,48.67,107.29,89.65,69.47,77.27,5.26
2022-07-17 13:30:00,5,747.68,2.46,42.5,113.01,81.06,56.88,63.29,4.75
2022-07-17 14:30:00,5,707.63,2.96,38.04,121.59,76.29,51.47,57.06,4.62
2022-07-17 15:30:00,4,680.92,2.91,34.96,127.32,69.62,46.37,51.32,4.56
2022-07-17 16:30:00,4,714.3,3.05,38.73,123.02,72.48,44.17,49.23,4.88
2022-07-17 17:30:00,4,767.71,3.13,47.98,108.72,83.92,45.75,51.46,5.57
2022-07-17 18:30:00,5,1214.98,2.71,68.55,72.24,83.92,63.76,77.38,11.65
2022-07-17 19:30:00,5,1895.9,0.39,83.63,32.9,65.8,94.3,123.63,20.01
2022-07-17 20:30:00,5,2376.56,0.61,87.74,11.35,56.27,121.64,165.42,23.31
2022-07-17 21:30:00,5,2670.29,4.08,82.25,2.3,50.54,138.78,193.73,22.04
2022-07-17 22:30:00,5,2883.91,11.96,72.66,0.14,46.73,153.2,217.46,20.01
2022-07-17 23:30:00,5,2883.91,17.66,64.43,0.01,41.48,157.3,222.49,15.2
2022-07-18 00:30:00,5,2643.59,17.43,58.95,0.01,34.81,148.05,206.26,10.13
2022-07-18 01:30:00,5,2510.07,16.32,54.15,0.02,35.29,148.61,203.1,8.99
2022-07-18 02:30:00,5,2376.56,13.75,49.35,0.04,34.81,152.12,204.28,8.23
2022-07-18 03:30:00,5,2323.15,12.63,45.93,0.05,35.29,158.07,208.37,7.73
2022-07-18 04:30:00,5,2269.74,13.41,43.87,0.04,38.15,161.84,207.48,7.54
2022-07-18 05:30:00,5,2109.53,11.62,47.3,0.16,43.87,153.67,191.39,7.85
2022-07-18 06:30:00,5,1388.55,0.82,65.8,15.2,83.92,115.81,135.84,7.98
2022-07-18 07:30:00,5,1482.01,9.95,74.03,19.13,108.72,119.65,142.01,11.4
2022-07-18 08:30:00,5,1815.8,26.6,84.31,32.19,146.87,139.22,166.47,15.33
2022-07-18 09:30:00,5,2082.82,30.4,101.45,59.37,190.73,170.72,202.39,17.23
2022-07-18 10:30:00,5,2189.64,21.46,115.16,117.3,215.53,211.98,247.38,16.47
2022-07-18 11:30:00,5,2056.12,10.62,101.45,220.3,215.53,256.41,290.89,12.54
2022-07-18 12:30:00,5,1094.82,3.41,42.5,268.94,127.79,174.58,191.83,6.14
2022-07-18 13:30:00,5,827.79,1.56,23.31,303.27,92.51,158.43,170.33,3.64
2022-07-18 14:30:00,5,781.06,1.42,23.99,326.16,96.32,158.46,169.55,2.82
2022-07-18 15:30:00,5,794.41,1.55,30.16,326.16,109.67,157.82,169.02,2.75
2022-07-18 16:30:00,5,867.84,1.75,44.55,297.55,127.79,152.14,164.17,3.99
2022-07-18 17:30:00,5,961.3,1.56,65.12,243.19,146.87,138.72,151.8,6.14
2022-07-18 18:30:00,5,2830.51,4.58,154.91,82.25,148.77,192.93,236.3,29.13
2022-07-18 19:30:00,5,5928.04,45.15,186.44,1.27,137.33,325.35,424.13,58.26
2022-07-18 20:30:00,5,8224.49,95.67,159.03,0,127.79,460.4,603.89,71.94
2022-07-18 21:30:00,5,9185.79,114.44,134.35,0,110.63,528.76,696.47,63.33
2022-07-18 22:30:00,5,8544.92,109.08,109.67,0,87.74,500.67,664.66,49.65
2022-07-18 23:30:00,5,6355.29,77.78,91.85,0,61.04,369.07,490.23,32.17
2022-07-19 00:30:00,5,1976.01,0.61,67.17,19.13,38.15,127.77,168.38,18.49
2022-07-19 01:30:00,5,1228.33,0,40.44,42.2,34.33,91.3,118.16,14.44
2022-07-19 02:30:00,5,988.01,0,29.13,51.5,31.95,80.24,101.27,12.54
2022-07-19 03:30:00,5,947.95,0,27.42,47.92,32.9,75.38,94.07,11.27
2022-07-19 04:30:00,5,974.66,0,30.5,36.48,37.67,72.43,89.7,9.88
2022-07-19 05:30:00,5,1028.06,0.04,35.99,22.71,43.87,70.14,85.54,8.36
2022-07-19 06:30:00,5,1121.52,0.86,42.16,13.05,51.02,67.37,81.83,8.49
2022-07-19 07:30:00,5,1415.25,8.83,47.3,12.34,64.85,72.84,91.48,11.91
2022-07-19 08:30:00,5,1682.28,19.22,57.58,22.53,91.55,81.61,103.74,14.57
2022-07-19 09:30:00,5,1588.82,22.35,70.6,36.84,135.42,86.61,107.57,14.19
2022-07-19 10:30:00,5,1642.23,20.79,82.94,59.37,156.4,103.31,127.07,15.96
2022-07-19 11:30:00,5,1642.23,13.3,86.37,111.58,154.5,127.2,151.42,16.21
2022-07-19 12:30:00,5,1174.93,3.86,47.3,200.27,91.55,119.77,134.68,11.02
2022-07-19 13:30:00,5,974.66,1.34,25.36,246.05,56.74,115.38,126.23,9.5
2022-07-19 14:30:00,5,934.6,0.94,22.28,254.63,47.68,112.26,122.07,9.37
2022-07-19 15:30:00,5,934.6,0.8,25.02,248.91,45.78,107.6,117.87,9.63
2022-07-19 16:30:00,5,1014.71,0.66,34.62,228.88,51.98,107.33,119.12,10.89
2022-07-19 17:30:00,5,1174.93,0.36,50.72,203.13,65.8,111.27,125.38,12.67
2022-07-19 18:30:00,5,2216.34,0.17,112.41,124.45,104.9,163.17,192.29,22.29
2022-07-19 19:30:00,5,3952.03,0.1,189.19,37.55,144.96,282.42,337.39,31.92
2022-07-19 20:30:00,5,5340.58,7.82,227.57,1.92,167.85,418.39,491.99,31.41
2022-07-19 21:30:00,5,5821.23,13.52,224.83,0.14,185.01,534.88,619.65,26.09
2022-07-19 22:30:00,5,5714.42,15.87,213.86,0.04,194.55,595.06,685.42,19.25
2022-07-19 23:30:00,5,5447.39,20.34,205.64,0,181.2,612.47,699.1,11.4
2022-07-20 00:30:00,5,4913.33,16.99,183.7,0,150.68,557.66,628.46,5.83
2022-07-20 01:30:00,5,4272.46,10.51,146.69,0.07,127.79,480.09,534.59,4.24
2022-07-20 02:30:00,5,3124.24,2.96,100.08,2.79,105.86,372.78,410.98,3.01
2022-07-20 03:30:00,5,1415.25,0,59.63,47.21,101.09,199.46,213.8,1.23
2022-07-20 04:30:00,5,1001.36,0,50.72,55.07,87.74,134.83,143.69,2.03
2022-07-20 05:30:00,5,934.6,0,47.98,54.36,78.2,112.29,119.87,2.88
2022-07-22 06:30:00,5,4806.52,102.82,52.78,0,86.78,323.53,380.79,13.55
2022-07-22 07:30:00,5,4966.74,113.55,56.21,0,105.86,336.26,403.71,19.76
2022-07-22 08:30:00,5,5180.36,134.11,60.32,0,137.33,345.14,418.09,23.56
2022-07-22 09:30:00,5,3791.81,118.02,70.6,0.39,211.72,271.52,320.11,14.69
2022-07-22 10:30:00,5,2643.59,95.67,74.03,1.42,247.96,201.11,232.84,8.61
2022-07-22 11:30:00,5,1869.2,56.33,76.09,5.99,221.25,140.15,162.75,6.59
2022-07-22 12:30:00,5,1388.55,17.88,76.09,17.17,154.5,92.46,108.54,5.95
2022-07-22 13:30:00,5,1188.28,5.03,67.86,29.68,122.07,68.22,80.8,6.27
2022-07-22 14:30:00,5,1121.52,2.6,65.12,29.68,121.12,58.85,70.26,7.03
2022-07-22 15:30:00,5,1121.52,0.89,65.8,19.49,119.21,53.92,64.4,7.47
2022-07-22 16:30:00,5,1161.58,1.61,75.4,6.08,131.61,52.45,62.69,7.92
2022-07-22 17:30:00,5,1188.28,5.2,85.68,1.06,148.77,52.77,62.78,8.11
2022-07-22 18:30:00,5,1842.5,21.46,93.22,0.08,127.79,74.78,94.1,15.2
2022-07-22 19:30:00,5,2964.02,42.47,95.96,0,94.41,124.64,163.76,23.05
2022-07-22 20:30:00,5,3791.81,55.43,97.33,0,82.02,171.56,225.11,23.56
2022-07-22 21:30:00,5,4005.43,56.33,93.22,0,73.43,192.66,251.33,21.28
2022-07-22 22:30:00,5,4165.65,56.33,87.05,0,70.57,203.9,264.44,20.77
2022-07-22 23:30:00,5,3845.21,51.41,81.57,0,74.39,190.63,242.32,17.48
2022-07-23 00:30:00,5,2403.26,22.8,76.09,0,86.78,125.46,150.84,8.74
2022-07-23 01:30:00,5,1615.52,8.05,67.17,0.2,76.29,90.42,105.56,4.75
2022-07-23 02:30:00,5,1188.28,1.68,50.04,3.26,57.22,69.72,78.69,3.7
2022-07-23 03:30:00,5,988.01,0.24,37.01,10.37,48.16,63.16,68.57,2.98
2022-07-23 04:30:00,5,907.9,0.19,32.9,11.62,42.92,61.47,65.6,2.85
2022-07-23 05:30:00,5,867.84,0.39,32.22,9.03,39.1,58.47,62.05,2.94
2022-07-23 06:30:00,5,867.84,1.4,33.24,4.87,38.15,54.79,59.21,3.61
2022-07-23 07:30:00,5,961.3,4.92,34.96,1.83,41.96,51.14,57.66,4.69
2022-07-23 08:30:00,4,1014.71,8.83,35.99,2.68,46.73,40.18,47.52,5
2022-07-23 09:30:00,4,847.82,6.48,35.3,12.87,53.41,25.49,31.02,4.31
2022-07-23 10:30:00,3,747.68,3.52,35.3,16.99,54.36,22.4,27.11,4.37
2022-07-23 11:30:00,2,694.27,2.18,33.59,17.34,52.45,19.4,23.18,4.18
2022-07-23 12:30:00,2,667.57,0.7,32.9,17.17,49.11,15.42,18.24,3.55
2022-07-23 13:30:00,2,714.3,1.7,34.62,22.53,51.98,16.49,19.4,3.48
2022-07-23 14:30:00,3,767.71,2.4,35.99,30.76,54.36,20.78,24.02,3.55
2022-07-23 15:30:00,4,821.11,2.01,39.76,40.05,57.7,28.09,32.23,4.12
2022-07-23 16:30:00,4,881.2,1.08,44.55,51.5,61.99,37.07,42.19,4.69
2022-07-23 17:30:00,4,961.3,0.79,49.35,56.51,63.9,42.75,48.63,5.32
2022-07-23 18:30:00,5,1268.39,1.98,61.69,46.49,61.04,55.36,67.23,8.61
2022-07-23 19:30:00,5,1735.69,0.35,74.03,20.03,52.45,74.23,97.97,12.92
2022-07-23 20:30:00,5,2082.82,1.79,74.03,5.36,47.21,90.75,125.2,14.44
2022-07-23 21:30:00,5,2162.93,3.46,66.49,1.94,41.01,95.83,136.35,13.81
2022-07-23 22:30:00,5,1976.01,3.1,57.58,2.03,35.76,90.25,130.3,12.41
2022-07-23 23:30:00,5,1655.58,1.62,50.04,4.25,31.95,76.95,110.02,9.63
2022-07-24 00:30:00,5,1228.33,0.22,38.73,12.16,29.8,57.51,75.67,5.95
2022-07-24 01:30:00,4,974.66,0.03,29.82,20.03,28.85,48.13,57.44,4.24
2022-07-24 02:30:00,4,821.11,0.01,24.33,27.54,28.37,43.81,49.34,3.36
2022-07-24 03:30:00,4,720.98,0,22.96,30.76,30.52,43.48,47.21,2.63
2022-07-24 04:30:00,4,700.95,0.01,24.68,25.75,32.9,45.77,49.36,2.6
2022-07-24 05:30:00,4,707.63,0.08,27.42,18.78,36.72,47.5,51.34,2.72
2022-07-24 06:30:00,4,767.71,0.57,31.87,11.18,40.05,49.23,54.99,3.8
2022-07-24 07:30:00,5,894.55,3.32,34.27,6.26,41.96,50.34,59.19,5.95
2022-07-24 08:30:00,4,921.25,6.2,33.59,9.48,43.39,47.51,56.7,7.22
2022-07-24 09:30:00,4,781.06,2.04,31.19,27.54,41.01,33.2,38.9,5.51
2022-07-24 10:30:00,3,714.3,1.02,27.42,48.64,38.62,22.81,27.17,5.07
2022-07-24 11:30:00,2,667.57,0.94,24.33,70.1,37.67,18.25,21.83,4.88
2022-07-24 12:30:00,2,614.17,1.15,20.22,87.98,34.33,15.84,18.78,4.56
2022-07-24 13:30:00,2,580.79,0.86,21.25,84.4,35.29,14.21,17.06,4.5
2022-07-24 14:30:00,2,574.11,0.7,23.65,79.39,39.58,14.74,17.73,4.81
2022-07-24 15:30:00,2,587.46,0.99,27.76,84.4,48.16,18.73,21.91,5.07
2022-07-24 16:30:00,4,627.52,1.93,30.85,100.14,56.74,27.89,31.59,5.38
2022-07-24 17:30:00,4,667.57,1.98,32.9,111.58,57.22,36.32,40.57,5.76
2022-07-24 18:30:00,4,727.65,1.05,38.39,103,59.13,41.95,48.06,7.09
2022-07-24 19:30:00,4,781.06,0.06,38.39,87.26,55.79,44.75,53.25,8.74
2022-07-24 20:30:00,4,787.73,0,34.27,82.25,49.59,49.59,59.37,9.37
2022-07-24 21:30:00,5,754.36,0,29.47,86.55,43.39,54.31,63.04,8.49
2022-07-24 22:30:00,5,734.33,0,27.08,77.25,39.58,51.02,58.59,7.41
2022-07-24 23:30:00,4,687.6,0,26.39,60.08,36.24,42.06,48,6.02
2022-07-25 00:30:00,4,627.52,0,25.02,46.49,34.33,35.1,39.18,4.62
2022-07-25 01:30:00,4,620.84,0,27.42,35.41,39.58,34.1,37.94,4.12
2022-07-25 02:30:00,4,607.49,0.01,28.79,27.89,42.44,33,36.58,3.58
2022-07-25 03:30:00,4,614.17,0.05,30.5,21.82,44.82,32.81,36.94,3.64
2022-07-25 04:30:00,4,627.52,0.1,30.5,18.24,44.35,32.28,37.11,4.02
2022-07-25 05:30:00,4,640.87,0.16,30.16,16.27,42.92,31.49,36.73,4.37
2022-07-25 06:30:00,4,700.95,0.38,32.22,14.66,46.25,31.89,37.13,4.37
2022-07-25 07:30:00,4,814.44,3.41,34.62,14.31,51.02,32.87,39.45,4.94
2022-07-25 08:30:00,4,867.84,7.6,33.24,26.46,54.36,32.15,38.9,5.07
2022-07-25 09:30:00,4,807.76,6.31,29.47,56.51,52.45,32.74,38.97,5
2022-07-25 10:30:00,4,761.03,4.08,25.7,98.71,50.54,40.07,45.83,5
2022-07-25 11:30:00,5,720.98,2.74,21.59,143.05,50.54,53.26,58.38,4.75
2022-07-25 12:30:00,5,674.25,1.87,16.62,175.95,45.3,62.91,67.22,4.18
2022-07-25 13:30:00,5,654.22,1.66,15.59,188.83,43.87,67.57,71.71,4.02
2022-07-25 14:30:00,5,647.54,1.68,16.45,197.41,45.3,71.69,75.94,4.24
2022-07-25 15:30:00,5,660.9,1.84,20.39,194.55,49.11,72.8,77.52,4.88
2022-07-25 16:30:00,5,707.63,2.12,28.79,174.52,55.79,69.31,74.84,5.89
2022-07-25 17:30:00,5,761.03,1.79,37.36,144.48,58.65,63.63,69.86,6.97
2022-07-25 18:30:00,5,907.9,0.86,47.3,117.3,62.94,64.6,73.56,9.63
2022-07-25 19:30:00,5,1068.12,0.05,47.98,95.84,58.17,70.58,83.62,12.92
2022-07-25 20:30:00,5,1161.58,0,45.93,83.68,53.88,75.53,90.9,13.43
2022-07-25 21:30:00,5,1134.87,0,42.5,75.82,49.11,75.03,89.93,11.4
2022-07-25 22:30:00,5,1081.47,0,40.1,68.66,47.21,73.01,86.98,9.75
2022-07-25 23:30:00,5,988.01,0,38.04,64.37,46.73,69.54,80.83,7.73
2022-07-26 00:30:00,5,854.49,0,33.59,63.66,44.35,63.29,70.57,5.51
2022-07-26 01:30:00,5,794.41,0,29.47,61.51,42.92,60.32,65.79,4.5
2022-07-26 02:30:00,5,754.36,0,27.42,55.07,42.92,60.08,64.56,3.7
2022-07-26 03:30:00,5,741,0,28.79,43.99,45.78,58.61,63.39,3.55
2022-07-26 04:30:00,4,747.68,0,30.16,36.12,46.25,48.98,54.04,3.74
2022-07-26 05:30:00,4,774.38,0.01,30.85,31.11,45.3,40.25,45.43,4.12
2022-07-26 06:30:00,4,854.49,0.15,34.62,24.68,46.73,37.38,43.55,4.88
2022-07-26 07:30:00,4,1001.36,3.69,39.07,19.85,52.93,40.09,48.7,6.21
2022-07-26 08:30:00,4,1068.12,10.17,38.39,27.89,61.04,41.65,50.85,6.59
2022-07-26 09:30:00,4,974.66,9.83,36.33,45.42,65.8,39.93,47.61,5.89
2022-07-26 10:30:00,4,934.6,7.04,36.67,61.51,65.8,40.27,47.2,5.64
2022-07-26 11:30:00,4,894.55,4.14,35.99,82.25,64.85,42.13,48.01,5.19
2022-07-26 12:30:00,4,841.14,2.68,30.16,111.58,57.7,49.82,54.6,4.56
2022-07-26 13:30:00,5,814.44,2.21,24.68,144.48,52.45,63.83,68.32,4.37
2022-07-26 14:30:00,5,787.73,2.15,21.93,157.36,49.59,65.72,70.09,4.31
2022-07-26 15:30:00,5,781.06,2.15,23.31,154.5,48.64,62.47,67.07,4.81
2022-07-26 16:30:00,5,827.79,2.07,30.5,134.47,51.02,55.51,60.75,5.76
2022-07-26 17:30:00,5,881.2,1.4,38.04,114.44,51.98,51.16,57.15,6.9
2022-07-26 18:30:00,5,1041.41,0.46,47.3,95.84,55.31,55.71,64.8,9.88
2022-07-26 19:30:00,5,1201.63,0.01,47.98,79.39,53.41,65.94,79.8,13.43
2022-07-26 20:30:00,5,1281.74,0,47.98,67.23,52.45,75.93,92.69,14.95
2022-07-26 21:30:00,5,1241.68,0,43.87,60.8,47.21,79.67,96.67,13.93
2022-07-26 22:30:00,5,1188.28,0,39.07,60.08,41.96,81.36,96.96,12.16
2022-07-26 23:30:00,5,1094.82,0,34.96,60.08,37.19,78.9,91.25,9.25
2022-07-27 00:30:00,5,961.3,0,29.82,61.51,32.42,73.89,82.28,6.71
2022-07-27 01:30:00,5,907.9,0,26.39,60.08,31.47,73.58,80.34,5.89
2022-07-27 02:30:00,5,881.2,0,24.68,57.22,31.95,75.27,81.56,5.57
2022-07-27 03:30:00,5,881.2,0,25.7,53.64,34.81,78.29,84.53,5.38
2022-07-27 04:30:00,5,907.9,0,27.76,49.35,38.62,81.2,87.32,5.19
2022-07-27 05:30:00,5,934.6,0,31.53,42.92,43.39,83.84,90.19,5.32
2022-07-27 06:30:00,5,1041.41,0.03,39.07,31.83,50.54,87.91,96.3,6.59
2022-07-27 07:30:00,5,1228.33,0.92,50.04,16.99,58.17,92.11,104.46,8.99
2022-07-27 08:30:00,5,1308.44,3.52,56.89,7.69,65.8,87.73,101.47,10.13
2022-07-27 09:30:00,5,1054.76,2.85,56.21,11,76.29,60.65,70.78,7.54
2022-07-27 10:30:00,4,907.9,2.46,52.78,17.52,76.29,47.12,55.39,6.65
2022-07-27 11:30:00,4,821.11,2.1,49.35,21.99,71.53,39.96,46.66,5.95
2022-07-27 12:30:00,4,734.33,4.58,37.01,40.05,58.65,33.17,38.29,5.26
2022-07-27 13:30:00,4,694.27,4.58,29.82,63.66,49.59,31.65,36.14,4.94
2022-07-27 14:30:00,4,694.27,3.74,25.36,97.27,46.73,39.87,44.24,4.75
2022-07-27 15:30:00,5,714.3,2.68,25.36,120.16,47.21,51.07,55.79,5.19
2022-07-27 16:30:00,5,767.71,2.04,32.22,105.86,50.54,51.39,56.81,6.27
2022-07-27 17:30:00,4,841.14,1.15,40.78,74.39,51.5,44.74,50.8,7.35
2022-07-27 18:30:00,4,1014.71,0.46,52.78,41.84,55.79,45.25,53.29,9.63
2022-07-27 19:30:00,5,1188.28,0.16,54.15,20.03,50.54,50.71,61.43,11.4
2022-07-27 20:30:00,5,1188.28,0.63,47.3,10.01,41.01,51.99,63.4,10.26
2022-07-27 21:30:00,4,1108.17,1.01,39.76,7.24,33.86,49.45,60.29,8.23
2022-07-27 22:30:00,5,1121.52,1.66,38.73,4.78,33.86,50.64,61.72,7.73
2022-07-27 23:30:00,5,1094.82,2.82,38.73,2.32,34.81,50.21,60.12,6.78
2022-07-28 00:30:00,4,974.66,3.74,35.64,1.11,33.38,45.65,54.06,5.95
2022-07-28 01:30:00,4,907.9,5.03,31.87,0.4,33.38,44.09,52.98,6.4
2022-07-28 02:30:00,4,881.2,7.04,29.13,0.11,35.29,44.21,53.69,6.97
2022-07-28 03:30:00,4,894.55,10.06,27.76,0.02,39.1,46.11,56.06,7.6
2022-07-28 04:30:00,4,894.55,12.52,26.73,0.01,42.44,46.72,56.8,8.04
2022-07-28 05:30:00,4,894.55,14.53,26.39,0,43.87,46.56,56.88,8.74
2022-07-28 06:30:00,5,1001.36,19.45,27.76,0,50.07,50.04,61.86,10.39
2022-07-28 07:30:00,5,1335.14,33.08,29.47,0.01,64.85,62.84,79.68,13.68
2022-07-28 08:30:00,5,1642.23,50.07,30.85,0.02,82.97,75.55,96.35,16.09
2022-07-28 09:30:00,5,1575.47,50.07,32.56,0.11,90.6,72.16,92.29,14.69
2022-07-28 10:30:00,5,1522.06,47.39,35.99,0.03,99.18,71.34,91.25,13.55
2022-07-28 11:30:00,5,1482.01,46.04,39.41,0.01,105.86,71.17,90.16,12.79
2022-07-28 12:30:00,5,1295.09,33.53,42.84,0.51,89.65,60.97,76.72,11.27
2022-07-28 13:30:00,5,1148.22,22.35,46.61,0.52,76.29,51.5,64.57,10.13
2022-07-28 14:30:00,5,1094.82,21.01,51.41,0.65,83.92,50.87,62.76,9.25
2022-07-28 15:30:00,5,1348.5,32.63,54.84,0.31,99.18,61.64,76.55,12.03
2022-07-28 16:30:00,5,1708.98,43.81,54.84,0.11,90.6,68.41,87.63,14.06
2022-07-28 17:30:00,5,1762.39,41.13,55.52,0.05,64.85,59.32,78.08,12.03
2022-07-28 18:30:00,5,1695.63,35.32,52.78,0.03,49.11,51.78,70.08,11.27
2022-07-28 19:30:00,5,1628.88,28.61,50.72,0.01,48.16,52.94,72.86,11.91
2022-07-28 20:30:00,5,1482.01,20.34,48.67,0.01,49.11,52.74,73.11,11.53
2022-07-28 21:30:00,5,1455.31,18.1,47.98,0.01,51.98,58.65,81.85,12.79
2022-07-28 22:30:00,5,1708.98,24.59,48.67,0,55.79,75.65,106.61,15.07
2022-07-28 23:30:00,5,1789.09,27.72,49.35,0,54.36,81.63,114.54,14.06
2022-07-29 00:30:00,5,1789.09,27.94,46.61,0,44.82,77.27,105.11,10.77
2022-07-29 01:30:00,5,1895.9,29.5,42.84,0,41.96,81.16,107.82,11.4
2022-07-29 02:30:00,5,2002.72,31.74,39.76,0,46.73,89.23,116.8,14.06
2022-07-29 03:30:00,5,2056.12,34.42,38.04,0,53.41,97.06,125.08,15.71
2022-07-29 04:30:00,5,2002.72,35.32,36.33,0,55.31,97.83,124.89,13.43
2022-07-29 05:30:00,5,1895.9,35.76,37.36,0,61.99,95.52,117.43,12.29
2022-07-29 06:30:00,5,1815.8,40.23,43.87,0,84.88,97.04,115.89,13.17
2022-07-29 07:30:00,5,2056.12,52.75,45.93,0.03,94.41,107.02,131.45,15.45
2022-07-29 08:30:00,5,1922.61,49.17,44.55,0.16,80.11,87.03,111.52,14.19
2022-07-29 09:30:00,4,1214.98,21.01,40.44,0.82,51.02,45.67,60.38,9.88
2022-07-29 10:30:00,4,1054.76,15.42,38.39,1.23,47.68,38.5,51.52,9.75
2022-07-29 11:30:00,4,1014.71,13.08,39.07,2.08,50.54,37.76,50.1,9.75
2022-07-29 12:30:00,4,907.9,8.16,38.39,13.23,45.78,33.87,44.49,8.61
2022-07-29 13:30:00,4,794.41,3.13,39.07,25.03,40.53,30.47,39.31,7.41
2022-07-29 14:30:00,4,734.33,1.31,38.39,30.04,39.1,28.44,36.12,6.71
2022-07-29 15:30:00,4,674.25,0.46,34.96,34.69,34.81,25.69,32.75,6.46
2022-07-29 16:30:00,4,700.95,0.38,35.99,37.19,35.76,25.18,32.71,6.9
2022-07-29 17:30:00,4,807.76,0.78,43.18,32.19,41.01,28.12,36.98,7.98
2022-07-29 18:30:00,5,1869.2,22.35,69.23,9.83,53.88,67.9,95,17.48
2022-07-29 19:30:00,5,3578.19,65.27,78.83,0.2,68.66,148.37,211.51,28.88
2022-07-29 20:30:00,5,4592.9,90.3,77.46,0,74.39,212.58,304.81,33.94
2022-07-29 21:30:00,5,5233.76,101.92,75.4,0,77.25,253.6,355.27,35.97
2022-07-29 22:30:00,5,5500.79,108.18,70.6,0,76.29,273.93,370.92,33.94
2022-07-29 23:30:00,5,4859.92,98.35,64.43,0,64.85,236.04,312.45,24.83
2022-07-30 00:30:00,5,3284.45,66.16,55.52,0,46.73,151.43,196.07,13.3
2022-07-30 01:30:00,5,2323.15,39.79,47.98,0,36.24,104.96,133.42,9.25
2022-07-30 02:30:00,5,1869.2,26.38,42.84,0,32.9,87.64,109.25,8.36
2022-07-30 03:30:00,5,1668.93,20.34,38.39,0,32.9,81.15,100.37,8.36
2022-07-30 04:30:00,5,1562.12,18.78,33.93,0,32.9,79.16,98.59,8.49
2022-07-30 05:30:00,5,1508.71,19.67,30.16,0,33.38,77.27,98.08,8.87
2022-07-30 06:30:00,5,1708.98,29.06,28.79,0.01,38.62,86.45,112.57,11.4
2022-07-30 07:30:00,5,2216.34,48.28,29.82,0.18,45.78,102.75,137.7,14.44
2022-07-30 08:30:00,5,1842.5,41.13,33.93,0.93,44.82,76.1,103.33,11.91
2022-07-30 09:30:00,4,921.25,7.93,37.36,5.54,36.24,34.04,46.33,7.98
2022-07-30 10:30:00,4,761.03,4.25,33.59,12.34,35.29,27.84,38.11,7.85
2022-07-30 11:30:00,3,654.22,3.27,27.08,24.68,33.86,24.01,32.35,7.47
2022-07-30 12:30:00,2,540.73,2.1,20.05,43.63,26.94,19.26,25.8,6.59
2022-07-30 13:30:00,2,507.35,1.23,20.05,41.84,24.8,16.09,21.83,6.33
2022-07-30 14:30:00,2,507.35,1.1,22.62,36.48,25.99,14.75,20.34,6.52
2022-07-30 15:30:00,3,787.73,4.14,34.62,21.99,29.33,22.51,33.23,9.88
2022-07-30 16:30:00,4,1321.79,15.65,48.67,7.24,33.86,37.65,57.02,14.95
2022-07-30 17:30:00,5,1815.8,35.32,52.09,2.01,37.67,50.26,76.85,19.25
2022-07-30 18:30:00,5,3044.13,83.15,53.47,0.26,52.45,96.84,145.78,32.42
2022-07-30 19:30:00,5,4806.52,137.69,53.47,0.01,73.43,188.7,276.74,47.62
2022-07-30 20:30:00,5,6195.07,168.09,52.78,0,85.83,284.36,409.65,53.2
2022-07-30 21:30:00,5,7156.37,184.18,52.78,0,95.37,360.15,505.93,56.24
2022-07-30 22:30:00,5,8117.68,203.85,54.84,0,119.21,440.79,599.59,72.96
2022-07-30 23:30:00,5,8865.36,225.31,58.95,0,144.96,513.58,666.76,87.14
2022-07-31 00:30:00,5,8865.36,232.46,61.01,0,146.87,527.3,656.23,83.09
2022-07-31 01:30:00,5,8010.86,218.15,54.15,0,108.72,483.92,588.61,54.21
2022-07-31 02:30:00,5,6622.31,178.81,43.87,0,58.65,392.1,470.67,21.03
2022-07-31 03:30:00,5,3524.78,78.68,47.3,0,40.05,191.35,222.83,7.92
2022-07-31 04:30:00,5,2243.04,39.79,40.78,0,30.04,111.72,131.03,5.95
2022-07-31 05:30:00,5,1455.31,19.45,33.24,0.01,25.27,65.19,78.8,5.83
2022-07-31 06:30:00,4,1121.52,13.75,28.1,0.05,26.7,45.46,58.66,7.35
2022-07-31 07:30:00,4,1161.58,19.22,25.7,0.35,30.99,43.26,60.52,10.13
2022-07-31 08:30:00,4,1161.58,22.58,26.39,1.14,33.38,38.94,56.84,11.53
2022-07-31 09:30:00,3,720.98,7.15,26.39,6.62,26.23,21.78,32.64,9.37
2022-07-31 10:30:00,2,580.79,2.85,23.31,18.6,24.08,17.19,26.12,8.99
2022-07-31 11:30:00,2,507.35,1.68,19.19,37.91,22.89,15.02,22.43,8.61
2022-07-31 12:30:00,2,433.92,1.52,13.37,62.94,18.84,12.75,18.57,7.35
2022-07-31 13:30:00,2,410.56,1.47,12.17,73.67,17.88,11.83,16.66,6.4
2022-07-31 14:30:00,2,423.91,1.68,12,90.84,19.55,13.86,18.47,6.14
2022-07-31 15:30:00,2,447.27,1.55,13.54,104.43,22.17,17.17,22.06,6.27
2022-07-31 16:30:00,2,507.35,1.36,19.02,94.41,25.99,18.62,24.23,7.09
2022-07-31 17:30:00,2,574.11,0.75,26.05,70.81,28.13,18.25,24.52,7.92
2022-07-31 18:30:00,4,1228.33,1.93,57.58,20.21,34.81,39.15,57.32,15.07
2022-07-31 19:30:00,5,2109.53,18.33,65.12,0.23,44.35,79.57,118.06,22.29
2022-07-31 20:30:00,5,2803.8,35.76,58.95,0,52.93,122.17,179.34,24.57
2022-07-31 21:30:00,5,3578.19,52.75,58.26,0,60.56,174.84,249.79,25.84
2022-07-31 22:30:00,5,3845.21,59.9,54.84,0,58.65,195.61,274.32,21.28
2022-07-31 23:30:00,5,2990.72,46.94,47.98,0,45.78,148.84,208.37,12.92
2022-08-01 00:30:00,5,1548.77,18.55,40.1,0.04,30.28,70.01,95.41,6.59
2022-08-01 01:30:00,4,1068.12,8.94,34.96,0.23,28.13,45.9,60.76,5.7
2022-08-01 02:30:00,4,947.95,6.93,32.56,0.31,30.99,41.28,53.9,5.83
2022-08-01 03:30:00,4,921.25,6.59,31.53,0.35,35.76,40.81,52.95,6.02
2022-08-01 04:30:00,4,894.55,7.1,30.5,0.27,37.67,39.87,51.55,6.08
2022-08-01 05:30:00,4,854.49,8.38,28.79,0.16,37.19,37.08,47.6,6.33
2022-08-01 06:30:00,4,867.84,10.62,28.45,0.15,40.05,35.2,45.15,7.54
2022-08-01 07:30:00,4,1108.17,20.34,28.79,0.32,47.21,43.26,57.66,11.02
2022-08-01 08:30:00,5,1375.2,32.63,30.16,0.66,54.84,50.94,69.55,13.93
2022-08-01 09:30:00,5,1415.25,34.87,32.9,1.29,58.65,51.75,71.77,14.69
2022-08-01 10:30:00,4,1255.04,27.27,35.64,2.73,58.17,44.75,62.46,13.05
2022-08-01 11:30:00,4,961.3,16.99,35.3,5.59,52.93,33.02,46.09,10.89
2022-08-01 12:30:00,3,694.27,8.83,28.79,16.45,41.01,22.29,30.73,8.23
2022-08-01 13:30:00,3,674.25,6.87,28.45,25.75,39.58,22.62,30.37,7.92
2022-08-01 14:30:00,4,714.3,5.7,30.5,35.05,41.96,25.59,33.41,7.79
2022-08-01 15:30:00,4,727.65,4.3,30.85,45.78,40.53,27.86,36.28,8.11
2022-08-01 16:30:00,4,754.36,4.47,32.56,55.79,38.62,29.29,38.59,8.99
2022-08-01 17:30:00,4,814.44,4.58,37.7,59.37,37.19,30.91,41.42,10.26
2022-08-01 18:30:00,5,2296.45,31.74,71.97,12.7,47.68,83.02,119.47,24.07
2022-08-01 19:30:00,5,4112.24,84.94,65.8,0.16,62.94,169.58,244.6,35.46
2022-08-01 20:30:00,5,5073.55,109.08,58.95,0,71.53,232.29,333.35,38.5
2022-08-01 21:30:00,5,5928.04,126.96,56.89,0,76.29,297.19,420.64,40.53
2022-08-01 22:30:00,5,6248.47,132.32,54.84,0,71.53,328.09,462.79,33.44
2022-08-01 23:30:00,5,5233.76,109.97,52.09,0,53.41,271.21,383.69,20.52
2022-08-02 00:30:00,5,2830.51,50.07,49.35,0,33.86,132.48,190.28,9.75
2022-08-02 01:30:00,5,1708.98,22.58,42.5,0.01,26.46,77.18,110.47,6.78
2022-08-02 02:30:00,5,1174.93,9.05,37.36,0.35,24.8,53.23,74.69,5.57
2022-08-02 03:30:00,4,787.73,0.86,33.59,7.96,27.89,35.84,47.88,5.07
2022-08-02 04:30:00,4,674.25,0.1,28.45,17.34,29.09,31.3,40.37,4.69
2022-08-02 05:30:00,4,674.25,0.09,29.13,19.31,31.47,31.99,40.95,5.07
2022-08-02 06:30:00,4,834.47,1.16,37.01,12.16,39.1,40,52.39,7.28
2022-08-02 07:30:00,5,1148.22,10.62,40.44,12.16,49.59,53,71.97,11.02
2022-08-02 08:30:00,5,1268.39,17.43,40.1,23.96,55.31,57.25,78.62,13.3
2022-08-02 09:30:00,4,854.49,8.49,29.13,57.22,42.92,41.53,56.71,10.01
2022-08-02 10:30:00,4,727.65,4.3,22.28,97.27,38.62,44.97,59.06,9.25
2022-08-02 11:30:00,5,667.57,2.43,17.48,140.19,37.67,57.11,70.65,8.74
2022-08-02 12:30:00,5,600.81,1.66,13.54,164.51,33.38,60.58,72.59,7.73
2022-08-02 13:30:00,5,567.44,1.56,12.85,167.37,31.47,56.32,66.66,7.09
2022-08-02 14:30:00,5,567.44,1.62,13.71,165.94,31.47,54.4,64.35,7.16
2022-08-02 15:30:00,5,747.68,2.71,22.96,158.79,37.19,60.14,72.93,9.88
2022-08-02 16:30:00,5,974.66,4.02,34.62,137.33,41.01,64.68,80.99,12.54
2022-08-02 17:30:00,5,1174.93,4.75,47.3,101.57,41.48,62.21,81,14.44
2022-08-02 18:30:00,5,2616.88,24.36,87.74,21.64,52.93,106.97,150.14,28.88
2022-08-02 19:30:00,5,4486.08,79.57,79.51,0.16,69.62,190.23,274.3,46.1
2022-08-02 20:30:00,5,5340.58,104.61,70.6,0,74.39,243.34,354.33,48.13
2022-08-02 21:30:00,5,5821.23,113.55,68.55,0,73.43,277.06,397.17,41.54
2022-08-02 22:30:00,5,5874.63,113.55,65.8,0,66.76,285.94,400.24,32.42
2022-08-02 23:30:00,5,4806.52,92.09,61.69,0,50.07,226.94,315.99,20.01
2022-08-03 00:30:00,5,2616.88,40.23,55.52,0,32.42,111.07,161.65,11.4
2022-08-03 01:30:00,5,1815.8,22.8,45.93,0,26.7,76.53,114.77,8.23
2022-08-03 02:30:00,5,1415.25,13.52,39.41,0.05,24.8,61.77,93.23,6.71
2022-08-03 03:30:00,5,1255.04,8.61,37.36,0.24,25.75,59.56,88.12,6.14
2022-08-03 04:30:00,5,1455.31,11.62,37.01,0.11,30.04,74.52,106.44,7.03
2022-08-03 05:30:00,5,2056.12,26.6,37.36,0.01,38.62,113.2,155.66,10.01
2022-08-03 06:30:00,5,3417.97,62.58,39.41,0,53.88,196.24,256.99,16.72
2022-08-03 07:30:00,5,5180.36,112.65,45.24,0.01,76.29,299.38,378.42,24.32
2022-08-03 08:30:00,5,5767.82,137.69,53.47,0.21,92.51,326.42,404.43,25.59
2022-08-03 09:30:00,5,2429.96,39.34,66.49,2.15,99.18,143.42,176.18,13.68
2022-08-03 10:30:00,5,1615.52,15.2,63.06,3.71,81.06,89.6,116.74,13.43
2022-08-03 11:30:00,5,1348.5,9.5,57.58,4.52,78.2,69.28,94.39,13.81
2022-08-03 12:30:00,4,1028.06,2.26,52.78,12.16,62.94,47.67,65.45,11.27
2022-08-03 13:30:00,4,881.2,0.92,46.61,23.25,54.36,37.1,50.3,10.39
2022-08-03 14:30:00,4,867.84,1.93,45.24,28.25,56.74,34.55,46.7,10.77
2022-08-03 15:30:00,5,1428.6,12.52,58.26,20.38,63.9,53.55,74.86,17.48
2022-08-03 16:30:00,5,2536.77,42.47,75.4,3,77.25,93.42,131.45,28.37
2022-08-03 17:30:00,5,3685,92.98,75.4,0.42,96.32,134.5,188.26,39.01
2022-08-03 18:30:00,5,4432.68,128.75,72.66,0.04,127.79,170.37,232.83,45.6
2022-08-03 19:30:00,5,4646.3,137.69,75.4,0,158.31,218.56,284.67,37.49
2022-08-03 20:30:00,5,3738.4,98.35,97.33,0,169.75,236.17,284.05,18.75
2022-08-03 21:30:00,5,2056.12,34.42,98.71,0,110.63,178.79,202.77,9.12
2022-08-03 22:30:00,5,1735.69,21.46,71.97,0,60.08,138.04,161.47,10.13
2022-08-03 23:30:00,5,1628.88,19.67,56.21,0,42.92,116.93,140.17,9.5
2022-08-04 00:30:00,5,1441.96,15.87,45.24,0,32.42,95.9,116.24,7.66
2022-08-04 01:30:00,5,1308.44,13.19,40.44,0.01,33.38,83.66,101.94,7.73
2022-08-04 02:30:00,5,1268.39,13.75,40.78,0.01,44.35,83.45,101.23,8.61
2022-08-04 03:30:00,5,1335.14,18.78,45.93,0,65.8,94.49,111.93,9.5
2022-08-04 04:30:00,5,1455.31,26.6,51.41,0,88.69,110.62,128.16,9.88
2022-08-04 05:30:00,5,1588.82,37.55,54.84,0,111.58,132.15,150.71,10.26
2022-08-04 06:30:00,5,1815.8,50.07,56.21,0,129.7,158,179.91,11.78
2022-08-04 07:30:00,5,2162.93,61.69,54.15,0.03,133.51,178.49,206.09,13.93
2022-08-04 08:30:00,5,2269.74,63.48,50.04,0.21,122.07,171.61,199.85,13.81
2022-08-04 09:30:00,5,1708.98,43.36,49.35,0.3,117.3,132.23,151.82,8.87
2022-08-04 10:30:00,5,1522.06,38.89,48.67,0.25,117.3,115.5,132.98,8.23
2022-08-04 11:30:00,5,1508.71,42.92,47.98,0.09,129.7,109.16,126.63,8.61
2022-08-04 12:30:00,5,1401.9,42.47,50.72,0.02,131.61,101.01,115.1,6.33
2022-08-04 13:30:00,5,1348.5,46.94,58.26,0.02,154.5,100.59,112.12,4.88
2022-08-04 14:30:00,5,1308.44,44.26,72.66,0.06,179.29,108.85,118.86,3.96
2022-08-04 15:30:00,5,1268.39,30.4,81.57,1.99,167.85,107.63,116.72,4.05
2022-08-04 16:30:00,5,1295.09,20.34,85.68,3.04,154.5,99.04,108.82,5.26
2022-08-04 17:30:00,5,1335.14,15.65,86.37,4.78,148.77,89.54,100.48,6.65
2022-08-04 18:30:00,5,1628.88,18.55,85.68,3.22,143.05,93.17,110.4,11.27
2022-08-04 19:30:00,5,2002.72,25.26,80.2,0.12,127.79,104.11,130.89,16.21
2022-08-04 20:30:00,5,2189.64,30.85,71.29,0,113.49,108.35,141.88,16.97
2022-08-04 21:30:00,5,2029.42,26.15,62.38,0,92.51,97.86,131.39,14.31
2022-08-04 22:30:00,5,1869.2,19.45,54.15,0,71.53,89.46,119.72,12.16
2022-08-04 23:30:00,5,1682.28,13.86,50.72,0.04,56.74,83.36,108.74,9.63
2022-08-05 00:30:00,5,1415.25,8.27,46.61,0.16,46.73,72.35,89.82,6.97
2022-08-05 01:30:00,5,1228.33,5.92,41.81,0.27,45.3,65.42,77.18,5.95
2022-08-05 02:30:00,5,1081.47,5.98,38.04,0.21,48.16,59.38,67.88,5.13
2022-08-05 03:30:00,5,988.01,7.38,37.01,0.1,56.27,55.05,61.74,4.37
2022-08-05 04:30:00,5,961.3,9.16,35.99,0.03,60.56,53.84,60.01,4.18
2022-08-05 05:30:00,5,1001.36,10.95,34.27,0.02,59.6,53.68,59.74,4.31
2022-08-05 06:30:00,5,1148.22,15.42,33.93,0.01,59.13,58.92,66.6,5.64
2022-08-05 07:30:00,5,1415.25,25.03,34.96,0.2,64.85,70.27,81.45,7.79
2022-08-05 08:30:00,5,1602.17,33.08,37.01,1.02,72.48,78.38,90.84,8.74
2022-08-05 09:30:00,5,1508.71,29.5,42.16,0.35,82.02,66.31,77.6,7.54
2022-08-05 10:30:00,5,1455.31,24.14,48.67,0.1,86.78,59.96,71.02,7.47
2022-08-05 11:30:00,5,1428.6,18.78,52.78,0.12,86.78,55.6,65.61,7.16
2022-08-05 12:30:00,4,1375.2,14.53,50.04,8.05,78.2,49.58,57.38,6.59
2022-08-05 13:30:00,5,1375.2,11.62,52.09,30.4,80.11,55.84,63.29,6.46
2022-08-05 14:30:00,5,1415.25,7.93,58.26,75.1,94.41,80.56,88.82,6.52
2022-08-05 15:30:00,5,1482.01,5.92,64.43,130.18,113.49,121.16,131.17,6.71
2022-08-05 16:30:00,5,1588.82,4.58,77.46,165.94,137.33,159.33,171.44,6.78
2022-08-05 17:30:00,5,1695.63,3.35,97.33,163.08,164.03,178.3,192.73,7.22
2022-08-05 18:30:00,5,2857.21,3.13,154.91,71.53,162.12,234.44,268.9,18.49
2022-08-05 19:30:00,5,4753.11,18.55,183.7,2.24,135.42,321.17,392.88,33.44
2022-08-05 20:30:00,5,6195.07,50.51,159.03,0,114.44,397.83,502.14,38
2022-08-05 21:30:00,5,6622.31,61.69,134.35,0,92.51,411.39,530.6,35.46
2022-08-05 22:30:00,5,6248.47,59.9,111.04,0,73.43,381.59,500.8,30.4
2022-08-05 23:30:00,5,5554.2,53.64,95.96,0,56.74,336.51,443.61,22.29
2022-08-06 00:30:00,5,4432.68,36.66,82.94,0,40.05,269.42,348.59,13.17
2022-08-06 01:30:00,5,3524.78,16.99,71.29,0.03,29.56,218.92,274.33,9.37
2022-08-06 02:30:00,5,2883.91,6.15,58.95,0.51,25.27,189.24,230.22,8.36
2022-08-06 03:30:00,5,2510.07,1.98,50.04,2.37,25.51,174.82,206.95,7.85
2022-08-06 04:30:00,5,2296.45,0.77,43.87,5.41,27.66,168.73,194.34,7.16
2022-08-06 05:30:00,5,2109.53,0.33,41.47,9.83,31.95,163.63,183.18,6.97
2022-08-06 06:30:00,5,1842.5,0.1,46.61,21.99,47.68,155.1,168.83,7.35
2022-08-06 07:30:00,5,2029.42,3.52,61.69,14.48,65.8,164.97,182.44,9.88
2022-08-06 08:30:00,5,2323.15,14.53,74.03,17.52,90.6,182.38,203.8,11.78
2022-08-06 09:30:00,5,2243.04,15.42,89.11,32.54,120.16,180.83,201.09,10.26
2022-08-06 10:30:00,5,2189.64,12.18,104.19,39.7,144.96,173.19,192.52,9.25
2022-08-06 11:30:00,5,2162.93,7.71,123.38,34.69,165.94,172.71,191.33,8.36
2022-08-06 12:30:00,5,1922.61,5.14,102.82,60.8,135.42,142.27,157.05,6.14
2022-08-06 13:30:00,5,1762.39,5.59,75.4,97.27,103,122.07,134.87,5.64
2022-08-06 14:30:00,5,1708.98,4.58,61.01,143.05,88.69,129.33,141.91,5.95
2022-08-06 15:30:00,5,1695.63,2.37,49.35,203.13,78.2,150.62,163.89,6.4
2022-08-06 16:30:00,5,1735.69,0.91,49.35,231.74,77.25,170.21,185.11,7.54
2022-08-06 17:30:00,5,1869.2,0.22,56.21,226.02,82.97,182,199,8.87
2022-08-06 18:30:00,5,2750.4,0.04,95.96,148.77,93.46,237.11,268.77,18.49
2022-08-06 19:30:00,5,4219.06,0.01,152.17,50.78,99.18,332.27,390.01,31.16
2022-08-06 20:30:00,5,5233.76,3.74,175.48,4.34,89.65,381.94,456.45,32.93
2022-08-06 21:30:00,5,5180.36,10.73,146.69,0.13,71.53,349.7,422.35,25.84
2022-08-06 22:30:00,5,4486.08,10.28,109.67,0.13,55.79,280.13,341.6,20.01
2022-08-06 23:30:00,5,3631.59,8.72,80.88,0.2,40.05,205.98,253.47,13.93
2022-08-07 00:30:00,5,2296.45,0.92,53.47,7.42,25.51,117.27,141.25,7.28
2022-08-07 01:30:00,5,1735.69,0.23,38.39,10.37,21.22,83.89,100.19,5.83
2022-08-07 02:30:00,5,1535.42,0.3,34.27,9.12,21.46,75.57,90.01,5.26
2022-08-07 03:30:00,5,1508.71,0.62,34.96,6.17,24.8,76.18,90.15,5
2022-08-07 04:30:00,5,1602.17,1.79,37.36,2.37,30.52,85.21,99.76,5.26
2022-08-07 05:30:00,5,1789.09,3.69,43.18,0.93,40.53,100.39,114.83,5.89
2022-08-07 06:30:00,5,1976.01,7.26,56.89,0.53,62.94,121.67,137.03,6.97
2022-08-07 07:30:00,5,2136.23,19.22,66.49,1.08,90.6,141.16,160.49,8.61
2022-08-07 08:30:00,5,2243.04,29.95,69.23,3.49,105.86,145.23,166.42,9.75
2022-08-07 09:30:00,5,1789.09,21.46,63.06,13.59,110.63,116.6,133.13,8.36
2022-08-07 10:30:00,5,1628.88,13.41,60.32,22.53,102.04,108.14,122.92,8.61
2022-08-07 11:30:00,5,1482.01,8.27,55.52,31.11,88.69,100.13,111.42,8.49
2022-08-07 12:30:00,5,1214.98,3.97,43.18,39.7,64.85,70.27,76.44,5.89
2022-08-07 13:30:00,4,1108.17,2.32,36.33,48.64,51.98,49.47,53.84,4.88
2022-08-07 14:30:00,4,1108.17,1.79,35.3,57.94,51.02,48.32,52.4,4.62
2022-08-07 15:30:00,5,1228.33,2.46,43.87,50.78,63.9,60.22,65.22,5.51
2022-08-07 16:30:00,5,1428.6,5.87,61.69,28.25,88.69,76.17,83.15,6.33
2022-08-07 17:30:00,5,1588.82,13.19,71.97,11.98,112.53,84.69,93.31,6.27
2022-08-07 18:30:00,5,1815.8,18.33,67.86,7.06,103,91.72,105.69,8.23
2022-08-07 19:30:00,5,2162.93,17.66,65.12,0.35,75.34,104.91,129.13,11.65
2022-08-07 20:30:00,5,2429.96,19.67,61.01,0.01,61.99,119.06,152.12,13.3
2022-08-07 21:30:00,5,2456.67,16.09,58.95,0.04,50.54,120.72,159.37,13.05
2022-08-07 22:30:00,5,2403.26,12.18,55.52,0.1,41.48,117.02,159.39,12.67
2022-08-07 23:30:00,5,2269.74,9.61,52.78,0.2,35.76,107.75,148.26,10.64
2022-08-08 00:30:00,5,2029.42,6.09,49.35,0.51,30.99,91.72,122.92,7.35
2022-08-08 01:30:00,5,1789.09,3.02,44.55,1.79,31.47,80.96,104.71,6.52
2022-08-08 02:30:00,5,1562.12,0.75,37.36,6.62,31.95,71.41,89.81,5.95
2022-08-08 03:30:00,5,1401.9,0.15,32.56,13.59,33.86,66.44,82.74,6.02
2022-08-08 04:30:00,5,1361.85,0.17,32.9,13.59,35.76,67.95,85.41,6.4
2022-08-08 05:30:00,5,1388.55,0.53,36.33,9.3,39.1,74.16,92.55,7.03
2022-08-08 06:30:00,5,1562.12,3.46,42.5,3.62,45.78,87.2,108.62,9.25
2022-08-08 07:30:00,5,2029.42,16.32,50.04,5.32,61.99,113.79,144.52,13.81
2022-08-08 08:30:00,5,2456.67,27.94,65.8,14.84,90.6,142.2,180.39,17.73
2022-08-08 09:30:00,5,1976.01,24.36,87.74,34.69,158.31,122.31,150.25,12.54
2022-08-08 10:30:00,5,1695.63,26.82,91.85,54.36,192.64,114.12,139.03,10.13
2022-08-08 11:30:00,5,1495.36,23.25,90.48,91.55,211.72,123.44,147.18,7.98
2022-08-08 12:30:00,5,1201.63,10.39,66.49,160.22,169.75,125.65,143.58,4.75
2022-08-08 13:30:00,5,1028.06,4.14,47.98,208.85,131.61,122.32,135.94,3.55
2022-08-08 14:30:00,5,961.3,2.49,45.93,214.58,122.07,115.05,127.04,3.74
2022-08-08 15:30:00,5,974.66,2.43,54.15,191.69,127.79,107.3,118.71,4.88
2022-08-08 16:30:00,5,1068.12,3.38,72.66,161.65,146.87,105.32,117.55,6.4
2022-08-08 17:30:00,5,1174.93,4.19,95.96,114.44,169.75,100.16,113.67,7.92
2022-08-08 18:30:00,5,3231.05,36.21,148.06,15.91,158.31,166.29,212.39,31.16
2022-08-08 19:30:00,5,6568.91,123.38,131.61,0.06,139.24,317.16,421.47,57.76
2022-08-08 20:30:00,5,9399.41,194.91,111.04,0,133.51,499.6,654.2,65.86
2022-08-08 21:30:00,5,11535.64,239.61,94.59,0,123.98,652.37,844.22,57.76
2022-08-08 22:30:00,5,12176.51,253.92,73.34,0,99.18,704.09,914.57,40.53
2022-08-08 23:30:00,5,10360.72,216.36,55.52,0,67.71,587.83,768.5,21.79
2022-08-09 00:30:00,5,4539.49,70.63,58.95,0,40.53,236.25,315.42,10.39
2022-08-09 01:30:00,5,2883.91,30.4,53.47,0,31.47,147.41,201.43,8.36
2022-08-09 02:30:00,5,2056.12,13.08,43.87,0.05,28.37,111.82,152.8,7.73
2022-08-09 03:30:00,5,1708.98,5.64,38.39,0.45,28.13,99.62,134.08,7.22
2022-08-09 04:30:00,5,1588.82,4.08,35.99,0.82,29.33,94.66,126.79,6.97
2022-08-09 05:30:00,5,1535.42,5.09,35.64,0.63,31.95,91.54,122.27,7.28
2022-08-09 06:30:00,5,1668.93,10.84,37.01,0.32,37.67,95.82,128.41,9.75
2022-08-09 07:30:00,5,2189.64,27.94,41.81,2.44,50.54,118.65,161.03,15.58
2022-08-09 08:30:00,5,2563.48,41.57,54.15,9.66,71.53,143.3,190.33,18.49
2022-08-09 09:30:00,5,1789.09,24.81,68.55,19.67,105.86,131.78,160.88,11.53
2022-08-09 10:30:00,5,1348.5,14.75,67.86,41.13,115.39,111.44,132.16,10.01
2022-08-09 11:30:00,5,1014.71,7.38,56.21,84.4,110.63,103.79,118.34,8.61
2022-08-09 12:30:00,5,720.98,2.74,38.04,115.87,83.92,76.89,85.04,5.57
2022-08-09 13:30:00,5,654.22,1.87,36.67,103,76.29,53.89,60.3,5.57
2022-08-09 14:30:00,4,647.54,1.51,40.1,88.69,80.11,43.08,49.43,6.14
2022-08-09 15:30:00,4,687.6,2.74,41.81,86.55,86.78,42.25,49.7,7.22
2022-08-09 16:30:00,4,774.38,4.47,45.24,85.12,89.65,44.23,53.42,8.61
2022-08-09 17:30:00,4,867.84,5.03,47.98,74.39,82.97,43.9,55.2,10.01
2022-08-09 18:30:00,5,1468.66,4.25,66.49,41.13,70.57,63.52,86.11,17.99
2022-08-09 19:30:00,5,2349.85,3.63,81.57,5.81,60.08,104.48,149.18,28.12
2022-08-09 20:30:00,5,2964.02,12.07,76.09,0.21,60.56,145.54,209.8,29.89
2022-08-09 21:30:00,5,3257.75,17.21,71.29,0.03,60.08,171.5,247.87,25.33
2022-08-09 22:30:00,5,3337.86,20.12,67.86,0.01,56.74,182.62,264.58,21.03
2022-08-09 23:30:00,5,3150.94,20.79,64.43,0.01,49.11,173.69,250.06,15.2
2022-08-10 00:30:00,5,2696.99,15.87,61.01,0.03,39.58,148.27,209.74,9.37
2022-08-10 01:30:00,5,2216.34,6.93,55.52,0.55,34.81,128.06,176.02,7.47
2022-08-10 02:30:00,5,1789.09,1.01,45.24,6.53,31.95,111.88,148.67,6.65
2022-08-10 03:30:00,5,1522.06,0.04,34.96,18.06,31.95,101,129.87,6.4
2022-08-10 04:30:00,5,1415.25,0.02,32.9,21.46,33.38,98.09,123.7,6.46
2022-08-10 05:30:00,5,1401.9,0.06,35.64,19.49,35.29,97.26,121.47,7.16
2022-08-10 06:30:00,5,1522.06,0.91,43.87,12.34,41.01,101.62,127.93,9.37
2022-08-10 07:30:00,5,1895.9,9.95,52.78,16.81,53.41,126.03,159.09,14.19
2022-08-10 08:30:00,5,1949.31,15.87,60.32,45.06,65.8,133.02,164.69,16.97
2022-08-10 09:30:00,5,1108.17,8.72,44.55,88.69,72.48,78.25,93.62,11.78
2022-08-10 10:30:00,5,834.47,6.03,37.7,113.01,75.34,55.63,66.23,9.75
2022-08-10 11:30:00,4,687.6,4.64,34.96,123.02,79.15,48.71,56.87,7.73
2022-08-10 12:30:00,4,574.11,4.08,31.19,115.87,72.48,40.42,47.18,6.21
2022-08-10 13:30:00,4,534.06,3.69,28.79,111.58,66.76,34.63,40.8,5.7
2022-08-10 14:30:00,4,514.03,2.82,27.42,113.01,61.99,31.9,37.55,5.64
2022-08-10 15:30:00,4,807.76,4.36,43.18,103,71.53,44.14,54.27,10.01
2022-08-10 16:30:00,5,1214.98,7.82,64.43,89.41,90.6,61.93,78.23,14.44
2022-08-10 17:30:00,5,1588.82,11.73,85.68,62.94,107.77,74.05,95.24,17.99
2022-08-10 18:30:00,5,1789.09,7.38,98.71,31.83,104.9,79.83,106.14,21.79
2022-08-10 19:30:00,5,1976.01,0.8,93.22,12.87,81.06,89.28,124.21,27.61
2022-08-10 20:30:00,5,2082.82,0.61,78.14,10.46,65.8,100.68,143.52,31.41
2022-08-10 21:30:00,5,1895.9,0.28,63.75,13.95,55.79,97.66,140.5,29.13
2022-08-10 22:30:00,5,1615.52,0.06,53.47,20.56,47.21,87.8,126.45,25.84
2022-08-10 23:30:00,5,1241.68,0,43.53,33.26,39.58,74.19,103.29,21.03
2022-08-11 00:30:00,5,821.11,0,32.9,46.49,36.72,56.58,73.12,15.58
2022-08-11 01:30:00,4,680.92,0,28.1,44.35,35.29,44.99,56.52,13.81
2022-08-11 02:30:00,4,607.49,0,25.7,37.55,34.81,35.27,44.82,12.54
2022-08-11 03:30:00,4,574.11,0.01,26.05,30.04,38.62,30.33,39.07,12.03
2022-08-11 04:30:00,4,554.08,0.03,27.08,23.6,41.48,27.35,35.74,11.91
2022-08-11 05:30:00,3,547.41,0.09,28.45,18.78,42.92,23.79,31.47,11.91
2022-08-11 06:30:00,3,580.79,0.57,31.53,14.48,47.21,21.56,29.01,12.03
2022-08-11 07:30:00,3,707.63,6.31,33.24,12.34,56.74,24.95,34.03,12.41
2022-08-11 08:30:00,4,774.38,10.39,34.96,14.13,66.76,27.99,37.07,10.51
2022-08-11 09:30:00,4,747.68,8.94,35.3,23.6,70.57,29.05,36.5,7.47
2022-08-11 10:30:00,4,761.03,8.27,34.62,44.7,73.43,34.45,41.72,6.33
2022-08-11 11:30:00,4,781.06,6.93,32.9,80.11,74.39,43.95,51.05,5.64
2022-08-11 12:30:00,5,794.41,5.03,30.85,125.89,75.34,60.76,67.63,5
2022-08-11 13:30:00,5,801.09,3.74,29.82,133.04,69.62,65.45,71.97,4.81
2022-08-11 14:30:00,5,787.73,3.16,29.47,124.45,63.9,63.13,69.35,4.81
2022-08-11 15:30:00,5,781.06,2.65,32.22,113.01,61.99,60.76,67.05,5.13
2022-08-11 16:30:00,5,841.14,2.6,40.78,98.71,68.66,60.95,68.23,6.27
2022-08-11 17:30:00,5,921.25,2.21,52.09,74.39,73.43,57.97,66.36,7.85
2022-08-11 18:30:00,5,1081.47,1.7,61.01,50.07,72.48,60.13,73.64,11.4
2022-08-11 19:30:00,5,1321.79,0.08,61.69,33.62,63.9,72.81,95.62,15.45
2022-08-11 20:30:00,5,1455.31,0.01,56.21,29.68,58.17,83.8,113.6,16.72
2022-08-11 21:30:00,5,1522.06,0.01,51.41,30.4,52.45,92.74,126.74,16.09
2022-08-11 22:30:00,5,1628.88,0.01,50.72,31.11,48.16,104.92,143.11,15.33
2022-08-11 23:30:00,5,1575.47,0.01,48.67,30.04,42.44,104.73,143.38,12.29
2022-08-12 00:30:00,5,1348.5,0.01,43.18,26.46,35.29,89.96,123.95,8.36
2022-08-12 01:30:00,5,1161.58,0.02,36.33,23.25,32.42,76.61,104.55,7.22
2022-08-12 02:30:00,5,1028.06,0.03,31.19,21.64,30.99,66.28,88.87,6.78
2022-08-12 03:30:00,5,961.3,0.04,28.79,20.03,31.47,59.41,78.27,6.59
2022-08-12 04:30:00,5,894.55,0.06,28.1,19.49,32.9,54.65,70.48,6.33
2022-08-12 05:30:00,5,867.84,0.09,29.47,18.95,36.72,51.34,64.96,6.46
2022-08-12 06:30:00,5,921.25,0.53,34.27,15.56,41.96,51.54,65.28,7.98
2022-08-12 07:30:00,5,1134.87,6.93,37.7,17.7,50.54,58.47,76.63,11.65
2022-08-12 08:30:00,5,1188.28,11.85,41.47,37.91,64.85,60.5,80.06,13.55
2022-08-12 09:30:00,4,781.06,7.82,35.3,73.67,73.43,44.95,57.19,10.39
2022-08-12 10:30:00,4,640.87,4.97,27.08,110.15,65.8,45.43,55.11,9.37
2022-08-12 11:30:00,4,560.76,3.35,20.56,137.33,56.74,47.69,55.27,8.49
2022-08-12 12:30:00,4,494,2.57,16.79,141.62,47.68,42.47,48.13,7.35
2022-08-12 13:30:00,4,473.98,2.71,16.96,137.33,47.21,38.9,44.09,6.9
2022-08-12 14:30:00,4,467.3,2.88,17.99,137.33,49.59,38.9,44.21,6.84
2022-08-12 15:30:00,4,527.38,3.55,24.68,127.32,58.65,40.4,46.71,7.92
2022-08-12 16:30:00,4,634.19,3.69,35.64,98.71,65.8,39.51,47.33,9.5
2022-08-12 17:30:00,4,747.68,2.1,47.3,69.38,65.8,37.84,46.94,11.02
2022-08-12 18:30:00,4,894.55,0.3,54.84,50.07,63.9,41.55,53.68,13.68
2022-08-12 19:30:00,5,1054.76,0.01,54.15,42.92,57.22,51.62,69.34,17.99
2022-08-12 20:30:00,5,1161.58,0,52.09,41.13,53.88,61.13,83.28,21.03
2022-08-12 21:30:00,5,1134.87,0,46.61,47.21,49.11,65.49,86.47,19.76
2022-08-12 22:30:00,5,1094.82,0,42.84,55.79,46.25,69.68,88.57,17.23
2022-08-12 23:30:00,5,1014.71,0,40.78,60.8,44.82,71.39,86.55,13.43
2022-08-13 00:30:00,5,894.55,0,35.99,62.94,40.05,69.56,80.29,9.12
2022-08-13 01:30:00,5,834.47,0,30.16,60.8,34.33,69.98,80.01,7.16
2022-08-13 02:30:00,5,814.44,0,26.73,56.51,31.47,73.89,85.09,6.65
2022-08-13 03:30:00,5,801.09,0,25.36,52.21,31.95,77.7,90.53,6.59
2022-08-13 04:30:00,5,774.38,0,24.68,50.78,33.38,78.62,91.56,6.52
2022-08-13 05:30:00,5,741,0,24.33,52.93,34.81,77.65,89.32,6.78
2022-08-13 06:30:00,5,754.36,0.02,26.39,57.94,37.19,77.26,87.75,7.79
2022-08-13 07:30:00,5,854.49,1.34,31.19,55.79,41.01,79.37,91.26,9.5
2022-08-13 08:30:00,5,894.55,4.41,32.56,57.22,46.73,78.52,90.77,10.13
2022-08-13 09:30:00,5,700.95,4.92,27.08,67.95,49.59,63.17,71.47,7.16
2022-08-13 10:30:00,5,600.81,3.74,21.59,92.98,44.82,58.93,65.32,5.76
2022-08-13 11:30:00,5,547.41,2.37,16.28,125.89,39.58,64.33,69.52,4.94
2022-08-13 12:30:00,5,520.71,1.48,12,147.34,31.95,64.28,68.29,4.12
2022-08-13 13:30:00,5,514.03,1.24,11.14,153.06,28.85,59.52,63.04,3.8
2022-08-13 14:30:00,5,514.03,1.22,11.82,158.79,28.61,57.42,60.85,3.93
2022-08-13 15:30:00,5,534.06,1.38,14.22,160.22,30.04,57.23,61.07,4.5
2022-08-13 16:30:00,5,580.79,1.72,19.36,154.5,33.86,58.62,63.22,5.38
2022-08-13 17:30:00,5,634.19,1.68,26.05,138.76,35.76,57.52,63.05,6.46
2022-08-13 18:30:00,5,854.49,0.84,39.41,105.86,37.19,62.11,71.49,10.26
2022-08-13 19:30:00,5,1148.22,0.02,45.24,70.1,34.33,71.13,86.57,15.58
2022-08-13 20:30:00,5,1281.74,0,44.55,45.42,31.95,75.85,95.27,16.97
2022-08-13 21:30:00,5,1588.82,0.55,52.78,18.42,31.47,91.3,119.38,16.47
2022-08-13 22:30:00,5,2162.93,10.62,56.89,0.69,35.29,121.85,163.45,16.72
2022-08-13 23:30:00,5,2483.37,25.48,51.41,0,35.29,137.5,184.7,15.07
2022-08-14 00:30:00,5,2243.04,26.82,47.3,0,29.8,123.59,165.2,11.02
2022-08-14 01:30:00,5,1815.8,17.43,44.55,0.03,25.03,101.83,135.52,8.11
2022-08-14 02:30:00,5,1428.6,6.71,42.5,0.8,22.41,80.35,105.88,6.46
2022-08-14 03:30:00,5,1054.76,0.53,37.01,7.69,20.98,59.9,77.48,5.51
2022-08-14 04:30:00,5,907.9,0.17,30.85,12.34,21.46,51.7,66.12,5
2022-08-14 05:30:00,4,854.49,0.23,28.79,11.98,22.65,47.76,60.76,5.26
2022-08-14 06:30:00,4,854.49,1.08,30.5,7.42,28.37,43.41,55.74,7.09
2022-08-14 07:30:00,4,921.25,6.37,29.47,7.33,32.9,39.5,53.51,9.63
2022-08-14 08:30:00,4,894.55,11.06,26.05,20.21,34.81,34.6,48.24,10.77
2022-08-14 09:30:00,3,640.87,4.92,20.39,53.64,28.13,24.9,33.97,7.79
2022-08-14 10:30:00,4,614.17,2.49,20.05,79.39,30.28,27.37,36.25,7.6
2022-08-14 11:30:00,4,640.87,1.17,24.33,89.41,37.19,31.75,41.2,8.11
2022-08-14 12:30:00,4,801.09,0.46,40.1,72.24,55.31,39.39,50.43,10.13
2022-08-14 13:30:00,5,1094.82,2.49,69.92,49.35,83.92,57.82,71.95,11.78
2022-08-14 14:30:00,5,1255.04,8.61,100.08,33.97,122.07,76.79,90.86,7.98
2022-08-14 15:30:00,5,1241.68,13.3,119.27,21.1,148.77,95.05,108.16,4.43
2022-08-14 16:30:00,5,1348.5,18.33,123.38,13.77,152.59,116.24,130.6,4.24
2022-08-14 17:30:00,5,1628.88,26.38,127.49,7.15,162.12,141.97,159.33,5.83
2022-08-14 18:30:00,5,1895.9,28.61,124.75,1.86,167.85,166.29,187.11,7.98
2022-08-14 19:30:00,5,1976.01,21.23,104.19,0.06,137.33,174.84,197.26,9.12
2022-08-14 20:30:00,5,1949.31,13.63,81.57,0.08,101.09,163.46,185.39,9.37
2022-08-14 21:30:00,5,1869.2,9.83,63.06,0.22,72.48,140.86,165.81,10.39
2022-08-14 22:30:00,5,2029.42,13.08,52.09,0.07,56.27,139.57,173.12,12.54
2022-08-14 23:30:00,5,2162.93,17.66,46.61,0.01,47.21,143.15,180.89,12.54
2022-08-15 00:30:00,5,2162.93,20.56,43.87,0,41.48,142.73,180.47,11.65
2022-08-15 01:30:00,5,2323.15,25.93,41.47,0,47.21,157.18,199.11,16.21
2022-08-15 02:30:00,5,2510.07,29.5,40.78,0,60.08,175.25,222.3,23.05
2022-08-15 03:30:00,5,2643.59,31.74,41.13,0,74.39,196.65,244.15,27.36
2022-08-15 04:30:00,5,2590.18,29.95,39.76,0,67.71,204.17,243.3,19.76
2022-08-15 05:30:00,5,2323.15,25.7,38.39,0,58.65,193.38,222.96,11.65
2022-08-15 06:30:00,5,2002.72,22.13,37.36,0.03,55.31,164.76,190.37,10.13
2022-08-15 07:30:00,5,2216.34,34.42,37.36,0.93,61.04,158.79,193.25,14.57
2022-08-15 08:30:00,5,2349.85,44.7,43.87,4.29,77.25,147.19,186.31,17.48
2022-08-15 09:30:00,5,1562.12,29.5,52.78,18.78,106.81,93.19,118.57,13.43
2022-08-15 10:30:00,5,1134.87,16.54,53.47,52.21,111.58,69.25,86.72,10.89
2022-08-15 11:30:00,5,841.14,9.05,43.87,103,105.86,63.22,75.1,8.11
2022-08-15 12:30:00,5,607.49,5.31,28.45,140.19,82.97,57.95,65.35,4.75
2022-08-15 13:30:00,5,587.46,6.48,30.5,127.32,88.69,52.3,59.63,4.88
2022-08-15 14:30:00,4,607.49,7.71,33.24,108.72,91.55,46.94,54.98,6.02
2022-08-15 15:30:00,4,700.95,6.2,42.16,90.84,91.55,48.54,58.32,8.23
2022-08-15 16:30:00,5,841.14,5.59,54.15,69.38,94.41,51.39,63.73,10.51
2022-08-15 17:30:00,5,988.01,4.02,66.49,49.35,96.32,54.87,69.54,12.03
2022-08-15 18:30:00,5,1268.39,1.56,75.4,29.33,90.6,65.86,86.35,15.71
2022-08-15 19:30:00,5,1682.28,0.31,74.71,16.27,75.34,88.3,121.37,21.28
2022-08-15 20:30:00,5,2002.72,0.85,69.92,9.21,67.71,109.01,154.64,23.31
2022-08-15 21:30:00,5,2002.72,1.09,61.69,7.33,59.6,112.13,164.29,20.77
2022-08-15 22:30:00,5,1762.39,0.61,52.78,10.01,51.02,101.48,151.31,17.48
2022-08-15 23:30:00,5,1428.6,0.13,43.87,18.24,42.44,85.83,125.88,12.79
2022-08-16 00:30:00,5,1108.17,0.01,35.64,29.68,36.24,73.53,102.17,8.36
2022-08-16 01:30:00,5,1014.71,0,31.53,33.26,33.86,73.83,97.12,7.22
2022-08-16 02:30:00,5,961.3,0,29.13,32.54,32.9,75.98,96.47,7.03
2022-08-16 03:30:00,5,934.6,0,28.45,29.68,32.9,76.9,94.13,6.78
2022-08-16 04:30:00,5,867.84,0.01,28.45,26.11,32.9,74.98,88.83,6.27
2022-08-16 05:30:00,5,774.38,0.08,28.45,19.85,33.86,60.73,70.86,5.95
2022-08-16 06:30:00,4,607.49,0.19,28.79,17.88,41.96,28.6,34.6,5.45
2022-08-16 07:30:00,3,620.84,0.66,33.24,21.46,47.68,22.55,29.56,6.71
2022-08-16 08:30:00,3,634.19,1.45,36.33,27.54,52.93,22.84,30.48,7.22
2022-08-16 09:30:00,3,600.81,1.08,33.59,32.9,51.5,24.47,30.86,6.84
2022-08-16 10:30:00,4,567.44,1.23,30.16,36.84,50.07,26.4,31.88,6.21
2022-08-16 11:30:00,4,540.73,1.82,26.73,41.48,48.16,26.96,31.52,5.38
2022-08-16 12:30:00,4,527.38,1.34,26.39,46.49,46.73,29.48,33.18,4.75
2022-08-16 13:30:00,4,540.73,0.98,26.05,59.37,47.21,38.69,42.09,4.24
2022-08-16 14:30:00,5,567.44,0.73,25.36,82.25,48.64,55.59,58.99,4.12
2022-08-16 15:30:00,5,587.46,0.61,26.39,103,52.93,70.33,73.53,3.89
2022-08-16 16:30:00,5,580.79,0.53,27.08,111.58,50.07,66.61,69.75,4.05
2022-08-16 17:30:00,4,554.08,0.42,28.1,100.14,43.39,48.95,52.14,4.24
2022-08-16 18:30:00,4,574.11,0.15,29.82,91.55,41.01,43.63,48,5.32
2022-08-16 19:30:00,4,600.81,0,29.47,80.82,39.58,45.3,51.43,6.97
2022-08-16 20:30:00,4,600.81,0,28.45,66.52,36.72,43.41,50.71,8.11
2022-08-16 21:30:00,4,580.79,0,27.08,54.36,33.86,39.44,47.51,8.74
2022-08-16 22:30:00,4,560.76,0,26.39,46.49,32.42,36.77,45.35,9.12
2022-08-16 23:30:00,4,514.03,0,25.36,41.13,30.99,32.66,40.23,8.61
2022-08-17 00:30:00,4,453.95,0,23.31,36.84,27.89,28.38,34.34,7.66
2022-08-17 01:30:00,4,433.92,0.01,21.25,31.83,25.75,26.05,31.92,7.47
2022-08-17 02:30:00,3,423.91,0.02,20.05,25.75,24.32,23.24,29.25,7.22
2022-08-17 03:30:00,3,420.57,0.08,20.22,19.13,24.32,20.89,27.35,7.03
2022-08-17 04:30:00,2,433.92,0.23,20.73,13.77,24.56,19.99,26.83,6.97
2022-08-17 05:30:00,2,453.95,0.64,21.93,8.76,25.99,19.94,27.21,6.97
2022-08-17 06:30:00,3,527.38,2.51,23.65,4.16,28.85,21.72,30.4,7.79
2022-08-17 07:30:00,3,654.22,9.83,20.39,7.42,32.42,24.46,35.23,9.37
2022-08-17 08:30:00,3,700.95,13.75,19.36,14.48,34.81,24.74,35.35,9.5
2022-08-17 09:30:00,3,567.44,8.38,19.19,29.68,33.38,21.47,29.02,7.16
2022-08-17 10:30:00,4,514.03,5.36,18.16,54.36,33.86,26.08,32.54,6.59
2022-08-17 11:30:00,4,473.98,3.35,16.28,89.41,33.86,36.32,42.06,6.21
2022-08-17 12:30:00,4,440.6,2.26,12.85,115.87,29.33,40.31,45.16,5.51
2022-08-17 13:30:00,4,433.92,1.96,11.82,123.02,26.46,38.33,42.75,5.13
2022-08-17 14:30:00,4,433.92,1.9,11.82,127.32,25.99,37.9,42.25,5.26
2022-08-17 15:30:00,4,467.3,2.12,13.88,127.32,26.46,37.74,42.44,5.95
2022-08-17 16:30:00,4,527.38,2.57,18.16,118.73,27.42,36.8,42.2,7.03
2022-08-17 17:30:00,4,587.46,2.6,23.31,100.14,26.46,33.79,39.89,8.11
2022-08-17 18:30:00,4,881.2,1.87,39.41,65.09,29.56,39.83,50.94,12.79
2022-08-17 19:30:00,5,1308.44,0.14,54.15,27.18,34.33,54.42,74.49,19.51
2022-08-17 20:30:00,5,1535.42,1.69,55.52,7.24,37.19,65.98,93.04,22.04
2022-08-17 21:30:00,5,1628.88,6.31,50.72,1.11,37.67,72.49,103.76,21.03
2022-08-17 22:30:00,5,1668.93,10.73,45.93,0.21,37.67,75.11,108.24,19
2022-08-17 23:30:00,5,1535.42,11.73,42.5,0.13,33.38,67.22,97.57,14.31
2022-08-18 00:30:00,5,1188.28,7.04,39.07,0.63,26.94,50.69,73.37,9.25
2022-08-18 01:30:00,4,921.25,1.9,34.96,3.98,24.32,42.22,59.8,7.41
2022-08-18 02:30:00,4,774.38,0.3,29.13,11.35,23.84,40.71,55.4,6.71
2022-08-18 03:30:00,4,707.63,0.11,26.39,15.91,24.32,42.46,55.42,6.27
2022-08-18 04:30:00,4,694.27,0.14,25.7,15.38,24.56,44.84,57.22,6.02
2022-08-18 05:30:00,4,720.98,0.51,26.39,10.46,24.56,46.74,59.59,6.27
2022-08-18 06:30:00,5,894.55,4.86,29.13,2.86,28.13,52.88,69.33,8.23
2022-08-18 07:30:00,5,1268.39,21.68,26.39,4.74,35.29,62.85,86.51,12.16
2022-08-18 08:30:00,5,1375.2,30.4,28.1,11.62,39.1,59.62,83.98,13.81
2022-08-18 09:30:00,4,761.03,12.18,21.93,32.19,30.52,32.99,44.69,8.23
2022-08-18 10:30:00,4,640.87,6.26,20.05,58.65,28.37,32.14,41.64,7.54
2022-08-18 11:30:00,4,587.46,3.3,18.34,92.98,28.13,39.38,47.72,7.09
2022-08-18 12:30:00,4,507.35,1.98,13.71,117.3,23.84,40.01,46.76,6.08
2022-08-18 13:30:00,4,467.3,1.75,12,117.3,20.98,33.33,39,5.51
2022-08-18 14:30:00,4,460.62,1.76,12,118.73,20.27,30.25,35.56,5.51
2022-08-18 15:30:00,4,627.52,3.27,20.73,114.44,27.18,35.09,43.01,7.98
2022-08-18 16:30:00,4,847.82,5.09,31.87,100.14,30.99,39.31,50.48,10.39
2022-08-18 17:30:00,4,1041.41,6.31,43.53,75.1,31.47,40.12,53.95,12.41
2022-08-18 18:30:00,4,1348.5,4.53,61.01,40.41,35.76,47.87,68.1,16.97
2022-08-18 19:30:00,5,1708.98,1.73,75.4,8.85,40.05,62.22,92.7,23.05
2022-08-18 20:30:00,5,1815.8,5.48,69.92,1.48,39.1,69.64,105.73,26.85
2022-08-18 21:30:00,5,1762.39,7.15,63.75,0.68,37.19,71.54,108.11,27.11
2022-08-18 22:30:00,5,1695.63,6.31,61.01,0.91,35.76,71.12,107.25,25.33
2022-08-18 23:30:00,5,1441.96,2.91,56.89,3.49,30.99,60.85,90.48,20.01
2022-08-19 00:30:00,4,1001.36,0.17,42.5,17.88,23.37,42.08,60.31,13.68
2022-08-19 01:30:00,4,761.03,0.01,30.85,28.61,21.46,33.68,47.13,12.16
2022-08-19 02:30:00,4,660.9,0,26.39,31.11,22.65,30.48,41.93,11.53
2022-08-19 03:30:00,4,554.08,0,22.28,35.05,23.6,25.71,34.12,10.51
2022-08-19 04:30:00,3,500.68,0,20.05,34.69,23.13,22.65,29.77,8.99
2022-08-19 05:30:00,3,487.33,0.01,20.22,31.47,23.84,20.86,27.7,7.92
2022-08-19 06:30:00,3,554.08,0.16,23.99,25.75,26.7,21.85,30.01,8.23
2022-08-19 07:30:00,4,700.95,4.41,26.05,23.25,30.99,25.52,36.74,10.01
2022-08-19 08:30:00,4,754.36,9.05,23.99,31.11,32.42,26.06,38.2,10.26
2022-08-19 09:30:00,3,594.14,5.81,17.48,50.78,24.8,20.86,30.27,8.36
2022-08-19 10:30:00,3,540.73,3.55,14.74,78.68,24.08,22.8,31.19,7.66
2022-08-19 11:30:00,4,507.35,2.24,12.68,108.72,24.08,27.52,35.14,7.16
2022-08-19 12:30:00,4,467.3,1.61,10.62,117.3,21.46,25.74,32.07,6.08
2022-08-19 13:30:00,3,453.95,1.51,10.45,114.44,20.03,22.61,28.08,5.57
2022-08-19 14:30:00,3,453.95,1.47,11.31,114.44,20.03,21.5,26.69,5.57
2022-08-19 15:30:00,2,467.3,1.4,13.19,105.86,20.27,19.71,24.96,5.89
2022-08-19 16:30:00,2,514.03,1.23,18.68,88.69,21.93,18.59,24.44,6.65
2022-08-19 17:30:00,2,587.46,0.54,26.05,70.81,23.84,18.08,25.12,7.79
2022-08-19 18:30:00,4,1148.22,0.4,55.52,30.76,33.86,34.03,51.2,15.58
2022-08-19 19:30:00,5,1949.31,8.16,73.34,1.83,48.16,67.25,103.28,27.61
2022-08-19 20:30:00,5,2483.37,21.23,67.86,0.03,55.79,96.87,149.17,36.48
2022-08-19 21:30:00,5,2964.02,31.29,67.17,0,61.99,127.42,193.2,42.56
2022-08-19 22:30:00,5,2857.21,30.4,61.69,0,58.65,126.13,190,39.01
2022-08-19 23:30:00,5,2002.72,17.43,52.78,0.1,44.82,83.33,127.13,27.11
2022-08-20 00:30:00,4,1081.47,2.82,42.5,3.53,30.99,38.35,59.77,17.48
2022-08-20 01:30:00,4,834.47,0.19,33.24,12.7,25.51,28.11,43.54,13.93
2022-08-20 02:30:00,4,821.11,0.06,30.85,16.63,25.99,29.21,44.49,12.41
2022-08-20 03:30:00,4,867.84,0.08,31.19,16.09,27.42,33.66,48.84,10.26
2022-08-20 04:30:00,4,934.6,0.18,33.24,13.23,28.85,39.1,53.92,8.36
2022-08-20 05:30:00,4,1068.12,0.99,38.73,7.06,32.9,47.79,64.05,8.49
2022-08-20 06:30:00,5,1415.25,8.94,45.24,0.74,42.44,66.59,88.7,11.53
2022-08-20 07:30:00,5,1976.01,28.61,47.98,0.8,54.36,90.85,121.87,15.71
2022-08-20 08:30:00,5,2029.42,37.55,51.41,4.65,61.04,88.74,119.21,15.83
2022-08-20 09:30:00,5,1508.71,22.35,55.52,11.44,67.71,66.91,89.14,14.06
2022-08-20 10:30:00,5,1602.17,23.47,64.43,11.35,84.88,75.97,101.06,16.47
2022-08-20 11:30:00,5,1762.39,25.26,75.4,13.05,108.72,91.56,119.25,19.25
2022-08-20 12:30:00,5,1482.01,11.06,74.03,23.96,96.32,78.56,100.34,14.95
2022-08-20 13:30:00,5,1508.71,7.38,80.2,23.6,103.95,84.18,104.17,13.05
2022-08-20 14:30:00,5,1668.93,7.93,91.85,20.03,127.79,103.14,123.19,11.78
2022-08-20 15:30:00,5,1695.63,5.92,93.22,21.64,135.42,115.8,135.5,10.64
2022-08-20 16:30:00,5,1682.28,4.14,87.74,25.75,125.89,120.14,140.22,10.64
2022-08-20 17:30:00,5,1655.58,3.55,81.57,28.97,109.67,115.13,135.85,10.77
2022-08-20 18:30:00,5,2937.32,31.29,95.96,3.84,89.65,166.49,209.31,21.03
2022-08-20 19:30:00,5,4859.92,82.25,89.11,0.01,90.6,270.9,348.65,35.97
2022-08-20 20:30:00,5,6355.29,119.81,82.25,0,106.81,373.88,481.44,53.7
2022-08-20 21:30:00,5,7583.62,150.2,79.51,0,123.98,476.17,607.02,68.9
2022-08-20 22:30:00,5,8438.11,168.09,73.34,0,104.9,546.56,690.46,51.68
2022-08-20 23:30:00,5,7476.81,146.63,68.55,0,70.57,485.75,616.62,24.07
2022-08-21 00:30:00,5,4272.46,61.69,71.29,0,51.5,271.8,355.2,9.63
2022-08-21 01:30:00,5,3124.24,32.19,63.75,0,40.53,198.74,264.48,6.84
2022-08-21 02:30:00,5,2563.48,20.12,54.84,0,33.86,165.26,219.38,5.83
2022-08-21 03:30:00,5,2082.82,12.74,46.61,0.01,29.56,137.05,180.04,5.45
2022-08-21 04:30:00,5,1708.98,9.16,38.73,0.02,26.46,113.1,147.75,5.38
2022-08-21 05:30:00,5,1495.36,8.94,33.24,0.03,25.75,97.07,127.14,5.76
2022-08-21 06:30:00,5,1508.71,13.86,31.19,0.06,29.8,92.27,122.88,7.92
2022-08-21 07:30:00,5,1842.5,27.05,31.87,1.43,39.1,99.36,137.04,13.43
2022-08-21 08:30:00,5,1976.01,34.87,35.99,7.51,48.16,98.13,138.3,18.75
2022-08-21 09:30:00,5,1068.12,7.26,38.39,28.25,45.78,54.64,76.05,15.07
2022-08-21 10:30:00,5,921.25,4.25,33.24,59.37,47.68,56.2,76.65,14.69
2022-08-21 11:30:00,5,921.25,3.1,30.5,113.01,57.22,80.32,101.79,14.69
2022-08-21 12:30:00,5,781.06,1.51,23.65,158.79,55.31,87.74,104.52,11.02
2022-08-21 13:30:00,5,727.65,0.88,24.68,165.94,56.27,84.99,98.88,9.25
2022-08-21 14:30:00,5,774.38,0.39,33.59,155.93,66.76,85.47,99,9.12
2022-08-21 15:30:00,5,854.49,0.08,39.76,137.33,70.57,83.3,97.11,10.13
2022-08-21 16:30:00,5,961.3,0.18,44.55,120.16,67.71,80.35,94.91,11.78
2022-08-21 17:30:00,5,1028.06,0.2,47.98,101.57,60.56,72.99,87.6,12.79
2022-08-21 18:30:00,5,1255.04,0.06,58.26,71.53,56.27,73.15,92.36,16.47
2022-08-21 19:30:00,5,1668.93,0,71.29,38.98,55.31,84.24,113.42,22.55
2022-08-21 20:30:00,5,1922.61,0.07,74.03,20.74,51.5,93.1,129.03,24.57
2022-08-21 21:30:00,5,1949.31,0.28,69.23,13.05,46.73,96.31,133.65,23.05
2022-08-21 22:30:00,5,1789.09,0.24,57.58,13.23,41.01,93,128.97,20.27
2022-08-21 23:30:00,5,1361.85,0.05,42.5,21.64,32.42,74.98,103.44,15.71
2022-08-22 00:30:00,5,881.2,0,28.79,34.69,25.99,55.1,72.51,12.03
2022-08-22 01:30:00,5,794.41,0,27.42,35.41,29.09,55.19,69.88,10.77
2022-08-22 02:30:00,5,807.76,0,28.45,32.9,32.9,59.53,74.08,9.88
2022-08-22 03:30:00,5,867.84,0.01,30.5,27.54,34.33,65.41,81.58,8.87
2022-08-22 04:30:00,5,1028.06,0.13,36.33,16.63,38.15,75.77,95.64,8.36
2022-08-22 05:30:00,5,1268.39,1.77,44.55,5.01,44.35,90.11,115.79,8.99
2022-08-22 06:30:00,5,1642.23,12.18,45.93,0.21,54.84,107.94,139.86,11.02
2022-08-22 07:30:00,5,2349.85,38,45.93,0.17,78.2,139.54,178.87,15.96
2022-08-22 08:30:00,5,2857.21,64.37,53.47,0.8,119.21,167.17,207.86,18.49
2022-08-22 09:30:00,5,2296.45,57.22,80.2,3.13,179.29,160.07,190.02,14.31
2022-08-22 10:30:00,5,2162.93,53.2,102.82,5.23,213.62,165.83,195.55,14.82
2022-08-22 11:30:00,5,2109.53,47.83,112.41,7.69,242.23,167.97,198.87,16.09
2022-08-22 12:30:00,5,1468.66,24.36,102.82,7.69,213.62,116.96,137.56,10.51
2022-08-22 13:30:00,5,1094.82,11.06,89.11,3.58,173.57,80.42,95.05,8.99
2022-08-22 14:30:00,5,881.2,5.14,67.86,4.38,131.61,50.78,61.65,9.25
2022-08-22 15:30:00,4,827.79,3.41,56.89,7.69,103.95,30.87,39.84,10.39
2022-08-22 16:30:00,4,894.55,4.3,55.52,9.48,93.46,26,34.85,11.27
2022-08-22 17:30:00,4,961.3,4.3,56.21,8.23,82.97,25.02,34.22,11.65
2022-08-22 18:30:00,4,988.01,2.85,53.47,6.44,72.48,25.82,37.34,13.17
2022-08-22 19:30:00,4,1014.71,1.9,48.67,5.14,66.76,29.96,45.33,15.83
2022-08-22 20:30:00,4,1014.71,1.62,45.24,5.32,64.85,33.85,51.78,16.72
2022-08-22 21:30:00,4,934.6,1.12,42.16,6.53,61.04,34.75,52.68,15.45
2022-08-22 22:30:00,4,841.14,0.95,40.1,7.15,56.74,32.47,48.77,14.19
2022-08-22 23:30:00,3,707.63,0.41,35.99,11.98,50.54,24.52,37.1,11.91
2022-08-23 00:30:00,2,580.79,0.01,29.47,31.47,46.25,16.89,24.69,8.74
2022-08-23 01:30:00,2,560.76,0,24.33,58.65,42.44,17.05,22.82,6.97
2022-08-23 02:30:00,3,580.79,0,21.42,80.82,39.58,21.98,26.83,6.08
2022-08-23 03:30:00,4,594.14,0,21.08,90.84,40.05,29.19,33.75,5.57
2022-08-23 04:30:00,4,600.81,0,21.93,89.41,41.96,38.36,42.94,5.26
2022-08-23 05:30:00,5,620.84,0,23.99,81.54,44.82,50.79,55.91,5.32
2022-08-23 06:30:00,5,694.27,0,27.08,72.96,47.68,64.91,71.72,6.21
2022-08-23 07:30:00,5,801.09,0.35,33.59,65.8,52.93,77.68,86.94,7.66
2022-08-23 08:30:00,5,827.79,0.68,37.01,63.66,57.7,81.39,90.99,7.79
2022-08-23 09:30:00,5,754.36,0.32,33.93,66.52,56.27,71.26,78.99,6.9
2022-08-23 10:30:00,5,674.25,0.57,29.47,72.24,52.93,60.39,66.95,6.46
2022-08-23 11:30:00,5,587.46,0.63,24.33,87.26,47.68,53.89,59.39,5.76
2022-08-23 12:30:00,4,494,0.89,16.79,103,36.24,48.1,52.9,4.94
2022-08-23 13:30:00,4,447.27,0.98,13.37,108.72,28.85,46.83,51.52,4.75
2022-08-23 14:30:00,4,417.23,1.15,11.82,113.01,25.51,42.74,47.28,5.07
2022-08-23 15:30:00,4,407.22,1.29,12.85,107.29,25.51,33.23,37.57,5.51
2022-08-23 16:30:00,4,423.91,1.22,16.62,92.98,26.94,27.13,31.6,6.21
2022-08-23 17:30:00,3,460.62,0.81,20.73,80.11,27.18,23.72,28.61,6.9
2022-08-23 18:30:00,3,507.35,0.29,25.02,67.95,29.8,22.82,28.7,8.04
2022-08-23 19:30:00,3,554.08,0,26.73,60.8,32.42,24.19,31.77,9.88
2022-08-23 20:30:00,4,580.79,0,27.42,57.94,33.86,25.75,34.51,11.4
2022-08-23 21:30:00,4,560.76,0,25.36,58.65,31.95,25.99,35.01,12.03
2022-08-23 22:30:00,4,540.73,0,23.31,57.94,29.09,26.32,35.04,12.03
2022-08-23 23:30:00,4,487.33,0,20.56,57.22,25.03,25.44,32.59,10.26
2022-08-24 00:30:00,3,453.95,0,17.99,55.79,21.22,24.39,30.15,8.49
2022-08-24 01:30:00,4,487.33,0,18.68,47.92,21.7,27.5,34.25,9.37
2022-08-24 02:30:00,4,520.71,0,20.39,40.41,23.6,30.89,38.99,9.88
2022-08-24 03:30:00,4,560.76,0,23.31,32.9,26.94,34.32,43.68,10.01
2022-08-24 04:30:00,4,594.14,0.02,26.05,26.46,29.8,36.7,46.75,9.25
2022-08-24 05:30:00,4,640.87,0.09,29.47,19.49,32.42,39.33,49.82,8.74
2022-08-24 06:30:00,4,774.38,0.92,35.64,10.55,37.67,44.69,57.5,10.01
2022-08-24 07:30:00,5,1001.36,7.49,39.41,4.96,45.3,52.27,69.26,13.3
2022-08-24 08:30:00,5,1068.12,14.31,39.41,6.26,52.93,51.97,69.46,14.69
2022-08-24 09:30:00,4,741,9.28,33.59,17.17,51.02,33.97,44.24,9.5
2022-08-24 10:30:00,4,607.49,7.82,27.08,36.12,48.16,27.3,34.66,7.54
2022-08-24 11:30:00,4,554.08,5.53,23.31,66.52,47.21,31.49,37.7,6.65
2022-08-24 12:30:00,4,520.71,2.91,19.88,100.14,42.44,40.8,46.23,5.89
2022-08-24 13:30:00,4,520.71,2.26,20.91,110.15,43.39,46.78,52.08,5.64
2022-08-24 14:30:00,4,527.38,1.9,22.96,108.72,43.87,47.94,53.25,5.76
2022-08-24 15:30:00,4,547.41,1.96,25.7,105.86,44.35,47.79,53.4,6.21
2022-08-24 16:30:00,4,594.14,2.37,30.16,104.43,46.73,47.22,53.44,6.97
2022-08-24 17:30:00,4,654.22,2.21,37.01,95.84,48.64,46.05,52.98,7.98
2022-08-24 18:30:00,5,907.9,0.95,57.58,70.1,61.99,54.4,65.76,12.16
2022-08-24 19:30:00,5,1241.68,0.01,69.23,43.27,67.71,70,88.92,18.24
2022-08-24 20:30:00,5,1388.55,0,65.8,33.97,62.94,81.72,106.43,21.53
2022-08-24 21:30:00,5,1361.85,0,56.89,34.69,52.45,85.93,112.91,20.01
2022-08-24 22:30:00,5,1348.5,0.01,52.78,30.76,45.78,87.35,114.51,17.48
2022-08-24 23:30:00,5,1295.09,0.04,51.41,23.25,41.01,83.77,108.56,13.43
2022-08-25 00:30:00,5,1174.93,0.09,48.67,17.88,36.24,78.57,98.93,9.5
2022-08-25 01:30:00,5,1094.82,0.16,43.87,13.95,32.9,77.81,96.54,8.04
2022-08-25 02:30:00,5,1041.41,0.3,39.41,10.37,30.52,76.78,94.81,7.35
2022-08-25 03:30:00,5,1054.76,0.98,38.04,5.41,30.04,78.08,97.27,7.22
2022-08-25 04:30:00,5,1148.22,3.46,36.67,1.27,30.28,84.12,106.1,7.6
2022-08-25 05:30:00,5,1308.44,9.28,34.27,0.12,32.42,93.25,118.72,8.87
2022-08-25 06:30:00,5,1695.63,22.8,32.9,0.01,39.1,112.77,146.4,12.41
2022-08-25 07:30:00,5,2536.77,52.75,34.62,0.33,53.88,153.35,201.89,18.75
2022-08-25 08:30:00,5,3044.13,77.78,40.1,1.05,67.71,176.68,233.64,23.31
2022-08-25 09:30:00,5,1455.31,19,53.47,15.74,63.9,92.98,117.67,14.57
2022-08-25 10:30:00,5,1121.52,9.5,45.93,48.64,56.27,72.96,91.39,12.41
2022-08-25 11:30:00,5,988.01,6.2,37.01,98.71,53.41,72.7,88.54,11.27
2022-08-25 12:30:00,5,794.41,2.63,22.62,163.08,41.01,75.26,87.31,8.61
2022-08-25 13:30:00,5,687.6,1.49,17.14,191.69,34.33,72.3,81.7,7.22
2022-08-25 14:30:00,5,660.9,1.4,17.82,197.41,35.29,68.51,76.94,7.16
2022-08-25 15:30:00,5,654.22,1.33,20.56,188.83,36.24,61.63,69.79,7.47
2022-08-25 16:30:00,5,680.92,1.02,26.73,157.36,36.24,51.35,59.96,8.36
2022-08-25 17:30:00,4,720.98,0.39,34.27,118.73,35.76,41.63,50.68,9.37
2022-08-25 18:30:00,5,1842.5,2.82,94.59,31.47,51.98,73.47,100.91,24.32
2022-08-25 19:30:00,5,3471.37,39.34,112.41,0.01,73.43,141.68,201.49,44.58
2022-08-25 20:30:00,5,4432.68,70.63,97.33,0,80.11,195.17,281.05,55.22
2022-08-25 21:30:00,5,4913.33,84.94,84.31,0,79.15,228.66,326.65,59.28
2022-08-25 22:30:00,5,4539.49,76.89,75.4,0,69.62,215.57,308.01,53.2
2022-08-25 23:30:00,5,3150.94,46.49,66.49,0,50.07,141.43,206.03,38
2022-08-26 00:30:00,4,1201.63,5.36,49.35,3.44,28.37,46.93,71.17,20.52
2022-08-26 01:30:00,3,660.9,0.08,28.79,19.85,23.6,23.12,35.15,15.33
2022-08-26 02:30:00,3,607.49,0.01,23.31,28.25,24.08,21.05,31.01,14.19
2022-08-26 03:30:00,2,507.35,0,20.22,31.83,24.32,17.48,25.82,13.81
2022-08-26 04:30:00,2,480.65,0.01,19.88,31.47,25.51,17.66,26.56,13.3
2022-08-26 05:30:00,2,514.03,0.02,22.28,28.25,27.89,20,30.16,12.92
2022-08-26 06:30:00,3,620.84,0.21,28.1,20.38,32.9,24.94,37.91,13.93
2022-08-26 07:30:00,4,801.09,5.14,31.19,18.06,38.62,32.11,49.31,16.72
2022-08-26 08:30:00,4,867.84,10.73,28.79,31.11,41.48,35.1,53.79,17.48
2022-08-26 09:30:00,4,674.25,5.92,21.59,65.8,32.42,31.07,45.47,12.29
2022-08-26 10:30:00,4,627.52,3.32,18.68,105.86,33.38,39.53,52.88,10.77
2022-08-26 11:30:00,5,620.84,2.1,17.14,143.05,37.19,52.98,66.35,10.39
2022-08-26 12:30:00,5,580.79,1.36,15.42,157.36,34.81,55.55,67.37,9.5
2022-08-26 13:30:00,4,547.41,0.95,16.45,141.62,31.47,47.55,57.27,8.74
2022-08-26 14:30:00,4,534.06,0.4,19.19,120.16,30.99,40.2,48.88,8.36
2022-08-26 15:30:00,4,534.06,0.42,21.25,101.57,30.99,35.01,43.34,8.23
2022-08-26 16:30:00,4,560.76,1.2,22.96,95.84,31.47,32.07,40.31,8.23
2022-08-26 17:30:00,4,587.46,1.44,25.36,87.26,29.56,27.97,35.87,8.04
2022-08-26 18:30:00,4,774.38,0.71,37.7,66.52,37.67,31.28,42.39,11.15
2022-08-26 19:30:00,4,961.3,0,44.55,47.92,45.3,38.29,54.44,15.58
2022-08-26 20:30:00,4,1001.36,0,41.81,41.48,43.39,40.02,58.87,17.99
2022-08-26 21:30:00,4,1028.06,0,41.13,36.12,42.44,41.46,61.65,19.51
2022-08-26 22:30:00,4,1041.41,0,41.13,32.54,41.96,42.98,63.8,20.52
2022-08-26 23:30:00,4,934.6,0,38.04,33.26,37.19,39.03,57.25,19
2022-08-27 00:30:00,4,720.98,0,30.5,39.34,30.04,30.97,43.91,15.45
2022-08-27 01:30:00,4,574.11,0,22.62,46.49,24.08,26.16,36.18,13.17
2022-08-27 02:30:00,3,520.71,0,19.36,49.35,22.17,24.86,33.53,11.65
2022-08-27 03:30:00,4,500.68,0,17.65,51.5,21.93,25.49,33.49,10.89
2022-08-27 04:30:00,4,487.33,0,16.45,55.07,21.7,28.07,36.05,10.77
2022-08-27 05:30:00,4,467.3,0,16.28,55.79,21.93,30.96,40.53,11.15
2022-08-27 06:30:00,4,500.68,0.04,18.68,47.92,24.08,32.17,46.31,12.41
2022-08-27 07:30:00,4,580.79,2.26,21.08,37.55,26.94,31.88,51.45,14.57
2022-08-27 08:30:00,4,594.14,6.03,17.99,38.62,28.37,29.29,51.26,14.19
2022-08-27 09:30:00,3,427.25,2.82,11.65,59.37,19.55,22.04,38.49,8.74
2022-08-27 10:30:00,3,383.85,1.7,8.74,83.68,16.93,21.43,35.13,7.16
2022-08-27 11:30:00,3,363.83,1.2,7.2,103,16.21,22.65,35.53,6.52
2022-08-27 12:30:00,3,343.8,0.95,6.17,111.58,14.54,22.2,33.71,5.76
2022-08-27 13:30:00,3,337.12,0.89,6,114.44,13.47,20.76,30.24,5.13
2022-08-27 14:30:00,2,330.45,0.88,6.34,114.44,13.35,19.34,27.71,4.69
2022-08-27 15:30:00,2,327.11,0.88,6.85,110.15,12.87,17.29,25.04,4.37
2022-08-27 16:30:00,2,333.79,0.92,8.31,105.86,12.87,15.7,23.44,4.43
2022-08-27 17:30:00,2,353.81,0.79,10.54,100.14,13.11,14.21,21.81,4.62
2022-08-27 18:30:00,2,514.03,0.4,21.08,80.82,19.55,17.67,28.11,7.47
2022-08-27 19:30:00,3,687.6,0,28.1,60.8,25.51,23.34,38.31,11.65
2022-08-27 20:30:00,4,767.71,0,29.82,47.92,26.94,26.93,45.38,14.69
2022-08-27 21:30:00,4,827.79,0,31.87,37.19,28.61,29.63,50.49,16.97
2022-08-27 22:30:00,4,821.11,0,31.53,32.19,28.37,29.71,51.64,17.73
2022-08-27 23:30:00,4,694.27,0,27.76,33.97,25.03,25.18,45.41,15.83
2022-08-28 00:30:00,3,500.68,0,20.56,42.56,19.79,18.89,37.91,12.79
2022-08-28 01:30:00,3,417.23,0,16.28,49.35,18.36,18.05,39.86,11.65
2022-08-28 02:30:00,3,393.87,0,14.74,52.93,18.84,18.63,41.83,11.27
2022-08-28 03:30:00,3,377.18,0,13.88,54.36,18.84,18.66,41.72,11.27
2022-08-28 04:30:00,3,370.5,0,13.37,51.5,18.36,18.9,42.02,11.53
2022-08-28 05:30:00,3,380.52,0,14.05,45.06,18.36,19.63,42.98,12.16
2022-08-28 06:30:00,3,440.6,0.01,17.31,37.55,20.5,21.97,47.62,13.17
2022-08-28 07:30:00,4,540.73,1.01,21.42,31.47,23.37,25.86,56.58,14.57
2022-08-28 08:30:00,4,560.76,3.86,19.19,36.84,23.84,27.35,63.48,14.06
2022-08-28 09:30:00,4,440.6,1.96,13.71,56.51,18.12,24.72,64.75,9.25
2022-08-28 10:30:00,4,400.54,1.73,10.54,72.24,16.93,22.54,60.04,7.47
2022-08-28 11:30:00,4,370.5,1.34,8.23,91.55,15.97,22.1,55.86,6.46
2022-08-28 12:30:00,4,337.12,0.87,6.6,103,13.47,21.35,52.01,5.07
2022-08-28 13:30:00,3,330.45,0.66,7.28,97.27,12.64,19.41,46.5,4.43
2022-08-28 14:30:00,3,333.79,0.39,8.74,88.69,12.99,18,43.9,4.43
2022-08-28 15:30:00,3,337.12,0.2,9.68,81.54,12.87,16.95,42.85,4.56
2022-08-28 16:30:00,3,353.81,0.25,11.31,77.25,12.99,16.42,42.47,4.75
2022-08-28 17:30:00,3,377.18,0.23,13.54,72.96,13.23,15.68,41.4,5.13
2022-08-28 18:30:00,3,520.71,0.09,22.96,59.37,20.27,19.1,47.5,7.79
2022-08-28 19:30:00,4,667.57,0,29.82,46.49,25.27,23.99,57.12,11.4
2022-08-28 20:30:00,4,680.92,0,28.1,42.2,22.89,24.86,60.05,13.55
2022-08-28 21:30:00,4,754.36,0,29.47,36.48,22.65,27.85,63.14,16.09
2022-08-28 22:30:00,4,907.9,0.01,34.96,26.82,25.99,34.7,71.26,19.25
2022-08-28 23:30:00,4,974.66,0.06,39.41,19.49,27.89,37.57,73.06,19.25
2022-08-29 00:30:00,4,1201.63,2.82,48.67,5.19,29.8,47.25,86.14,19
2022-08-29 01:30:00,5,1628.88,12.29,50.04,0.16,37.19,69.75,120.08,23.05
2022-08-29 02:30:00,5,2029.42,21.01,49.35,0.01,46.25,93.64,160.01,30.65
2022-08-29 03:30:00,5,2269.74,26.15,49.35,0,55.31,112.48,190.13,35.97
2022-08-29 04:30:00,5,2296.45,27.94,45.93,0,52.45,120.69,200.01,32.42
2022-08-29 05:30:00,5,2243.04,29.06,43.18,0,47.68,119.92,194.8,28.88
2022-08-29 06:30:00,5,2056.12,27.72,45.24,0.04,52.45,105.93,167.08,30.65
2022-08-29 07:30:00,5,2269.74,42.47,43.87,2.08,60.56,106.05,170.2,37.49
2022-08-29 08:30:00,5,1949.31,39.34,44.55,10.91,57.22,81.32,136.32,33.94
2022-08-29 09:30:00,4,687.6,4.64,29.13,38.98,34.81,29.22,55.53,15.45
2022-08-29 10:30:00,4,614.17,3.97,23.31,60.08,35.29,27.2,49.51,12.54
2022-08-29 11:30:00,4,627.52,3.32,21.93,92.98,41.01,33.68,55.11,12.03
2022-08-29 12:30:00,4,614.17,2.18,19.36,133.04,41.01,43.1,63.22,10.51
2022-08-29 13:30:00,5,607.49,1.72,18.34,167.37,41.48,53.92,73.13,9.5
2022-08-29 14:30:00,5,627.52,1.49,18.51,197.41,42.92,64.54,83.93,9.25
2022-08-29 15:30:00,5,634.19,1.31,19.54,205.99,41.01,64.22,83.5,8.99
2022-08-29 16:30:00,5,640.87,1.27,23.65,183.11,38.62,54.15,73.47,9.12
2022-08-29 17:30:00,4,667.57,1.01,29.82,147.34,36.24,42.96,62.46,9.88
2022-08-29 18:30:00,4,921.25,0.28,50.04,101.57,50.07,46.62,70.52,14.57
2022-08-29 19:30:00,5,1415.25,0,75.4,62.23,75.34,67.73,101.62,23.56
2022-08-29 20:30:00,5,1869.2,0,93.22,36.48,91.55,92.49,138.18,31.41
2022-08-29 21:30:00,5,2189.64,0,101.45,28.61,100.14,122.05,180.39,36.48
2022-08-29 22:30:00,5,2456.67,0,102.82,27.54,103.95,164.22,234.13,38
2022-08-29 23:30:00,5,2376.56,0,90.48,28.25,91.55,190.61,260.46,30.4
2022-08-30 00:30:00,5,2002.72,0,69.92,30.4,65.8,186.31,243.61,19.51
2022-08-30 01:30:00,5,1735.69,0,55.52,28.25,47.68,175.02,222.58,14.19
2022-08-30 02:30:00,5,1588.82,0.02,46.61,23.25,37.19,165.68,207.18,11.27
2022-08-30 03:30:00,5,1655.58,0.24,45.93,13.41,34.81,168.3,210.53,10.01
2022-08-30 04:30:00,5,1895.9,2.49,48.67,3.17,37.19,183.56,230.39,10.64
2022-08-30 05:30:00,5,2216.34,11.4,47.3,0.12,43.87,204.96,258.41,13.93
2022-08-30 06:30:00,5,2910.61,33.08,46.61,0.02,56.74,242.41,310.49,21.28
2022-08-30 07:30:00,5,4432.68,82.25,50.04,0.98,75.34,316.83,411.97,31.92
2022-08-30 08:30:00,5,5767.82,125.17,69.92,4.87,88.69,383.72,501.15,41.54
2022-08-30 09:30:00,5,2216.34,27.72,77.46,41.13,100.14,194.53,242.08,21.53
2022-08-30 10:30:00,5,1869.2,10.95,72.66,115.87,93.46,201.34,243.37,16.21
2022-08-30 11:30:00,5,1922.61,4.53,58.95,254.63,101.09,272.2,314.1,13.68
2022-08-30 12:30:00,5,1602.17,1.34,29.47,363.35,83.92,283.74,319.87,12.92
2022-08-30 13:30:00,5,1241.68,0.78,19.19,354.77,63.9,237.86,267.63,10.89
2022-08-30 14:30:00,5,1094.82,0.71,19.71,337.6,57.7,209.5,236.85,10.26
2022-08-30 15:30:00,5,947.95,0.68,21.08,291.82,50.07,166.66,191.54,10.26
2022-08-30 16:30:00,5,807.76,0.73,23.99,217.44,40.53,109.39,131.16,10.77
2022-08-30 17:30:00,5,714.3,0.61,27.76,148.77,34.33,67.28,87.02,11.4
2022-08-30 18:30:00,5,1401.9,0.34,68.55,64.37,44.82,71.55,103.86,21.03
2022-08-30 19:30:00,5,2616.88,8.38,104.19,3.8,65.8,113.04,173.24,36.98
2022-08-30 20:30:00,5,3417.97,30.85,93.22,0,79.15,150.86,233.49,48.64
2022-08-30 21:30:00,5,4112.24,48.28,89.11,0,90.6,193.25,294.89,57.25
2022-08-30 22:30:00,5,4646.3,59.01,87.74,0,98.23,228.77,344.74,60.8
2022-08-30 23:30:00,5,4165.65,51.86,86.37,0,92.51,214,321,51.68
2022-08-31 00:30:00,5,3898.62,52.75,79.51,0,81.06,208.73,311.49,39.52
2022-08-31 01:30:00,5,4486.08,69.74,71.29,0,71.53,255.06,374.21,35.97
2022-08-31 02:30:00,5,4806.52,77.78,62.38,0,64.85,291.88,421.97,34.45
2022-08-31 03:30:00,5,4806.52,77.78,54.15,0,60.08,310.14,445.76,32.17
2022-08-31 04:30:00,5,4486.08,72.42,46.61,0,56.27,305.64,435.74,27.61
2022-08-31 05:30:00,5,4112.24,67.95,41.13,0,55.31,287.94,406.21,24.07
2022-08-31 06:30:00,5,3898.62,70.63,39.07,0.01,62.94,268.56,374.09,28.37
2022-08-31 07:30:00,5,4592.9,99.24,41.81,0.56,77.25,289.04,403.27,43.57
2022-08-31 08:30:00,5,5020.14,118.02,54.15,3.71,82.02,290.01,404.59,50.16
2022-08-31 09:30:00,5,1388.55,9.61,53.47,91.55,80.11,142.77,174.19,15.71
2022-08-31 10:30:00,5,988.01,2.74,29.47,180.24,55.79,126.91,150.31,11.65
2022-08-31 11:30:00,5,854.49,1.34,18.16,231.74,46.25,130.69,151.36,10.89
2022-08-31 12:30:00,5,680.92,0.85,12.85,208.85,34.33,102.71,119.06,9.63
2022-08-31 13:30:00,5,574.11,0.71,13.37,157.36,27.18,67.78,80.96,9.12
2022-08-31 14:30:00,4,534.06,0.35,15.94,120.16,24.8,47.66,59.84,9.5
2022-08-31 15:30:00,4,520.71,0.02,17.99,95.84,23.6,34.07,44.65,9.88
2022-08-31 16:30:00,4,560.76,0.04,21.42,86.55,24.32,30.36,40.42,10.51
2022-08-31 17:30:00,4,594.14,0.03,24.68,86.55,25.27,36.6,47.41,9.88
2022-08-31 18:30:00,5,894.55,0.01,41.47,70.1,36.24,53.39,70.19,13.43
2022-08-31 19:30:00,5,1321.79,0,59.63,44.35,48.16,71.51,98.68,20.77
2022-08-31 20:30:00,5,1535.42,0,63.06,30.04,50.54,79.14,113.54,25.84
2022-08-31 21:30:00,5,1708.98,0.21,67.17,16.81,51.5,85.36,125.23,30.15
2022-08-31 22:30:00,5,1922.61,2.54,69.92,4.07,52.45,93.4,139.59,33.44
2022-08-31 23:30:00,5,1869.2,7.26,64.43,0.46,46.73,88.58,133.72,31.16
2022-09-01 00:30:00,5,1508.71,7.04,55.52,0.4,35.29,69.6,105.1,24.83
2022-09-01 01:30:00,5,1255.04,5.36,47.98,0.54,29.8,58.52,88.63,22.29
2022-09-01 02:30:00,5,1161.58,5.25,42.5,0.46,28.85,54.55,83.48,21.79
2022-09-01 03:30:00,5,1108.17,5.98,38.39,0.3,29.33,52.83,82.3,22.04
2022-09-01 04:30:00,4,1041.41,6.2,35.3,0.27,29.09,49.48,78.73,22.29
2022-09-01 05:30:00,4,1001.36,6.87,33.59,0.25,29.09,46.67,75.44,23.05
2022-09-01 06:30:00,5,1174.93,12.85,34.62,0.09,35.76,53.12,85.79,26.6
2022-09-01 07:30:00,5,1735.69,30.85,40.1,0.85,51.02,75.73,120.89,34.45
2022-09-01 08:30:00,5,2189.64,46.49,47.98,5.63,67.71,92.25,145.66,39.52
2022-09-01 09:30:00,5,1014.71,7.26,43.87,43.99,51.02,51.64,83.7,19
2022-09-01 10:30:00,4,781.06,3.8,31.87,66.52,41.96,42.22,69.54,14.69
2022-09-01 11:30:00,4,660.9,2.93,24.33,80.11,36.24,35.65,59.66,12.79
2022-09-01 12:30:00,4,567.44,1.98,19.71,82.97,29.33,28.46,48.83,11.02
2022-09-01 13:30:00,3,527.38,1.3,18.68,82.25,25.99,23.42,40.96,9.88
2022-09-01 14:30:00,3,520.71,0.81,18.85,83.68,25.03,21.84,38.23,9.37
2022-09-01 15:30:00,3,514.03,0.69,17.82,91.55,23.6,22.47,37.88,8.99
2022-09-01 16:30:00,3,534.06,0.37,19.36,95.84,23.13,23.72,38.14,8.99
2022-09-01 17:30:00,3,574.11,0.14,21.93,97.27,23.37,24.76,38.44,9.37
2022-09-01 18:30:00,5,2189.64,11.62,91.85,18.78,51.98,77.11,118.82,28.63
2022-09-01 19:30:00,5,4592.9,67.95,101.45,0,91.55,182.41,279.21,54.72
2022-09-01 20:30:00,5,6408.69,106.39,100.08,0,116.35,288.7,437.95,72.96
2022-09-01 21:30:00,5,8331.3,148.42,94.59,0,135.42,412.08,615.64,86.13
2022-09-01 22:30:00,5,9613.04,178.81,85.68,0,141.14,509.63,749.09,87.14
2022-09-01 23:30:00,5,8651.73,160.93,77.46,0,121.12,474.35,683.32,68.9
2022-09-02 00:30:00,5,6622.31,121.59,69.23,0,90.6,364.28,520.42,45.09
2022-09-02 01:30:00,5,6568.91,128.75,59.63,0,78.2,376.92,537.18,38.5
2022-09-02 02:30:00,5,6622.31,134.11,53.47,0,78.2,398.34,564.54,39.52
2022-09-02 03:30:00,5,6355.29,128.75,47.3,0,81.06,392.01,554.51,43.57
2022-09-02 04:30:00,5,5554.2,113.55,39.07,0,64.85,347.12,490.31,38
2022-09-02 05:30:00,5,4539.49,93.88,32.9,0,51.02,277.36,390.7,32.93
2022-09-02 06:30:00,5,3471.37,73.31,34.62,0.01,51.5,196.99,275.73,36.48
2022-09-02 07:30:00,5,4005.43,100.14,38.04,0.7,65.8,208.84,296.63,47.62
2022-09-02 08:30:00,5,4913.33,134.11,54.15,4.02,77.25,235.76,338.62,55.22
2022-09-02 09:30:00,5,2002.72,36.66,80.88,8.4,98.23,139.51,188.01,24.83
2022-09-02 10:30:00,5,1642.23,26.6,81.57,19.31,103.95,123.09,167.78,23.05
2022-09-02 11:30:00,5,1508.71,19.45,74.03,39.7,103.95,101.89,145.02,24.57
2022-09-02 12:30:00,5,934.6,5.7,40.44,82.25,59.6,59.38,89.05,16.72
2022-09-02 13:30:00,4,660.9,2.26,24.68,97.27,38.15,38.8,60.31,11.65
2022-09-02 14:30:00,4,594.14,1.55,21.93,98.71,33.86,32.58,51.84,10.64
2022-09-02 15:30:00,4,554.08,1.15,20.56,97.27,29.8,28.91,47.38,10.13
2022-09-02 16:30:00,3,534.06,1.06,21.08,91.55,26.7,24.64,41.99,9.75
2022-09-02 17:30:00,3,547.41,0.8,23.65,87.98,25.51,21.96,38.51,9.63
2022-09-02 18:30:00,4,1268.39,0.68,63.75,44.7,41.96,45.72,75.64,19
2022-09-02 19:30:00,5,2563.48,10.28,100.08,1.94,68.66,101.11,161.31,36.48
2022-09-02 20:30:00,5,3524.78,30.85,94.59,0,85.83,156.23,245.09,49.65
2022-09-02 21:30:00,5,4379.27,50.07,89.11,0,100.14,211.63,325.05,59.78
2022-09-02 22:30:00,5,5233.76,70.63,86.37,0,111.58,269.64,406.41,66.88
2022-09-02 23:30:00,5,5661.01,86.72,84.31,0,109.67,302.99,452.82,63.84
2022-09-03 00:30:00,5,5821.23,101.92,77.46,0,89.65,314.48,471.65,49.65
2022-09-03 01:30:00,5,5607.6,102.82,65.12,0,65.8,310.02,461.57,36.98
2022-09-03 02:30:00,5,4966.74,91.2,52.78,0,49.59,280.03,411.19,29.64
2022-09-03 03:30:00,5,3898.62,68.84,41.13,0,37.19,224.72,322.94,24.83
2022-09-03 04:30:00,5,2723.69,44.26,31.53,0,28.61,160.12,228,21.53
2022-09-03 05:30:00,5,1869.2,27.94,26.73,0,24.56,111.14,160.15,21.03
2022-09-03 06:30:00,5,961.3,1.87,35.99,5.01,22.89,55.7,90.36,24.07
2022-09-03 07:30:00,5,1121.52,6.71,38.39,8.85,30.52,55.28,93.41,25.59
2022-09-03 08:30:00,5,1161.58,14.19,35.64,23.25,35.76,51.3,89.44,26.09
2022-09-03 09:30:00,4,667.57,5.48,21.42,65.8,27.89,31.55,66.69,16.21
2022-09-03 10:30:00,4,554.08,2.96,15.25,98.71,25.27,33.28,73.92,14.31
2022-09-03 11:30:00,4,494,1.73,12,130.18,24.56,40.36,82.62,13.43
2022-09-03 12:30:00,4,363.83,0.94,7.2,133.04,20.74,36.93,68.96,7.16
2022-09-03 13:30:00,4,323.77,0.82,6.51,128.75,19.55,33.49,62.76,4.62
2022-09-03 14:30:00,4,323.77,0.79,6.6,124.45,15.26,28.78,61.46,4.69
2022-09-03 15:30:00,4,323.77,0.8,6.85,118.73,12.76,25.77,60.92,4.62
2022-09-03 16:30:00,4,333.79,0.94,8.31,110.15,12.52,23,57.05,4.56
2022-09-03 17:30:00,4,357.15,0.87,10.8,97.27,12.52,19.91,51.21,4.88
2022-09-03 18:30:00,4,961.3,1.03,43.87,45.78,24.56,34.22,72.92,12.79
2022-09-03 19:30:00,5,1708.98,5.03,66.49,3.98,39.58,60.73,114.78,23.56
2022-09-03 20:30:00,5,2029.42,14.75,58.95,0.12,45.78,77.44,139.49,30.15
2022-09-03 21:30:00,5,2082.82,15.2,57.58,0.1,46.73,83.36,145.59,32.42
2022-09-03 22:30:00,5,1789.09,9.61,53.47,0.52,40.05,72.36,126.44,29.39
2022-09-03 23:30:00,4,1188.28,2.07,43.18,7.87,27.42,46.92,84.92,21.79
2022-09-04 00:30:00,3,507.35,0,19.71,45.78,15.74,20.84,41.61,14.69
2022-09-04 01:30:00,2,410.56,0,15.25,52.21,14.31,17.25,34.14,14.06
2022-09-04 02:30:00,2,390.53,0,14.22,51.5,14.42,16.04,31.36,13.93
2022-09-04 03:30:00,2,380.52,0,13.37,52.93,15.14,16.35,31.44,13.55
2022-09-04 04:30:00,2,373.84,0,12.85,58.65,15.97,18.05,34.19,13.3
2022-09-04 05:30:00,3,380.52,0,13.37,58.65,16.93,19.83,38.15,13.55
2022-09-04 06:30:00,3,440.6,0.01,17.14,50.78,19.55,21.9,43.71,15.58
2022-09-04 07:30:00,4,547.41,1.48,21.59,40.77,22.41,23.91,51.23,17.48
2022-09-04 08:30:00,4,567.44,4.69,19.19,44.35,23.13,23.02,53.87,16.72
2022-09-04 09:30:00,3,433.92,3.1,11.48,64.37,16.69,17.7,46.01,10.39
2022-09-04 10:30:00,3,393.87,2.07,9,87.26,15.97,17.12,40.13,8.74
2022-09-04 11:30:00,3,380.52,1.52,7.97,108.72,15.97,19.32,40.03,8.61
2022-09-04 12:30:00,2,343.8,1.19,6.6,113.01,13.83,17.59,34.13,7.09
2022-09-04 13:30:00,2,327.11,1.19,6.6,113.01,12.64,15.64,29.67,6.21
2022-09-04 14:30:00,2,330.45,1.23,7.11,113.01,12.76,15.1,28.36,6.21
2022-09-04 15:30:00,2,357.15,1.42,9.17,108.72,14.07,15.42,28.58,6.59
2022-09-04 16:30:00,2,417.23,1.77,13.88,101.57,16.45,16.43,29.86,7.35
2022-09-04 17:30:00,2,487.33,1.56,19.88,86.55,17.88,16.87,30.4,8.11
2022-09-04 18:30:00,2,607.49,0.47,28.45,66.52,22.65,19.44,34.33,10.01
2022-09-04 19:30:00,3,700.95,0,31.87,50.78,25.03,22.49,39.3,12.54
2022-09-04 20:30:00,3,694.27,0,29.47,44.7,21.93,22.15,38.95,14.06
2022-09-04 21:30:00,3,654.22,0,26.39,43.27,19.79,20.94,37.08,14.95
2022-09-04 22:30:00,2,614.17,0,24.33,42.92,18.36,19.54,34.99,15.2
2022-09-04 23:30:00,2,534.06,0,21.08,43.27,15.74,16.06,29.19,13.93
2022-09-05 00:30:00,2,440.6,0,17.82,44.35,13.95,12.86,23.93,12.92
2022-09-05 01:30:00,2,440.6,0,18.16,41.84,17.17,13.69,25.45,13.93
2022-09-05 02:30:00,2,440.6,0,18.16,40.05,19.07,14.55,26.88,14.57
2022-09-05 03:30:00,2,447.27,0,18.85,36.84,21.22,15.58,28.51,15.33
2022-09-05 04:30:00,2,467.3,0,20.39,32.54,23.6,16.84,30.51,16.09
2022-09-05 05:30:00,2,514.03,0.03,23.99,25.75,27.18,19,33.92,17.23
2022-09-05 06:30:00,3,667.57,0.59,32.22,14.13,34.81,24.98,43.65,20.01
2022-09-05 07:30:00,4,934.6,9.16,34.27,9.48,43.87,33.81,58.56,24.07
2022-09-05 08:30:00,4,1028.06,17.88,30.85,19.49,49.11,36.13,63.55,24.32
2022-09-05 09:30:00,4,700.95,9.05,23.31,47.92,37.67,26.2,52.39,15.96
2022-09-05 10:30:00,4,640.87,5.42,21.25,83.68,37.67,30.64,59.86,14.06
2022-09-05 11:30:00,4,634.19,3.38,20.05,130.18,41.48,44.41,75.94,13.81
2022-09-05 12:30:00,5,580.79,2.04,16.45,167.37,38.62,53.06,85.16,11.78
2022-09-05 13:30:00,5,554.08,1.59,15.08,188.83,35.76,55.52,86.95,10.13
2022-09-05 14:30:00,5,540.73,1.44,15.59,197.41,34.33,54.97,85.41,9.37
2022-09-05 15:30:00,4,527.38,1.38,16.62,185.97,31.47,47.22,75.45,8.99
2022-09-05 16:30:00,4,520.71,1.37,19.19,160.22,27.66,36.26,61.88,8.99
2022-09-05 17:30:00,4,527.38,1.03,22.96,127.32,24.8,28.04,51.25,9.12
2022-09-05 18:30:00,4,988.01,0.43,52.09,75.1,34.81,38.66,68.93,15.96
2022-09-05 19:30:00,5,1575.47,0.03,77.46,28.97,46.73,59.75,103.65,25.08
2022-09-05 20:30:00,5,1815.8,0.86,78.83,9.83,49.11,70.85,122.81,30.15
2022-09-05 21:30:00,5,1815.8,2.99,71.29,3.4,47.21,73.59,126.83,32.17
2022-09-05 22:30:00,5,1762.39,5.03,64.43,1.43,44.82,72.54,124.31,32.42
2022-09-05 23:30:00,5,1548.77,4.92,59.63,1.35,39.1,62.91,108.02,28.37
2022-09-06 00:30:00,4,1201.63,2.18,52.09,3.62,29.8,47.28,82.05,22.04
2022-09-06 01:30:00,4,1054.76,0.92,45.24,6.71,27.42,43.03,73.32,20.27
2022-09-06 02:30:00,4,1014.71,0.63,40.78,8.05,28.61,44.33,74,20.27
2022-09-06 03:30:00,4,1028.06,0.85,39.07,6.53,30.99,46.79,76.85,21.53
2022-09-06 04:30:00,4,1001.36,1.44,37.7,4.25,32.42,46.71,76.4,22.8
2022-09-06 05:30:00,4,988.01,2.85,38.04,2.1,33.38,45.23,73.66,24.57
2022-09-06 06:30:00,4,1121.52,8.38,40.1,0.59,41.48,49.64,79.99,27.87
2022-09-06 07:30:00,5,1655.58,26.38,42.84,3.84,57.7,69.18,110.02,34.45
2022-09-06 08:30:00,5,2002.72,39.34,50.72,14.48,75.34,81.82,129.25,36.98
2022-09-06 09:30:00,4,1041.41,13.08,39.76,54.36,62.94,44.09,79.65,21.28
2022-09-06 10:30:00,4,894.55,7.26,34.62,94.41,59.6,47.97,85.04,18.24
2022-09-06 11:30:00,5,807.76,3.69,27.76,145.91,56.27,62.41,101.01,16.72
2022-09-06 12:30:00,5,614.17,1.75,17.31,170.23,39.58,59.79,97.15,13.17
2022-09-06 13:30:00,5,514.03,1.36,14.22,168.8,31.47,50.5,86.41,11.27
2022-09-06 14:30:00,4,500.68,1.3,14.91,164.51,30.99,46.24,82.53,11.15
2022-09-06 15:30:00,4,487.33,1.27,15.42,155.93,29.09,41.53,77.96,11.02
2022-09-06 16:30:00,4,494,1.34,17.65,140.19,27.89,37.78,74.3,11.02
2022-09-06 17:30:00,4,520.71,1.02,21.93,123.02,27.42,37.05,74.9,11.53
2022-09-06 18:30:00,5,974.66,0.31,50.04,81.54,42.44,53.9,101.85,18.24
2022-09-06 19:30:00,5,1735.69,0,81.57,36.12,61.99,88.56,156.48,29.13
2022-09-06 20:30:00,5,2216.34,0.27,90.48,15.56,71.53,117.52,202.96,36.98
2022-09-06 21:30:00,5,2456.67,1.56,90.48,6.44,79.15,136.79,230.87,41.04
2022-09-06 22:30:00,5,2403.26,2.12,85.68,4.52,86.78,140.08,232.54,40.53
2022-09-06 23:30:00,5,1949.31,0.8,75.4,9.03,88.69,120.46,199.92,34.45
2022-09-07 00:30:00,5,2189.64,10.06,74.03,1.39,79.15,131.61,212.28,30.4
2022-09-07 01:30:00,5,2857.21,27.49,65.8,0,72.48,170.92,264.71,32.93
2022-09-07 02:30:00,5,3364.56,39.34,61.01,0,79.15,208.17,312.86,40.02
2022-09-07 03:30:00,5,3685,46.04,61.69,0,96.32,237.84,349.75,53.2
2022-09-07 04:30:00,5,3898.62,51.41,61.69,0,103,258.93,374.38,59.78
2022-09-07 05:30:00,5,4165.65,62.58,59.63,0,101.09,281.11,398.42,59.78
2022-09-07 06:30:00,5,5126.95,94.77,56.89,0,104.9,339.14,469.26,64.85
2022-09-07 07:30:00,5,7583.62,175.24,58.26,0.5,123.98,470.64,640.56,88.16
2022-09-07 08:30:00,5,10040.28,250.34,83.63,3,139.24,589.4,795.26,98.29
2022-09-07 09:30:00,5,1735.69,21.9,69.23,56.51,121.12,122.35,169.53,28.37
2022-09-07 10:30:00,5,1214.98,8.38,50.72,115.87,96.32,98.54,141.12,21.03
2022-09-07 11:30:00,5,1001.36,3.69,34.27,183.11,83.92,107.2,148.22,17.48
2022-09-07 12:30:00,5,714.3,1.49,17.99,214.58,55.31,97.1,134.3,12.54
2022-09-07 13:30:00,5,560.76,1.2,13.54,200.27,38.15,74.54,110.43,9.88
2022-09-07 14:30:00,5,527.38,1.27,13.88,188.83,33.86,63.03,98.09,9.37
2022-09-07 15:30:00,5,507.35,1.3,14.57,168.8,30.04,53.14,87.11,9.12
2022-09-07 16:30:00,4,500.68,1.31,16.62,144.48,27.66,44.75,77.11,9.12
2022-09-07 17:30:00,4,514.03,0.94,20.39,120.16,26.7,39.69,71.34,9.63
2022-09-07 18:30:00,4,867.84,0.25,41.47,82.25,39.58,49.67,87.81,15.58
2022-09-07 19:30:00,5,1428.6,0,63.06,45.06,56.74,72.17,124.72,25.33
2022-09-07 20:30:00,5,1789.09,0.01,71.29,26.82,64.85,90.75,155.9,32.17
2022-09-07 21:30:00,5,2483.37,4.81,82.94,5.9,77.25,127.73,210.45,42.56
2022-09-07 22:30:00,5,3524.78,26.82,80.88,0.01,90.6,183.73,289.96,53.7
2022-09-07 23:30:00,5,3952.03,44.26,74.03,0,86.78,207,324.78,51.17
2022-09-08 00:30:00,5,4005.43,58.11,67.17,0,74.39,211.21,330.71,41.54
2022-09-08 01:30:00,5,4272.46,67.95,60.32,0,67.71,232.24,357.99,36.98
2022-09-08 02:30:00,5,4325.87,70.63,51.41,0,61.99,246.02,378.25,35.97
2022-09-08 03:30:00,5,4219.06,67.95,43.53,0,60.08,249.23,382.39,36.48
2022-09-08 04:30:00,5,4058.84,67.06,37.7,0,60.08,252.71,381.25,36.48
2022-09-08 05:30:00,5,4165.65,73.31,34.62,0,62.94,266.98,390.79,36.48
2022-09-08 06:30:00,5,4699.71,93.88,33.93,0,71.53,296.66,421.05,43.57
2022-09-08 07:30:00,5,6622.31,157.36,38.39,0.35,96.32,389.38,537.64,65.86
2022-09-08 08:30:00,5,8438.11,214.58,63.75,2.64,116.35,459.25,618.06,74.98
2022-09-08 09:30:00,5,1575.47,25.48,85,53.64,198.36,125.07,162.58,22.55
2022-09-08 10:30:00,5,1228.33,16.76,75.4,88.69,194.55,112.01,146.47,19.25
2022-09-08 11:30:00,5,1174.93,9.28,61.69,147.34,171.66,128.97,163.8,17.99
2022-09-08 12:30:00,5,1081.47,3.49,39.07,240.33,127.79,153.92,187.84,15.07
2022-09-08 13:30:00,5,1001.36,1.48,24.33,311.85,94.41,170.46,203.25,12.67
2022-09-08 14:30:00,5,961.3,1.05,21.42,337.6,82.02,173.08,205.63,11.65
2022-09-08 15:30:00,5,921.25,0.82,21.59,326.16,71.53,160.4,193.11,11.4
2022-09-08 16:30:00,5,894.55,0.63,24.33,283.24,61.04,139.08,171.45,11.91
2022-09-08 17:30:00,5,867.84,0.32,28.45,228.88,54.84,120.15,151.54,12.41
2022-09-08 18:30:00,5,2750.4,1.45,123.38,67.95,81.06,181.21,239.75,34.45
2022-09-08 19:30:00,5,5821.23,48.28,154.91,0.01,123.98,325.9,436.05,65.86
2022-09-08 20:30:00,5,8117.68,100.14,139.83,0,154.5,468.38,621.05,87.14
2022-09-08 21:30:00,5,9613.04,126.96,139.83,0,165.94,575.95,763.87,99.3
2022-09-08 22:30:00,5,9613.04,125.17,143.95,0,141.14,586.67,787.66,88.16
2022-09-08 23:30:00,5,7049.56,79.57,134.35,0,89.65,440.66,591.22,58.77
2022-09-09 00:30:00,5,1789.09,0,60.32,46.49,42.92,186.32,227.57,25.08
2022-09-09 01:30:00,5,1201.63,0,32.56,69.38,37.67,173.29,198.4,21.03
2022-09-09 02:30:00,5,1094.82,0,25.36,84.4,38.62,171.67,190.81,19
2022-09-09 03:30:00,5,1081.47,0,25.02,91.55,42.92,163.48,180.04,16.72
2022-09-09 04:30:00,5,1121.52,0,27.42,88.69,48.64,156.66,172.11,14.44
2022-09-09 05:30:00,5,1188.28,0,32.22,72.96,54.36,151.29,166.91,12.54
2022-09-09 06:30:00,5,1308.44,0.01,42.5,45.06,62.94,146.51,164.55,12.79
2022-09-09 07:30:00,5,1522.06,3.3,54.84,19.85,74.39,148.31,170.78,15.71
2022-09-09 08:30:00,5,1655.58,14.08,54.84,23.6,84.88,148.68,172.96,17.48
2022-09-09 09:30:00,5,1268.39,8.72,48.67,75.1,85.83,119.72,135.68,9.75
2022-09-09 10:30:00,5,1134.87,6.43,45.24,120.16,92.51,117.81,130.95,7.54
2022-09-09 11:30:00,5,1094.82,4.81,43.18,164.51,103.95,126.3,138.47,6.71
2022-09-09 12:30:00,5,1028.06,2.96,35.99,211.72,97.27,128.15,138.55,5.57
2022-09-09 13:30:00,5,988.01,2.1,31.53,240.33,88.69,126.04,135.47,5.19
2022-09-09 14:30:00,5,988.01,1.75,32.22,254.63,87.74,123.7,132.7,5.26
2022-09-09 15:30:00,5,1028.06,1.58,37.36,260.35,91.55,123.95,133.38,5.89
2022-09-09 16:30:00,5,1108.17,1.4,50.72,257.49,107.77,129.69,140.62,6.9
2022-09-09 17:30:00,5,1228.33,0.77,69.92,237.46,133.51,135.83,148.74,7.98
2022-09-09 18:30:00,5,1401.9,0.1,89.11,194.55,164.03,141.73,158.35,10.51
2022-09-09 19:30:00,5,1642.23,0,101.45,128.75,196.46,146.71,169.37,14.82
2022-09-09 20:30:00,5,1815.8,0,104.19,82.97,196.46,145.84,172.22,18.24
2022-09-09 21:30:00,5,1842.5,0,84.31,69.38,133.51,128.05,156.03,22.04
2022-09-09 22:30:00,5,1628.88,0,56.89,75.82,72.48,108.39,132.87,22.29
2022-09-09 23:30:00,5,1348.5,0,41.13,78.68,49.11,95,113.89,20.52
2022-09-10 00:30:00,5,1081.47,0,31.53,76.53,42.44,85.48,98.32,17.73
2022-09-10 01:30:00,5,961.3,0,25.36,75.1,39.58,77.45,87.38,15.83
2022-09-10 02:30:00,5,921.25,0,22.62,77.25,38.15,72.7,81.47,14.31
2022-09-10 03:30:00,5,947.95,0,25.36,71.53,41.96,76.67,86.15,12.79
2022-09-10 04:30:00,5,1028.06,0,29.82,60.08,47.21,85.72,96.35,10.26
2022-09-10 05:30:00,5,1081.47,0,35.3,50.78,54.36,96.82,107.68,7.6
2022-09-10 06:30:00,5,1174.93,0,44.55,43.27,65.8,115.51,127.18,7.16
2022-09-10 07:30:00,5,1415.25,1.68,61.01,29.33,82.97,136.24,151.4,8.74
2022-09-10 08:30:00,5,1575.47,11.62,68.55,27.18,103,141.64,158.67,9.63
2022-09-10 09:30:00,5,1308.44,13.97,65.8,39.34,119.21,109.99,124.57,7.66
2022-09-10 10:30:00,5,1174.93,15.65,63.06,52.93,135.42,97.63,111.86,7.22
2022-09-10 11:30:00,5,1108.17,14.98,63.75,79.39,156.4,100.74,114.74,6.4
2022-09-10 12:30:00,5,921.25,6.98,47.98,143.05,125.89,96.69,106.49,3.42
2022-09-10 13:30:00,5,841.14,3.05,34.96,205.99,102.04,109.14,116.73,1.82
2022-09-10 14:30:00,5,841.14,1.9,30.85,243.19,98.23,121.31,128.44,1.57
2022-09-10 15:30:00,5,854.49,1.54,32.9,246.05,96.32,118.92,126.04,2.12
2022-09-10 16:30:00,5,894.55,1.41,42.84,220.3,102.04,109.71,117.43,3.13
2022-09-10 17:30:00,5,947.95,0.89,58.26,177.38,113.49,98.61,107.38,4.43
2022-09-10 18:30:00,5,1482.01,0.18,94.59,95.84,125.89,105.29,123.49,12.92
2022-09-10 19:30:00,5,2376.56,0.07,126.12,28.61,121.12,133.71,170.07,26.35
2022-09-10 20:30:00,5,3044.13,3.74,130.24,3.08,103.95,162.55,214.75,36.48
2022-09-10 21:30:00,5,3097.53,6.48,106.93,0.74,75.34,162.76,219.61,39.01
2022-09-10 22:30:00,5,2643.59,4.81,81.57,1.21,50.54,135.42,185.74,36.98
2022-09-10 23:30:00,5,1976.01,1.84,63.06,5.1,35.29,98.01,133.89,30.4
2022-09-11 00:30:00,5,1295.09,0.02,42.84,22.89,26.46,68.38,88.43,22.8
2022-09-11 01:30:00,5,1121.52,0,34.62,28.97,24.56,69.84,86.86,20.77
2022-09-11 02:30:00,5,1081.47,0,30.85,29.33,24.56,75.41,91.97,19
2022-09-11 03:30:00,5,1081.47,0,30.5,26.82,26.94,80.41,97.67,16.97
2022-09-11 04:30:00,5,1068.12,0.01,31.19,24.32,30.99,78.98,96.24,14.69
2022-09-11 05:30:00,5,1001.36,0.06,31.87,19.49,36.24,69.59,85.44,12.16
2022-09-11 06:30:00,5,947.95,0.62,36.33,11.62,48.64,56.79,69.96,10.01
2022-09-11 07:30:00,5,1121.52,8.16,39.07,5.72,62.94,57.78,71.77,9.88
2022-09-11 08:30:00,5,1268.39,20.34,41.47,11.8,83.92,63.56,78.14,9.63
2022-09-11 09:30:00,5,1281.74,22.35,49.35,19.31,101.09,67.63,83.48,9.88
2022-09-11 10:30:00,5,1201.63,17.66,50.72,40.05,101.09,67.52,84.31,10.51
2022-09-11 11:30:00,5,1041.41,10.39,45.24,85.12,91.55,65.95,80.06,8.99
2022-09-11 12:30:00,4,680.92,3.86,24.68,137.33,61.99,47.36,53.95,4.94
2022-09-11 13:30:00,4,614.17,2.35,19.54,167.37,51.98,45.71,50.85,4.37
2022-09-11 14:30:00,5,634.19,2.21,22.62,191.69,60.56,51.94,57.55,4.62
2022-09-11 15:30:00,5,700.95,2.4,30.85,211.72,77.25,62.68,69.64,5.57
2022-09-11 16:30:00,5,827.79,2.71,47.98,205.99,103,72.32,81.44,7.16
2022-09-11 17:30:00,5,934.6,2.01,66.49,164.51,122.07,70.82,81.92,8.99
2022-09-11 18:30:00,5,1241.68,0.36,82.25,95.84,120.16,69.48,86.51,14.57
2022-09-11 19:30:00,5,1735.69,0,85.68,45.06,98.23,82.48,111.38,23.56
2022-09-11 20:30:00,5,2029.42,0.04,82.25,22.17,76.29,94.98,132.74,29.89
2022-09-11 21:30:00,5,1815.8,0.06,65.12,19.31,51.98,83.72,121.01,29.64
2022-09-11 22:30:00,5,1441.96,0.02,47.3,23.6,38.15,65.75,97.44,27.11
2022-09-11 23:30:00,4,1121.52,0.01,38.04,29.33,32.42,49.35,73.13,23.05
2022-09-12 00:30:00,4,847.82,0,31.53,35.41,30.52,37.53,54.1,19.25
2022-09-12 01:30:00,4,814.44,0,30.85,32.19,33.38,38,52.93,18.49
2022-09-12 02:30:00,4,807.76,0.01,29.82,28.25,33.86,39.84,54.78,16.97
2022-09-12 03:30:00,4,841.14,0.02,30.5,22.89,35.76,43.76,59.4,15.33
2022-09-12 04:30:00,4,907.9,0.1,32.56,16.99,37.67,48.98,65.79,13.93
2022-09-12 05:30:00,5,1001.36,0.54,35.99,9.92,40.05,55.01,73.91,13.05
2022-09-12 06:30:00,5,1228.33,4.53,40.1,2.55,43.87,65.48,89.26,15.2
2022-09-12 07:30:00,5,1682.28,20.56,41.13,4.29,53.88,82.92,116.02,22.29
2022-09-12 08:30:00,5,1815.8,29.06,47.3,18.42,68.66,86.07,120.56,24.57
2022-09-12 09:30:00,4,867.84,11.73,40.44,57.94,84.88,44.63,58.28,10.39
2022-09-12 10:30:00,4,680.92,7.38,34.62,90.12,82.02,39.13,48.81,7.73
2022-09-12 11:30:00,4,614.17,5.14,31.53,120.16,82.02,40.92,49.21,6.78
2022-09-12 12:30:00,4,560.76,3.46,26.73,131.61,70.57,37.48,43.95,5.76
2022-09-12 13:30:00,4,567.44,3.21,28.1,118.73,65.8,32.88,38.83,5.89
2022-09-12 14:30:00,4,587.46,3.46,32.22,94.41,66.76,29.02,35.09,6.52
2022-09-12 15:30:00,4,640.87,5.48,39.07,74.39,75.34,28.76,35.59,7.79
2022-09-12 16:30:00,4,747.68,8.49,52.09,57.22,99.18,32.17,40.57,9.37
2022-09-12 17:30:00,4,867.84,8.16,65.8,41.13,115.39,36.71,47.09,11.02
2022-09-12 18:30:00,5,1401.9,6.09,89.11,11.27,111.58,56.15,76.43,18.75
2022-09-12 19:30:00,5,2269.74,20.56,86.37,0.05,95.37,93.79,133.86,31.92
2022-09-12 20:30:00,5,2830.51,32.63,80.2,0,85.83,123.55,179.93,40.02
2022-09-12 21:30:00,5,2723.69,27.94,74.71,0,69.62,122.78,181.95,40.02
2022-09-12 22:30:00,5,2269.74,15.87,67.17,0.09,54.84,103.16,153.48,35.97
2022-09-12 23:30:00,5,1668.93,4.86,58.95,2.68,41.48,75.05,109.06,28.88
2022-09-13 00:30:00,4,1028.06,0.15,42.5,16.81,33.38,48.11,66.29,21.28
2022-09-13 01:30:00,4,767.71,0.01,32.56,26.82,33.38,39.39,51.52,17.73
2022-09-13 02:30:00,4,647.54,0.01,27.76,29.33,34.81,33.94,43.04,13.68
2022-09-13 03:30:00,4,600.81,0.04,28.45,21.99,40.53,30.47,38.17,10.51
2022-09-13 04:30:00,4,620.84,0.26,31.19,12.87,44.35,30.7,38.99,10.01
2022-09-13 05:30:00,4,700.95,1.48,34.27,5.14,47.21,33.85,43.89,10.64
2022-09-13 06:30:00,4,894.55,7.71,35.3,0.69,53.41,40.93,55.28,13.05
2022-09-13 07:30:00,5,1228.33,21.46,34.96,3.53,65.8,51.84,73.28,17.23
2022-09-13 08:30:00,5,1295.09,30.4,37.36,11.98,86.78,52.83,75.67,17.48
2022-09-13 09:30:00,4,781.06,20.12,37.7,21.82,100.14,31.92,45.21,10.51
2022-09-13 10:30:00,3,600.81,10.95,34.62,31.83,82.02,22.38,32.05,8.61
2022-09-13 11:30:00,2,507.35,5.03,32.22,43.27,68.66,18.43,25.66,7.6
2022-09-13 12:30:00,2,440.6,3.3,22.96,60.8,49.11,16.13,20.67,6.14
2022-09-13 13:30:00,2,410.56,3.05,17.31,77.96,40.05,17.08,20.47,5.07
2022-09-13 14:30:00,2,383.85,2.88,14.39,86.55,35.29,16.98,19.95,4.5
2022-09-13 15:30:00,2,407.22,3.8,17.99,83.68,43.39,17.87,21.4,4.88
2022-09-13 16:30:00,3,480.65,5.03,27.42,72.24,60.08,21.1,25.88,6.14
2022-09-13 17:30:00,3,574.11,3.91,37.01,58.65,66.76,24.16,30.22,7.54
2022-09-13 18:30:00,4,727.65,0.67,46.61,41.48,69.62,30.34,39.55,10.39
2022-09-13 19:30:00,4,881.2,0.01,50.04,30.04,70.57,37.86,51.96,14.44
2022-09-13 20:30:00,4,961.3,0.12,51.41,19.85,71.53,41.19,58.67,17.48
2022-09-13 21:30:00,4,881.2,0.23,47.3,15.56,63.9,35.85,53.09,16.97
2022-09-13 22:30:00,4,761.03,0.13,40.44,18.42,54.84,27.44,42,14.57
2022-09-13 23:30:00,3,620.84,0.05,35.64,22.89,49.59,20.25,31.09,11.65
2022-09-14 00:30:00,2,494,0.02,31.19,26.82,46.73,15.23,22.52,9.37
2022-09-14 01:30:00,2,467.3,0.02,29.47,26.11,46.73,15.21,21.74,8.87
2022-09-14 02:30:00,2,467.3,0.03,28.45,24.68,46.25,15.44,21.62,8.36
2022-09-14 03:30:00,2,467.3,0.05,28.79,22.17,48.16,15.41,21.36,7.85
2022-09-14 04:30:00,2,460.62,0.08,29.82,20.03,49.59,14.65,20.13,7.22
2022-09-14 05:30:00,2,460.62,0.17,31.19,16.81,51.02,14.06,19.19,6.59
2022-09-14 06:30:00,2,514.03,0.55,34.27,12.16,55.79,15.41,20.9,6.4
2022-09-14 07:30:00,2,640.87,4.69,36.67,9.57,64.85,19.79,27.07,7.16
2022-09-14 08:30:00,3,707.63,9.5,35.99,13.05,70.57,22.32,30.24,7.28
2022-09-14 09:30:00,3,654.22,8.61,33.93,20.74,68.66,20.97,28.66,7.28
2022-09-14 10:30:00,2,554.08,7.26,28.45,33.62,62.94,17.22,23.75,6.78
2022-09-14 11:30:00,2,480.65,5.64,23.65,48.64,55.31,14.63,19.41,5.32
2022-09-14 12:30:00,2,440.6,4.25,21.93,57.94,50.54,14.3,17.71,4.05
2022-09-14 13:30:00,2,453.95,3.3,24.68,53.64,51.02,14.95,18.13,3.93
2022-09-14 14:30:00,2,467.3,2.01,27.42,45.78,51.02,15.14,18.4,4.12
2022-09-14 15:30:00,2,527.38,1.51,32.56,37.91,55.79,17.89,22.14,5.13
2022-09-14 16:30:00,3,600.81,1.4,37.36,33.26,59.13,21.82,27.19,6.14
2022-09-14 17:30:00,4,680.92,0.82,41.81,29.68,59.6,25.9,32.32,6.84
2022-09-14 18:30:00,4,741,0.13,43.18,28.25,59.13,30.33,38.96,7.92
2022-09-14 19:30:00,4,774.38,0.05,44.55,24.68,62.94,34.57,45.41,8.87
2022-09-14 20:30:00,4,801.09,0.17,47.3,18.24,69.62,38.37,50.37,8.87
2022-09-14 21:30:00,4,781.06,0.51,47.98,11.8,72.48,38.2,49.97,8.11
2022-09-14 22:30:00,4,767.71,1.05,45.93,7.42,68.66,36.06,47.25,7.35
2022-09-14 23:30:00,4,707.63,1.17,42.16,6.35,61.99,30.76,39.85,5.7
2022-09-15 00:30:00,3,627.52,0.71,37.36,8.31,56.27,24.95,30.37,3.86
2022-09-15 01:30:00,3,600.81,0.26,32.22,13.23,50.54,23.24,27.32,3.32
2022-09-15 02:30:00,3,607.49,0.11,28.45,17.52,44.82,22.52,26.2,3.2
2022-09-15 03:30:00,3,614.17,0.11,27.42,17.52,42.44,22,25.74,3.36
2022-09-15 04:30:00,3,620.84,0.17,27.42,15.91,41.96,21.04,24.9,3.45
2022-09-15 05:30:00,3,627.52,0.27,29.13,14.13,44.82,21.65,25.74,3.55
2022-09-15 06:30:00,3,700.95,0.81,32.9,9.92,50.07,24.94,31.07,4.62
2022-09-15 07:30:00,4,867.84,4.86,39.41,3.58,61.99,31.64,41.66,6.71
2022-09-15 08:30:00,4,974.66,12.74,42.16,4.74,80.11,35.54,47.77,8.11
2022-09-15 09:30:00,4,921.25,10.28,48.67,7.69,92.51,35.01,45.62,7.73
2022-09-15 10:30:00,4,841.14,4.19,48.67,15.56,89.65,33.46,41.97,6.97
2022-09-15 11:30:00,4,747.68,1.79,43.53,22.35,81.06,28.59,35.12,5.89
2022-09-15 12:30:00,3,720.98,3.19,38.04,23.6,73.43,23.83,28.67,4.75
2022-09-15 13:30:00,3,761.03,5.81,37.36,26.11,74.39,24.95,29.85,4.75
2022-09-15 14:30:00,4,781.06,6.48,36.67,33.26,72.48,27.86,33.22,5
2022-09-15 15:30:00,4,807.76,7.38,38.73,35.41,75.34,32.46,38.76,5.57
2022-09-15 16:30:00,4,847.82,7.82,43.87,29.68,79.15,37.18,44.64,6.08
2022-09-15 17:30:00,4,907.9,5.42,49.35,22.17,73.43,40.48,48.76,6.33
2022-09-15 18:30:00,4,1028.06,2.24,53.47,9.48,64.85,46.21,58.22,7.92
2022-09-15 19:30:00,5,1214.98,4.92,52.09,1.94,61.99,57.94,76.12,10.13
2022-09-15 20:30:00,5,1348.5,10.17,48.67,0.25,63.9,68.41,91.25,11.02
2022-09-15 21:30:00,5,1361.85,12.63,45.93,0.08,63.9,71.42,94.02,10.26
2022-09-15 22:30:00,5,1295.09,12.18,43.53,0.08,61.04,67.67,87.24,8.99
2022-09-15 23:30:00,5,1148.22,10.06,41.47,0.15,55.31,58.37,73.17,6.71
2022-09-16 00:30:00,4,947.95,7.6,38.73,0.27,51.5,47.63,57.08,4.37
2022-09-16 01:30:00,4,834.47,5.64,34.62,0.5,47.68,41.42,48.37,3.83
2022-09-16 02:30:00,4,754.36,3.91,31.19,1.1,41.48,36.43,41.97,3.67
2022-09-16 03:30:00,4,700.95,2.12,30.16,2.95,37.19,33.68,38.93,3.8
2022-09-16 04:30:00,4,694.27,1.31,31.19,4.78,38.62,34.31,40.21,4.31
2022-09-16 05:30:00,4,734.33,1.79,33.24,3.98,42.92,36.53,43.47,5.07
2022-09-16 06:30:00,4,881.2,5.31,36.33,1.39,51.02,43.09,53.94,7.28
2022-09-16 07:30:00,5,1214.98,16.76,40.1,0.35,68.66,58.72,76.21,11.27
2022-09-16 08:30:00,5,1508.71,30.85,43.53,1.42,88.69,73.85,96.7,14.82
2022-09-16 09:30:00,5,1295.09,19.67,47.98,5.99,76.29,60.07,81.07,12.54
2022-09-16 10:30:00,4,1068.12,7.49,45.93,16.63,61.04,46.86,65.53,11.02
2022-09-16 11:30:00,4,867.84,2.35,36.67,43.99,48.64,38.51,54.84,9.37
2022-09-16 12:30:00,4,700.95,1.44,24.33,82.97,37.67,35.1,47.82,7.47
2022-09-16 13:30:00,4,680.92,1.61,21.93,103,36.72,38.78,49.64,7.28
2022-09-16 14:30:00,4,720.98,2.15,23.31,107.29,40.53,41.33,51.39,7.54
2022-09-16 15:30:00,5,1041.41,4.47,37.7,88.69,51.5,55.28,70.16,11.65
2022-09-16 16:30:00,5,1575.47,8.72,61.69,57.22,64.85,79.92,103.35,17.23
2022-09-16 17:30:00,5,2189.64,16.09,86.37,20.38,76.29,104.85,137.2,22.8
2022-09-16 18:30:00,5,3150.94,44.26,87.74,0.98,86.78,145.48,194.64,31.16
2022-09-16 19:30:00,5,4646.3,90.3,76.09,0,94.41,223.32,301.8,38.5
2022-09-16 20:30:00,5,6034.85,125.17,75.4,0,96.32,304.9,409.41,34.96
2022-09-16 21:30:00,5,6248.47,125.17,83.63,0,83.92,318.85,428.9,25.59
2022-09-16 22:30:00,5,5981.45,118.02,84.31,0,75.34,310.84,414.35,20.52
2022-09-16 23:30:00,5,5554.2,112.65,80.88,0,64.85,297.37,386.94,14.31
2022-09-17 00:30:00,5,4112.24,78.68,79.51,0,49.59,231.31,293.95,7.03
2022-09-17 01:30:00,5,2590.18,35.32,69.23,0,34.33,158.23,198.64,4.62
2022-09-17 02:30:00,5,1655.58,11.18,53.47,0.15,25.51,117.01,146.63,4.37
2022-09-17 03:30:00,5,1188.28,0.86,39.07,8.14,21.93,98.92,121.74,4.62
2022-09-17 04:30:00,5,1041.41,0.02,26.73,22.89,18.84,93.17,112.54,4.94
2022-09-17 05:30:00,5,1014.71,0.01,23.65,29.33,17.17,89.52,108.47,5.57
2022-09-17 06:30:00,5,1161.58,0.1,30.16,22.89,20.5,92.59,115.39,8.04
2022-09-17 07:30:00,5,1495.36,4.19,42.5,11.27,27.89,103.16,138.33,13.3
2022-09-17 08:30:00,5,1588.82,14.53,42.16,18.24,34.33,97.03,144.08,17.48
2022-09-17 09:30:00,5,974.66,8.05,29.82,44.35,32.42,56.09,105.81,16.47
2022-09-17 10:30:00,4,787.73,5.25,24.33,71.53,34.33,45.34,98.31,16.47
2022-09-17 11:30:00,5,694.27,2.93,19.54,107.29,34.33,45.88,101.13,15.58
2022-09-17 12:30:00,4,534.06,1.61,12.68,120.16,25.03,39.58,99.86,12.16
2022-09-17 13:30:00,5,487.33,1.41,11.65,124.45,22.41,37.39,102.07,10.26
2022-09-17 14:30:00,5,494,1.41,12.85,130.18,23.84,39.45,106.83,9.75
2022-09-17 15:30:00,5,720.98,2.4,23.31,120.16,30.04,50.47,125.94,12.16
2022-09-17 16:30:00,5,1121.52,3.46,41.13,98.71,37.19,68.17,155.27,15.96
2022-09-17 17:30:00,5,1602.17,3.21,67.86,62.23,45.3,87.48,186.63,20.27
2022-09-17 18:30:00,5,2002.72,0.69,89.11,24.68,53.88,107.44,215.02,25.33
2022-09-17 19:30:00,5,2269.74,0.99,91.85,8.76,61.99,129.28,238.55,29.39
2022-09-17 20:30:00,5,2296.45,1.72,89.11,5.41,61.99,141.84,241.5,25.59
2022-09-17 21:30:00,5,1842.5,0.09,67.86,23.25,46.25,134.98,214.48,17.48
2022-09-17 22:30:00,5,1602.17,0,48.67,42.56,35.76,139.69,205.08,14.06
2022-09-17 23:30:00,5,1455.31,0,41.13,49.35,30.99,144.13,201.49,10.89
2022-09-18 00:30:00,5,1415.25,0,40.1,41.13,25.51,145.35,197.64,7.09
2022-09-18 01:30:00,5,1508.71,0.01,39.76,27.18,22.41,154.92,206.65,6.21
2022-09-18 02:30:00,5,1588.82,0.08,37.7,17.88,22.17,167.57,218.64,6.97
2022-09-18 03:30:00,5,1789.09,0.87,39.07,7.24,23.84,189.46,242.1,7.98
2022-09-18 04:30:00,5,2029.42,5.14,37.7,0.76,24.8,213.23,269.2,8.74
2022-09-18 05:30:00,5,2243.04,13.75,33.59,0.05,26.23,230.02,284.59,10.77
2022-09-18 06:30:00,5,2750.4,33.08,30.5,0,32.42,254.97,311,15.45
2022-09-18 07:30:00,5,4379.27,88.51,30.16,0.36,46.73,337.77,425.34,21.03
2022-09-18 08:30:00,5,6462.1,160.93,41.13,1.99,57.22,439.42,557.67,22.04
2022-09-18 09:30:00,5,2429.96,38.44,69.92,28.97,96.32,193.42,248.33,20.52
2022-09-18 10:30:00,5,2349.85,22.13,87.74,79.39,121.12,210.92,265.21,22.04
2022-09-18 11:30:00,5,2162.93,8.38,71.97,183.11,114.44,243.35,298.48,20.01
2022-09-18 12:30:00,5,1068.12,1.79,21.93,220.3,51.02,146.19,200.29,14.82
2022-09-18 13:30:00,5,727.65,1.1,12.68,203.13,33.38,109.35,163.89,11.91
2022-09-18 14:30:00,5,707.63,1.13,13.37,197.41,32.42,105.97,159.26,11.53
2022-09-18 15:30:00,5,1001.36,1.96,26.05,185.97,40.53,126.83,184.83,14.57
2022-09-18 16:30:00,5,1508.71,2.49,47.3,163.08,52.93,163.43,229.96,18.75
2022-09-18 17:30:00,5,1949.31,1.41,71.29,131.61,63.9,196.71,270.37,21.79
2022-09-18 18:30:00,5,2670.29,0.14,97.33,77.25,71.53,242.15,327.5,28.63
2022-09-18 19:30:00,5,3685,0.16,117.9,24.68,77.25,303.74,404.77,36.98
2022-09-18 20:30:00,5,4539.49,4.25,124.75,3,78.2,362.79,476.67,34.45
2022-09-18 21:30:00,5,4699.71,6.15,124.75,1.4,68.66,384.37,502.78,25.08
2022-09-18 22:30:00,5,4219.06,3.55,116.53,2.86,57.22,368.26,478.45,19.51
2022-09-18 23:30:00,5,3524.78,1.49,100.08,6.71,44.35,333.08,423.01,13.93
2022-09-19 00:30:00,5,2696.99,0.11,74.03,16.27,33.86,283.83,350.55,9.12
2022-09-19 01:30:00,5,2296.45,0.1,58.26,16.63,31.47,262.1,319.02,8.23
2022-09-19 02:30:00,5,2056.12,0.11,47.98,15.56,30.04,252.01,305.51,7.92
2022-09-19 03:30:00,5,2136.23,1.54,45.93,5.72,28.85,263.24,321.57,8.23
2022-09-19 04:30:00,5,2429.96,8.83,41.47,0.2,30.28,286.82,354.75,10.13
2022-09-19 05:30:00,5,2750.4,21.9,35.64,0,36.72,312.24,390.28,14.82
2022-09-19 06:30:00,5,3791.81,54.54,32.9,0,53.88,374.1,472.44,26.35
2022-09-19 07:30:00,5,6568.91,143.05,36.33,0.22,82.97,536.66,685.34,41.54
2022-09-19 08:30:00,5,9719.85,239.61,57.58,1.37,102.04,716.99,911.96,48.13
2022-09-19 09:30:00,5,2670.29,16.09,106.93,77.96,175.48,367.49,449.51,8.74
2022-09-19 10:30:00,5,2189.64,8.72,84.31,145.91,183.11,357.9,438.93,7.41
2022-09-19 11:30:00,5,1976.01,3.74,57.58,246.05,160.22,362.5,444.09,8.23
2022-09-19 12:30:00,5,1388.55,1.44,27.42,286.1,95.37,267.18,337.24,11.02
2022-09-19 13:30:00,5,1108.17,1.08,19.36,271.8,64.85,205.98,267.89,12.54
2022-09-19 14:30:00,5,1028.06,1.03,19.54,266.08,61.99,196.34,256.69,11.91
2022-09-19 15:30:00,5,1014.71,0.92,22.62,268.94,71.53,204.99,267.27,10.77
2022-09-19 16:30:00,5,1054.76,0.7,29.47,266.08,87.74,217.96,284.86,10.89
2022-09-19 17:30:00,5,1094.82,0.29,36.33,240.33,87.74,207.26,275.21,13.05
2022-09-19 18:30:00,5,1762.39,0.03,59.63,163.08,82.97,224.34,300.73,23.31
2022-09-19 19:30:00,5,2803.8,0,89.11,78.68,82.97,278.67,372.9,36.98
2022-09-19 20:30:00,5,3524.78,0.01,113.79,32.54,82.97,325.16,430.45,44.08
2022-09-19 21:30:00,5,3391.27,0.03,111.04,22.53,66.76,313.26,406.99,36.98
2022-09-19 22:30:00,5,2990.72,0.05,90.48,21.64,53.41,283.15,357.68,29.39
2022-09-19 23:30:00,5,2643.59,0.1,77.46,18.06,43.87,247.79,305.62,21.53
2022-09-20 00:30:00,5,2243.04,0.12,64.43,16.27,34.81,211.44,254.88,13.93
2022-09-20 01:30:00,5,2029.42,0.15,54.15,14.66,30.99,189.52,226.57,10.51
2022-09-20 02:30:00,5,1895.9,0.15,47.3,14.66,30.04,173.02,206.68,9.25
2022-09-20 03:30:00,5,1815.8,0.15,45.24,14.84,31.95,161.83,194.19,8.99
2022-09-20 04:30:00,5,1762.39,0.17,43.87,14.48,33.86,152.09,182.56,8.74
2022-09-20 05:30:00,5,1708.98,0.45,45.24,11.35,35.76,145.13,174.34,8.99
2022-09-20 06:30:00,5,1869.2,3.91,50.04,4.38,41.48,146.47,177.67,11.02
2022-09-20 07:30:00,5,2563.48,25.26,52.78,1.79,55.31,172.11,214.67,16.47
2022-09-20 08:30:00,5,3524.78,57.22,61.01,6.44,75.34,212.71,268.59,22.29
2022-09-20 09:30:00,5,2376.56,37.55,84.31,25.39,148.77,167.94,202.64,14.95
2022-09-20 10:30:00,5,2189.64,33.08,100.08,47.21,188.83,174.91,208.12,13.68
2022-09-20 11:30:00,5,1895.9,24.81,106.93,79.39,221.25,178.23,207.19,10.51
2022-09-20 12:30:00,5,1361.85,12.63,87.05,114.44,190.73,135.16,153.38,6.52
2022-09-20 13:30:00,5,1228.33,6.31,76.77,124.45,156.4,113.04,126.48,5.7
2022-09-20 14:30:00,5,1228.33,2.93,81.57,113.01,152.59,104.36,116.51,6.21
2022-09-20 15:30:00,5,1361.85,2.82,91.85,100.14,162.12,109.11,122.55,8.23
2022-09-20 16:30:00,5,1602.17,4.92,111.04,83.68,190.73,126.05,142.64,11.02
2022-09-20 17:30:00,5,1789.09,4.19,127.49,53.64,219.35,138.3,157.92,12.16
2022-09-20 18:30:00,5,2429.96,7.38,138.46,8.14,183.11,156.71,187.5,18.24
2022-09-20 19:30:00,5,3311.16,30.85,116.53,0,120.16,187.35,239.09,25.08
2022-09-20 20:30:00,5,3898.62,45.15,102.82,0,87.74,212.08,281.06,25.08
2022-09-20 21:30:00,5,3845.21,40.68,91.85,0,66.76,208.3,281.93,21.53
2022-09-20 22:30:00,5,3391.27,29.06,80.88,0,53.41,187.75,255.78,18.24
2022-09-20 23:30:00,5,2883.91,19.22,73.34,0.03,43.87,164.21,221.53,13.43
2022-09-21 00:30:00,5,2349.85,8.49,67.17,0.45,35.29,140.13,182.55,8.61
2022-09-21 01:30:00,5,2029.42,2.15,58.95,3.67,30.99,131.03,164.61,7.41
2022-09-21 02:30:00,5,1842.5,0.35,47.98,10.91,29.09,130.61,160.22,7.35
2022-09-21 03:30:00,5,1949.31,0.78,44.55,8.67,29.33,148.24,180.89,7.92
2022-09-21 04:30:00,5,2269.74,4.86,44.55,1.45,32.42,178.53,219.1,10.13
2022-09-21 05:30:00,5,2670.29,15.87,43.18,0.07,40.53,212.36,259,15.33
2022-09-21 06:30:00,5,3524.78,42.02,43.87,0,57.7,267.96,328.58,26.85
2022-09-21 07:30:00,5,5554.2,107.29,48.67,0.42,79.15,380.11,477.06,36.98
2022-09-21 08:30:00,5,6835.94,153.78,68.55,3.58,92.51,450.65,562.53,34.45
2022-09-21 09:30:00,5,3070.83,38.89,106.93,33.62,160.22,261.24,301.4,16.72
2022-09-21 10:30:00,5,2803.8,31.29,132.98,43.63,209.81,245.04,280.99,13.81
2022-09-21 11:30:00,5,2429.96,27.72,153.54,27.18,270.84,211.62,243.36,10.89
2022-09-21 12:30:00,5,1735.69,19.22,143.95,12.7,267.03,150.48,172.18,6.78
2022-09-21 13:30:00,5,1268.39,11.85,112.41,14.48,221.25,100.04,114.63,4.69
2022-09-21 14:30:00,5,1028.06,4.47,86.37,28.61,173.57,76.45,86.83,4.24
2022-09-21 15:30:00,5,1028.06,2.51,71.97,47.92,135.42,74.42,83.99,6.21
2022-09-21 16:30:00,5,1241.68,2.35,86.37,37.91,139.24,90.65,102.67,9.12
2022-09-21 17:30:00,5,1455.31,4.3,106.93,14.13,156.4,103.41,117.65,10.13
2022-09-21 18:30:00,5,2696.99,41.57,117.9,0.85,144.96,152.93,187.43,20.01
2022-09-21 19:30:00,5,4699.71,95.67,113.79,0,123.98,252.33,325.96,31.41
2022-09-21 20:30:00,5,6355.29,134.11,104.19,0,117.3,358.63,465.81,35.97
2022-09-21 21:30:00,5,8331.3,178.81,93.22,0,110.63,493.45,642.56,42.05
2022-09-21 22:30:00,5,10894.78,239.61,82.94,0,121.12,685.7,877.67,58.77
2022-09-21 23:30:00,5,12817.38,289.68,79.51,0,143.05,869.43,1081.91,78.02
2022-09-22 00:30:00,5,13458.25,314.71,78.14,0,144.96,958.55,1161.76,78.02
2022-09-22 01:30:00,5,13351.44,311.14,72.66,0,116.35,996.71,1183.17,55.73
2022-09-22 02:30:00,5,12069.7,264.64,65.8,0,82.97,944.28,1106.49,30.4
2022-09-22 03:30:00,5,8117.68,144.84,66.49,0,63.9,663.46,767.87,14.19
2022-09-22 04:30:00,5,5661.01,78.68,61.01,0,49.59,486.54,560.18,9.63
2022-09-22 05:30:00,5,4112.24,43.36,54.84,0,44.82,372.59,423.86,7.98
2022-09-22 06:30:00,5,2216.34,9.28,58.26,0.44,69.62,213.42,237.21,6.97
2022-09-22 07:30:00,5,2376.56,22.13,55.52,0.08,85.83,200.21,226.55,11.65
2022-09-22 08:30:00,5,3017.43,43.81,57.58,0.15,97.27,238.25,271.34,15.07
2022-09-22 09:30:00,5,3044.13,42.02,61.01,0.31,97.27,239.17,271.33,14.31
2022-09-22 10:30:00,5,2536.77,24.59,62.38,0.26,93.46,207.38,235.34,11.65
2022-09-22 11:30:00,5,2002.72,11.96,57.58,0.45,86.78,176.87,196.91,9.25
2022-09-22 12:30:00,5,1321.79,1.33,54.84,7.6,85.83,118.45,127.43,5.38
2022-09-22 13:30:00,5,1241.68,0.56,52.09,13.77,83.92,103.46,111.5,5.51
2022-09-22 14:30:00,5,1201.63,0.6,48.67,17.52,75.34,90.33,98.61,5.7
2022-09-22 15:30:00,5,1161.58,0.81,47.98,15.91,68.66,77.59,86.1,5.83
2022-09-22 16:30:00,5,1148.22,1.06,52.09,11.27,71.53,69.81,78.44,5.64
2022-09-22 17:30:00,5,1161.58,1.76,57.58,6.79,78.2,62.6,71.23,5.38
2022-09-22 18:30:00,5,1335.14,4.47,60.32,2.53,73.43,66.04,79.79,7.54
2022-09-22 19:30:00,5,1615.52,8.38,57.58,0.61,64.85,80.22,103.3,10.89
2022-09-22 20:30:00,5,1842.5,11.51,55.52,0.2,62.94,95.1,126.33,13.05
2022-09-22 21:30:00,5,1895.9,12.07,52.78,0.13,60.56,99.21,130.9,12.29
2022-09-22 22:30:00,5,1735.69,10.73,48.67,0.17,56.74,86.73,111.91,10.13
2022-09-22 23:30:00,5,1361.85,7.71,43.18,0.45,49.11,62.62,78.71,6.9
2022-09-23 00:30:00,4,961.3,2.65,37.7,2.75,41.48,39.54,46.95,4.02
2022-09-23 01:30:00,4,834.47,0.91,32.9,6.44,39.1,31.77,36.74,3.45
2022-09-23 02:30:00,4,774.38,0.54,30.85,8.85,39.1,27.73,32.06,3.26
2022-09-23 03:30:00,4,767.71,0.61,31.87,8.31,45.3,26.47,30.68,3.2
2022-09-23 04:30:00,4,814.44,1.02,33.93,6.08,51.5,28.22,32.66,3.48
2022-09-23 05:30:00,4,894.55,2.24,35.64,3.31,55.31,31.43,36.87,4.24
2022-09-23 06:30:00,4,1094.82,7.04,35.99,0.86,58.65,38.58,46.87,6.14
2022-09-23 07:30:00,5,1455.31,19.22,34.96,0.03,63.9,51.63,64.69,8.74
2022-09-23 08:30:00,5,1682.28,29.06,36.33,0.05,70.57,57.42,72.57,9.5
2022-09-23 09:30:00,5,1588.82,28.39,36.67,0.77,74.39,53.41,67.98,8.87
2022-09-23 10:30:00,4,1401.9,22.8,38.04,1.29,77.25,48.31,61.71,7.92
2022-09-23 11:30:00,4,1228.33,18.1,41.81,2.15,84.88,45.48,56.09,6.59
2022-09-23 12:30:00,4,1121.52,13.3,50.72,5.54,95.37,42.35,50.4,5.13
2022-09-23 13:30:00,4,1121.52,12.18,55.52,7.6,102.04,42.11,49.41,4.88
2022-09-23 14:30:00,4,1134.87,12.74,56.89,11.09,105.86,42.94,49.94,4.88
2022-09-23 15:30:00,5,1535.42,21.23,63.75,5.41,103.95,59.53,71.31,7.6
2022-09-23 16:30:00,5,2216.34,43.36,66.49,1.12,101.09,86.82,105.94,10.26
2022-09-23 17:30:00,5,2857.21,69.74,67.86,0.23,103.95,114.91,140.33,12.67
2022-09-23 18:30:00,5,3204.35,75.1,67.86,0.01,102.04,135.1,166.34,15.71
2022-09-23 19:30:00,5,3177.64,61.69,63.75,0,90.6,145.14,181.04,16.72
2022-09-23 20:30:00,5,2990.72,46.49,60.32,0,82.97,143.3,180.13,15.71
2022-09-23 21:30:00,5,2456.67,27.27,57.58,0,73.43,118.79,149.56,13.05
2022-09-23 22:30:00,5,2056.12,16.09,54.15,0.05,60.56,99.04,124.92,11.27
2022-09-23 23:30:00,5,1668.93,9.72,50.72,0.24,54.36,79.36,97.79,8.11
2022-09-24 00:30:00,5,1308.44,4.3,47.98,1.23,53.88,62.34,72.03,4.62
2022-09-24 01:30:00,5,1121.52,1.17,40.78,4.43,50.54,54.76,60.31,3.36
2022-09-24 02:30:00,5,1054.76,0.57,35.3,6.97,47.21,51.47,55.97,3.17
2022-09-24 03:30:00,5,1054.76,0.7,34.27,5.99,46.25,50.57,54.96,3.29
2022-09-24 04:30:00,4,1054.76,1.16,34.62,4.02,45.78,46.88,51.15,3.32
2022-09-24 05:30:00,4,1068.12,1.98,34.62,2.5,44.82,42.98,47.31,3.55
2022-09-24 06:30:00,4,1148.22,3.86,34.62,1.35,43.87,42.41,47.9,4.5
2022-09-24 07:30:00,4,1321.79,7.82,35.99,0.45,45.3,44.31,52.36,5.95
2022-09-24 08:30:00,4,1361.85,9.72,38.04,0.69,47.68,40.79,49.77,6.08
2022-09-24 09:30:00,4,1161.58,5.7,38.73,3.44,50.07,32.66,39.54,4.75
2022-09-24 10:30:00,4,1054.76,3.52,37.7,6.88,50.07,30.49,36.16,4.24
2022-09-24 11:30:00,4,1028.06,2.91,35.64,9.75,47.68,28.8,33.53,3.86
2022-09-24 12:30:00,4,1001.36,3.16,32.22,17.17,44.35,29.45,33.37,3.45
2022-09-24 13:30:00,4,947.95,1.96,31.19,21.64,41.48,30.62,34.19,3.23
2022-09-24 14:30:00,4,854.49,1.93,31.19,18.06,40.53,29.14,32.54,3.17
2022-09-24 15:30:00,4,827.79,3.35,34.62,11.62,43.39,30.35,34.34,3.64
2022-09-24 16:30:00,4,867.84,6.2,37.7,3,43.87,31.67,36.58,4.05
2022-09-24 17:30:00,4,921.25,10.84,36.67,0.43,41.48,31.59,37.32,4.37
2022-09-24 18:30:00,4,974.66,12.52,36.33,0.09,40.05,33.72,40.79,5
2022-09-24 19:30:00,4,1001.36,10.73,35.64,0.12,38.62,38.26,46.91,5.7
2022-09-24 20:30:00,4,988.01,9.28,34.62,0.15,38.15,40.67,49.9,5.83
2022-09-24 21:30:00,4,921.25,7.71,32.22,0.23,35.76,39.22,48.33,5.7
2022-09-24 22:30:00,4,907.9,7.82,30.16,0.18,34.81,38.99,48.11,5.89
2022-09-24 23:30:00,4,867.84,8.61,29.13,0.09,35.29,37.57,45.29,5.32
2022-09-25 00:30:00,4,834.47,8.83,27.76,0.05,31.47,36.37,43.35,4.88
2022-09-25 01:30:00,4,867.84,8.27,25.7,0.03,25.99,39.58,47.45,5.38
2022-09-25 02:30:00,4,947.95,7.49,23.99,0.03,22.17,43.49,52.08,5.83
2022-09-25 03:30:00,4,1094.82,7.38,22.62,0.03,20.03,48.42,57.87,6.02
2022-09-25 04:30:00,5,1188.28,6.43,22.28,0.12,18.6,50.24,59.35,5.64
2022-09-25 05:30:00,5,1201.63,3.91,23.65,0.75,18.12,52.36,60.67,5.26
2022-09-25 06:30:00,5,1308.44,3.24,26.73,1.54,20.98,63.92,73.19,5.83
2022-09-25 07:30:00,5,1548.77,6.93,30.5,3.31,25.03,80.37,94.28,7.66
2022-09-25 08:30:00,5,1602.17,9.39,31.53,20.38,26.23,87.96,105.49,8.11
2022-09-25 09:30:00,5,1214.98,3.86,22.62,74.39,22.41,73.75,92.49,6.65
2022-09-25 10:30:00,5,1041.41,2.18,16.28,120.16,22.41,71.63,90.02,6.52
2022-09-25 11:30:00,5,934.6,1.55,12.68,150.2,22.65,72.19,87.61,6.4
2022-09-25 12:30:00,5,807.76,1.2,9.68,150.2,18.36,60.9,72.89,5.57
2022-09-25 13:30:00,5,767.71,1.29,10.28,148.77,18.84,58.15,69.09,5.7
2022-09-25 14:30:00,5,787.73,1.44,12.34,154.5,22.41,60.97,72.03,6.14
2022-09-25 15:30:00,5,1068.12,2.51,26.05,140.19,30.28,76.03,91.81,9.88
2022-09-25 16:30:00,5,1495.36,2.77,47.3,105.86,37.19,93.66,116.19,14.06
2022-09-25 17:30:00,5,1895.9,1.34,72.66,58.65,41.01,106.54,135.13,17.73
2022-09-25 18:30:00,5,3337.86,25.7,102.82,3,51.5,166.04,218.9,27.11
2022-09-25 19:30:00,5,5180.36,79.57,87.74,0,62.94,268.5,361.6,34.45
2022-09-25 20:30:00,5,6515.5,109.08,78.14,0,72.48,362.98,494.67,38
2022-09-25 21:30:00,5,7583.62,128.75,74.03,0,78.2,450.89,617.37,41.54
2022-09-25 22:30:00,5,8331.3,141.26,67.86,0,75.34,523.31,711.47,38.5
2022-09-25 23:30:00,5,8117.68,137.69,61.01,0,60.56,526.59,703.07,28.12
2022-09-26 00:30:00,5,7049.56,118.02,54.15,0,42.44,466.6,616.75,16.09
2022-09-26 01:30:00,5,6248.47,101.03,47.98,0,40.05,432.46,565.71,13.93
2022-09-26 02:30:00,5,5340.58,77.78,45.24,0,42.44,395.71,498.06,13.55
2022-09-26 03:30:00,5,3845.21,36.66,55.52,0,54.36,319.24,376.76,13.3
2022-09-26 04:30:00,5,3845.21,36.66,54.84,0,60.56,334.4,383.93,13.81
2022-09-26 05:30:00,5,4058.84,44.7,55.52,0,71.53,360.92,405.76,15.07
2022-09-26 06:30:00,5,4379.27,58.11,58.95,0,89.65,395.14,438.1,18.49
2022-09-26 07:30:00,5,5126.95,82.25,65.12,0.27,111.58,452.29,507.79,22.8
2022-09-26 08:30:00,5,5607.6,96.56,77.46,3.44,122.07,485.32,554.79,23.56
2022-09-26 09:30:00,5,3097.53,30.85,91.85,38.98,131.61,309.06,352.26,12.41
2022-09-26 10:30:00,5,2403.26,13.08,74.71,101.57,107.77,249.3,288.54,13.05
2022-09-26 11:30:00,5,1815.8,5.59,48.67,178.81,82.97,203.61,239.8,13.17
2022-09-26 12:30:00,5,947.95,2.1,19.71,181.67,42.44,109.25,139.41,10.39
2022-09-26 13:30:00,5,700.95,1.76,15.77,160.22,32.42,75.67,104.59,9.25
2022-09-26 14:30:00,5,654.22,1.82,16.96,145.91,31.95,63.99,92.9,9.37
2022-09-26 15:30:00,5,821.11,2.82,27.42,124.45,39.1,67.14,99.65,12.41
2022-09-26 16:30:00,5,1068.12,3.49,41.13,100.14,44.82,73.92,111.32,15.45
2022-09-26 17:30:00,5,1281.74,2.26,56.89,70.1,46.25,77.94,118.83,17.73
2022-09-26 18:30:00,5,1815.8,0.42,80.2,27.89,50.07,98.7,150.3,23.05
2022-09-26 19:30:00,5,2563.48,8.38,87.74,1.81,54.84,138.83,210.34,28.63
2022-09-26 20:30:00,5,3044.13,20.56,78.14,0.03,55.79,171.74,259.51,27.87
2022-09-26 21:30:00,5,3471.37,32.63,72.66,0,56.27,206.94,307.93,25.33
2022-09-26 22:30:00,5,4058.84,48.28,67.86,0,57.22,247.04,362.8,23.05
2022-09-26 23:30:00,5,4112.24,56.33,62.38,0,49.11,251.22,366.84,17.48
2022-09-27 00:30:00,5,3417.97,49.62,54.15,0,36.24,206.2,304.74,10.89
2022-09-27 01:30:00,5,2830.51,40.68,44.55,0,30.99,174.05,260.83,9.25
2022-09-27 02:30:00,5,2510.07,35.32,35.99,0,30.04,160,239.98,8.87
2022-09-27 03:30:00,5,2349.85,32.63,29.82,0,29.8,154.43,230.06,8.49
2022-09-27 04:30:00,5,2082.82,28.39,26.39,0,28.85,140.62,208.84,7.79
2022-09-27 05:30:00,5,1842.5,24.59,26.05,0,28.85,124.87,185.02,7.85
2022-09-27 06:30:00,5,1668.93,17.88,34.27,0.03,34.81,113.33,168.69,10.39
2022-09-27 07:30:00,5,2189.64,29.5,41.47,1.54,47.21,140.35,206.97,14.44
2022-09-27 08:30:00,5,2696.99,42.02,53.47,10.73,61.04,174.11,252.45,17.99
2022-09-27 09:30:00,5,1708.98,13.97,59.63,68.66,82.97,157.17,216.83,12.67
2022-09-27 10:30:00,5,1495.36,9.05,51.41,114.44,86.78,160.39,216.81,13.55
2022-09-27 11:30:00,5,1321.79,5.25,41.47,168.8,83.92,168.86,223.5,14.44
2022-09-27 12:30:00,5,741,2.32,18.85,165.94,43.87,94.6,136.59,9.88
2022-09-27 13:30:00,5,587.46,1.96,15.08,154.5,32.9,70.06,109.48,8.49
2022-09-27 14:30:00,5,580.79,2.1,16.62,150.2,33.38,64.89,104.64,8.99
2022-09-27 15:30:00,5,921.25,4.02,32.56,128.75,42.44,76.63,121.5,13.55
2022-09-27 16:30:00,5,1468.66,6.09,58.26,97.27,51.5,98.59,151.38,19.25
2022-09-27 17:30:00,5,1949.31,5.48,87.05,50.07,55.31,114.48,173.73,23.81
2022-09-27 18:30:00,5,3417.97,38,106.93,1.83,63.9,173.81,256.2,36.48
2022-09-27 19:30:00,5,5287.17,92.09,90.48,0,74.39,273.92,394.47,45.6
2022-09-27 20:30:00,5,6195.07,107.29,81.57,0,78.2,347.09,497.06,42.56
2022-09-27 21:30:00,5,7049.56,119.81,74.71,0,81.06,418.7,592.76,41.04
2022-09-27 22:30:00,5,7904.05,139.47,66.49,0,82.97,492.51,687.19,40.53
2022-09-27 23:30:00,5,7904.05,150.2,58.26,0,73.43,503.67,696.63,32.93
2022-09-28 00:30:00,5,6942.75,139.47,50.72,0,55.79,443.99,611.02,21.28
2022-09-28 01:30:00,5,6355.29,132.32,42.84,0,49.11,415.29,565.72,17.99
2022-09-28 02:30:00,5,6301.88,135.9,35.99,0,48.64,428.02,573,17.73
2022-09-28 03:30:00,5,6248.47,137.69,31.19,0,48.64,443.22,583.47,17.23
2022-09-28 04:30:00,5,5661.01,125.17,28.79,0,43.87,415.47,540.77,14.31
2022-09-28 05:30:00,5,4646.3,101.03,30.85,0,39.58,343.38,446.38,12.29
2022-09-28 06:30:00,5,3631.59,74.21,38.39,0,44.82,257.83,342.46,14.31
2022-09-28 07:30:00,5,4112.24,94.77,41.13,0.4,58.65,264.72,361.75,20.77
2022-09-28 08:30:00,5,4806.52,119.81,51.41,3.31,69.62,288.22,397.65,26.35
2022-09-28 09:30:00,5,2510.07,35.76,77.46,36.12,101.09,183.11,251.32,21.53
2022-09-28 10:30:00,5,2109.53,16.76,74.71,94.41,100.14,176.94,242.07,22.04
2022-09-28 11:30:00,5,1949.31,8.05,65.12,191.69,105.86,216.92,281.09,21.28
2022-09-28 12:30:00,5,1068.12,2.65,27.76,220.3,60.08,140.22,206.24,14.69
2022-09-28 13:30:00,5,754.36,1.69,18.85,205.99,42.44,103.37,169.28,11.78
2022-09-28 14:30:00,5,700.95,1.69,20.39,188.83,41.01,89.49,153.39,11.53
2022-09-28 15:30:00,5,1094.82,3.35,40.1,153.06,48.64,100.12,170.69,16.72
2022-09-28 16:30:00,5,1789.09,5.36,70.6,108.72,56.74,126.23,207.16,22.8
2022-09-28 17:30:00,5,2403.26,5.31,104.19,51.5,60.08,145.48,233.45,27.61
2022-09-28 18:30:00,5,3257.75,19,122.01,2.84,64.85,178.47,277.91,35.46
2022-09-28 19:30:00,5,4325.87,54.09,101.45,0,71.53,238.46,360.51,40.53
2022-09-28 20:30:00,5,5126.95,71.53,90.48,0,74.39,294.27,437.99,36.98
2022-09-28 21:30:00,5,5714.42,82.25,83.63,0,76.29,348.01,506.97,34.45
2022-09-28 22:30:00,5,6195.07,92.98,78.83,0,76.29,389.67,557.56,32.17
2022-09-28 23:30:00,5,5981.45,94.77,71.97,0,66.76,385.65,544.18,24.83
2022-09-29 00:30:00,5,5661.01,97.45,65.12,0,51.5,367.04,513.25,15.45
2022-09-29 01:30:00,5,5714.42,104.61,58.26,0,43.87,384.41,525.34,12.29
2022-09-29 02:30:00,5,5714.42,104.61,54.84,0,41.01,398.09,530.61,12.54
2022-09-29 03:30:00,5,5447.39,98.35,49.35,0,40.05,395.34,516.85,13.43
2022-09-29 04:30:00,5,5020.14,91.2,39.41,0,37.67,377.64,485.82,12.54
2022-09-29 05:30:00,5,4753.11,92.09,29.82,0,37.19,363.36,464.22,12.41
2022-09-29 06:30:00,5,5233.76,114.44,24.68,0,45.3,390.38,498.35,16.72
2022-09-29 07:30:00,5,7049.56,180.6,26.73,0.11,63.9,477.94,619.13,25.84
2022-09-29 08:30:00,5,8331.3,239.61,39.76,1.12,74.39,518.51,682.17,30.4
2022-09-29 09:30:00,5,2323.15,26.82,78.14,46.49,96.32,194.47,255.72,19.76
2022-09-29 10:30:00,5,1869.2,11.96,65.12,107.29,90.6,184.76,240.5,20.01
2022-09-29 11:30:00,5,1522.06,5.36,45.24,185.97,80.11,191.42,242.56,18.49
2022-09-29 12:30:00,5,907.9,1.9,19.71,211.72,45.78,141.72,180.47,12.41
2022-09-29 13:30:00,5,727.65,1.56,15.77,197.41,36.24,113.76,145.92,10.39
2022-09-29 14:30:00,5,700.95,1.65,16.96,183.11,35.76,102.92,132.38,10.26
2022-09-29 15:30:00,5,988.01,3.02,31.53,155.93,43.87,110.71,143.8,14.31
2022-09-29 16:30:00,5,1455.31,4.14,54.84,120.16,51.5,130.05,171.07,19.51
2022-09-29 17:30:00,5,1895.9,2.79,81.57,72.24,53.88,143.83,191.21,23.81
2022-09-29 18:30:00,5,2803.8,6.48,115.16,11.62,59.6,181.31,244.12,33.44
2022-09-29 19:30:00,5,4058.84,38,105.56,0,67.71,251.09,342.11,43.57
2022-09-29 20:30:00,5,4966.74,59.9,93.22,0,71.53,316.26,434.17,41.54
2022-09-29 21:30:00,5,6141.66,86.72,85,0,77.25,401.92,549.66,39.52
2022-09-29 22:30:00,5,7583.62,121.59,78.14,0,81.06,510.88,689.37,39.01
2022-09-29 23:30:00,5,8010.86,141.26,69.92,0,70.57,545.75,727.12,30.91
2022-09-30 00:30:00,5,7263.18,135.9,63.06,0,53.88,499.78,654.52,20.27
2022-09-30 01:30:00,5,6408.69,118.02,57.58,0,50.07,454.91,585.27,19.76
2022-09-30 02:30:00,5,5661.01,101.92,52.78,0,53.88,421.04,531.9,23.05
2022-09-30 03:30:00,5,4859.92,84.94,46.61,0,53.88,377.99,472.77,24.07
2022-09-30 04:30:00,5,4165.65,71.53,37.7,0,41.96,329.78,411.08,16.47
2022-09-30 05:30:00,5,3578.19,62.58,32.9,0,34.81,281.98,354.65,11.65
2022-09-30 06:30:00,5,3257.75,56.77,39.07,0,40.53,246.73,313.39,13.81
2022-09-30 07:30:00,5,4219.06,88.51,44.55,0.36,56.74,285.72,370.97,21.03
2022-09-30 08:30:00,5,5287.17,121.59,56.89,2.91,70.57,331.38,432.98,27.36
2022-09-30 09:30:00,5,2109.53,13.75,75.4,80.82,96.32,199.37,243.07,18.24
2022-09-30 10:30:00,5,1655.58,6.37,51.41,155.93,83.92,192.36,230.44,16.72
2022-09-30 11:30:00,5,1388.55,3.02,32.56,231.74,69.62,192.98,227.57,15.71
2022-09-30 12:30:00,5,1041.41,1.52,18.16,240.33,44.82,151.27,178.14,14.44
2022-09-30 13:30:00,5,894.55,1.37,15.77,217.44,34.33,124.8,147.88,13.3
2022-09-30 14:30:00,5,867.84,1.36,16.96,200.27,33.38,117.85,140.46,13.3
2022-09-30 15:30:00,5,1161.58,2.54,33.24,167.37,41.96,129.09,156.85,16.97
2022-09-30 16:30:00,5,1668.93,3.63,59.63,127.32,51.5,149.65,186.36,21.79
2022-09-30 17:30:00,5,2136.23,2.35,89.11,76.53,55.79,166.25,210.94,25.84
2022-09-30 18:30:00,5,3070.83,4.97,126.12,13.77,62.94,206.59,267.86,35.46
2022-09-30 19:30:00,5,4379.27,35.32,119.27,0.01,72.48,279.74,371.31,44.08
2022-09-30 20:30:00,5,5340.58,59.01,102.82,0,76.29,352.98,474.39,41.54
2022-09-30 21:30:00,5,6622.31,88.51,93.22,0,82.02,451.17,605.19,40.02
2022-09-30 22:30:00,5,8331.3,128.75,89.11,0,90.6,582.82,765.02,42.05
2022-09-30 23:30:00,5,9078.98,148.42,87.74,0,84.88,646.68,831.11,35.97
2022-10-01 00:30:00,5,8651.73,148.42,89.11,0,67.71,641.1,802.07,22.55
2022-10-01 01:30:00,5,8010.86,134.11,89.11,0,50.07,613.94,744.77,12.79
2022-10-01 02:30:00,5,7049.56,110.86,87.05,0,40.05,563.95,668.88,8.61
2022-10-01 03:30:00,5,5607.6,75.1,85.68,0,34.33,459.61,543.56,7.03
2022-10-01 04:30:00,5,4859.92,61.69,74.71,0,27.18,389.57,463.64,6.33
2022-10-01 05:30:00,5,4058.84,50.07,61.69,0,24.32,315.87,380.59,6.71
2022-10-01 06:30:00,5,3578.19,46.49,51.41,0,29.09,266.94,330.22,9.5
2022-10-01 07:30:00,5,3738.4,62.58,47.98,0.52,40.53,259.23,334.23,15.45
2022-10-01 08:30:00,5,4005.43,76.89,55.52,4.47,49.59,260.58,345.53,20.01
2022-10-01 09:30:00,5,1789.09,9.95,59.63,82.25,72.48,186.62,235.54,14.69
2022-10-01 10:30:00,5,1535.42,5.87,46.61,144.48,73.43,183.16,229.85,16.09
2022-10-01 11:30:00,5,1375.2,3.3,34.96,211.72,71.53,189.03,235.36,16.72
2022-10-01 12:30:00,5,761.03,1.36,14.57,203.13,38.62,121.51,159.1,11.15
2022-10-01 13:30:00,5,560.76,1.13,11.14,183.11,28.85,89.67,124.28,8.61
2022-10-01 14:30:00,5,527.38,1.19,12.17,171.66,28.37,80.77,115.39,8.36
2022-10-01 15:30:00,5,921.25,2.99,30.5,140.19,35.29,93.03,134.25,13.05
2022-10-01 16:30:00,5,1615.52,5.14,61.01,94.41,44.35,119.35,171.63,19
2022-10-01 17:30:00,5,2323.15,5.09,97.33,39.7,51.02,144.72,206.86,24.32
2022-10-01 18:30:00,5,3578.19,29.06,115.16,1.17,60.56,199.26,280.01,34.96
2022-10-01 19:30:00,5,5233.76,75.1,100.08,0,70.57,297.46,408.46,46.1
2022-10-01 20:30:00,5,6729.13,107.29,89.11,0,74.39,402.28,541.85,43.06
2022-10-01 21:30:00,5,7797.24,128.75,77.46,0,71.53,485.52,648.58,36.98
2022-10-01 22:30:00,5,8438.11,144.84,71.97,0,69.62,543.76,719.67,36.98
2022-10-01 23:30:00,5,8438.11,150.2,72.66,0,62.94,555.2,718.17,32.42
2022-10-02 00:30:00,5,7690.43,137.69,76.09,0,47.68,511.14,640.83,21.28
2022-10-02 01:30:00,5,6835.94,118.02,76.77,0,36.24,471.63,574.19,12.79
2022-10-02 02:30:00,5,6034.85,95.67,74.71,0,29.8,430.79,513.66,8.36
2022-10-02 03:30:00,5,5126.95,71.53,74.03,0,28.61,377.83,448.27,7.16
2022-10-02 04:30:00,5,5073.55,70.63,69.92,0,28.61,377.3,448.55,8.11
2022-10-02 05:30:00,5,5447.39,84.04,64.43,0,35.29,412.66,490.21,11.91
2022-10-02 06:30:00,5,6568.91,119.81,58.95,0,50.54,502.97,596.09,21.28
2022-10-02 07:30:00,5,8438.11,180.6,54.15,0.18,66.76,617.75,742.98,31.41
2022-10-02 08:30:00,5,9826.66,236.03,62.38,1.56,73.43,678.77,830.09,33.94
2022-10-02 09:30:00,5,3952.03,43.81,105.56,38.62,110.63,345.57,418.53,16.72
2022-10-02 10:30:00,5,3284.45,16.09,100.08,123.02,100.14,326.91,398.27,19.51
2022-10-02 11:30:00,5,2670.29,5.92,65.8,237.46,81.06,325.02,395.01,21.28
2022-10-02 12:30:00,5,834.47,1.42,15.25,208.85,35.76,118.38,165.13,12.79
2022-10-02 13:30:00,5,534.06,1.13,10.45,178.81,24.8,75.53,118.76,9.88
2022-10-02 14:30:00,5,500.68,1.2,11.48,167.37,25.03,66.1,109.64,9.75
2022-10-02 15:30:00,5,787.73,2.63,25.02,143.05,31.95,74.08,122.26,13.17
2022-10-02 16:30:00,5,1241.68,4.19,46.61,108.72,39.1,89.69,145.28,17.48
2022-10-02 17:30:00,5,1628.88,3.05,71.29,64.37,41.96,99.27,160.94,21.03
2022-10-02 18:30:00,5,2029.42,0.36,90.48,22.89,45.3,112.9,182.3,26.09
2022-10-02 19:30:00,5,2296.45,1.61,87.74,7.15,47.68,131.62,211.11,31.66
2022-10-02 20:30:00,5,2376.56,2.21,77.46,5.1,46.25,142.62,228.99,34.96
2022-10-02 21:30:00,5,2323.15,1.65,70.6,6.17,43.87,147.78,234.99,36.48
2022-10-02 22:30:00,5,2216.34,1.01,65.12,8.31,40.53,146.24,230.11,35.46
2022-10-02 23:30:00,5,1895.9,0.38,56.89,13.05,33.38,129.19,203.19,29.64
2022-10-03 00:30:00,5,1428.6,0.05,45.24,21.46,25.75,104.3,164.93,21.53
2022-10-03 01:30:00,5,1214.98,0.02,38.39,26.11,26.23,94.76,149.26,17.73
2022-10-03 02:30:00,5,1108.17,0,33.93,31.47,27.42,91.64,142.63,14.82
2022-10-03 03:30:00,5,1028.06,0,30.85,37.91,28.85,90.89,139.56,12.03
2022-10-03 04:30:00,5,974.66,0,29.13,42.56,29.8,90.37,136.02,10.13
2022-10-03 05:30:00,5,961.3,0,30.5,38.27,29.8,88.74,131.59,9.37
2022-10-03 06:30:00,5,1134.87,0.4,39.41,20.38,32.42,91.4,135.87,11.78
2022-10-03 07:30:00,5,1588.82,10.51,47.3,4.56,40.05,104.34,157.22,19
2022-10-03 08:30:00,5,1842.5,25.26,44.55,13.41,45.78,106.47,162.74,25.08
2022-10-03 09:30:00,5,1535.42,16.99,42.84,39.34,49.11,91.25,140.94,25.84
2022-10-03 10:30:00,5,1375.2,10.17,38.39,78.68,50.07,93.05,139.54,25.59
2022-10-03 11:30:00,5,1121.52,4.92,29.47,135.9,47.68,98.98,139.66,22.29
2022-10-03 12:30:00,4,473.98,1.69,11.14,140.19,27.89,46.51,70.95,8.49
2022-10-03 13:30:00,4,390.53,1.52,9.51,133.04,22.17,34.73,56.45,6.46
2022-10-03 14:30:00,4,383.85,1.54,10.37,131.61,21.7,32.74,54.58,6.4
2022-10-03 15:30:00,4,580.79,2.82,20.91,123.02,32.42,40.62,66.46,9.88
2022-10-03 16:30:00,5,847.82,3.63,34.96,104.43,40.53,50.93,82.03,14.06
2022-10-03 17:30:00,5,1081.47,2.24,51.41,75.82,43.87,58.11,92.82,17.73
2022-10-03 18:30:00,5,1401.9,0.09,66.49,45.06,47.68,70.57,111.81,23.31
2022-10-03 19:30:00,5,1735.69,0.02,70.6,28.61,50.07,89,139.5,29.64
2022-10-03 20:30:00,5,1869.2,0.05,67.86,23.25,50.07,102.35,159,33.94
2022-10-03 21:30:00,5,1949.31,0.08,65.12,20.92,49.59,112.2,171.4,36.48
2022-10-03 22:30:00,5,1976.01,0.08,63.06,20.56,48.16,118.25,177.59,36.98
2022-10-03 23:30:00,5,1762.39,0.04,57.58,23.6,41.48,111.32,164.97,32.42
2022-10-04 00:30:00,5,1388.55,0.01,47.3,29.68,32.42,93.09,136.05,25.84
2022-10-04 01:30:00,5,1201.63,0,39.76,31.83,29.33,86.14,124.09,22.29
2022-10-04 02:30:00,5,1148.22,0,35.99,30.76,29.09,87.8,124.48,19.76
2022-10-04 03:30:00,5,1134.87,0.01,34.27,27.89,29.09,90.71,127.15,17.73
2022-10-04 04:30:00,5,1121.52,0.03,33.59,24.68,29.09,92.35,128.23,16.21
2022-10-04 05:30:00,5,1161.58,0.15,36.33,18.24,30.99,93.8,129.43,15.45
2022-10-04 06:30:00,5,1401.9,2.63,44.55,7.06,37.19,104.11,144.17,17.99
2022-10-04 07:30:00,5,2002.72,18.55,50.04,2.32,50.07,128.77,181.9,26.35
2022-10-04 08:30:00,5,2403.26,34.42,52.78,12.87,61.04,140.25,202.54,31.41
2022-10-04 09:30:00,5,2109.53,24.14,58.95,37.91,72.48,131.27,191.41,30.4
2022-10-04 10:30:00,5,1949.31,14.75,58.95,79.39,78.2,140.78,203.32,29.64
2022-10-04 11:30:00,5,1602.17,6.93,47.3,153.06,79.15,151.66,210.36,24.83
2022-10-04 12:30:00,5,741,1.77,18.16,217.44,53.88,104.84,141.6,10.77
2022-10-04 13:30:00,5,620.84,1.34,14.74,226.02,46.73,97.51,128.4,8.49
2022-10-04 14:30:00,5,627.52,1.31,16.28,228.88,48.16,100.72,129.11,8.49
2022-10-04 15:30:00,5,1148.22,2.68,38.73,205.99,59.13,133,169.13,15.45
2022-10-04 16:30:00,5,2002.72,3.63,76.77,160.22,70.57,183.99,236.06,24.32
2022-10-04 17:30:00,5,2883.91,2.15,123.38,90.12,80.11,227.04,293.96,32.42
2022-10-04 18:30:00,5,3685,0.16,150.8,29.33,87.74,271.45,352.36,41.04
2022-10-04 19:30:00,5,4272.46,0.95,146.69,9.83,91.55,320.09,412.17,46.61
2022-10-04 20:30:00,5,4539.49,2.21,142.57,4.74,89.65,355.49,454.84,44.08
2022-10-04 21:30:00,5,4005.43,1.56,130.24,5.9,69.62,338.35,433.19,32.42
2022-10-04 22:30:00,5,3364.56,2.37,106.93,4.07,52.45,299.43,380.91,23.56
2022-10-04 23:30:00,5,2803.8,2.68,87.05,3.44,40.53,267.21,331.76,15.71
2022-10-05 00:30:00,5,2243.04,0.79,69.23,9.12,30.99,242.16,289.51,9.25
2022-10-05 01:30:00,5,1842.5,0.02,48.67,26.82,27.42,231.5,266.17,7.03
2022-10-05 02:30:00,5,1562.12,0,32.9,52.21,27.18,232.58,258.38,6.21
2022-10-05 03:30:00,5,1375.2,0,26.05,78.68,33.38,239.12,258.47,5.57
2022-10-05 04:30:00,5,1321.79,0,26.05,84.4,36.24,238.82,256.01,5.38
2022-10-05 05:30:00,5,1375.2,0,29.13,70.81,37.67,235.1,252.62,5.83
2022-10-05 06:30:00,5,1615.52,0.02,40.78,41.13,41.96,232.91,254.83,8.23
2022-10-05 07:30:00,5,2162.93,6.87,61.01,8.49,56.27,235.22,267.24,13.3
2022-10-05 08:30:00,5,2670.29,30.4,65.12,6.88,82.02,233.27,273.13,17.23
2022-10-05 09:30:00,5,2483.37,37.1,76.77,3.31,127.79,194.28,230.81,17.48
2022-10-05 10:30:00,5,2456.67,44.7,82.94,6.88,160.22,175.38,212.81,19.25
2022-10-05 11:30:00,5,2323.15,44.26,93.22,13.77,188.83,160.45,196.93,19.76
2022-10-05 12:30:00,5,1441.96,27.72,82.94,31.11,183.11,106.85,127.47,9.75
2022-10-05 13:30:00,5,1201.63,18.33,78.83,62.94,167.85,96.26,111.75,7.09
2022-10-05 14:30:00,5,1201.63,13.19,80.88,101.57,169.75,108.43,123.69,6.84
2022-10-05 15:30:00,5,1575.47,9.95,91.85,124.45,160.22,139.74,161.55,12.41
2022-10-05 16:30:00,5,2296.45,7.04,116.53,117.3,141.14,184.07,218.72,20.77
2022-10-05 17:30:00,5,2964.02,2.88,142.57,77.96,122.07,207.51,255.22,28.12
2022-10-05 18:30:00,5,3311.16,0.11,149.43,35.05,112.53,214.1,273.91,32.93
2022-10-05 19:30:00,5,3231.05,0.11,141.2,19.13,119.21,217.44,281.87,32.93
2022-10-05 20:30:00,5,2670.29,0.5,123.38,11.44,110.63,186.09,241.16,25.84
2022-10-05 21:30:00,5,1668.93,0.32,76.09,13.95,63.9,100.3,132.96,16.72
2022-10-05 22:30:00,5,1281.74,0.08,50.04,21.64,41.01,71.69,95.72,13.17
2022-10-05 23:30:00,5,1108.17,0.03,43.87,25.75,38.15,63.31,82.69,10.13
2022-10-06 00:30:00,5,934.6,0.04,40.44,22.89,38.62,51.41,65.91,7.66
2022-10-06 01:30:00,4,854.49,0.22,37.7,14.13,40.05,43.34,56.09,7.03
2022-10-06 02:30:00,4,821.11,1.22,35.3,4.96,41.01,37.33,49.15,6.59
2022-10-06 03:30:00,4,847.82,4.19,32.56,0.73,42.44,36.78,48.84,6.4
2022-10-06 04:30:00,4,934.6,7.93,30.16,0.11,41.96,41.58,55.51,6.65
2022-10-06 05:30:00,4,1054.76,12.52,29.47,0.02,43.87,48.89,65.74,7.54
2022-10-06 06:30:00,5,1321.79,20.79,30.5,0,50.07,61.52,84.21,10.39
2022-10-06 07:30:00,5,1842.5,38.44,34.27,0.77,63.9,81.89,114.59,15.07
2022-10-06 08:30:00,5,1976.01,51.86,40.44,3.8,87.74,83.23,117.78,16.97
2022-10-06 09:30:00,4,1121.52,33.97,47.3,6.08,120.16,47.47,65.95,9.88
2022-10-06 10:30:00,4,934.6,32.63,47.3,10.01,135.42,40.96,56.87,9.25
2022-10-06 11:30:00,4,854.49,30.4,48.67,15.91,148.77,37.8,52.08,8.36
2022-10-06 12:30:00,4,687.6,20.56,45.93,31.47,129.7,32.3,43.43,7.03
2022-10-06 13:30:00,4,620.84,14.31,42.84,49.35,111.58,30.41,39.67,6.59
2022-10-06 14:30:00,4,607.49,10.84,40.44,65.09,103,32.17,40.6,6.78
2022-10-06 15:30:00,4,654.22,8.49,42.5,74.39,98.23,35.56,44.11,7.85
2022-10-06 16:30:00,4,781.06,7.38,54.15,67.95,103.95,40.23,50.06,9.63
2022-10-06 17:30:00,4,934.6,3.69,71.97,48.64,109.67,45.51,57.22,11.4
2022-10-06 18:30:00,5,1268.39,0.23,89.11,23.6,106.81,61.91,79.43,16.47
2022-10-06 19:30:00,5,1682.28,0.78,89.11,10.73,86.78,86.17,113.71,24.57
2022-10-06 20:30:00,5,1869.2,1.22,80.88,7.78,66.76,97.39,131.46,29.13
2022-10-06 21:30:00,5,1708.98,0.73,67.17,10.19,51.98,87.73,120.87,27.61
2022-10-06 22:30:00,5,1441.96,0.53,56.89,11.44,46.25,68.6,98,24.32
2022-10-06 23:30:00,4,1134.87,0.6,49.35,10.01,46.25,48.32,71.43,19
2022-10-07 00:30:00,4,847.82,0.78,44.55,7.78,51.5,32.64,47.6,13.17
2022-10-07 01:30:00,4,834.47,1.96,40.44,3.13,50.07,33.45,47.72,10.64
2022-10-07 02:30:00,4,867.84,4.36,34.62,0.77,48.64,36.87,51.61,8.74
2022-10-07 03:30:00,4,881.2,6.71,30.16,0.27,48.16,39.4,53.9,7.66
2022-10-07 04:30:00,4,867.84,8.72,28.1,0.11,49.59,39.27,52.95,7.22
2022-10-07 05:30:00,4,867.84,11.4,27.42,0.04,52.93,38.2,51.07,7.16
2022-10-07 06:30:00,4,934.6,15.65,28.79,0.01,59.13,39.83,53.75,8.36
2022-10-07 07:30:00,4,1188.28,25.93,32.22,0.26,73.43,48.99,67.69,11.78
2022-10-07 08:30:00,5,1375.2,39.34,37.01,1.45,99.18,57.44,80.11,14.57
2022-10-07 09:30:00,5,1255.04,42.02,45.93,0.97,133.51,55.4,75.73,12.67
2022-10-07 10:30:00,5,1054.76,42.02,49.35,1.32,156.4,51.02,69.02,10.77
2022-10-07 11:30:00,4,907.9,42.02,46.61,1.61,162.12,46.05,62.65,10.26
2022-10-07 12:30:00,4,814.44,33.97,47.98,1.77,146.87,40.15,53.5,8.36
2022-10-07 13:30:00,4,821.11,29.06,54.84,1.83,143.05,39.71,51.19,7.79
2022-10-07 14:30:00,4,867.84,27.05,60.32,2.03,148.77,41.9,52.56,7.54
2022-10-07 15:30:00,5,1081.47,28.61,65.8,2.41,150.68,52.24,64.07,9.25
2022-10-07 16:30:00,5,1375.2,31.74,72.66,1.7,141.14,66.37,80.52,10.77
2022-10-07 17:30:00,5,1615.52,34.42,72.66,0.51,123.98,73.99,89.89,10.89
2022-10-07 18:30:00,5,1682.28,30.85,64.43,0.04,101.09,74.09,91.15,10.77
2022-10-07 19:30:00,5,1708.98,25.93,54.15,0,84.88,76.74,95.89,11.27
2022-10-07 20:30:00,5,1708.98,24.14,49.35,0,81.06,80.49,101.27,11.27
2022-10-07 21:30:00,5,1588.82,21.46,45.93,0,76.29,76.29,96.6,10.26
2022-10-07 22:30:00,5,1401.9,18.78,42.16,0,68.66,67.12,85.57,8.99
2022-10-07 23:30:00,5,1188.28,16.32,38.04,0,61.04,53.73,67.29,6.52
2022-10-08 00:30:00,4,961.3,12.41,34.96,0.01,56.27,41.25,48.99,3.99
2022-10-08 01:30:00,4,854.49,8.38,31.87,0.04,50.54,35.85,41.02,3.1
2022-10-08 02:30:00,4,807.76,5.92,29.13,0.2,44.35,32.99,37.46,3.1
2022-10-08 03:30:00,4,774.38,4.36,27.08,0.56,41.01,30.26,34.56,3.2
2022-10-08 04:30:00,4,747.68,3.63,25.7,0.94,39.1,28.72,32.96,3.26
2022-10-08 05:30:00,4,747.68,4.14,25.36,0.88,39.1,29.35,34.23,3.48
2022-10-08 06:30:00,4,814.44,7.49,25.36,0.36,40.05,33.05,39.74,4.5
2022-10-08 07:30:00,4,1001.36,15.65,25.7,0.06,43.87,40.43,50.6,6.21
2022-10-08 08:30:00,4,1094.82,22.35,27.08,0.33,49.59,41.52,52.62,6.46
2022-10-08 09:30:00,4,961.3,20.56,25.7,3.04,51.98,35.1,44.69,5.83
2022-10-08 10:30:00,4,881.2,15.65,28.1,5.9,53.41,32.7,41.7,5.7
2022-10-08 11:30:00,4,834.47,11.29,33.24,10.55,58.65,32.47,40.66,5.32
2022-10-08 12:30:00,4,867.84,8.61,41.13,12.52,64.85,36.12,44.08,5.07
2022-10-08 13:30:00,4,961.3,9.05,47.3,11.09,72.48,42.14,50.81,5.32
2022-10-08 14:30:00,4,974.66,7.15,46.61,11.27,67.71,43.03,51.81,5.45
2022-10-08 15:30:00,4,961.3,4.58,44.55,11.09,57.22,42.04,50.7,5.51
2022-10-08 16:30:00,4,988.01,4.08,46.61,6.79,54.36,42.68,51.34,5.45
2022-10-08 17:30:00,4,1041.41,5.92,49.35,2.17,55.31,44.57,53.46,5.38
2022-10-08 18:30:00,4,1081.47,7.6,46.61,0.77,54.84,45.85,55.68,5.76
2022-10-08 19:30:00,5,1188.28,9.61,42.84,0.34,53.88,52.8,65.54,7.16
2022-10-08 20:30:00,5,1308.44,11.51,41.47,0.15,56.27,61.68,76.87,8.11
2022-10-08 21:30:00,5,1308.44,11.06,40.78,0.15,57.7,63.73,78.58,7.92
2022-10-08 22:30:00,5,1201.63,8.05,39.07,0.39,53.88,57.53,70.39,6.9
2022-10-08 23:30:00,4,1028.06,4.58,36.67,1.24,47.68,46.9,56.26,5.07
2022-10-09 00:30:00,4,847.82,2.01,33.93,3.08,42.44,36.68,42.43,3.39
2022-10-09 01:30:00,4,754.36,0.95,30.5,5.41,39.58,32.03,36.5,3.07
2022-10-09 02:30:00,4,694.27,0.6,26.73,7.15,35.29,28.87,32.82,3.01
2022-10-09 03:30:00,4,674.25,0.66,25.36,6.71,34.81,27.61,31.29,3.01
2022-10-09 04:30:00,4,674.25,1.2,26.05,4.29,36.24,28.24,31.9,3.04
2022-10-09 05:30:00,4,707.63,2.65,26.73,1.86,37.67,29.89,33.72,3.26
2022-10-09 06:30:00,4,794.41,5.92,26.73,0.6,39.1,34.34,39.56,4.31
2022-10-09 07:30:00,4,1001.36,13.08,28.45,0.08,47.68,43.16,51.82,6.27
2022-10-09 08:30:00,4,1174.93,21.46,31.87,0.06,61.99,49.88,60.88,7.35
2022-10-09 09:30:00,5,1255.04,27.94,34.27,0.34,82.02,53.16,64.98,7.28
2022-10-09 10:30:00,5,1255.04,31.74,32.56,0.29,90.6,53.82,65.63,7.22
2022-10-09 11:30:00,5,1201.63,29.95,31.19,0.2,86.78,50.82,61.47,7.09
2022-10-09 12:30:00,4,1161.58,25.48,32.56,0.16,76.29,46.81,55.72,6.71
2022-10-09 13:30:00,4,1121.52,17.88,41.47,0.28,72.48,43.95,51.93,6.52
2022-10-09 14:30:00,4,1054.76,7.82,54.84,1.94,74.39,41.69,49.1,6.52
2022-10-09 15:30:00,4,1134.87,4.64,65.12,2.35,81.06,48.07,56.66,7.09
2022-10-09 16:30:00,5,1335.14,10.51,69.23,0.27,86.78,60.63,71.66,7.16
2022-10-09 17:30:00,5,1401.9,13.63,61.69,0.12,73.43,62.77,74.25,6.52
2022-10-09 18:30:00,5,1321.79,13.41,46.61,0.11,53.88,55.4,66.39,6.59
2022-10-09 19:30:00,5,1335.14,13.75,41.47,0.07,48.64,56.17,68.91,7.73
2022-10-09 20:30:00,5,1415.25,13.63,42.16,0.06,48.64,61.71,75.97,8.36
2022-10-09 21:30:00,5,1321.79,8.83,41.13,0.39,38.62,55.75,70.25,8.61
2022-10-09 22:30:00,4,1121.52,3.91,37.01,1.81,28.85,44.22,57.22,7.98
2022-10-09 23:30:00,4,934.6,1.38,32.56,5.36,23.6,34.36,43.52,6.27
2022-10-10 00:30:00,4,787.73,0.41,27.76,10.46,20.74,27.5,32.94,4.88
2022-10-10 01:30:00,4,801.09,0.43,28.1,10.01,24.08,30.59,35.94,5.32
2022-10-10 02:30:00,4,834.47,0.56,28.79,8.23,26.7,34.52,40.47,5.89
2022-10-10 03:30:00,4,1001.36,2.29,30.85,2.91,28.85,46.31,55.9,7.09
2022-10-10 04:30:00,5,1281.74,8.16,31.19,0.2,33.38,66.47,82.54,9.88
2022-10-10 05:30:00,5,1655.58,18.55,30.85,0.01,44.35,91.21,114.61,14.95
2022-10-10 06:30:00,5,2403.26,42.47,34.62,0,66.76,140.17,177.88,25.08
2022-10-10 07:30:00,5,3578.19,84.04,41.13,0,91.55,209.95,269.05,30.65
2022-10-10 08:30:00,5,3471.37,96.56,43.53,0.02,104.9,190.65,244.47,22.55
2022-10-10 09:30:00,5,1976.01,54.99,40.78,1.15,108.72,95.97,121.48,12.79
2022-10-10 10:30:00,5,1735.69,44.7,40.78,5.36,105.86,78.88,100.19,12.92
2022-10-10 11:30:00,5,1735.69,39.79,52.78,15.02,120.16,83.92,104.57,14.19
2022-10-10 12:30:00,5,1562.12,23.25,65.8,41.48,119.21,93.06,109.85,10.26
2022-10-10 13:30:00,5,1548.77,14.08,74.71,75.1,120.16,115.46,131.6,8.36
2022-10-10 14:30:00,5,1615.52,11.85,89.11,92.98,143.05,142.62,159.94,7.47
2022-10-10 15:30:00,5,1695.63,10.73,104.19,85.83,167.85,158.67,177.85,7.35
2022-10-10 16:30:00,5,1735.69,9.5,123.38,57.22,188.83,153.64,173.92,8.11
2022-10-10 17:30:00,5,1628.88,4.81,128.87,24.32,188.83,124.82,144.32,8.99
2022-10-10 18:30:00,5,1668.93,4.58,105.56,3.67,135.42,98.18,119.47,12.29
2022-10-10 19:30:00,5,1976.01,13.52,78.83,0.14,85.83,102.65,133.02,15.45
2022-10-10 20:30:00,5,2082.82,16.99,67.17,0.03,63.9,109.62,146.05,14.69
2022-10-10 21:30:00,5,1976.01,14.75,56.21,0.06,46.25,104.37,140.78,13.3
2022-10-10 22:30:00,5,2109.53,19,47.98,0.01,39.58,109.46,150.07,14.06
2022-10-10 23:30:00,5,2189.64,23.69,44.55,0,37.19,112.17,152.32,13.05
2022-10-11 00:30:00,5,2029.42,22.8,42.16,0,33.38,104.32,138.44,10.13
2022-10-11 01:30:00,5,1762.39,17.21,39.41,0,31.95,94.14,121.75,8.99
2022-10-11 02:30:00,5,1455.31,11.73,36.67,0.02,34.33,82.83,103.93,8.61
2022-10-11 03:30:00,5,1268.39,10.84,36.33,0.02,44.82,75.94,91.71,8.61
2022-10-11 04:30:00,5,1281.74,13.86,37.36,0.01,54.84,77.98,92.52,8.74
2022-10-11 05:30:00,5,1375.2,19.67,39.41,0,67.71,85.45,100.85,9.75
2022-10-11 06:30:00,5,1602.17,30.4,42.16,0,85.83,99.12,117.58,12.03
2022-10-11 07:30:00,5,2082.82,50.51,45.93,0.01,109.67,125.34,151.09,15.71
2022-10-11 08:30:00,5,2590.18,67.95,51.41,0.08,129.7,148.83,180.51,16.72
2022-10-11 09:30:00,5,2563.48,54.54,57.58,0.32,113.49,146.39,174.66,12.92
2022-10-11 10:30:00,5,2510.07,40.68,67.17,0.48,103.95,154.93,180.69,11.78
2022-10-11 11:30:00,5,2536.77,34.42,76.77,0.26,108.72,166.63,191.71,12.29
2022-10-11 12:30:00,5,2349.85,22.35,78.14,12.52,98.23,162.62,183.97,10.51
2022-10-11 13:30:00,5,2243.04,15.87,80.88,41.84,96.32,167.76,187.49,9.5
2022-10-11 14:30:00,5,2456.67,15.65,97.33,71.53,122.07,204.46,226.29,9.37
2022-10-11 15:30:00,5,3231.05,18.55,130.24,67.95,139.24,274.44,307.68,14.06
2022-10-11 16:30:00,5,4219.06,22.58,164.51,35.41,135.42,338.34,386.93,20.01
2022-10-11 17:30:00,5,5073.55,38.89,180.96,5.68,125.89,370.94,433.92,23.56
2022-10-11 18:30:00,5,6034.85,72.42,174.11,0.06,117.3,412.57,494.11,27.61
2022-10-11 19:30:00,5,6942.75,94.77,159.03,0,109.67,470.75,576.43,30.15
2022-10-11 20:30:00,5,7370,99.24,142.57,0,103,521.34,644.68,28.88
2022-10-11 21:30:00,5,8758.54,123.38,132.98,0,125.89,647.98,806.7,55.73
2022-10-11 22:30:00,5,10787.96,168.09,138.46,0,190.73,828.65,1026.52,110.45
2022-10-11 23:30:00,5,12069.7,203.85,146.69,0,234.6,934.17,1143.27,141.86
2022-10-12 00:30:00,5,12283.33,225.31,145.32,0,228.88,944.99,1150.47,131.73
2022-10-12 01:30:00,5,12176.51,227.09,131.61,0,209.81,934.25,1137.95,118.55
2022-10-12 02:30:00,5,11001.59,194.91,109.67,0,169.75,866.44,1045.89,93.22
2022-10-12 03:30:00,5,7797.24,110.86,85.68,0,77.25,638.79,731.44,28.37
2022-10-12 04:30:00,5,5981.45,67.95,69.23,0,49.11,501.29,555.16,16.47
2022-10-12 05:30:00,5,5126.95,56.77,58.95,0,49.59,442.39,480.37,17.99
2022-10-12 06:30:00,5,5073.55,67.95,52.78,0,62.94,433.8,468.95,25.84
2022-10-12 07:30:00,5,5767.82,101.92,49.35,0.01,75.34,452.49,499.74,32.42
2022-10-12 08:30:00,5,6195.07,128.75,50.72,0.08,79.15,432.41,489.47,30.15
2022-10-12 09:30:00,5,2777.1,29.95,78.83,7.51,118.26,231.59,261.71,9.25
2022-10-12 10:30:00,5,2403.26,20.34,77.46,32.9,122.07,221.95,254.88,8.11
2022-10-12 11:30:00,5,2136.23,12.74,65.8,83.68,115.39,232.15,268.28,6.65
2022-10-12 12:30:00,5,1321.79,4.53,32.9,161.65,63.9,164.54,188.47,4.81
2022-10-12 13:30:00,5,1094.82,2.37,23.99,205.99,51.02,146.49,164.81,5.13
2022-10-12 14:30:00,5,1094.82,2.01,25.7,231.74,55.31,151.28,168.43,6.02
2022-10-12 15:30:00,5,1522.06,2.96,45.93,214.58,64.85,176.49,200.43,11.27
2022-10-12 16:30:00,5,2216.34,3.63,79.51,160.22,71.53,206.23,242.3,18.49
2022-10-12 17:30:00,5,2830.51,1.72,117.9,90.12,71.53,219.27,265.59,23.56
2022-10-12 18:30:00,5,3337.86,0.12,141.2,31.83,69.62,233.6,291.55,26.85
2022-10-12 19:30:00,5,3631.59,3.24,134.35,5.54,66.76,252.05,323.03,27.11
2022-10-12 20:30:00,5,3631.59,7.71,111.04,1.2,60.08,256.42,332.99,23.81
2022-10-12 21:30:00,5,3471.37,8.49,94.59,0.87,54.36,258.85,334.5,20.27
2022-10-12 22:30:00,5,3284.45,7.04,83.63,1.22,49.59,252.78,323.78,18.24
2022-10-12 23:30:00,5,2803.8,4.41,73.34,2.53,40.53,218.18,277.56,13.81
2022-10-13 00:30:00,5,2269.74,3.16,61.69,3,29.33,177.68,222.19,8.61
2022-10-13 01:30:00,5,2136.23,5.42,52.09,1.03,25.99,168.13,208.97,7.41
2022-10-13 02:30:00,5,2162.93,8.83,44.55,0.25,26.94,169.63,210.98,8.23
2022-10-13 03:30:00,5,2349.85,15.42,36.67,0.03,28.13,182.98,229.5,9.37
2022-10-13 04:30:00,5,2590.18,25.03,29.82,0,28.37,201.18,252.43,9.37
2022-10-13 05:30:00,5,2803.8,37.1,25.02,0,29.56,216.39,270.97,9.88
2022-10-13 06:30:00,5,3578.19,65.27,23.99,0,38.15,258.46,325.22,14.57
2022-10-13 07:30:00,5,5500.79,134.11,27.42,0.16,55.79,356.99,456.41,23.05
2022-10-13 08:30:00,5,6942.75,193.12,40.44,1.68,64.85,413.43,532.47,27.87
2022-10-13 09:30:00,5,2803.8,29.06,79.51,46.49,74.39,209.23,251.83,22.04
2022-10-13 10:30:00,5,2563.48,14.75,71.97,103,80.11,220.32,261.05,24.07
2022-10-13 11:30:00,5,2243.04,7.26,56.21,180.24,82.02,231.57,269.47,22.55
2022-10-13 12:30:00,5,1068.12,2.63,22.28,185.97,46.25,105.16,122.37,12.16
2022-10-13 13:30:00,5,814.44,1.98,16.45,173.09,32.9,70.6,82.6,9.75
2022-10-13 14:30:00,5,781.06,1.96,17.65,163.08,31.95,64.51,75.61,9.88
2022-10-13 15:30:00,5,1108.17,3.55,33.59,137.33,39.1,78.66,95.65,14.44
2022-10-13 16:30:00,5,1655.58,4.69,60.32,103,47.21,106.12,133.74,20.27
2022-10-13 17:30:00,5,2162.93,2.21,91.85,58.65,51.02,130.75,167.39,25.08
2022-10-13 18:30:00,5,2590.18,0.18,109.67,23.6,54.84,157.73,204.78,31.41
2022-10-13 19:30:00,5,2777.1,0.44,102.82,15.2,56.27,182.11,240.52,37.49
2022-10-13 20:30:00,5,2777.1,0.31,89.11,16.81,53.41,194.46,259.11,39.52
2022-10-13 21:30:00,5,2696.99,0.21,79.51,18.06,50.54,199.98,265.68,38.5
2022-10-13 22:30:00,5,2670.29,0.37,74.71,15.02,47.68,201.7,267.22,35.46
2022-10-13 23:30:00,5,2376.56,0.41,67.86,14.13,39.58,183.75,241.7,27.87
2022-10-14 00:30:00,5,1922.61,0.17,56.21,17.7,29.8,154.85,199.53,19.25
2022-10-14 01:30:00,5,1708.98,0.12,47.3,18.6,26.46,145.15,183.88,15.45
2022-10-14 02:30:00,5,1642.23,0.15,42.84,16.81,25.99,145.21,182.43,13.3
2022-10-14 03:30:00,5,1642.23,0.32,40.44,13.05,26.23,149.95,187.86,11.78
2022-10-14 04:30:00,5,1668.93,0.96,40.44,7.69,26.46,156.5,195,10.39
2022-10-14 05:30:00,5,1762.39,3.97,41.47,2.37,27.89,165.38,205.39,10.01
2022-10-14 06:30:00,5,2189.64,16.09,43.53,0.18,35.29,190.54,238,13.3
2022-10-14 07:30:00,5,3177.64,46.94,47.3,0.51,49.59,244.76,311.66,21.28
2022-10-14 08:30:00,5,3952.03,71.53,59.63,5.36,61.99,287.22,366.93,26.85
2022-10-14 09:30:00,5,3124.24,27.49,83.63,45.78,77.25,260.64,325.69,26.35
2022-10-14 10:30:00,5,2777.1,13.52,75.4,108.72,83.92,269.01,332.43,27.61
2022-10-14 11:30:00,5,2376.56,6.54,56.21,188.83,82.02,274.91,336.01,25.08
2022-10-14 12:30:00,5,1041.41,2.07,20.05,205.99,46.73,136.77,173.21,12.92
2022-10-14 13:30:00,5,827.79,1.69,15.77,191.69,36.24,105.81,136.54,11.15
2022-10-14 14:30:00,5,821.11,1.73,17.31,181.67,35.76,101.41,130.74,11.27
2022-10-14 15:30:00,5,1268.39,3.63,38.39,148.77,43.87,120.97,157.16,16.47
2022-10-14 16:30:00,5,2002.72,5.53,74.03,98.71,52.93,152.68,200.52,23.05
2022-10-14 17:30:00,5,2670.29,3.91,115.16,38.62,57.7,177.37,234.05,28.63
2022-10-14 18:30:00,5,3204.35,7.49,131.61,2.37,61.99,202.08,268.2,35.46
2022-10-14 19:30:00,5,3391.27,9.72,116.53,0.8,62.94,222.51,297.7,41.04
2022-10-14 20:30:00,5,3231.05,4.47,101.45,3.49,59.13,230.56,309.12,43.57
2022-10-14 21:30:00,5,3097.53,1.51,89.11,7.78,55.31,234.24,312.45,43.57
2022-10-14 22:30:00,5,3044.13,1.84,83.63,6.53,51.5,239.1,316.03,42.56
2022-10-14 23:30:00,5,2777.1,2.26,76.77,5.1,42.44,222.42,290.73,33.94
2022-10-15 00:30:00,5,2189.64,0.74,63.06,10.73,30.28,186.66,238.67,21.79
2022-10-15 01:30:00,5,1735.69,0.03,45.24,24.32,23.13,161.93,203.57,15.71
2022-10-15 02:30:00,5,1508.71,0.01,35.3,31.47,21.22,152.83,190.75,13.05
2022-10-15 03:30:00,5,1428.6,0.01,31.53,30.76,20.5,150.93,187.91,11.4
2022-10-15 04:30:00,5,1428.6,0.04,31.53,23.6,20.27,152.33,189.66,10.39
2022-10-15 05:30:00,5,1508.71,0.41,35.64,13.77,21.46,158.49,197.68,10.13
2022-10-15 06:30:00,5,1815.8,4.97,42.84,3.44,26.94,176.16,222.1,12.41
2022-10-15 07:30:00,5,2510.07,23.92,47.3,0.91,37.19,213.39,274.7,17.99
2022-10-15 08:30:00,5,3017.43,39.79,55.52,8.14,46.73,241.02,312.81,21.28
2022-10-15 09:30:00,5,2723.69,23.47,67.17,38.98,58.17,238.75,306.83,21.28
2022-10-15 10:30:00,5,2536.77,13.86,64.43,90.84,67.71,250.63,318.01,22.29
2022-10-15 11:30:00,5,2136.23,6.54,49.35,165.94,75.34,256.32,318.35,20.01
2022-10-15 12:30:00,5,947.95,1.68,16.62,208.85,48.16,137.29,176.97,10.64
2022-10-15 13:30:00,5,774.38,1.26,12.85,205.99,39.1,110.92,144.08,9.5
2022-10-15 14:30:00,5,767.71,1.3,14.57,200.27,40.53,107.76,139.87,9.75
2022-10-15 15:30:00,5,1842.5,7.26,58.26,125.89,50.54,152.87,202.33,20.01
2022-10-15 16:30:00,5,3417.97,19.67,112.41,48.64,59.6,223.02,297.38,30.15
2022-10-15 17:30:00,5,4859.92,54.09,141.2,5.41,66.76,276.56,369.79,39.01
2022-10-15 18:30:00,5,6141.66,101.92,141.2,0.03,77.25,334.85,446,49.14
2022-10-15 19:30:00,5,6782.53,111.76,135.72,0,79.15,385.44,513.58,52.18
2022-10-15 20:30:00,5,6622.31,91.2,124.75,0,72.48,403.93,536.97,47.62
2022-10-15 21:30:00,5,6195.07,70.63,112.41,0,65.8,411.65,543.06,43.06
2022-10-15 22:30:00,5,6141.66,66.16,98.71,0,62.94,424.98,558.71,45.6
2022-10-15 23:30:00,5,5767.82,65.27,82.25,0,54.36,407.02,535.63,43.06
2022-10-16 00:30:00,5,4646.3,53.2,68.55,0,39.58,340.63,447.36,31.66
2022-10-16 01:30:00,5,3791.81,41.57,57.58,0,31.47,292.59,380.92,22.8
2022-10-16 02:30:00,5,3284.45,35.32,48.67,0,27.18,268.81,347.37,15.96
2022-10-16 03:30:00,5,3044.13,32.63,41.81,0,24.8,258.03,331.92,11.65
2022-10-16 04:30:00,5,2910.61,33.08,36.33,0,23.6,252.3,323.4,9.75
2022-10-16 05:30:00,5,2910.61,36.66,33.24,0,23.6,252.21,321.44,9.25
2022-10-16 06:30:00,5,3364.56,53.64,32.22,0,29.8,277.31,353.3,12.92
2022-10-16 07:30:00,5,4966.74,105.5,33.24,0.17,45.78,362.34,466.26,22.8
2022-10-16 08:30:00,5,6622.31,164.51,43.87,1.7,58.65,445.37,573.27,31.66
2022-10-16 09:30:00,5,4005.43,50.07,89.11,26.11,62.94,309.65,394.26,31.66
2022-10-16 10:30:00,5,4486.08,27.49,117.9,87.98,75.34,387.8,482.88,35.46
2022-10-16 11:30:00,5,4753.11,11.29,113.79,223.16,85.83,503.69,605.3,32.93
2022-10-16 12:30:00,5,1575.47,2.88,35.99,263.21,82.97,223.89,271.25,13.3
2022-10-16 13:30:00,5,1108.17,1.59,22.28,271.8,61.99,174.62,210.57,11.27
2022-10-16 14:30:00,5,1028.06,1.37,22.28,274.66,58.65,159.56,192,12.03
2022-10-16 15:30:00,5,2082.82,5.53,70.6,180.24,62.94,198.13,247.34,22.8
2022-10-16 16:30:00,5,3685,12.18,131.61,82.97,69.62,265.6,337.39,33.44
2022-10-16 17:30:00,5,4966.74,29.5,175.48,12.7,79.15,310.31,398.51,43.57
2022-10-16 18:30:00,5,6301.88,78.68,174.11,0.04,101.09,369.53,477.64,61.3
2022-10-16 19:30:00,5,7476.81,111.76,165.88,0,127.79,439.32,571.65,83.09
2022-10-16 20:30:00,5,8010.86,126.96,154.91,0,143.05,488.41,639.01,99.3
2022-10-16 21:30:00,5,8117.68,135.9,135.72,0,133.51,509.72,667.18,97.27
2022-10-16 22:30:00,5,7476.81,134.11,108.3,0,90.6,483.17,632.36,69.92
2022-10-16 23:30:00,5,6088.26,114.44,85,0,49.59,388.33,505.74,35.97
2022-10-17 00:30:00,5,4165.65,72.42,72.66,0,25.27,259.51,334.07,15.07
2022-10-17 01:30:00,5,3017.43,34.87,70.6,0.01,22.89,197.06,251.6,11.53
2022-10-17 02:30:00,5,2296.45,10.28,69.23,1.56,22.89,165.5,210.37,10.77
2022-10-17 03:30:00,5,1602.17,0.13,52.09,18.78,23.84,135.66,171.1,10.89
2022-10-17 04:30:00,5,1468.66,0.12,43.87,18.78,23.84,133,167.28,10.13
2022-10-17 05:30:00,5,1455.31,0.52,43.18,12.52,24.08,136.82,170.4,9.88
2022-10-17 06:30:00,5,1762.39,6.09,49.35,3.22,29.56,157.28,196.21,12.92
2022-10-17 07:30:00,5,2670.29,33.53,53.47,0.8,43.39,204.23,261.21,21.53
2022-10-17 08:30:00,5,3631.59,69.74,58.26,5.1,57.7,245.41,319.15,29.13
2022-10-17 09:30:00,5,3845.21,62.58,80.2,18.78,67.71,256.07,332.13,32.93
2022-10-17 10:30:00,5,4112.24,40.68,111.04,56.51,74.39,295.27,378.55,35.97
2022-10-17 11:30:00,5,4005.43,19.22,117.9,140.19,79.15,340.42,424.63,33.44
2022-10-17 12:30:00,5,1028.06,3.74,31.19,183.11,51.98,102.99,131.56,12.67
2022-10-17 13:30:00,5,694.27,2.07,18.68,188.83,36.24,77.96,99.55,9.88
2022-10-17 14:30:00,5,660.9,1.93,19.36,185.97,35.29,73.18,93.48,9.88
2022-10-17 15:30:00,5,1949.31,11.96,73.34,103,51.98,122.21,165.21,23.31
2022-10-17 16:30:00,5,3898.62,42.02,130.24,30.4,68.66,202.22,276.66,36.98
2022-10-17 17:30:00,5,5554.2,104.61,146.69,3.04,78.2,264.82,360.21,48.13
2022-10-17 18:30:00,5,7156.37,168.09,149.43,0.01,94.41,343.03,462.52,65.86
2022-10-17 19:30:00,5,8438.11,194.91,143.95,0,109.67,429.93,577.24,83.09
2022-10-17 20:30:00,5,8758.54,185.97,128.87,0,116.35,487.24,655.63,92.21
2022-10-17 21:30:00,5,8651.73,169.87,112.41,0,108.72,513.27,687.82,89.17
2022-10-17 22:30:00,5,8117.68,151.99,97.33,0,86.78,501.01,666.37,74.98
2022-10-17 23:30:00,5,6729.13,123.38,87.05,0,59.6,417.15,550.02,52.69
2022-10-18 00:30:00,5,4699.71,80.47,80.2,0,35.29,283.36,370.48,31.16
2022-10-18 01:30:00,5,3417.97,46.04,76.09,0,26.94,210.09,272.77,23.31
2022-10-18 02:30:00,5,2643.59,21.9,71.29,0.13,24.32,175.05,225.03,19
2022-10-18 03:30:00,5,1842.5,2.68,58.95,3.76,23.37,136.62,174.61,15.58
2022-10-18 04:30:00,5,1708.98,3.07,50.04,2.1,22.65,126.07,159.16,14.95
2022-10-18 05:30:00,5,1708.98,7.15,45.24,0.27,22.65,117.73,147.67,14.69
2022-10-18 06:30:00,5,1976.01,16.99,45.93,0.02,28.13,125.33,160.27,17.99
2022-10-18 07:30:00,5,2803.8,44.7,49.35,0.61,41.01,161.68,217.22,26.6
2022-10-18 08:30:00,5,3685,76.89,58.26,5.05,52.93,198.88,274.68,32.42
2022-10-18 09:30:00,5,3471.37,57.22,77.46,21.28,58.17,191.25,264.61,32.42
2022-10-18 10:30:00,5,3391.27,33.53,97.33,60.08,61.04,207.4,281.7,32.93
2022-10-18 11:30:00,5,3337.86,17.66,101.45,134.47,64.85,242.35,316.06,31.66
2022-10-18 12:30:00,5,1028.06,3.91,31.87,181.67,50.07,92.43,116.33,13.17
2022-10-18 13:30:00,5,741,2.51,21.93,185.97,40.05,72.46,89.49,10.51
2022-10-18 14:30:00,5,720.98,2.4,23.65,183.11,42.44,69.54,86.1,10.51
2022-10-18 15:30:00,5,2162.93,13.41,83.63,101.57,63.9,125.1,166,26.09
2022-10-18 16:30:00,5,4272.46,45.6,143.95,29.33,88.69,212.15,284.01,42.05
2022-10-18 17:30:00,5,6408.69,126.96,160.4,2.55,113.49,299.62,397.91,58.77
2022-10-18 18:30:00,5,9399.41,239.61,167.25,0.01,167.85,452.94,588.72,97.27
2022-10-18 19:30:00,5,12817.38,339.75,189.19,0,255.58,679.2,861.72,164.15
2022-10-18 20:30:00,5,15808.11,407.7,216.6,0,331.88,894.9,1116.7,224.95
2022-10-18 21:30:00,5,17089.84,407.7,235.8,0,339.51,1000.16,1242.45,243.19
2022-10-18 22:30:00,5,16235.35,361.2,216.6,0,263.21,963.32,1192.34,198.6
2022-10-18 23:30:00,5,12817.38,264.64,164.51,0,141.14,758.93,924.09,112.47
2022-10-19 00:30:00,5,6782.53,111.76,112.41,0,51.5,391,465.24,38.5
2022-10-19 01:30:00,5,3417.97,37.55,86.37,0,28.37,201.08,244.41,24.07
2022-10-19 02:30:00,5,2002.72,8.49,74.71,1.45,22.41,122.42,156.38,21.03
2022-10-19 03:30:00,5,1401.9,0.24,55.52,17.34,21.46,89.38,119.27,19.51
2022-10-19 04:30:00,5,1241.68,0.03,41.81,27.54,22.41,81.74,111.1,19.51
2022-10-19 05:30:00,5,1295.09,0.2,41.13,20.92,24.8,86.68,118.14,20.52
2022-10-19 06:30:00,5,1789.09,7.93,51.41,4.74,33.86,112.48,154.06,26.09
2022-10-19 07:30:00,5,2883.91,42.02,56.21,0.54,48.64,163.4,225.71,37.49
2022-10-19 08:30:00,5,3524.78,69.74,61.69,5.14,56.74,184.29,254.69,41.04
2022-10-19 09:30:00,5,3231.05,56.77,73.34,17.7,59.6,174.1,239.44,37.49
2022-10-19 10:30:00,5,3578.19,46.94,98.71,41.48,73.43,212.51,286.92,39.52
2022-10-19 11:30:00,5,3791.81,27.72,124.75,103,95.37,277.4,357.05,38.5
2022-10-19 12:30:00,5,2002.72,8.94,72.66,185.97,102.04,186.77,230.22,20.77
2022-10-19 13:30:00,5,1548.77,5.03,54.15,228.88,93.46,176.5,213.44,16.72
2022-10-19 14:30:00,5,1495.36,3.58,52.78,263.21,97.27,192.03,228.5,16.72
2022-10-19 15:30:00,5,2056.12,4.19,78.14,240.33,104.9,231.5,277.63,22.8
2022-10-19 16:30:00,5,3177.64,4.86,132.98,171.66,119.21,295.95,359.31,32.93
2022-10-19 17:30:00,5,4486.08,2.35,213.86,77.25,141.14,365.62,446.44,43.57
2022-10-19 18:30:00,5,7370,41.57,301.6,1.35,175.48,538.52,658.46,66.88
2022-10-19 19:30:00,5,11428.83,123.38,326.28,0,192.64,816.75,999.9,96.26
2022-10-19 20:30:00,5,14099.12,166.3,329.02,0,188.83,1041.27,1282.05,113.49
2022-10-19 21:30:00,5,13885.5,148.42,309.82,0,164.03,1067.94,1336.08,103.35
2022-10-19 22:30:00,5,11962.89,119.81,265.96,0,123.98,960.33,1208.79,78.02
2022-10-19 23:30:00,5,9399.41,92.98,208.38,0,80.11,780.39,971.69,43.06
2022-10-20 00:30:00,5,5874.63,45.15,142.57,0,47.21,510.11,615.2,21.53
2022-10-20 01:30:00,5,4165.65,23.69,104.19,0.01,31.47,360.09,428.62,17.73
2022-10-20 02:30:00,5,3284.45,15.87,76.09,0.02,25.51,277.51,333.65,16.47
2022-10-20 03:30:00,5,2616.88,14.75,56.21,0.01,23.13,218.15,269.86,14.82
2022-10-20 04:30:00,5,2216.34,15.65,45.24,0.01,23.13,176.93,225.5,13.81
2022-10-20 05:30:00,5,2002.72,17.43,40.78,0.02,25.99,152.81,199.06,14.44
2022-10-20 06:30:00,5,2323.15,30.85,40.44,0,35.76,163.74,216.97,21.03
2022-10-20 07:30:00,5,3417.97,68.84,44.55,0.27,53.88,212.84,285.97,35.46
2022-10-20 08:30:00,5,4165.65,101.03,52.09,2.79,66.76,234.83,317.4,44.08
2022-10-20 09:30:00,5,3738.4,79.57,69.23,11.62,73.43,209.86,282.3,42.56
2022-10-20 10:30:00,5,3845.21,58.11,100.08,34.33,84.88,234.1,308.29,43.57
2022-10-20 11:30:00,5,3685,29.5,119.27,92.98,96.32,262.03,332.03,39.01
2022-10-20 12:30:00,5,1735.69,8.72,63.06,161.65,83.92,157.96,196.99,21.28
2022-10-20 13:30:00,5,1388.55,4.92,51.41,197.41,77.25,153.53,187.21,17.99
2022-10-20 14:30:00,5,1455.31,3.8,57.58,220.3,91.55,172.52,206.9,18.75
2022-10-20 15:30:00,5,3284.45,11.96,138.46,123.02,119.21,278.86,341.87,33.44
2022-10-20 16:30:00,5,6462.1,45.6,238.54,28.61,148.77,460.21,568.28,54.21
2022-10-20 17:30:00,5,9613.04,121.59,298.86,2.19,204.09,632.73,783.99,86.13
2022-10-20 18:30:00,5,11749.27,164.51,356.44,0.01,267.03,770.58,969.69,125.65
2022-10-20 19:30:00,5,12069.7,148.42,361.92,0,251.77,849.21,1079.06,126.66
2022-10-20 20:30:00,5,10894.78,102.82,320.79,0,204.09,863.45,1084.44,102.34
2022-10-20 21:30:00,5,6835.94,12.63,238.54,1.02,150.68,659.56,815.48,56.74
2022-10-20 22:30:00,5,5661.01,6.98,180.96,1.4,110.63,593.55,730.37,41.54
2022-10-20 23:30:00,5,4859.92,5.81,145.32,2.1,82.02,537.13,650.33,26.6
2022-10-21 00:30:00,5,3738.4,0.89,108.3,12.16,61.99,457.36,536.1,13.93
2022-10-21 01:30:00,5,2910.61,0.01,70.6,34.69,54.36,399.24,457.72,10.13
2022-10-21 02:30:00,5,2429.96,0,50.04,54.36,48.64,356.59,404.01,8.99
2022-10-21 03:30:00,5,2376.56,0,47.98,46.49,37.67,342.13,389.19,8.99
2022-10-21 04:30:00,5,2643.59,0.19,55.52,20.21,30.52,354.79,409.31,8.87
2022-10-21 05:30:00,5,3044.13,6.93,61.01,2.06,33.38,384.19,451.16,11.53
2022-10-21 06:30:00,5,4112.24,39.34,58.26,0,48.16,458.81,549.76,21.79
2022-10-21 07:30:00,5,6515.5,119.81,59.63,0.16,72.48,603.65,739.53,36.98
2022-10-21 08:30:00,5,9078.98,219.94,68.55,1.52,86.78,725.14,894.55,45.6
2022-10-21 09:30:00,5,5233.76,79.57,109.67,18.42,81.06,452.47,549.13,32.42
2022-10-21 10:30:00,5,5287.17,46.49,148.06,62.94,92.51,476.51,577.01,38
2022-10-21 11:30:00,5,5073.55,20.34,150.8,167.37,103.95,512.46,610.4,36.48
2022-10-21 12:30:00,5,1815.8,6.43,57.58,197.41,87.74,201.6,243.57,17.48
2022-10-21 13:30:00,5,1241.68,4.02,39.76,208.85,70.57,146.62,178.46,14.95
2022-10-21 14:30:00,5,1174.93,3.44,40.78,217.44,71.53,141.04,171.14,15.96
2022-10-21 15:30:00,5,2670.29,12.85,106.93,128.75,82.97,204.39,259.05,30.15
2022-10-21 16:30:00,5,4966.74,42.47,183.7,37.91,96.32,300.67,388.04,43.57
2022-10-21 17:30:00,5,6942.75,112.65,211.12,3.26,104.9,360.93,469.72,52.18
2022-10-21 18:30:00,5,8758.54,196.7,213.86,0.01,131.61,443.53,571.99,73.97
2022-10-21 19:30:00,5,10360.72,243.19,216.6,0,179.29,553.71,706.5,113.49
2022-10-21 20:30:00,5,11108.4,246.76,211.12,0,209.81,629.71,797.4,147.94
2022-10-21 21:30:00,5,11215.21,219.94,200.15,0,211.72,655.25,826.55,164.15
2022-10-21 22:30:00,5,11215.21,209.21,183.7,0,205.99,681.23,863.7,172.26
2022-10-21 23:30:00,5,10894.78,218.15,160.4,0,183.11,679.81,867.76,154.02
2022-10-22 00:30:00,5,9078.98,207.42,123.38,0,102.04,560.42,725.78,81.06
2022-10-22 01:30:00,5,6622.31,159.14,85,0,41.01,394.3,513.45,32.17
2022-10-22 02:30:00,5,4539.49,104.61,58.95,0,23.37,263.84,341.79,20.52
2022-10-22 03:30:00,5,2536.77,38.44,56.21,0,19.79,153.42,207.51,26.6
2022-10-22 04:30:00,5,1842.5,13.86,50.72,0.09,18.36,131.26,181.16,19.51
2022-10-22 05:30:00,5,1522.06,4.08,42.5,2.01,17.88,133.07,178.33,14.06
2022-10-22 06:30:00,5,1468.66,0.96,39.07,9.21,22.17,152.6,195.53,13.3
2022-10-22 07:30:00,5,1869.2,6.26,46.61,4.02,31.47,191.61,241.52,15.71
2022-10-22 08:30:00,5,2376.56,20.12,50.72,9.21,41.01,236.2,295.19,19
2022-10-22 09:30:00,5,2643.59,22.35,58.26,27.18,51.5,278.5,343.29,22.55
2022-10-22 10:30:00,5,2616.88,14.08,58.95,70.1,58.17,307.98,372.77,25.84
2022-10-22 11:30:00,5,2323.15,6.82,48.67,140.19,61.99,328.11,387.77,24.83
2022-10-22 12:30:00,5,1174.93,1.59,18.34,223.16,47.21,216.42,257.03,14.31
2022-10-22 13:30:00,5,907.9,1.17,14.22,223.16,41.48,164.95,201.18,12.54
2022-10-22 14:30:00,5,834.47,1.23,15.94,211.72,42.44,139.37,174.22,12.92
2022-10-22 15:30:00,5,1789.09,6.15,58.95,131.61,50.54,166.22,216.23,21.53
2022-10-22 16:30:00,5,3284.45,17.66,112.41,46.49,58.17,222.79,295.62,30.65
2022-10-22 17:30:00,5,4592.9,51.41,137.09,4.38,63.9,265.8,356.34,39.01
2022-10-22 18:30:00,5,5821.23,95.67,135.72,0.01,74.39,317.96,426.44,51.17
2022-10-22 19:30:00,5,6408.69,105.5,126.12,0,74.39,361.08,487.27,58.26
2022-10-22 20:30:00,5,5874.63,83.15,108.3,0,64.85,357.88,484.31,55.73
2022-10-22 21:30:00,5,4592.9,44.7,93.22,0,52.93,306.05,414.33,47.12
2022-10-22 22:30:00,5,4112.24,35.32,78.14,0,47.21,290.77,393.69,43.57
2022-10-22 23:30:00,5,3578.19,29.5,68.55,0,37.19,261.96,354.63,32.93
2022-10-23 00:30:00,5,2777.1,19,59.63,0.03,25.75,209.95,283.04,21.28
2022-10-23 01:30:00,5,2243.04,11.29,52.09,0.16,21.93,180.13,240.39,16.09
2022-10-23 02:30:00,5,2002.72,7.82,46.61,0.36,20.98,168.31,221.81,12.92
2022-10-23 03:30:00,5,1895.9,6.2,42.84,0.62,20.5,163.66,213.19,10.77
2022-10-23 04:30:00,5,1842.5,5.81,40.44,0.73,20.27,163.57,210.76,9.37
2022-10-23 05:30:00,5,1922.61,8.16,39.41,0.42,21.46,168.32,215.28,8.99
2022-10-23 06:30:00,5,2296.45,19,40.44,0.07,27.66,190.86,244.1,12.29
2022-10-23 07:30:00,5,3204.35,45.6,44.55,0.41,40.53,240.35,311.06,21.28
2022-10-23 08:30:00,5,3791.81,64.37,56.21,5.41,51.02,270.41,351.6,28.12
2022-10-23 09:30:00,5,3578.19,40.68,80.2,28.25,60.56,269.66,345.49,31.16
2022-10-23 10:30:00,5,3845.21,24.59,97.33,79.39,70.57,315.8,397.68,33.94
2022-10-23 11:30:00,5,3685,10.95,86.37,175.95,76.29,359.67,441.54,30.91
2022-10-23 12:30:00,5,1188.28,2.21,24.68,234.6,55.31,146.86,178.91,13.3
2022-10-23 13:30:00,5,827.79,1.58,17.14,220.3,40.53,101.9,124.98,11.4
2022-10-23 14:30:00,5,787.73,1.62,19.02,211.72,41.48,94.28,115.74,11.27
2022-10-23 15:30:00,5,1922.61,7.82,67.86,131.61,54.36,140.42,180.73,22.8
2022-10-23 16:30:00,5,3685,21.9,128.87,49.35,67.71,218.82,287.07,34.96
2022-10-23 17:30:00,5,5340.58,62.58,160.4,4.78,82.02,284.82,375.19,47.62
2022-10-23 18:30:00,5,6835.94,121.59,159.03,0.01,103,356.15,470.72,67.89
2022-10-23 19:30:00,5,7797.24,143.05,148.06,0,109.67,421.51,561.92,81.06
2022-10-23 20:30:00,5,7797.24,134.11,123.38,0,96.32,449.12,600.47,79.04
2022-10-23 21:30:00,5,7263.18,119.81,95.96,0,78.2,452.12,602.94,66.88
2022-10-23 22:30:00,5,6729.13,109.08,74.71,0,62.94,440.63,583.35,54.72
2022-10-23 23:30:00,5,5447.39,84.94,61.69,0,43.87,365.03,482.77,38.5
2022-10-24 00:30:00,5,3337.86,35.76,61.01,0,28.37,225.95,297.58,24.32
2022-10-24 01:30:00,5,2536.77,18.33,56.89,0.05,27.42,179.07,233.69,21.53
2022-10-24 02:30:00,5,2216.34,10.51,52.78,0.29,27.42,162.07,208.84,19.25
2022-10-24 03:30:00,5,2002.72,4.58,50.04,1.7,26.7,152.35,193.76,16.47
2022-10-24 04:30:00,5,1869.2,1.77,47.3,4.87,25.75,146.81,183.49,13.43
2022-10-24 05:30:00,5,1815.8,1.23,46.61,7.33,26.46,144.67,177.61,11.78
2022-10-24 06:30:00,5,2002.72,3.69,52.78,4.92,32.42,155.01,189.99,14.31
2022-10-24 07:30:00,5,2643.59,17.88,62.38,1.88,44.82,188.18,236.33,22.8
2022-10-24 08:30:00,5,3097.53,30.4,69.23,15.91,53.88,209.5,265.97,29.39
2022-10-24 09:30:00,5,2990.72,21.68,76.09,54.36,61.99,214.89,270.21,32.42
2022-10-24 10:30:00,5,2777.1,12.52,70.6,114.44,70.57,228.81,283.09,32.93
2022-10-24 11:30:00,5,2296.45,6.37,54.84,188.83,76.29,234.12,282.78,28.88
2022-10-24 12:30:00,5,1121.52,2.93,28.79,214.58,67.71,122.35,146.33,14.19
2022-10-24 13:30:00,5,867.84,2.29,23.65,217.44,60.08,94.72,113.21,11.91
2022-10-24 14:30:00,5,827.79,2.12,24.68,214.58,60.08,88.59,105.86,12.03
2022-10-24 15:30:00,5,1575.47,4.97,56.21,167.37,65.8,119.3,149.38,20.27
2022-10-24 16:30:00,5,2830.51,9.83,109.67,90.84,70.57,171.14,222.9,30.4
2022-10-24 17:30:00,5,3898.62,20.79,156.28,15.91,70.57,203.33,270.28,38
2022-10-24 18:30:00,5,4699.71,50.96,148.06,0.02,73.43,234.72,314.62,46.61
2022-10-24 19:30:00,5,4699.71,47.83,123.38,0,72.48,247.16,332.5,51.68
2022-10-24 20:30:00,5,3898.62,23.25,102.82,0.18,63.9,218.34,296.09,49.14
2022-10-24 21:30:00,5,3097.53,2.74,93.22,5.99,55.31,185.39,250.85,45.09
2022-10-24 22:30:00,5,2910.61,0.43,82.94,14.84,51.98,179.77,243.16,44.08
2022-10-24 23:30:00,5,2563.48,0.13,73.34,21.1,43.39,159.93,216.17,38
2022-10-25 00:30:00,5,2029.42,0.03,60.32,26.82,31.95,128.37,170.05,29.39
2022-10-25 01:30:00,5,1735.69,0.02,50.72,27.89,27.89,115.02,147.77,26.35
2022-10-25 02:30:00,5,1615.52,0.03,45.24,26.11,26.46,111.71,139.77,25.33
2022-10-25 03:30:00,5,1548.77,0.05,41.81,23.96,25.51,110.3,135.78,24.32
2022-10-25 04:30:00,5,1495.36,0.07,39.76,22.17,24.8,108.88,132.04,23.31
2022-10-25 05:30:00,5,1482.01,0.15,40.78,20.21,25.51,111.47,133.79,22.8
2022-10-25 06:30:00,5,1708.98,1.1,50.72,13.23,30.99,127.66,154.31,25.84
2022-10-25 07:30:00,5,2349.85,11.29,66.49,3.49,42.92,165.49,205.17,34.45
2022-10-25 08:30:00,5,2830.51,29.06,70.6,14.66,50.54,197.77,246.62,38.5
2022-10-25 09:30:00,5,2937.32,28.61,77.46,38.98,55.79,219.19,270.75,36.98
2022-10-25 10:30:00,5,2857.21,17.88,76.77,87.26,62.94,242.21,294.58,34.45
2022-10-25 11:30:00,5,2456.67,7.82,58.95,168.8,68.66,253.72,298.44,28.63
2022-10-25 12:30:00,5,1121.52,1.82,20.39,234.6,55.79,135.95,154.18,12.03
2022-10-25 13:30:00,5,867.84,1.44,16.11,220.3,46.73,95.02,112.34,11.02
2022-10-25 14:30:00,5,801.09,1.34,16.62,208.85,44.35,86.24,107.49,11.27
2022-10-25 15:30:00,5,1188.28,2.65,36.67,170.23,50.07,101.41,132.59,15.71
2022-10-25 16:30:00,5,1922.61,3.8,73.34,110.15,57.22,131.01,176.07,22.55
2022-10-25 17:30:00,5,2616.88,2.04,117.9,41.48,61.04,156.97,214.62,29.39
2022-10-25 18:30:00,5,3364.56,9.05,137.09,2.17,68.66,192.99,265.09,39.01
2022-10-25 19:30:00,5,3791.81,19,122.01,0.1,73.43,229.14,316.85,47.62
2022-10-25 20:30:00,5,3898.62,18.78,108.3,0.09,71.53,249.33,346.6,51.17
2022-10-25 21:30:00,5,4379.27,29.5,98.71,0.02,71.53,293.42,403.71,57.25
2022-10-25 22:30:00,5,5287.17,50.07,93.22,0,72.48,358.49,488.56,61.81
2022-10-25 23:30:00,5,5340.58,59.01,87.05,0,60.56,364.3,496.23,53.2
2022-10-26 00:30:00,5,4646.3,55.43,76.09,0,43.87,320.64,436.03,35.97
2022-10-26 01:30:00,5,4325.87,55.88,63.75,0,39.1,309.87,415.02,29.13
2022-10-26 02:30:00,5,4165.65,59.01,52.78,0,38.62,310.93,408.64,27.11
2022-10-26 03:30:00,5,3791.81,56.33,43.87,0,37.67,293.93,384.91,25.08
2022-10-26 04:30:00,5,3311.16,48.73,38.73,0,34.81,265.26,350.67,21.53
2022-10-26 05:30:00,5,2990.72,45.15,36.67,0,33.38,244,327.1,19.25
2022-10-26 06:30:00,5,3471.37,62.58,37.7,0,41.48,268.57,362.87,24.57
2022-10-26 07:30:00,5,5447.39,128.75,43.18,0.11,61.99,372.9,503.53,42.05
2022-10-26 08:30:00,5,7583.62,214.58,57.58,1.39,77.25,475,639.16,56.74
2022-10-26 09:30:00,5,5073.55,101.92,97.33,13.41,75.34,339.57,461.87,43.06
2022-10-26 10:30:00,5,4806.52,52.75,135.72,51.5,85.83,361.61,485.31,42.56
2022-10-26 11:30:00,5,4646.3,21.68,142.57,147.34,97.27,416.86,538.7,38.5
2022-10-26 12:30:00,5,1535.42,4.36,45.93,223.16,83.92,188.2,247.15,14.69
2022-10-26 13:30:00,5,1108.17,2.49,29.47,231.74,66.76,147.48,194.3,12.92
2022-10-26 14:30:00,5,1054.76,2.07,29.13,234.6,65.8,138.97,182.98,13.55
2022-10-26 15:30:00,5,2510.07,9.05,94.59,141.62,81.06,198.32,264.91,28.88
2022-10-26 16:30:00,5,4646.3,29.95,168.62,42.92,99.18,292.41,389.49,43.57
2022-10-26 17:30:00,5,6835.94,104.61,189.19,2.48,115.39,379.84,502.3,55.22
2022-10-26 18:30:00,5,9719.85,219.94,180.96,0,143.05,517.91,674.36,78.02
2022-10-26 19:30:00,5,12176.51,303.98,178.22,0,181.2,680.05,879.58,112.47
2022-10-26 20:30:00,5,13137.82,329.02,180.96,0,211.72,759.79,989.82,141.86
2022-10-26 21:30:00,5,13031.01,314.71,186.44,0,230.79,766.04,1004.45,162.12
2022-10-26 22:30:00,5,12710.57,300.41,180.96,0,240.33,761.22,998.7,174.28
2022-10-26 23:30:00,5,11642.46,271.8,161.77,0,219.35,703.72,921.65,160.1
2022-10-27 00:30:00,5,9292.6,212.79,130.24,0,162.12,569.43,740.11,114.5
2022-10-27 01:30:00,5,7476.81,160.93,105.56,0,122.07,483.97,623.92,86.13
2022-10-27 02:30:00,5,6515.5,126.96,90.48,0,108.72,450.85,580.09,74.98
2022-10-27 03:30:00,5,5714.42,101.92,75.4,0,94.41,426.99,553.43,66.88
2022-10-27 04:30:00,5,4699.71,75.1,60.32,0,68.66,373.98,488.32,46.61
2022-10-27 05:30:00,5,3845.21,57.22,50.72,0,44.82,317.88,417.79,25.33
2022-10-27 06:30:00,5,3952.03,66.16,47.98,0,41.01,317.93,419.24,20.27
2022-10-27 07:30:00,5,5821.23,132.32,50.72,0.1,59.6,418.04,553.8,31.92
2022-10-27 08:30:00,5,8117.68,225.31,63.06,1.22,77.25,530.06,700.29,42.56
2022-10-27 09:30:00,5,5607.6,118.02,108.3,11.44,81.06,383.24,511.12,41.04
2022-10-27 10:30:00,5,5393.98,69.74,149.43,39.7,91.55,389.85,515.87,43.06
2022-10-27 11:30:00,5,5233.76,31.29,172.73,120.16,100.14,432.86,557.47,38.5
2022-10-27 12:30:00,5,1642.23,5.59,57.58,217.44,88.69,193.22,251.48,15.2
2022-10-27 13:30:00,5,1174.93,2.6,33.24,246.05,64.85,157.27,206.2,12.67
2022-10-27 14:30:00,5,1121.52,1.98,30.85,257.49,64.85,150.12,195.79,13.43
2022-10-27 15:30:00,5,2536.77,7.82,95.96,158.79,79.15,208,275.08,28.37
2022-10-27 16:30:00,5,4486.08,22.58,174.11,52.21,95.37,291.34,386.13,42.56
2022-10-27 17:30:00,5,6141.66,79.57,197.41,3.17,110.63,345.42,460.46,57.25
2022-10-27 18:30:00,5,8224.49,173.45,191.93,0,144.96,433.53,576.28,84.1
2022-10-27 19:30:00,5,10147.09,239.61,189.19,0,183.11,551.8,730.87,114.5
2022-10-27 20:30:00,5,11108.4,261.07,189.19,0,202.18,631.66,833.79,131.73
2022-10-27 21:30:00,5,11428.83,246.76,191.93,0,217.44,681.41,887.96,145.91
2022-10-27 22:30:00,5,12283.33,253.92,197.41,0,251.77,762.95,977.65,176.31
2022-10-27 23:30:00,5,13137.82,271.8,208.38,0,278.47,823.04,1044.02,198.6
2022-10-28 00:30:00,5,12496.95,268.22,224.83,0,263.21,772.65,983.85,192.52
2022-10-28 01:30:00,5,11535.64,246.76,235.8,0,240.33,702.36,901.92,184.42
2022-10-28 02:30:00,5,10894.78,228.88,233.05,0,223.16,674.44,869.81,176.31
2022-10-28 03:30:00,5,10040.28,200.27,213.86,0,198.36,646.25,832.77,164.15
2022-10-28 04:30:00,5,8651.73,162.72,183.7,0,173.57,584.92,747.69,151.99
2022-10-28 05:30:00,5,7156.37,125.17,152.17,0,152.59,508.74,647.3,135.78
2022-10-28 06:30:00,5,6782.53,125.17,119.27,0,123.98,500.32,637.95,96.26
2022-10-28 07:30:00,5,8865.36,198.48,98.71,0.12,114.44,640.22,815.56,72.96
2022-10-28 08:30:00,5,11749.27,300.41,95.96,1.27,114.44,809.58,1025.43,68.9
2022-10-28 09:30:00,5,8651.73,168.09,138.46,9.83,115.39,630.55,792.85,57.76
2022-10-28 10:30:00,5,8758.54,84.04,233.05,52.21,127.79,713.67,875.03,59.28
2022-10-28 11:30:00,5,8865.36,25.03,257.73,214.58,141.14,872.45,1035.65,52.18
2022-10-28 12:30:00,5,2964.02,7.26,101.45,271.8,175.48,377.6,467.34,21.03
2022-10-28 13:30:00,5,2002.72,3.8,63.75,303.27,139.24,301.07,381.57,15.07
2022-10-28 14:30:00,5,1815.8,2.29,54.15,340.46,129.7,301.25,380.35,14.06
2022-10-28 15:30:00,5,3417.97,5.59,127.49,228.88,129.7,382.22,486.45,30.65
2022-10-28 16:30:00,5,6248.47,16.32,246.76,74.39,141.14,527.36,666.48,51.68
2022-10-28 17:30:00,5,9078.98,70.63,320.79,4.16,173.57,664.25,832.21,78.02
2022-10-28 18:30:00,5,11856.08,144.84,339.98,0,238.42,793.18,985.32,123.62
2022-10-28 19:30:00,5,14099.12,194.91,356.44,0,316.62,939.96,1162.82,178.34
2022-10-28 20:30:00,5,15594.48,209.21,389.34,0,370.03,1075.99,1319.79,212.79
2022-10-28 21:30:00,5,15594.48,178.81,416.76,0,373.84,1149.39,1392.73,212.79
2022-10-28 22:30:00,5,15808.11,162.72,422.24,0,373.84,1230.46,1473.8,214.82
2022-10-28 23:30:00,5,15808.11,157.36,433.21,0,362.4,1304.38,1549.61,206.71
2022-10-29 00:30:00,5,14526.37,132.32,444.17,0,316.62,1291.21,1522.5,174.28
2022-10-29 01:30:00,5,12603.76,96.56,422.24,0,263.21,1223.34,1431.38,143.89
2022-10-29 02:30:00,5,11001.59,70.63,367.4,0,207.9,1134.61,1316.59,115.51
2022-10-29 03:30:00,5,9399.41,52.3,260.47,0,87.74,992.68,1140.2,29.89
2022-10-29 04:30:00,5,8331.3,49.17,178.22,0,35.76,862.97,993.27,9.75
2022-10-29 05:30:00,5,7263.18,48.73,119.27,0,26.94,739.06,859.15,9.5
2022-10-29 06:30:00,5,6729.13,61.69,85,0,31.95,664.37,786.37,13.43
2022-10-29 07:30:00,5,7370,107.29,67.17,0.12,46.73,665.23,808.71,21.28
2022-10-29 08:30:00,5,7904.05,151.99,67.86,1.56,58.17,654.75,815.55,27.36
2022-10-29 09:30:00,5,5180.36,59.01,102.82,19.85,67.71,474.58,597.24,27.36
2022-10-29 10:30:00,5,5233.76,28.16,134.35,79.39,79.15,507.32,632.77,32.42
2022-10-29 11:30:00,5,5607.6,13.3,139.83,205.99,92.51,607.57,737.63,33.94
2022-10-29 12:30:00,5,1949.31,2.26,38.39,311.85,85.83,269.67,331.01,14.69
2022-10-29 13:30:00,5,1428.6,1.23,22.62,311.85,63.9,204.33,256.59,12.67
2022-10-29 14:30:00,5,1321.79,1.08,23.31,308.99,61.99,185.07,234.06,12.79
2022-10-29 15:30:00,5,2483.37,4.3,82.25,205.99,75.34,230.56,297.01,24.57
2022-10-29 16:30:00,5,4539.49,10.62,169.99,82.97,93.46,322.77,416.22,38
2022-10-29 17:30:00,5,6568.91,41.13,233.05,6.71,110.63,413.79,528.87,49.65
2022-10-29 18:30:00,5,8651.73,104.61,235.8,0,131.61,524.44,660.94,64.85
2022-10-29 19:30:00,5,10681.15,155.57,230.31,0,152.59,662.67,822.91,80.05
2022-10-29 20:30:00,5,12390.14,191.33,224.83,0,164.03,799.83,982.18,87.14
2022-10-29 21:30:00,5,13458.25,211,227.57,0,165.94,906.83,1104.55,90.18
2022-10-29 22:30:00,5,13885.5,221.73,238.54,0,194.55,978.16,1185.89,115.51
2022-10-29 23:30:00,5,13458.25,203.85,268.7,0,225.07,950.13,1155.32,139.83
2022-10-30 00:30:00,5,11535.64,150.2,293.37,0,213.62,814.53,993.18,137.81
2022-10-30 01:30:00,5,9292.6,95.67,265.96,0,156.4,675.41,821.95,106.39
2022-10-30 02:30:00,5,7370,58.11,205.64,0,88.69,560.82,679.44,64.85
2022-10-30 03:30:00,5,5607.6,35.32,145.32,0,40.53,458.25,555.46,30.4
2022-10-30 04:30:00,5,4272.46,23.02,105.56,0.01,27.66,377.34,462.48,22.29
2022-10-30 05:30:00,5,3471.37,17.66,85.68,0.08,25.51,319.21,397.88,19.51
2022-10-30 06:30:00,5,2937.32,15.65,71.97,0.23,30.99,281.35,356.33,22.29
2022-10-30 07:30:00,5,3471.37,33.97,73.34,0.5,41.48,302.5,391.48,27.11
2022-10-30 08:30:00,5,4058.84,53.2,80.2,6.62,49.11,322.62,422.82,30.15
2022-10-30 09:30:00,5,3685,37.1,90.48,30.4,51.5,297.17,389.96,28.88
2022-10-30 10:30:00,5,3524.78,21.46,90.48,75.82,56.27,305.54,396.97,30.65
2022-10-30 11:30:00,5,3417.97,10.62,82.94,158.79,61.04,339.81,427.52,29.89
2022-10-30 12:30:00,5,1228.33,2.01,23.99,231.74,47.68,140.87,172.59,13.55
2022-10-30 13:30:00,5,961.3,1.19,15.59,234.6,36.24,107.13,132.48,12.67
2022-10-30 14:30:00,5,907.9,1.08,16.11,223.16,34.81,96.72,122.41,13.05
2022-10-30 15:30:00,5,1482.01,2.85,43.87,168.8,43.39,117.75,154.73,19
2022-10-30 16:30:00,5,2510.07,4.64,91.85,94.41,56.27,159.79,213.99,26.35
2022-10-30 17:30:00,5,3578.19,8.49,146.69,18.24,67.71,199.31,268.42,32.93
2022-10-30 18:30:00,5,5340.58,65.27,156.28,0.01,86.78,281.34,376.52,46.61
2022-10-30 19:30:00,5,7476.81,134.11,146.69,0,103,404.4,538.24,62.32
2022-10-30 20:30:00,5,8865.36,169.87,137.09,0,106.81,501.49,669.55,70.93
2022-10-30 21:30:00,5,9613.04,185.97,126.12,0,104.9,566.85,752.37,77.01
2022-10-30 22:30:00,5,10147.09,200.27,117.9,0,108.72,623.11,817.01,83.09
2022-10-30 23:30:00,5,9933.47,194.91,109.67,0,105.86,622.75,804.55,79.04
2022-10-31 00:30:00,5,8758.54,169.87,100.08,0,90.6,563.88,716.82,62.82
2022-10-31 01:30:00,5,8224.49,155.57,89.11,0,74.39,551.08,689.81,49.14
2022-10-31 02:30:00,5,8224.49,155.57,78.14,0,59.6,578.19,711.34,40.02
2022-10-31 03:30:00,5,8224.49,157.36,70.6,0,70.57,605.53,739.14,44.58
2022-10-31 04:30:00,5,7904.05,151.99,71.29,0,102.04,599.17,732.09,61.81
2022-10-31 05:30:00,5,7156.37,139.47,72.66,0,117.3,543.35,668.38,74.98
2022-10-31 06:30:00,5,6835.94,139.47,73.34,0,133.51,513.93,642.47,91.2
2022-10-31 07:30:00,5,8331.3,193.12,77.46,0.08,177.38,592.65,754.26,128.69
2022-10-31 08:30:00,5,10040.28,268.22,87.05,1.14,209.81,670.01,863.08,154.02
2022-10-31 09:30:00,5,8117.68,193.12,104.19,6.08,135.42,534.5,695.47,92.21
2022-10-31 10:30:00,5,7690.43,119.81,172.73,26.11,114.44,541.32,702.78,71.94
2022-10-31 11:30:00,5,7476.81,45.15,224.83,108.72,114.44,610.27,770.35,58.26
2022-10-31 12:30:00,5,2029.42,5.7,65.12,234.6,111.58,244.6,312.28,18.24
2022-10-31 13:30:00,5,1455.31,2.49,37.7,277.52,83.92,206.67,263.94,14.31
2022-10-31 14:30:00,5,1388.55,1.87,35.64,291.82,81.06,201.35,256.32,14.95
2022-10-31 15:30:00,5,2830.51,6.15,102.82,191.69,93.46,267.25,344.81,30.15
2022-10-31 16:30:00,5,5020.14,15.87,189.19,67.23,107.77,362.36,469.27,44.58
2022-10-31 17:30:00,5,6942.75,65.27,227.57,3.89,120.16,432.47,559.87,54.72
2022-10-31 18:30:00,5,9506.23,162.72,227.57,0,162.12,557.29,715.88,87.14
2022-10-31 19:30:00,5,12176.51,250.34,244.02,0,238.42,735.96,935.98,145.91
2022-10-31 20:30:00,5,13885.5,286.1,265.96,0,293.73,869.63,1098.04,190.5
2022-10-31 21:30:00,5,14526.37,264.64,287.89,0,293.73,933.59,1163.85,200.63
2022-10-31 22:30:00,5,14099.12,221.73,293.37,0,274.66,950.35,1171.29,196.58
2022-10-31 23:30:00,5,13031.01,184.18,271.44,0,240.33,897.72,1094.89,176.31
2022-11-01 00:30:00,5,10360.72,137.69,222.09,0,181.2,732.52,886.38,131.73
2022-11-01 01:30:00,5,7583.62,96.56,167.25,0,131.61,557.2,678.92,94.23
2022-11-01 02:30:00,5,5554.2,67.95,127.49,0,95.37,423.14,525.75,67.89
2022-11-01 03:30:00,5,4325.87,53.2,104.19,0,69.62,338.89,431.73,50.16
2022-11-01 04:30:00,5,3685,46.49,87.74,0,57.22,291.85,381.42,40.02
2022-11-01 05:30:00,5,3337.86,45.15,72.66,0,51.98,267.04,356.14,32.93
2022-11-01 06:30:00,5,4005.43,69.74,62.38,0,62.94,306,410.68,36.98
2022-11-01 07:30:00,5,6462.1,150.2,58.95,0.07,84.88,449.27,597.95,49.14
2022-11-01 08:30:00,5,9399.41,257.49,65.8,0.98,98.23,609.42,796.74,52.69
2022-11-01 09:30:00,5,6675.72,151.99,97.33,7.6,86.78,436.83,567.36,40.53
2022-11-01 10:30:00,5,5821.23,84.94,137.09,30.4,83.92,392.13,508.93,41.04
2022-11-01 11:30:00,5,4859.92,32.63,145.32,94.41,78.2,358.83,459.79,34.45
2022-11-01 12:30:00,5,1255.04,5.03,40.44,167.37,54.36,120.26,165.57,13.3
2022-11-01 13:30:00,5,821.11,2.79,25.7,177.38,41.48,92.17,130.53,11.15
2022-11-01 14:30:00,5,767.71,2.32,25.36,180.24,41.01,90.68,128.24,11.15
2022-11-01 15:30:00,5,1535.42,6.2,62.38,125.89,51.5,121.18,170.94,20.52
2022-11-01 16:30:00,5,2803.8,15.42,112.41,45.06,61.99,168.41,233.99,31.92
2022-11-01 17:30:00,5,3898.62,46.94,123.38,2.73,62.94,200.16,275.25,39.52
2022-11-01 18:30:00,5,4913.33,83.15,115.16,0,63.9,230.52,316.53,48.13
2022-11-01 19:30:00,5,5287.17,83.15,111.04,0,64.85,254.5,349.33,54.21
2022-11-01 20:30:00,5,5020.14,69.74,98.71,0,60.08,260.83,358.66,53.7
2022-11-01 21:30:00,5,4486.08,58.11,80.88,0,50.54,249.57,345.05,46.1
2022-11-01 22:30:00,5,4058.84,51.86,72.66,0,43.39,241.97,332.3,36.48
2022-11-01 23:30:00,5,3417.97,40.68,71.29,0,34.33,217.24,294.74,24.07
2022-11-02 00:30:00,5,2723.69,23.47,70.6,0.02,25.27,186.51,249.79,14.06
2022-11-02 01:30:00,5,2429.96,15.87,63.06,0.07,23.37,179.67,239.67,10.89
2022-11-02 02:30:00,5,2189.64,11.73,54.15,0.16,23.13,177.79,237.07,9.63
2022-11-02 03:30:00,5,2002.72,9.39,47.98,0.34,24.08,176.59,237.04,9.25
2022-11-02 04:30:00,5,1842.5,7.26,45.24,0.61,24.56,170.51,231.21,9.5
2022-11-02 05:30:00,5,1789.09,9.39,42.5,0.37,25.99,166.15,227.09,10.89
2022-11-02 06:30:00,5,2136.23,23.92,41.47,0.03,33.38,182.7,251.79,16.47
2022-11-02 07:30:00,5,3150.94,60.8,43.87,0.16,47.68,230.16,319.51,26.09
2022-11-02 08:30:00,5,3791.81,89.41,49.35,2.39,57.22,249.01,348.87,31.92
2022-11-02 09:30:00,5,2803.8,55.88,56.21,12.34,67.71,193.71,284.33,33.94
2022-11-02 10:30:00,5,2590.18,36.21,65.8,33.26,78.2,199.91,293.35,36.48
2022-11-02 11:30:00,5,2456.67,19.45,70.6,76.53,82.97,223.19,318.96,33.44
2022-11-02 12:30:00,5,1348.5,5.42,38.04,147.34,61.04,175,255.09,21.79
2022-11-02 13:30:00,5,1161.58,3.02,30.16,188.83,54.84,180.26,257.58,19.25
2022-11-02 14:30:00,5,1241.68,2.35,33.59,220.3,62.94,203.55,281.56,19.25
2022-11-02 15:30:00,5,2750.4,7.49,98.71,143.05,75.34,288.96,387.65,32.42
2022-11-02 16:30:00,5,4913.33,23.02,174.11,38.62,85.83,395.48,523.48,45.6
2022-11-02 17:30:00,5,6729.13,76.89,200.15,1.86,97.27,465.27,616.08,56.74
2022-11-02 18:30:00,5,8331.3,137.69,202.89,0,110.63,539.88,711.17,70.93
2022-11-02 19:30:00,5,9185.79,150.2,189.19,0,106.81,604.81,794.7,79.04
2022-11-02 20:30:00,5,8331.3,110.86,156.28,0,90.6,581.92,765.74,72.96
2022-11-02 21:30:00,5,5126.95,24.59,130.24,0.02,66.76,421.01,561.08,54.21
2022-11-02 22:30:00,5,5073.55,30.85,105.56,0,61.04,428.42,572.21,50.66
2022-11-02 23:30:00,5,4913.33,38.89,90.48,0,48.64,417.55,552.94,33.44
2022-11-03 00:30:00,5,4165.65,33.08,80.2,0,32.9,354.31,466.41,17.48
2022-11-03 01:30:00,5,3337.86,13.41,74.71,0.4,26.7,290.32,382.39,13.68
2022-11-03 02:30:00,5,2750.4,1.29,64.43,9.3,25.27,256.75,335.3,12.41
2022-11-03 03:30:00,5,2456.67,0.01,46.61,33.62,25.75,257.6,326.36,11.53
2022-11-03 04:30:00,5,2376.56,0,38.04,47.21,26.46,280.64,342.59,9.63
2022-11-03 05:30:00,5,2403.26,0,37.36,51.5,28.13,306.44,364.15,8.87
2022-11-03 06:30:00,5,2112,0.1,50.75,29.37,33.87,289,348,16.47
2022-11-03 07:30:00,5,2784,4.64,75.5,9.31,45.37,329,400,26.09
2022-11-03 08:30:00,5,3264,21.94,80.25,13.78,54,347,426,31.92
2022-11-03 09:30:00,5,3312,25.94,81,34.37,60.62,345,426,33.94
2022-11-03 10:30:00,5,3104,17.94,79,71.75,67.75,340,422,36.48
2022-11-03 11:30:00,5,2648,9.75,66.5,132,75.5,325,400,33.44
2022-11-03 12:30:00,5,1376,3.22,32.62,200.5,63,190,238.5,21.79
2022-11-03 13:30:00,5,1032,2.18,24.37,206,53.5,134,174.5,19.25
2022-11-03 14:30:00,5,948,1.96,25.06,203.5,54.37,116.5,154.5,19.25
2022-11-03 15:30:00,5,2272,9.19,82.5,116,68.75,166,224.5,32.42
2022-11-03 16:30:00,5,4336,37.12,141.5,25.44,84,247,337,45.6
2022-11-03 17:30:00,5,6096,107.5,149.5,1.14,92.75,313,426,56.74
2022-11-03 18:30:00,5,7808,173.5,151,0,109.75,394,536,70.93
2022-11-03 19:30:00,5,9088,198.5,144,0,120.25,487,664,79.04
2022-11-03 20:30:00,5,9536,191.5,125,0,117.5,552,752,72.96
2022-11-03 21:30:00,5,9536,179,107,0,108,594,804,54.21
2022-11-03 22:30:00,5,9728,170,97.5,0,96.5,638,850,50.66
2022-11-03 23:30:00,5,9088,154,89.25,0,74.5,610,810,33.44
2022-11-04 00:30:00,5,7376,121.75,79,0,49.62,500,666,17.48
2022-11-04 01:30:00,5,5984,92.25,72.75,0,41.5,423,564,13.68
2022-11-04 02:30:00,5,4976,64.5,68.75,0,40.12,375,492,12.41
2022-11-04 03:30:00,5,4176,44.37,65.25,0,42.5,337,439,11.53
2022-11-04 04:30:00,5,4288,47.5,63.12,0,54,354,458,9.63
2022-11-04 05:30:00,5,4768,60.87,68.75,0,77.25,394,503,8.87
2022-11-04 06:30:00,5,7056,88.75,94.75,0,70.75,568,700,7.66
2022-11-04 07:30:00,5,9536,168.5,100.25,0.08,92.75,718,878,11.78
2022-11-04 08:30:00,5,12096,272,114,1.02,105,858,1044,14.69
2022-11-04 09:30:00,5,8576,131,184,12.53,120.25,650,778,13.43
2022-11-04 10:30:00,5,8256,59.12,247,63,132,690,812,15.07
2022-11-04 11:30:00,5,8352,21.5,258,209,147,820,944,16.21
2022-11-04 12:30:00,5,3472,2.88,79.75,447,156.5,458,522,7.98
2022-11-04 13:30:00,5,2624,1.45,48,475,124,381,438,7.98
2022-11-04 14:30:00,5,2648,1.09,52.12,516,141.5,407,467,8.74
2022-11-04 15:30:00,5,3960,1.52,112.5,453,185.5,534,610,16.47
2022-11-04 16:30:00,5,6144,1.43,208.5,307,219.5,714,820,26.09
2022-11-04 17:30:00,5,7808,0.35,288,140.5,219.5,826,956,33.44
2022-11-04 18:30:00,5,8128,0.01,297,39.37,183.5,792,934,38.5
2022-11-04 19:30:00,5,7168,0.14,236,19.69,137.5,686,826,36.98
2022-11-04 20:30:00,5,6304,0.08,181,22.75,100.25,596,728,29.64
2022-11-04 21:30:00,5,5408,0,140,31.87,71.75,518,640,19.76
2022-11-04 22:30:00,5,4864,0.02,118,27.94,55.87,472,588,14.82
2022-11-04 23:30:00,5,4288,0.03,101.5,26.12,43.5,433,536,10.39
2022-11-05 00:30:00,5,3584,0,78.25,35.12,31,390,470,6.84
2022-11-05 01:30:00,5,2968,0,54.25,48.75,23.37,366,432,5.95
2022-11-05 02:30:00,5,2592,0,39.87,55.12,20.75,362,419,6.02
2022-11-05 03:30:00,5,2432,0,34,55.87,20.75,367,420,6.08
2022-11-05 04:30:00,5,2328,0,32.25,52.25,20.75,371,421,5.83
2022-11-05 05:30:00,5,2272,0,33.25,45.12,21,373,422,5.64
2022-11-05 06:30:00,5,2162.93,0.02,39.07,39.7,24.8,338.06,388.78,7.66
2022-11-05 07:30:00,5,2750.4,2.21,63.06,14.48,33.38,379.02,440.91,11.78
2022-11-05 08:30:00,5,3231.05,13.86,74.03,12.34,41.96,408.02,477.36,14.69
2022-11-05 09:30:00,5,2723.69,8.72,65.8,59.37,50.54,387.87,450.48,13.43
2022-11-05 10:30:00,5,2376.56,7.38,54.15,97.27,51.5,375.09,433.51,15.07
2022-11-05 11:30:00,5,2109.53,5.2,44.55,144.48,51.02,374.04,428.74,16.21
2022-11-05 12:30:00,5,1295.09,2.21,28.79,226.02,66.76,279.65,328.46,7.98
2022-11-05 13:30:00,5,1121.52,1.65,25.36,243.19,64.85,247.01,296.02,7.98
2022-11-05 14:30:00,5,1081.47,1.42,27.08,240.33,66.76,234.67,283.11,8.74
2022-11-05 15:30:00,5,1668.93,2.68,57.58,180.24,66.76,249.03,305.15,16.47
2022-11-05 16:30:00,5,2750.4,3.74,106.93,92.98,59.13,280.54,350.39,26.09
2022-11-05 17:30:00,5,3791.81,7.38,154.91,16.45,53.41,307.28,389.69,33.44
2022-11-05 18:30:00,5,4539.49,29.5,156.28,0.02,52.45,337.07,431.58,38.5
2022-11-05 19:30:00,5,4486.08,29.5,139.83,0.01,51.5,361.75,463.23,36.98
2022-11-05 20:30:00,5,3898.62,12.41,120.64,1.56,48.16,366.4,464.85,29.64
2022-11-05 21:30:00,5,2937.32,0.05,85.68,31.47,40.53,343.95,429.39,19.76
2022-11-05 22:30:00,5,2563.48,0,65.12,50.78,34.81,333.56,411.32,14.82
2022-11-05 23:30:00,5,2269.74,0,56.21,55.79,27.89,315,382.26,10.39
2022-11-06 00:30:00,5,2002.72,0,50.04,51.5,20.98,295.8,351.63,6.84
2022-11-06 01:30:00,5,1949.31,0,45.24,40.41,18.36,290.2,341.57,5.95
2022-11-06 02:30:00,5,1869.2,0.01,39.76,31.83,17.64,286.7,336.42,6.02
2022-11-06 03:30:00,5,1842.5,0.03,37.01,25.39,18.6,286.17,335.39,6.08
2022-11-06 04:30:00,5,1815.8,0.03,34.96,23.96,19.31,285.23,333.51,5.83
2022-11-06 05:30:00,5,1789.09,0.03,34.96,25.75,20.5,287.49,334.83,5.64
2022-11-06 06:30:00,5,1895.9,0.02,40.44,27.89,24.08,298.94,348.15,6.4
2022-11-06 07:30:00,5,2429.96,1.47,63.06,14.13,33.86,335.37,395.31,9.63
2022-11-06 08:30:00,5,2990.72,13.3,75.4,14.84,44.35,373.82,442.39,12.54
2022-11-06 09:30:00,5,2670.29,10.06,68.55,55.79,51.02,382.44,449.21,10.51
2022-11-06 10:30:00,5,2456.67,7.6,59.63,95.84,54.36,388.17,453.81,11.65
2022-11-06 11:30:00,5,2323.15,5.81,55.52,137.33,60.08,396.71,462.82,13.43
2022-11-06 12:30:00,5,1441.96,3.16,38.39,188.83,63.9,303.42,358.01,6.33
2022-11-06 13:30:00,5,1214.98,2.15,29.82,208.85,54.36,266.55,318.61,6.65
2022-11-06 14:30:00,5,1161.58,1.66,27.42,217.44,49.11,258.72,308.91,8.11
2022-11-06 15:30:00,5,2243.04,5.64,78.83,138.76,53.88,305.26,371.49,21.03
2022-11-06 16:30:00,5,3791.81,15.2,138.46,41.13,56.74,371.75,456.57,32.93
2022-11-06 17:30:00,5,4966.74,52.75,146.69,1.92,60.08,409.99,505.52,40.53
2022-11-06 18:30:00,5,6141.66,101.92,135.72,0,70.57,451.24,559.33,49.65
2022-11-06 19:30:00,5,6942.75,121.59,123.38,0,77.25,501.97,626.36,57.25
2022-11-06 20:30:00,5,6835.94,116.23,106.93,0,72.48,518.68,649.57,53.7
2022-11-06 21:30:00,5,6408.69,97.45,94.59,0,64.85,513.88,645.69,48.13
2022-11-06 22:30:00,5,6462.1,97.45,86.37,0,56.74,529.74,669.45,39.01
2022-11-06 23:30:00,5,6408.69,101.03,79.51,0,44.35,527.79,675.4,25.08
2022-11-07 00:30:00,5,5607.6,91.2,70.6,0,30.52,476.37,612.56,14.06
2022-11-07 01:30:00,5,5340.58,89.41,61.01,0,33.38,464.6,600.09,15.71
2022-11-07 02:30:00,5,5500.79,94.77,52.09,0,41.48,488.83,628.51,22.04
2022-11-07 03:30:00,5,5874.63,104.61,47.3,0,60.08,541.31,683.32,35.46
2022-11-07 04:30:00,5,5981.45,104.61,47.98,0,83.92,566.55,702.04,52.18
2022-11-07 05:30:00,5,5607.6,95.67,52.09,0,102.04,552.67,674.65,63.84
2022-11-07 06:30:00,5,5554.2,98.35,55.52,0,116.35,550.55,667.41,74.98
2022-11-07 07:30:00,5,7156.37,153.78,56.89,0.01,127.79,644.35,783.56,84.1
2022-11-07 08:30:00,5,9185.79,236.03,61.69,0.14,107.77,737.53,893.97,54.21
2022-11-07 09:30:00,5,5554.2,119.81,76.77,2.41,77.25,483.55,582.29,25.59
2022-11-07 10:30:00,5,4806.52,79.57,89.11,8.94,74.39,420.93,513.62,33.44
2022-11-07 11:30:00,5,5928.04,33.08,168.62,95.84,102.04,564.69,682.77,34.45
2022-11-07 12:30:00,5,2563.48,25.48,135.72,94.41,247.96,323.74,386.65,13.05
2022-11-07 13:30:00,5,2029.42,15.65,124.75,113.01,234.6,282.14,337.54,10.39
2022-11-07 14:30:00,5,1655.58,5.92,89.11,151.63,160.22,243.36,291.45,8.99
2022-11-07 15:30:00,5,2696.99,9.5,115.16,88.69,111.58,268.91,333.92,28.12
2022-11-07 16:30:00,5,4966.74,28.61,171.36,30.04,104.9,371.99,478.83,48.64
2022-11-07 17:30:00,5,7156.37,103.71,183.7,1.05,121.12,472.5,612.4,65.86
2022-11-07 18:30:00,5,8972.17,168.09,276.92,0,215.53,572.14,733.79,117.54
2022-11-07 19:30:00,5,10147.09,184.18,309.82,0,247.96,665.5,851.83,147.94
2022-11-07 20:30:00,5,10040.28,164.51,309.82,0,244.14,698.21,892.22,156.04
2022-11-07 21:30:00,5,9292.6,134.11,282.41,0,213.62,683.48,868.41,139.83
2022-11-07 22:30:00,5,8758.54,116.23,254.99,0,192.64,674.92,854.03,131.73
2022-11-07 23:30:00,5,8224.49,103.71,235.8,0,177.38,654.06,821.77,122.61
2022-11-08 00:30:00,5,6782.53,74.21,211.12,0,137.33,578.21,712.16,93.22
2022-11-08 01:30:00,5,5714.42,48.28,180.96,0,86.78,537.15,644.32,58.26
2022-11-08 02:30:00,5,4966.74,29.06,152.17,0.01,51.02,520.17,609.87,27.36
2022-11-08 03:30:00,5,3898.62,8.83,109.67,0.63,36.72,486,559.4,13.3
2022-11-08 04:30:00,5,3578.19,6.54,86.37,0.74,33.86,483.63,556.1,12.79
2022-11-08 05:30:00,5,3685,11.62,76.09,0.14,36.72,489.9,565.86,13.68
2022-11-08 06:30:00,5,4379.27,29.95,74.03,0.01,50.07,529.9,617.73,19.25
2022-11-08 07:30:00,5,5767.82,71.53,81.57,0.12,70.57,603.57,715.61,28.12
2022-11-08 08:30:00,5,7049.56,116.23,91.85,1.99,86.78,663.73,793.46,32.42
2022-11-08 09:30:00,5,6515.5,89.41,116.53,2.86,94.41,611.21,733.51,30.91
2022-11-08 10:30:00,5,7370,108.18,131.61,1.99,106.81,659.33,800.48,38.5
2022-11-08 11:30:00,5,8010.86,118.02,154.91,2.3,123.98,708.72,861.28,45.6
2022-11-08 12:30:00,5,2803.8,17.88,142.57,29.33,169.75,359.03,428.27,13.17
2022-11-08 13:30:00,5,1922.61,7.71,104.19,62.23,125.89,250.57,303.96,11.02
2022-11-08 14:30:00,5,1949.31,6.93,102.82,77.96,133.51,252.61,306.69,12.92
2022-11-08 15:30:00,5,2670.29,6.31,128.87,73.67,154.5,329.02,394.04,19.76
2022-11-08 16:30:00,5,3631.59,4.86,169.99,43.99,169.75,426.32,500.63,27.36
2022-11-08 17:30:00,5,4379.27,4.81,205.64,10.73,194.55,502.18,576.93,27.87
2022-11-08 18:30:00,5,6622.31,67.95,208.38,0,167.85,664.45,762,29.64
2022-11-08 19:30:00,5,9399.41,132.32,200.15,0,148.77,874.81,1004.7,35.97
2022-11-08 20:30:00,5,11001.59,160.93,189.19,0,137.33,1020.84,1170.27,37.49
2022-11-08 21:30:00,5,12283.33,182.39,178.22,0,125.89,1138.2,1305.55,42.05
2022-11-08 22:30:00,5,13671.88,209.21,169.99,0,133.51,1267.49,1460.57,58.26
2022-11-08 23:30:00,5,14739.99,232.46,161.77,0,150.68,1341.8,1557.46,77.01
2022-11-09 00:30:00,5,14312.74,228.88,157.65,0,156.4,1310.04,1526.05,82.08
2022-11-09 01:30:00,5,13137.82,202.06,138.46,0,125.89,1231.41,1424.84,64.34
2022-11-09 02:30:00,5,11428.83,162.72,112.41,0,83.92,1127.17,1286.24,35.46
2022-11-09 03:30:00,5,9292.6,112.65,87.05,0,54.36,970.62,1095.69,17.73
2022-11-09 04:30:00,5,7583.62,85.83,65.8,0,41.96,841.34,945.8,13.55
2022-11-09 05:30:00,5,6675.72,80.47,50.72,0,38.62,757.62,851.48,13.43
2022-11-09 06:30:00,5,6942.75,102.82,43.87,0,46.73,744.7,845.54,18.49
2022-11-09 07:30:00,5,8758.54,173.45,46.61,0.03,67.71,832.77,968.06,28.88
2022-11-09 08:30:00,5,10360.72,250.34,59.63,0.65,83.92,881.1,1041.78,34.45
2022-11-09 09:30:00,5,5981.45,94.77,112.41,10.37,106.81,536.45,629.16,28.88
2022-11-09 10:30:00,5,6675.72,67.06,171.36,37.55,127.79,610.21,713.51,39.01
2022-11-09 11:30:00,5,7476.81,33.08,222.09,121.59,148.77,746.91,859.99,43.06
2022-11-09 12:30:00,5,2162.93,11.51,97.33,145.91,173.57,256.09,293.46,9.63
2022-11-09 13:30:00,5,1628.88,7.82,85,155.93,164.03,209.63,240.02,6.14
2022-11-09 14:30:00,5,1642.23,6.37,97.33,153.06,183.11,218.92,249.09,5.83
2022-11-09 15:30:00,5,3471.37,20.79,186.44,68.66,221.25,332.83,391.17,30.91
2022-11-09 16:30:00,5,6622.31,92.98,279.66,9.39,293.73,503.19,603.44,81.06
2022-11-09 17:30:00,5,10040.28,218.15,320.79,0.55,366.21,668.63,803.33,131.73
2022-11-09 18:30:00,5,13458.25,343.32,350.95,0,450.13,853.65,1021.99,190.5
2022-11-09 19:30:00,5,16448.97,418.42,378.37,0,541.69,1068.28,1270.26,253.32
2022-11-09 20:30:00,5,17730.71,429.15,389.34,0,579.83,1209.37,1428.48,287.77
2022-11-09 21:30:00,5,17089.84,375.51,378.37,0,556.95,1235.09,1443.02,275.61
2022-11-09 22:30:00,5,16876.22,350.48,367.4,0,534.06,1292.74,1493.1,267.51
2022-11-09 23:30:00,5,17303.47,354.05,350.95,0,488.28,1354.29,1550.45,245.21
2022-11-10 00:30:00,5,16021.73,336.17,315.31,0,381.47,1318.39,1499.53,182.39
2022-11-10 01:30:00,5,14953.61,307.56,263.21,0,259.4,1285.4,1455.37,115.51
2022-11-10 02:30:00,5,14953.61,296.83,224.83,0,160.22,1325.06,1491.06,61.81
2022-11-10 03:30:00,5,14739.99,289.68,186.44,0,94.41,1354.25,1517.8,29.89
2022-11-10 04:30:00,5,13565.06,257.49,149.43,0,74.39,1273.41,1423.27,24.07
2022-11-10 05:30:00,5,11535.64,207.42,124.75,0,82.97,1127.15,1258.21,27.61
2022-11-10 06:30:00,5,10360.72,182.39,109.67,0,102.04,1037.84,1162.26,36.48
2022-11-10 07:30:00,5,11642.46,236.03,94.59,0.03,106.81,1105.31,1262.1,44.08
2022-11-10 08:30:00,5,13351.44,311.14,89.11,0.53,105.86,1178.74,1372.59,38
2022-11-10 09:30:00,5,7263.18,132.32,124.75,5.54,165.94,743.65,846.35,13.17
2022-11-10 10:30:00,5,6462.1,85.83,149.43,17.52,160.22,649.28,749.3,22.04
2022-11-10 11:30:00,5,4432.68,30.4,127.49,56.51,131.61,425.87,505.8,24.32
2022-11-10 12:30:00,5,1468.66,6.09,52.09,117.3,89.65,142.41,174.19,10.26
2022-11-10 13:30:00,5,1054.76,3.8,39.07,141.62,80.11,97.78,120.25,9.37
2022-11-10 14:30:00,5,1094.82,3.24,41.81,158.79,82.97,103.63,126.76,9.63
2022-11-10 15:30:00,5,1869.2,5.31,75.4,128.75,84.88,150.32,187.53,17.48
2022-11-10 16:30:00,5,3150.94,9.95,134.35,55.79,83.92,224.94,283.56,28.12
2022-11-10 17:30:00,5,4325.87,33.08,168.62,3.8,77.25,293.91,367.12,35.97
2022-11-10 18:30:00,5,5126.95,66.16,157.65,0,72.48,346.58,432.13,41.04
2022-11-10 19:30:00,5,5073.55,64.37,137.09,0,66.76,363.17,455.6,39.52
2022-11-10 20:30:00,5,4486.08,44.26,115.16,0,56.27,336.29,425.49,31.92
2022-11-10 21:30:00,5,3898.62,29.06,101.45,0,48.16,298.29,379.61,24.83
2022-11-10 22:30:00,5,3631.59,23.92,93.22,0.01,43.87,269.96,346.79,21.28
2022-11-10 23:30:00,5,3177.64,18.1,84.31,0.06,36.24,223.05,287.71,16.47
2022-11-11 00:30:00,5,2483.37,8.72,72.66,0.64,27.42,166.01,213.47,12.16
2022-11-11 01:30:00,5,2029.42,2.32,61.69,4.47,25.03,136.37,172.94,12.79
2022-11-11 02:30:00,5,1789.09,0.33,50.72,13.95,25.51,125.34,155.97,14.69
2022-11-11 03:30:00,5,1615.52,0.05,41.81,25.03,26.23,119.46,145.95,16.47
2022-11-11 04:30:00,5,1508.71,0.02,37.36,31.47,26.94,116.6,140.59,16.21
2022-11-11 05:30:00,5,1482.01,0.03,38.73,31.47,29.09,118.88,141.84,15.58
2022-11-11 06:30:00,5,1682.28,0.47,50.04,21.1,35.29,133.64,160.67,17.23
2022-11-11 07:30:00,5,2243.04,8.38,67.86,4.11,45.78,162.06,200.4,21.53
2022-11-11 08:30:00,5,2510.07,26.38,67.17,11.62,51.98,170.33,212.79,22.29
2022-11-11 09:30:00,5,2189.64,25.48,61.01,31.47,54.84,151.63,188.04,21.79
2022-11-11 10:30:00,5,1976.01,19.67,55.52,53.64,59.6,148.15,182.31,24.57
2022-11-11 11:30:00,5,1762.39,13.08,50.04,83.68,63.9,147.69,178.85,24.32
2022-11-11 12:30:00,5,841.14,3.63,21.59,131.61,34.33,62.46,76.51,10.89
2022-11-11 13:30:00,4,707.63,2.35,16.28,143.05,26.46,48.09,59.66,8.87
2022-11-11 14:30:00,4,707.63,2.01,16.79,147.34,26.23,47.21,58.64,8.74
2022-11-11 15:30:00,5,1041.41,3.38,33.24,127.32,34.33,60.53,77.32,13.17
2022-11-11 16:30:00,5,1588.82,4.02,62.38,89.41,42.92,83.03,108.66,19.51
2022-11-11 17:30:00,5,2109.53,1.16,95.96,42.92,46.25,102.33,135.09,25.08
2022-11-11 18:30:00,5,2563.48,0.81,113.79,14.31,51.5,126.05,167.36,31.92
2022-11-11 19:30:00,5,2670.29,0.45,104.19,17.88,52.93,144.02,192.79,37.49
2022-11-11 20:30:00,5,2510.07,0.02,84.31,35.05,49.59,149.26,198.99,39.01
2022-11-11 21:30:00,5,2403.26,0,72.66,47.21,47.21,154.45,203.77,39.52
2022-11-11 22:30:00,5,2483.37,0,70.6,50.07,46.25,166.19,216.9,40.02
2022-11-11 23:30:00,5,2376.56,0,65.12,53.64,41.01,163.89,209.45,35.97
2022-11-12 00:30:00,5,2029.42,0,50.72,65.09,31.47,145.48,178.85,28.63
2022-11-12 01:30:00,5,1762.39,0,34.27,82.97,24.8,138.94,163.78,23.81
2022-11-12 02:30:00,5,1762.39,0,25.7,95.84,22.89,146.66,167.33,22.04
2022-11-12 03:30:00,5,1869.2,0,21.76,100.14,22.17,162.13,180.51,20.77
2022-11-12 04:30:00,5,2029.42,0,20.56,97.27,21.93,180.21,197.41,19
2022-11-12 05:30:00,5,2189.64,0,22.62,86.55,22.89,196.08,213.38,16.97
2022-11-12 06:30:00,5,2403.26,0,30.85,69.38,27.18,214.19,235.01,16.97
2022-11-12 07:30:00,5,2777.1,0.19,49.35,45.78,34.81,237.93,266.72,20.52
2022-11-12 08:30:00,5,2964.02,4.25,57.58,44.35,39.58,247.16,279.87,22.55
2022-11-12 09:30:00,5,2750.4,5.48,46.61,90.12,42.44,239.25,269.26,23.05
2022-11-12 10:30:00,5,2590.18,3.3,33.93,157.36,44.82,236.87,266.13,23.56
2022-11-12 11:30:00,5,2323.15,1.87,23.65,214.58,45.78,220.75,247.24,22.29
2022-11-12 12:30:00,5,1214.98,1.01,11.31,194.55,27.66,102.92,119.34,11.53
2022-11-12 13:30:00,5,961.3,0.99,10.45,183.11,22.17,71.67,86.65,9.88
2022-11-12 14:30:00,5,894.55,0.96,11.48,181.67,21.93,63.28,78.02,10.39
2022-11-12 15:30:00,5,1188.28,1.98,27.42,157.36,29.09,74.42,94.34,14.06
2022-11-12 16:30:00,5,1655.58,2.32,53.47,114.44,36.24,93.72,121.91,18.75
2022-11-12 17:30:00,5,2109.53,0.54,83.63,63.66,39.58,109.43,144.37,23.31
2022-11-12 18:30:00,5,2510.07,0.04,101.45,30.76,43.87,129.5,172.13,29.13
2022-11-12 19:30:00,5,2590.18,0.03,91.85,31.11,45.3,144.04,192.66,33.44
2022-11-12 20:30:00,5,2349.85,0,71.97,46.49,41.96,143.81,191.44,34.45
2022-11-12 21:30:00,5,2136.23,0,58.26,57.22,38.15,139.01,183.61,34.45
2022-11-12 22:30:00,5,2136.23,0,54.84,56.51,36.72,142.69,186.83,34.45
2022-11-12 23:30:00,5,1976.01,0,50.04,59.37,31.95,137.52,176.3,31.16
2022-11-13 00:30:00,5,1708.98,0,40.1,68.66,25.51,124.51,153.63,25.59
2022-11-13 01:30:00,5,1548.77,0,31.19,77.96,23.13,121.91,144.74,23.05
2022-11-13 02:30:00,5,1495.36,0,26.05,83.68,21.93,124.92,144.68,21.53
2022-11-13 03:30:00,5,1495.36,0,23.65,82.25,20.74,129.65,147.82,19.76
2022-11-13 04:30:00,5,1535.42,0,24.33,73.67,19.79,135.51,153.67,17.48
2022-11-13 05:30:00,5,1615.52,0,28.1,60.8,20.03,142.21,161.4,15.07
2022-11-13 06:30:00,5,1842.5,0.02,39.76,41.48,23.84,155.97,180.08,15.2
2022-11-13 07:30:00,5,2376.56,2.1,63.06,14.48,31.95,183.81,218.97,19.51
2022-11-13 08:30:00,5,2803.8,14.75,68.55,13.05,37.67,203.83,246.33,22.04
2022-11-13 09:30:00,5,2937.32,19.22,68.55,36.48,41.96,215.42,260.71,23.81
2022-11-13 10:30:00,5,2883.91,12.74,65.12,82.25,46.73,227.63,272.75,26.09
2022-11-13 11:30:00,5,2563.48,6.09,49.35,154.5,49.11,230.11,268.41,24.32
2022-11-13 12:30:00,5,1094.82,1.23,13.37,191.69,27.89,105.63,131.5,9.5
2022-11-13 13:30:00,5,894.55,1.01,10.71,183.11,22.89,88.71,118.2,8.11
2022-11-13 14:30:00,5,894.55,0.99,12,183.11,23.6,86.66,116.5,8.61
2022-11-13 15:30:00,5,1869.2,5.09,56.21,113.01,36.72,125.3,169.82,18.49
2022-11-13 16:30:00,5,3257.75,17.21,108.3,29.68,48.64,183.4,248.86,28.88
2022-11-13 17:30:00,5,4592.9,62.58,120.64,1.07,57.22,234.46,319.71,39.01
2022-11-13 18:30:00,5,6141.66,121.59,123.38,0,76.29,311.41,424.38,56.74
2022-11-13 19:30:00,5,7690.43,162.72,120.64,0,96.32,415.51,562.7,76
2022-11-13 20:30:00,5,8865.36,187.75,111.04,0,108.72,512.39,689.85,90.18
2022-11-13 21:30:00,5,9933.47,212.79,104.19,0,111.58,611.94,804.77,95.25
2022-11-13 22:30:00,5,10574.34,228.88,100.08,0,97.27,678.48,869.67,83.09
2022-11-13 23:30:00,5,10040.28,219.94,100.08,0,75.34,657,823.98,60.8
2022-11-14 00:30:00,5,8438.11,184.18,104.19,0,71.53,551.62,682.97,50.16
2022-11-14 01:30:00,5,7156.37,146.63,111.04,0,85.83,463.17,576.83,59.78
2022-11-14 02:30:00,5,5874.63,106.39,111.04,0,85.83,385.41,486.5,65.86
2022-11-14 03:30:00,5,4646.3,67.06,105.56,0,78.2,313.28,408.79,67.89
2022-11-14 04:30:00,5,3738.4,42.02,94.59,0,73.43,267.22,359.46,67.89
2022-11-14 05:30:00,5,3231.05,33.97,81.57,0,72.48,247.65,340.83,65.86
2022-11-14 06:30:00,5,3738.4,53.2,68.55,0,69.62,285.65,391.87,55.73
2022-11-14 07:30:00,5,5928.04,125.17,63.75,0.04,81.06,422.73,566.67,56.74
2022-11-14 08:30:00,5,8544.92,221.73,70.6,0.96,88.69,569.75,743.49,56.24
2022-11-14 09:30:00,5,4699.71,72.42,104.19,15.56,70.57,320.61,428.23,32.42
2022-11-14 10:30:00,5,4379.27,46.94,108.3,38.62,72.48,304.29,405.39,36.48
2022-11-14 11:30:00,5,3952.03,25.48,108.3,84.4,77.25,301.06,396.57,35.46
2022-11-14 12:30:00,5,1268.39,5.36,39.76,148.77,54.84,120.33,163.47,12.67
2022-11-14 13:30:00,5,894.55,3.3,27.76,160.22,42.92,89.4,125.9,10.26
2022-11-14 14:30:00,5,867.84,2.77,29.13,163.08,43.87,84.81,120.62,10.77
2022-11-14 15:30:00,5,2510.07,16.76,100.08,77.96,72.48,160.11,223.5,30.91
2022-11-14 16:30:00,5,5233.76,76.89,169.99,11.62,123.98,295.24,398.44,68.9
2022-11-14 17:30:00,5,8117.68,180.6,194.67,0.51,183.11,433.74,569.55,113.49
2022-11-14 18:30:00,5,11428.83,275.37,213.86,0,244.14,582.96,757.18,162.12
2022-11-14 19:30:00,5,13565.06,311.14,216.6,0,263.21,707.56,928.57,186.44
2022-11-14 20:30:00,5,13031.01,271.8,200.15,0,209.81,747.26,983.17,151.99
2022-11-14 21:30:00,5,7156.37,95.67,156.28,0,116.35,518.11,675.32,67.89
2022-11-14 22:30:00,5,5126.95,28.61,137.09,0.17,82.02,477.33,606.36,50.66
2022-11-14 23:30:00,5,3524.78,1.24,97.33,20.74,59.6,375.27,466.91,37.49
2022-11-15 00:30:00,5,2029.42,0,52.78,50.07,41.96,208.37,259.31,25.08
2022-11-15 01:30:00,5,1455.31,0,42.84,40.77,36.72,119.85,151.99,22.29
2022-11-15 02:30:00,5,1268.39,0.01,40.1,32.19,34.81,83.42,108.96,21.79
2022-11-15 03:30:00,5,1308.44,0.08,41.81,23.6,36.24,76.2,102.55,22.29
2022-11-15 04:30:00,5,1562.12,1.08,49.35,9.48,41.48,90.18,121.31,24.07
2022-11-15 05:30:00,5,1949.31,9.28,55.52,0.69,50.54,116.49,153.54,26.85
2022-11-15 06:30:00,5,2723.69,31.74,61.69,0,64.85,166.71,217.01,34.96
2022-11-15 07:30:00,5,4165.65,76,69.92,0.06,82.02,248.61,325.13,47.62
2022-11-15 08:30:00,5,5126.95,113.55,71.97,1.45,86.78,292.55,386.39,48.13
2022-11-15 09:30:00,5,3391.27,50.07,86.37,16.81,82.97,194.49,260.63,30.4
2022-11-15 10:30:00,5,2964.02,32.63,87.05,40.77,90.6,181.73,247.99,30.4
2022-11-15 11:30:00,5,2696.99,25.48,90.48,66.52,114.44,182.08,248.69,29.89
2022-11-15 12:30:00,5,1602.17,12.96,70.6,108.72,116.35,139.94,184.67,15.71
2022-11-15 13:30:00,5,1428.6,9.28,67.17,134.47,118.26,146.37,187.26,12.92
2022-11-15 14:30:00,5,1508.71,7.82,78.14,144.48,133.51,167.5,209.67,12.92
2022-11-15 15:30:00,5,3284.45,24.59,149.43,65.09,143.05,268.44,339.37,30.65
2022-11-15 16:30:00,5,6141.66,94.77,200.15,8.4,144.96,416.34,526.85,52.18
2022-11-15 17:30:00,5,8865.36,205.64,211.12,0.4,152.59,543.15,683.7,69.92
2022-11-15 18:30:00,5,12069.7,329.02,216.6,0,177.38,721.83,899.75,97.27
2022-11-15 19:30:00,5,15380.86,429.15,216.6,0,204.09,962.49,1185.23,125.65
2022-11-15 20:30:00,5,17944.34,479.22,213.86,0,217.44,1193.36,1457.07,143.89
2022-11-15 21:30:00,5,20080.57,500.68,211.12,0,219.35,1395.58,1685.37,154.02
2022-11-15 22:30:00,5,20721.44,500.68,211.12,0,223.16,1506.63,1826.34,160.1
2022-11-15 23:30:00,5,19012.45,436.31,200.15,0,215.53,1395.43,1726.32,151.99
2022-11-16 00:30:00,5,14526.37,311.14,167.25,0,158.31,1080,1358.15,108.42
2022-11-16 01:30:00,5,10147.09,194.91,122.01,0,75.34,773.47,971.64,42.56
2022-11-16 02:30:00,5,6622.31,107.29,85.68,0,39.1,519.26,645.71,17.48
2022-11-16 03:30:00,5,2803.8,19.89,65.12,0.08,31.95,228.64,282.96,16.21
2022-11-16 04:30:00,5,1976.01,6.09,54.15,0.8,28.13,159.47,198.95,11.15
2022-11-16 05:30:00,5,1815.8,5.36,50.04,1.17,29.56,143.05,178.8,10.51
2022-11-16 06:30:00,5,2056.12,11.29,52.09,0.47,36.72,154.08,193.96,13.43
2022-11-16 07:30:00,5,2670.29,29.06,57.58,0.15,49.59,188.95,242.63,21.03
2022-11-16 08:30:00,5,3017.43,41.57,63.06,4.38,60.56,202.64,263.01,25.84
2022-11-16 09:30:00,5,2510.07,29.95,65.12,21.82,74.39,181.45,232.34,26.6
2022-11-16 10:30:00,5,2403.26,24.81,65.12,44.7,82.97,188.08,239.9,29.13
2022-11-16 11:30:00,5,2109.53,15.2,61.01,83.68,85.83,189.38,237.24,26.85
2022-11-16 12:30:00,5,1094.82,4.3,29.47,148.77,54.36,116.13,139.63,13.17
2022-11-16 13:30:00,5,827.79,2.43,19.36,163.08,37.67,85.83,101.46,10.01
2022-11-16 14:30:00,5,727.65,1.96,17.48,157.36,32.42,65.37,78.18,9.63
2022-11-16 15:30:00,5,961.3,3.19,31.87,130.18,39.58,66.83,82.94,12.92
2022-11-16 16:30:00,5,1441.96,3.91,58.95,87.98,49.59,83.31,106.89,18.49
2022-11-16 17:30:00,5,1869.2,1.12,89.11,41.13,52.93,95.81,125.79,23.31
2022-11-16 18:30:00,5,2269.74,0.99,104.19,13.41,57.7,113.35,150.7,29.64
2022-11-16 19:30:00,5,2403.26,0.84,95.96,13.77,60.08,129.69,174.85,35.46
2022-11-16 20:30:00,5,2349.85,0.13,82.94,25.03,57.7,138.34,186.71,38
2022-11-16 21:30:00,5,2296.45,0.03,75.4,31.11,54.36,145.58,194.9,39.52
2022-11-16 22:30:00,5,2403.26,0.07,76.09,26.46,51.98,156.11,207.77,41.04
2022-11-16 23:30:00,5,2243.04,0.1,72.66,23.96,43.87,147.35,194.81,36.98
2022-11-17 00:30:00,5,1815.8,0.03,60.32,31.47,33.86,121.61,157.4,29.13
2022-11-17 01:30:00,5,1562.12,0,47.98,42.92,30.04,110.39,138.7,26.35
2022-11-17 02:30:00,5,1455.31,0,40.44,51.5,29.09,110.57,135.14,25.08
2022-11-17 03:30:00,5,1441.96,0,35.64,57.94,28.37,114.2,136.65,23.05
2022-11-17 04:30:00,5,1455.31,0,33.24,60.8,27.42,118.23,139.05,20.27
2022-11-17 05:30:00,5,1508.71,0,33.93,59.37,27.66,124.34,144.26,17.73
2022-11-17 06:30:00,5,1735.69,0.01,43.87,47.92,32.42,139.05,162.28,17.99
2022-11-17 07:30:00,5,2296.45,1.16,67.86,22.17,42.44,167.96,201.96,22.55
2022-11-17 08:30:00,5,2643.59,12.85,73.34,20.92,49.59,182.71,222.38,24.83
2022-11-17 09:30:00,5,2403.26,14.75,62.38,51.5,54.36,175.49,211.5,24.83
2022-11-17 10:30:00,5,2189.64,9.83,52.09,95.84,57.22,175.21,208.89,24.83
2022-11-17 11:30:00,5,1842.5,5.2,38.73,153.06,56.27,164.36,192.45,21.28
2022-11-17 12:30:00,5,881.2,1.63,13.71,167.37,29.56,71.02,82.73,8.87
2022-11-17 13:30:00,4,727.65,1.4,11.65,160.22,25.03,48.72,57.49,7.6
2022-11-17 14:30:00,4,720.98,1.33,12.85,161.65,27.18,44.13,52.2,7.98
2022-11-17 15:30:00,5,974.66,2.4,27.76,141.62,37.19,54.21,66.61,11.65
2022-11-17 16:30:00,5,1375.2,2.6,52.09,105.86,46.25,70.59,90.19,16.97
2022-11-17 17:30:00,5,1735.69,0.52,78.83,62.94,49.59,83.57,109,21.79
2022-11-17 18:30:00,5,2109.53,0.04,95.96,33.26,54.36,102.91,135.79,27.87
2022-11-17 19:30:00,5,2269.74,0.1,91.85,26.11,56.27,121.39,162.14,33.94
2022-11-17 20:30:00,5,2216.34,0.04,80.2,30.4,53.41,129.57,173.96,36.98
2022-11-17 21:30:00,5,2216.34,0.04,74.71,30.4,50.54,138.37,185.03,39.01
2022-11-17 22:30:00,5,2403.26,0.17,77.46,22.17,49.59,154.85,205.67,41.04
2022-11-17 23:30:00,5,2323.15,0.32,75.4,17.7,42.44,152.77,200.31,37.49
2022-11-18 00:30:00,5,1895.9,0.1,62.38,23.96,32.42,127.66,163.14,29.39
2022-11-18 01:30:00,5,1575.47,0.01,48.67,33.97,28.37,112.34,139.79,25.84
2022-11-18 02:30:00,5,1375.2,0,40.44,40.77,27.66,103.94,127.16,24.57
2022-11-18 03:30:00,5,1281.74,0,36.33,42.56,27.89,99.74,121.34,23.81
2022-11-18 04:30:00,5,1295.09,0.01,37.01,36.84,28.37,101.47,123.51,23.81
2022-11-18 05:30:00,5,1388.55,0.09,41.81,27.18,29.8,106.96,131.06,24.07
2022-11-18 06:30:00,5,1762.39,2.99,55.52,10.37,36.72,127.93,159.25,27.87
2022-11-18 07:30:00,5,2590.18,25.7,64.43,0.34,49.59,173.04,221.15,36.98
2022-11-18 08:30:00,5,3337.86,56.33,65.12,5.05,59.13,206.09,266.13,42.05
2022-11-18 09:30:00,5,3631.59,65.27,70.6,14.31,67.71,224.52,289.48,44.58
2022-11-18 10:30:00,5,3791.81,52.3,87.74,32.54,81.06,253.51,323.28,46.61
2022-11-18 11:30:00,5,3578.19,29.5,95.96,74.39,95.37,268.19,336.24,42.05
2022-11-18 12:30:00,5,1255.04,5.09,34.27,151.63,61.99,96.84,119.43,13.05
2022-11-18 13:30:00,5,894.55,3.16,23.31,155.93,46.25,66.2,81.75,9.75
2022-11-18 14:30:00,5,827.79,2.71,22.96,154.5,44.35,58.6,72.31,10.13
2022-11-18 15:30:00,5,2269.74,16.32,80.2,79.39,64.85,119.64,156.42,25.59
2022-11-18 16:30:00,5,4379.27,59.01,128.87,16.99,83.92,210.8,279.72,40.53
2022-11-18 17:30:00,5,5981.45,125.17,142.57,1.1,92.51,270.99,360.48,51.17
2022-11-18 18:30:00,5,7370,177.03,148.06,0,104.9,340.23,448.47,65.86
2022-11-18 19:30:00,5,8331.3,185.97,141.2,0,110.63,418.25,548.9,78.02
2022-11-18 20:30:00,5,8438.11,164.51,123.38,0,106.81,466.31,611.9,82.08
2022-11-18 21:30:00,5,8331.3,150.2,101.45,0,99.18,503.04,654.24,83.09
2022-11-18 22:30:00,5,8544.92,157.36,87.05,0,92.51,549.99,708.73,84.1
2022-11-18 23:30:00,5,8331.3,164.51,77.46,0,75.34,543.79,697.03,72.96
2022-11-19 00:30:00,5,7263.18,150.2,70.6,0,52.45,462.25,587.66,51.17
2022-11-19 01:30:00,5,5981.45,119.81,64.43,0,40.05,380.57,480.95,38
2022-11-19 02:30:00,5,5073.55,95.67,60.32,0,39.1,332.28,417.85,32.17
2022-11-19 03:30:00,5,4432.68,76.89,56.21,0,40.53,299.06,375.23,30.4
2022-11-19 04:30:00,5,4058.84,66.16,52.09,0,38.62,279.73,349.21,28.37
2022-11-19 05:30:00,5,3952.03,65.27,49.35,0,37.67,279.18,344.78,28.37
2022-11-19 06:30:00,5,4432.68,81.36,48.67,0,44.35,316.38,387.45,35.46
2022-11-19 07:30:00,5,6034.85,135.9,50.04,0.14,57.22,421.67,517.89,49.14
2022-11-19 08:30:00,5,7690.43,200.27,56.89,1.35,61.04,504.41,618.38,52.18
2022-11-19 09:30:00,5,5287.17,113.55,82.25,8.76,60.08,348.58,424.63,41.54
2022-11-19 10:30:00,5,4913.33,72.42,105.56,27.18,65.8,337.41,409.94,42.05
2022-11-19 11:30:00,5,4432.68,32.63,115.16,78.68,72.48,348.81,416.74,37.49
2022-11-19 12:30:00,5,1482.01,5.09,42.16,177.38,73.43,178.87,202.83,7.92
2022-11-19 13:30:00,5,1068.12,2.68,26.39,194.55,55.31,140.62,158.87,5.95
2022-11-19 14:30:00,5,1014.71,2.12,26.05,203.13,53.88,135.02,153.07,6.84
2022-11-19 15:30:00,5,2216.34,8.05,77.46,123.02,63.9,189.28,226.85,21.03
2022-11-19 16:30:00,5,4005.43,25.03,138.46,33.97,76.29,267.78,333.33,36.48
2022-11-19 17:30:00,5,5500.79,70.63,161.77,1.61,90.6,318.97,404.16,51.17
2022-11-19 18:30:00,5,6782.53,116.23,167.25,0,112.53,374.49,476.53,71.94
2022-11-19 19:30:00,5,7476.81,126.96,160.4,0,111.58,427.14,546.82,81.06
2022-11-19 20:30:00,5,7263.18,108.18,142.57,0,90.6,444.96,573.83,78.02
2022-11-19 21:30:00,5,6835.94,86.72,123.38,0,70.57,443.36,570.26,70.93
2022-11-19 22:30:00,5,6408.69,72.42,112.41,0,58.17,440.58,563.58,63.33
2022-11-19 23:30:00,5,5393.98,48.73,105.56,0,41.96,378.67,480.03,45.09
2022-11-20 00:30:00,5,3337.86,8.72,94.59,3.13,26.7,250.54,311.61,24.57
2022-11-20 01:30:00,5,2403.26,0.28,69.92,16.09,23.13,198.6,242.21,18.75
2022-11-20 02:30:00,5,2029.42,0.08,53.47,21.64,22.17,180.89,215.96,17.23
2022-11-20 03:30:00,5,1869.2,0.1,46.61,20.56,21.46,173.91,204.7,15.71
2022-11-20 04:30:00,5,1789.09,0.18,44.55,17.7,20.74,172.01,200.22,13.3
2022-11-20 05:30:00,5,1789.09,0.43,45.93,14.13,21.46,175.92,203.02,11.15
2022-11-20 06:30:00,5,2056.12,3.19,53.47,6.62,25.75,195.83,226.7,12.29
2022-11-20 07:30:00,5,2750.4,20.12,60.32,0.72,35.76,241.44,286.3,18.75
2022-11-20 08:30:00,5,3471.37,44.7,62.38,5.59,43.87,283.71,340.73,24.32
2022-11-20 09:30:00,5,3738.4,49.62,68.55,16.81,49.59,309.91,371.63,28.63
2022-11-20 10:30:00,5,3631.59,33.53,76.77,42.92,53.88,329.65,392.29,30.91
2022-11-20 11:30:00,5,3204.35,16.09,71.29,91.55,55.31,334.43,390.45,27.87
2022-11-20 12:30:00,5,1201.63,3.69,27.76,155.93,43.87,149.17,167.79,11.78
2022-11-20 13:30:00,5,921.25,2.51,20.73,164.51,35.76,117.24,131.27,10.77
2022-11-20 14:30:00,5,867.84,2.29,21.25,163.08,36.24,102.23,115.39,11.78
2022-11-20 15:30:00,5,1562.12,7.38,52.09,111.58,42.92,117.5,142.25,19.51
2022-11-20 16:30:00,5,2696.99,19.67,95.96,41.48,50.07,154.31,197.22,27.87
2022-11-20 17:30:00,5,3631.59,50.51,115.16,3.71,52.45,180.89,237.34,34.45
2022-11-20 18:30:00,5,4486.08,84.04,109.67,0.01,56.27,216.81,286.33,43.06
2022-11-20 19:30:00,5,4592.9,76,97.33,0,56.74,244.95,323.78,49.14
2022-11-20 20:30:00,5,3845.21,43.81,85.68,0,49.59,229.57,302.81,47.12
2022-11-20 21:30:00,5,2857.21,15.42,78.14,0.23,41.01,187.07,245.02,42.05
2022-11-20 22:30:00,5,2483.37,6.87,71.97,1.83,37.67,169.08,220.72,40.02
2022-11-20 23:30:00,5,1976.01,0.89,62.38,14.66,30.99,143.62,183.5,33.44
2022-11-21 00:30:00,5,1468.66,0.01,45.24,38.62,24.08,124.06,151.13,26.85
2022-11-21 01:30:00,5,1348.5,0,38.39,47.92,24.8,130.38,153.35,26.09
2022-11-21 02:30:00,5,1335.14,0,34.27,50.78,25.27,139.68,161.19,25.59
2022-11-21 03:30:00,5,1335.14,0,31.53,51.5,24.8,147.31,168.18,23.31
2022-11-21 04:30:00,5,1335.14,0,30.85,50.07,25.03,152.63,172.8,20.52
2022-11-21 05:30:00,5,1375.2,0,32.9,45.78,26.46,158.04,178.7,18.49
2022-11-21 06:30:00,5,1602.17,0.06,42.84,34.69,31.95,172.53,197.56,19.51
2022-11-21 07:30:00,5,2136.23,2.24,64.43,13.41,41.96,203.01,239.16,25.33
2022-11-21 08:30:00,5,2510.07,15.87,67.17,14.31,49.59,218.58,261.68,28.88
2022-11-21 09:30:00,5,2429.96,20.79,61.01,34.69,57.22,212.63,253.87,30.91
2022-11-21 10:30:00,5,2296.45,16.54,57.58,62.23,64.85,214.1,254.79,32.93
2022-11-21 11:30:00,5,2056.12,10.73,52.09,101.57,70.57,213.9,252.17,31.16
2022-11-21 12:30:00,5,1335.14,5.2,33.93,141.62,60.56,141.42,165.15,18.75
2022-11-21 13:30:00,5,1041.41,3.69,27.08,150.2,50.54,105.79,123.62,14.95
2022-11-21 14:30:00,5,947.95,2.91,25.7,154.5,47.68,92.81,108.56,14.69
2022-11-21 15:30:00,5,1415.25,5.03,47.3,123.02,50.54,108.26,132.45,20.01
2022-11-21 16:30:00,5,2349.85,9.16,91.85,60.08,58.17,141.66,180.96,27.87
2022-11-21 17:30:00,5,3177.64,22.35,126.12,5.99,61.99,166.21,217.58,34.96
2022-11-21 18:30:00,5,3845.21,47.39,122.01,0,66.76,196.49,259.91,43.06
2022-11-21 19:30:00,5,3738.4,38.44,112.41,0,66.76,209.7,278.12,47.62
2022-11-21 20:30:00,5,3017.43,13.08,101.45,2.01,58.65,184.7,244.11,44.08
2022-11-21 21:30:00,5,2296.45,0.31,82.25,19.49,51.02,151.81,200.36,38.5
2022-11-21 22:30:00,5,2189.64,0.06,71.97,27.18,48.16,146.92,194.19,38
2022-11-21 23:30:00,5,1976.01,0.04,65.12,29.33,41.01,131.58,173.26,33.94
2022-11-22 00:30:00,5,1575.47,0.01,52.78,34.33,31.47,104.3,135.5,27.11
2022-11-22 01:30:00,5,1321.79,0,42.5,39.34,27.42,90.94,116.24,24.57
2022-11-22 02:30:00,5,1201.63,0,36.67,42.2,26.46,88.01,110.13,24.07
2022-11-22 03:30:00,5,1174.93,0,34.62,41.13,25.75,90.3,111.2,24.07
2022-11-22 04:30:00,5,1241.68,0.01,35.99,35.41,25.75,96.36,117.93,23.56
2022-11-22 05:30:00,5,1361.85,0.12,41.81,25.03,27.18,105.69,129.59,21.28
2022-11-22 06:30:00,5,1735.69,3.07,54.84,9.21,33.86,129.41,161.32,23.31
2022-11-22 07:30:00,5,2536.77,22.13,64.43,0.33,45.78,172.53,220,31.92
2022-11-22 08:30:00,5,3017.43,42.92,66.49,5.72,53.41,195.26,250.68,36.98
2022-11-22 09:30:00,5,2964.02,42.47,67.17,19.49,59.6,193.69,247.6,37.49
2022-11-22 10:30:00,5,2777.1,30.4,71.29,43.63,68.66,198.52,251.2,36.48
2022-11-22 11:30:00,5,2349.85,16.09,66.49,88.69,79.15,194.52,239.69,31.16
2022-11-22 12:30:00,5,1228.33,4.47,32.56,155.93,68.66,126.29,148.71,14.06
2022-11-22 13:30:00,5,1001.36,2.74,23.99,174.52,58.17,107.27,124.86,11.27
2022-11-22 14:30:00,5,907.9,2.26,23.31,175.95,55.31,94.03,109.75,11.27
2022-11-22 15:30:00,5,1548.77,5.42,54.15,127.32,59.6,111.57,137.71,18.75
2022-11-22 16:30:00,5,2696.99,12.52,106.93,52.93,66.76,154.12,198.22,28.88
2022-11-22 17:30:00,5,3738.4,38.44,137.09,3.53,68.66,188.33,245.84,36.98
2022-11-22 18:30:00,5,4646.3,73.31,130.24,0,74.39,230.47,302.36,47.12
2022-11-22 19:30:00,5,4646.3,67.06,112.41,0,74.39,251.55,330.8,52.18
2022-11-22 20:30:00,5,3845.21,36.21,100.08,0.01,65.8,226.65,298.45,49.65
2022-11-22 21:30:00,5,3044.13,13.41,93.22,0.4,56.74,190.74,250.49,45.09
2022-11-22 22:30:00,5,2723.69,6.54,85,1.92,52.45,172.63,227.7,43.06
2022-11-22 23:30:00,5,2216.34,1.93,72.66,7.96,43.39,139.89,183.75,36.48
2022-11-23 00:30:00,5,1628.88,0.2,56.89,19.13,32.42,100.82,131.24,28.12
2022-11-23 01:30:00,5,1415.25,0.11,48.67,21.46,28.37,88.56,114.5,26.09
2022-11-23 02:30:00,5,1361.85,0.14,45.93,19.67,27.42,88.31,113.4,25.84
2022-11-23 03:30:00,5,1375.2,0.24,44.55,16.45,27.18,91.53,116.82,26.35
2022-11-23 04:30:00,5,1388.55,0.47,44.55,12.87,26.7,94.45,119.77,26.85
2022-11-23 05:30:00,5,1441.96,1.52,46.61,7.33,27.42,99.67,126.05,27.36
2022-11-23 06:30:00,5,1762.39,9.39,50.04,1.37,32.9,118.99,151.76,31.16
2022-11-23 07:30:00,5,2510.07,32.63,52.78,0.11,43.87,160.99,208.67,40.02
2022-11-23 08:30:00,5,2990.72,54.54,54.15,3.84,49.11,181.86,238.03,44.08
2022-11-23 09:30:00,5,2964.02,55.43,54.84,12.52,51.98,180.62,237.79,42.56
2022-11-23 10:30:00,5,2830.51,41.13,61.69,28.61,57.7,186.62,245.06,40.53
2022-11-23 11:30:00,5,2403.26,21.9,61.01,62.23,62.94,181.92,233.73,34.45
2022-11-23 12:30:00,5,1028.06,4.19,26.73,140.19,51.02,91.54,110.08,12.67
2022-11-23 13:30:00,5,781.06,2.63,19.19,151.63,41.01,66.59,79.63,9.75
2022-11-23 14:30:00,5,741,2.15,19.19,157.36,41.01,61.27,73.49,9.88
2022-11-23 15:30:00,5,1148.22,3.91,39.41,131.61,48.16,75.54,94.81,15.45
2022-11-23 16:30:00,5,1789.09,5.59,74.03,78.68,54.84,97.66,126.97,22.29
2022-11-23 17:30:00,5,2296.45,5.87,109.67,17.34,55.31,109.85,145.92,27.61
2022-11-23 18:30:00,5,2723.69,23.47,106.93,0.07,57.7,124.72,168.09,34.45
2022-11-23 19:30:00,5,2696.99,21.46,98.71,0.1,57.22,132.84,180.84,38.5
2022-11-23 20:30:00,5,2269.74,6.98,87.74,3.31,50.07,120.15,164.57,37.49
2022-11-23 21:30:00,5,1869.2,0.51,71.97,15.91,43.39,103.06,141.74,34.45
2022-11-23 22:30:00,5,1789.09,0.19,65.12,21.46,41.48,100.75,138.96,33.94
2022-11-23 23:30:00,5,1615.52,0.1,59.63,25.39,36.24,91.73,125.08,30.4
2022-11-24 00:30:00,5,1281.74,0.02,48.67,32.9,28.37,74.76,100.14,24.57
2022-11-24 01:30:00,5,1121.52,0.01,40.1,39.34,25.51,71,93.29,23.05
2022-11-24 02:30:00,5,1068.12,0,35.3,41.84,25.51,73.29,94.36,22.8
2022-11-24 03:30:00,5,1041.41,0,32.9,41.84,25.75,76.05,96.77,23.05
2022-11-24 04:30:00,5,1028.06,0.01,31.87,39.7,25.75,78.1,98.59,23.31
2022-11-24 05:30:00,5,1068.12,0.02,34.27,35.05,26.7,81.29,102.36,24.32
2022-11-24 06:30:00,5,1281.74,0.36,44.55,23.25,31.95,94.76,120.5,27.61
2022-11-24 07:30:00,5,1815.8,6.93,61.01,4.56,41.96,124.14,161.28,34.96
2022-11-24 08:30:00,5,2269.74,26.82,58.95,7.96,49.11,145.21,190.26,38.5
2022-11-24 09:30:00,5,2296.45,32.19,56.21,21.64,55.79,150.83,198.21,37.49
2022-11-24 10:30:00,5,2189.64,25.48,56.89,41.84,64.85,157.6,205.45,35.46
2022-11-24 11:30:00,5,2002.72,16.54,56.89,74.39,74.39,163.82,209.58,31.41
2022-11-24 12:30:00,5,1188.28,5.53,34.27,135.9,66.76,123.51,150.4,14.82
2022-11-24 13:30:00,5,1001.36,3.55,27.42,157.36,58.17,113.5,135.86,12.03
2022-11-24 14:30:00,5,947.95,2.96,28.1,163.08,55.79,105.1,125.88,12.41
2022-11-24 15:30:00,5,2189.64,13.41,79.51,88.69,65.8,148.31,189.17,25.33
2022-11-24 16:30:00,5,4005.43,50.96,123.38,18.24,75.34,215.2,283.48,38.5
2022-11-24 17:30:00,5,5447.39,119.81,126.12,0.87,77.25,261.87,351.45,48.64
2022-11-24 18:30:00,5,6782.53,184.18,117.9,0,85.83,326.81,441.77,63.33
2022-11-24 19:30:00,5,7583.62,203.85,101.45,0,89.65,400.68,540.15,74.98
2022-11-24 20:30:00,5,7476.81,180.6,87.05,0,82.97,439.67,585.07,77.01
2022-11-24 21:30:00,5,7156.37,157.36,81.57,0,76.29,457.91,600.23,74.98
2022-11-24 22:30:00,5,7370,155.57,79.51,0,76.29,494.8,643.64,74.98
2022-11-24 23:30:00,5,7263.18,151.99,76.09,0,69.62,489.4,633.76,66.88
2022-11-25 00:30:00,5,6195.07,134.11,69.23,0,54.36,418.56,539.17,49.14
2022-11-25 01:30:00,5,5233.76,110.86,62.38,0,46.73,362.04,464.38,40.53
2022-11-25 02:30:00,5,4592.9,91.2,56.21,0,44.35,332.22,423.38,38.5
2022-11-25 03:30:00,5,4219.06,76.89,52.09,0,43.87,317.33,403.48,38.5
2022-11-25 04:30:00,5,4058.84,71.53,49.35,0,44.35,316.59,401,37.49
2022-11-25 05:30:00,5,4165.65,76.89,46.61,0,46.25,333.12,419.04,34.96
2022-11-25 06:30:00,5,5126.95,107.29,45.93,0,56.74,404.61,507.41,39.52
2022-11-25 07:30:00,5,7690.43,191.33,50.04,0.01,75.34,572.31,715.04,53.7
2022-11-25 08:30:00,5,10360.72,300.41,61.01,0.45,84.88,719.3,889.16,56.74
2022-11-25 09:30:00,5,8544.92,232.46,85,3.4,90.6,583.39,713.09,55.22
2022-11-25 10:30:00,5,9399.41,209.21,149.43,11.18,107.77,663.43,803.84,65.86
2022-11-25 11:30:00,5,10253.91,121.59,265.96,44.35,129.7,809.36,960.59,65.86
2022-11-25 12:30:00,5,2964.02,15.2,116.53,155.93,204.09,351.52,400.59,22.29
2022-11-25 13:30:00,5,2189.64,6.87,78.83,208.85,165.94,311.45,354.24,13.81
2022-11-25 14:30:00,5,1895.9,3.8,61.69,234.6,139.24,295.97,337.71,11.4
2022-11-25 15:30:00,5,3017.43,7.38,111.04,148.77,121.12,349.51,410.75,25.08
2022-11-25 16:30:00,5,4966.74,26.38,180.96,33.97,108.72,435.64,525.75,40.53
2022-11-25 17:30:00,5,6568.91,92.98,186.44,0.91,97.27,479.37,589.5,51.17
2022-11-25 18:30:00,5,7797.24,151.99,171.36,0,95.37,521.9,651.02,64.34
2022-11-25 19:30:00,5,8117.68,153.78,141.2,0,91.55,556.9,699.28,72.96
2022-11-25 20:30:00,5,6942.75,97.45,123.38,0,80.11,515.8,645.61,66.88
2022-11-25 21:30:00,5,4219.06,9.61,123.38,1.45,60.08,371.18,458.73,49.14
2022-11-25 22:30:00,5,3845.21,4.14,108.3,3.67,56.27,352.28,436.34,48.13
2022-11-25 23:30:00,5,3471.37,3.63,97.33,3.89,46.25,316.33,390.03,42.05
2022-11-26 00:30:00,5,2723.69,1.37,80.88,8.67,32.9,256.4,312.06,31.41
2022-11-26 01:30:00,5,2082.82,0.08,60.32,21.82,24.8,210.58,254.94,25.08
2022-11-26 02:30:00,5,1708.98,0.01,47.3,30.76,22.41,189.62,230.61,22.55
2022-11-26 03:30:00,5,1495.36,0.01,40.1,35.05,21.46,179.8,220.32,22.04
2022-11-26 04:30:00,5,1361.85,0.01,36.67,36.48,20.74,174.57,213.69,22.29
2022-11-26 05:30:00,5,1308.44,0.01,36.33,38.27,21.93,173.91,212.34,22.55
2022-11-26 06:30:00,5,1441.96,0.02,42.84,39.34,27.42,188.86,229.85,23.05
2022-11-26 07:30:00,5,1869.2,0.4,61.69,26.11,37.19,224.27,274.57,26.6
2022-11-26 08:30:00,5,2243.04,8.83,69.23,19.67,43.39,251.15,310.29,28.63
2022-11-26 09:30:00,5,2403.26,19.22,62.38,32.19,47.21,259.71,324.91,29.64
2022-11-26 10:30:00,5,2296.45,16.99,57.58,54.36,51.98,260.44,327.5,28.88
2022-11-26 11:30:00,5,1976.01,10.51,50.04,92.98,57.22,257.31,319.71,24.83
2022-11-26 12:30:00,5,1281.74,3.21,27.42,168.8,57.7,238.65,282.66,10.26
2022-11-26 13:30:00,5,1174.93,1.82,20.56,203.13,55.31,242.67,283.19,7.6
2022-11-26 14:30:00,5,1161.58,1.41,20.22,217.44,53.88,234.23,273.24,8.61
2022-11-26 15:30:00,5,1548.77,2.21,38.73,185.97,54.36,237.93,280.08,13.55
2022-11-26 16:30:00,5,2162.93,2.54,74.71,118.73,53.41,248.17,297.31,20.01
2022-11-26 17:30:00,5,2723.69,0.64,115.16,45.78,50.07,251.19,306.61,25.33
2022-11-26 18:30:00,5,3177.64,4.41,132.98,5.45,49.59,261.44,324.78,32.17
2022-11-26 19:30:00,5,3364.56,8.83,120.64,1.37,50.54,277.11,348.36,38.5
2022-11-26 20:30:00,5,3311.16,6.59,106.93,2.24,47.68,286.62,360.66,41.54
2022-11-26 21:30:00,5,3204.35,3.38,95.96,4.69,43.87,291.44,365.02,42.05
2022-11-26 22:30:00,5,3124.24,1.61,87.05,8.49,41.01,300.97,373.61,41.04
2022-11-26 23:30:00,5,2830.51,0.47,76.09,15.74,33.38,295.14,359.29,35.46
2022-11-27 00:30:00,5,2296.45,0.06,59.63,25.39,24.56,270.61,320.9,27.36
2022-11-27 01:30:00,5,2002.72,0.02,48.67,29.33,20.98,258.87,300.9,23.56
2022-11-27 02:30:00,5,1869.2,0.03,43.18,28.61,20.03,257.08,295.74,20.52
2022-11-27 03:30:00,5,1842.5,0.04,40.44,26.11,19.55,258.24,295.14,17.48
2022-11-27 04:30:00,5,1815.8,0.08,39.76,23.25,19.31,260.77,296.63,15.07
2022-11-27 05:30:00,5,1869.2,0.28,42.5,17.88,20.27,265.86,302.07,13.55
2022-11-27 06:30:00,5,2189.64,3.49,52.09,7.06,25.51,286.43,327.87,15.45
2022-11-27 07:30:00,5,2964.02,23.25,59.63,0.32,35.76,335.09,390.86,21.53
2022-11-27 08:30:00,5,3791.81,53.2,61.01,3.04,43.87,378.28,446.38,25.59
2022-11-27 09:30:00,5,4272.46,64.37,68.55,10.64,51.02,407.84,482.35,29.64
2022-11-27 10:30:00,5,4379.27,48.73,87.74,29.68,58.65,433.72,512.07,33.44
2022-11-27 11:30:00,5,4058.84,23.47,94.59,80.82,65.8,449.09,522.44,30.65
2022-11-27 12:30:00,5,1789.09,4.3,42.5,194.55,68.66,278.8,308.57,10.89
2022-11-27 13:30:00,5,1388.55,2.51,29.47,214.58,57.22,242.86,266.67,8.61
2022-11-27 14:30:00,5,1335.14,1.93,28.1,220.3,55.79,241.13,264.18,9.63
2022-11-27 15:30:00,5,2403.26,6.09,76.77,138.76,61.04,288.52,329.38,21.28
2022-11-27 16:30:00,5,4005.43,19.89,139.83,36.12,64.85,353.14,419.09,32.42
2022-11-27 17:30:00,5,5180.36,67.06,153.54,1.15,64.85,384.18,465.79,41.54
2022-11-27 18:30:00,5,6088.26,116.23,148.06,0,69.62,418.92,515.78,55.22
2022-11-27 19:30:00,5,6729.13,141.26,128.87,0,73.43,469.66,587.36,68.9
2022-11-27 20:30:00,5,6782.53,137.69,102.82,0,66.76,499.59,631.73,71.94
2022-11-27 21:30:00,5,6515.5,121.59,89.11,0,56.74,507.59,644.49,57.25
2022-11-27 22:30:00,5,6515.5,113.55,82.94,0,50.54,517.39,654.76,43.06
2022-11-27 23:30:00,5,6034.85,100.14,76.77,0,39.58,490.77,614.87,28.12
2022-11-28 00:30:00,5,5020.14,76,69.23,0,28.37,423.36,524.64,16.97
2022-11-28 01:30:00,5,4486.08,61.69,61.69,0,29.8,393.66,485.4,15.96
2022-11-28 02:30:00,5,4165.65,53.2,54.84,0,32.42,385.47,475.58,16.21
2022-11-28 03:30:00,5,3898.62,48.73,47.98,0,34.81,377.53,467.64,16.72
2022-11-28 04:30:00,5,3738.4,48.28,42.84,0,35.29,375.2,464.61,16.21
2022-11-28 05:30:00,5,3845.21,54.54,39.41,0,37.19,377.63,467.97,16.72
2022-11-28 06:30:00,5,4539.49,80.47,39.41,0,45.78,420.57,521.16,22.29
2022-11-28 07:30:00,5,6835.94,157.36,43.87,0.01,61.04,556.45,691.26,30.91
2022-11-28 08:30:00,5,9399.41,253.92,53.47,0.39,69.62,694.12,854.08,33.44
2022-11-28 09:30:00,5,7797.24,194.91,74.71,3.22,76.29,576.12,698.35,39.01
2022-11-28 10:30:00,5,8758.54,175.24,132.98,11.18,93.46,656.4,788.65,54.21
2022-11-28 11:30:00,5,9613.04,101.92,238.54,45.42,116.35,795.97,934.39,58.26
2022-11-28 12:30:00,5,2563.48,12.63,101.45,155.93,175.48,324.19,368.89,18.49
2022-11-28 13:30:00,5,1869.2,6.26,68.55,197.41,131.61,268.55,308.02,13.05
2022-11-28 14:30:00,5,1735.69,3.97,59.63,217.44,119.21,260.08,298.96,12.41
2022-11-28 15:30:00,5,3231.05,9.5,122.01,130.18,121.12,343.02,407.52,29.64
2022-11-28 16:30:00,5,5500.79,32.19,200.15,28.97,129.7,467.85,566.34,49.65
2022-11-28 17:30:00,5,7583.62,101.03,219.35,0.94,156.4,565.36,689.93,73.97
2022-11-28 18:30:00,5,9719.85,175.24,230.31,0,209.81,689.65,842.04,113.49
2022-11-28 19:30:00,5,11535.64,211,238.54,0,255.58,816.8,1002.72,149.97
2022-11-28 20:30:00,5,12390.14,216.36,233.05,0,263.21,895.35,1105.71,168.2
2022-11-28 21:30:00,5,12496.95,212.79,211.12,0,251.77,932.31,1152.34,172.26
2022-11-28 22:30:00,5,12283.33,209.21,171.36,0,223.16,954.53,1176.18,162.12
2022-11-28 23:30:00,5,11108.4,191.33,124.75,0,160.22,882.53,1086.38,121.59
2022-11-29 00:30:00,5,8758.54,153.78,87.05,0,86.78,712.22,869.85,62.82
2022-11-29 01:30:00,5,6835.94,114.44,65.8,0,54.36,578.18,700.94,34.45
2022-11-29 02:30:00,5,5661.01,87.62,56.89,0,41.48,496.06,598.22,22.55
2022-11-29 03:30:00,5,4806.52,67.95,54.15,0,34.81,440.14,528.56,16.47
2022-11-29 04:30:00,5,4325.87,55.43,55.52,0,29.8,405.46,481.36,12.29
2022-11-29 05:30:00,5,4058.84,49.62,58.26,0,28.13,382.32,447.05,11.4
2022-11-29 06:30:00,5,3845.21,46.49,63.75,0,35.76,359.04,416.32,17.99
2022-11-29 07:30:00,5,4806.52,76,70.6,0.02,49.59,411.3,484.3,27.36
2022-11-29 08:30:00,5,5661.01,112.65,70.6,1.17,59.13,452.93,536.93,33.94
2022-11-29 09:30:00,5,5661.01,107.29,80.88,6.53,68.66,452.78,534.51,38.5
2022-11-29 10:30:00,5,5714.42,78.68,109.67,21.64,82.02,477.38,562.36,44.58
2022-11-29 11:30:00,5,5447.39,36.66,132.98,70.81,96.32,500.83,583.38,42.05
2022-11-29 12:30:00,5,1842.5,5.25,51.41,185.97,90.6,228.95,257.36,14.31
2022-11-29 13:30:00,5,1388.55,3.19,35.3,200.27,70.57,183.89,206.11,11.15
2022-11-29 14:30:00,5,1335.14,2.63,35.64,203.13,70.57,173.42,195.3,11.4
2022-11-29 15:30:00,5,2964.02,12.41,105.56,105.86,84.88,250.84,299.71,29.64
2022-11-29 16:30:00,5,5500.79,54.99,174.11,18.95,104.9,373.58,460.72,51.68
2022-11-29 17:30:00,5,7476.81,137.69,197.41,0.8,127.79,455.12,567.63,71.94
2022-11-29 18:30:00,5,9078.98,214.58,205.64,0,152.59,523.74,657.91,95.25
2022-11-29 19:30:00,5,10040.28,253.92,180.96,0,148.77,603.52,762.05,105.38
2022-11-29 20:30:00,5,9933.47,246.76,137.09,0,116.35,630.47,800.23,100.31
2022-11-29 21:30:00,5,9078.98,214.58,108.3,0,84.88,612.87,775.24,84.1
2022-11-29 22:30:00,5,8544.92,191.33,97.33,0,68.66,614.67,773.43,60.8
2022-11-29 23:30:00,5,7583.62,157.36,89.11,0,49.11,566.94,701.57,32.93
2022-11-30 00:30:00,5,5233.76,89.41,80.88,0,30.52,413.03,498.34,17.23
2022-11-30 01:30:00,5,4325.87,63.48,67.86,0,26.46,356.45,425.92,12.79
2022-11-30 02:30:00,5,3952.03,51.41,58.95,0,26.46,341.52,406.36,11.4
2022-11-30 03:30:00,5,3738.4,42.92,53.47,0,27.42,343.21,407.21,11.02
2022-11-30 04:30:00,5,3578.19,37.55,49.35,0,27.42,347.34,408.19,10.13
2022-11-30 05:30:00,5,3471.37,37.55,46.61,0,28.37,350.81,407.56,10.26
2022-11-30 06:30:00,5,3845.21,50.51,47.3,0,35.76,375.29,435.91,14.31
2022-11-30 07:30:00,5,4966.74,92.09,49.35,0.01,49.59,447.6,527.93,22.29
2022-11-30 08:30:00,5,5874.63,132.32,54.84,0.7,58.65,493.01,585.56,26.85
2022-11-30 09:30:00,5,5767.82,123.38,68.55,4.92,65.8,488.05,575.94,29.89
2022-11-30 10:30:00,5,5767.82,89.41,100.08,17.17,77.25,512.02,600.76,36.98
2022-11-30 11:30:00,5,5607.6,43.36,132.98,57.22,86.78,548.95,636.61,36.98
2022-11-30 12:30:00,5,2162.93,5.59,55.52,183.11,81.06,288.82,318.95,11.27
2022-11-30 13:30:00,5,1615.52,2.96,36.33,205.99,61.99,238.32,260.76,8.87
2022-11-30 14:30:00,5,1535.42,2.24,34.96,211.72,60.56,231.09,252.43,9.75
2022-11-30 15:30:00,5,3097.53,9.95,104.19,114.44,73.43,309.31,356.63,27.36
2022-11-30 16:30:00,5,5393.98,46.04,171.36,18.6,82.97,422.26,505.62,44.08
2022-11-30 17:30:00,5,7156.37,123.38,178.22,0.58,89.65,497.11,602.12,57.25
2022-11-30 18:30:00,5,8651.73,193.12,171.36,0,103,573.38,699.09,77.01
2022-11-30 19:30:00,5,9506.23,216.36,142.57,0,99.18,655.29,803.34,85.12
2022-11-30 20:30:00,5,8972.17,185.97,109.67,0,81.06,667.51,821.03,68.9
2022-11-30 21:30:00,5,6729.13,101.03,98.71,0,60.08,553.35,675.1,43.57
2022-11-30 22:30:00,5,5821.23,72.42,87.74,0,51.5,497.83,605.46,33.44
2022-11-30 23:30:00,5,4913.33,52.3,81.57,0,40.53,424.02,511.89,22.55
2022-12-01 00:30:00,5,3738.4,28.39,78.14,0.01,28.61,333.41,396.07,12.92
2022-12-01 01:30:00,5,3044.13,15.2,70.6,0.08,25.27,287.96,339.04,9.25
2022-12-01 02:30:00,5,2696.99,10.28,62.38,0.25,24.56,273.34,318.92,7.85
2022-12-01 03:30:00,5,2536.77,8.16,55.52,0.46,24.32,268.6,311.44,7.22
2022-12-01 04:30:00,5,2429.96,7.15,51.41,0.6,24.08,272.15,311.38,6.9
2022-12-01 05:30:00,5,2429.96,8.72,49.35,0.4,25.51,283.8,320.42,7.16
2022-12-01 06:30:00,5,2723.69,17.43,50.72,0.09,30.99,313.32,354.27,9.37
2022-12-01 07:30:00,5,3631.59,43.36,55.52,0.03,42.44,375.49,432.42,14.69
2022-12-01 08:30:00,5,4379.27,68.84,64.43,1.68,51.5,424.12,492.43,18.49
2022-12-01 09:30:00,5,4379.27,64.37,74.71,9.75,59.13,436.28,504.82,21.28
2022-12-01 10:30:00,5,4325.87,46.94,89.11,28.97,67.71,451.28,521.88,27.36
2022-12-01 11:30:00,5,3952.03,24.36,93.22,72.24,76.29,453,519.19,28.63
2022-12-01 12:30:00,5,1682.28,3.97,37.7,178.81,66.76,244.67,272.5,10.51
2022-12-01 13:30:00,5,1295.09,2.54,27.42,185.97,53.88,191.39,214.68,8.49
2022-12-01 14:30:00,5,1228.33,2.24,28.1,183.11,53.88,178.43,201.72,9.25
2022-12-01 15:30:00,5,2590.18,11.4,90.48,94.41,65.8,241.59,288.39,24.32
2022-12-01 16:30:00,5,4699.71,54.54,145.32,14.31,74.39,335.64,414.69,39.52
2022-12-01 17:30:00,5,6248.47,132.32,149.43,0.47,74.39,387.86,485.88,49.14
2022-12-01 18:30:00,5,7476.81,202.06,141.2,0,81.06,444,561,62.32
2022-12-01 19:30:00,5,8438.11,232.46,120.64,0,83.92,524.29,663.64,69.92
2022-12-01 20:30:00,5,8438.11,218.15,101.45,0,76.29,578.56,730.83,58.26
2022-12-01 21:30:00,5,8117.68,187.75,89.11,0,65.8,601.8,755.71,42.56
2022-12-01 22:30:00,5,8117.68,177.03,83.63,0,62.94,638.05,795.56,37.49
2022-12-01 23:30:00,5,7904.05,168.09,78.14,0,55.31,632.58,782.64,29.89
2022-12-02 00:30:00,5,6782.53,144.84,70.6,0,40.53,557.39,679.51,18.75
2022-12-02 01:30:00,5,5607.6,114.44,61.01,0,31.47,483.8,581.71,13.17
2022-12-02 02:30:00,5,4753.11,90.3,52.09,0,26.94,433,515.19,10.39
2022-12-02 03:30:00,5,4112.24,70.63,45.24,0,25.03,399.6,472.6,9.12
2022-12-02 04:30:00,5,3738.4,57.22,41.47,0,24.32,377.81,443.94,8.23
2022-12-02 05:30:00,5,3578.19,52.75,41.81,0,25.03,365.69,426.34,8.49
2022-12-02 06:30:00,5,3631.59,52.75,50.04,0,32.9,359.85,418.64,12.92
2022-12-02 07:30:00,5,4699.71,89.41,56.21,0.03,46.25,418.12,495.3,19.25
2022-12-02 08:30:00,5,5767.82,134.11,60.32,0.7,55.31,466.31,558.75,22.8
2022-12-02 09:30:00,5,5981.45,139.47,71.97,4.02,63.9,467.74,562.74,26.09
2022-12-02 10:30:00,5,6141.66,118.02,104.19,12.87,75.34,484.03,583.1,34.96
2022-12-02 11:30:00,5,6141.66,75.1,157.65,40.05,90.6,521.55,622.13,39.01
2022-12-02 12:30:00,5,2082.82,11.29,81.57,143.05,110.63,276.74,320.06,10.64
2022-12-02 13:30:00,5,1535.42,5.87,57.58,177.38,84.88,236.52,270.87,6.84
2022-12-02 14:30:00,5,1455.31,4.25,53.47,191.69,78.2,223.55,255.11,7.35
2022-12-02 15:30:00,5,3044.13,16.09,124.75,97.27,83.92,292.14,348.38,25.84
2022-12-02 16:30:00,5,5661.01,74.21,191.93,13.95,95.37,410.82,504.66,47.12
2022-12-02 17:30:00,5,8224.49,182.39,202.89,0.49,110.63,514.6,643.6,66.88
2022-12-02 18:30:00,5,11322.02,300.41,213.86,0,144.96,674.29,844.26,98.29
2022-12-02 19:30:00,5,14739.99,407.7,222.09,0,179.29,915.46,1130.25,131.73
2022-12-02 20:30:00,5,17303.47,472.07,224.83,0,190.73,1133.4,1376.25,147.94
2022-12-02 21:30:00,5,18157.96,472.07,227.57,0,183.11,1241.28,1482.26,143.89
2022-12-02 22:30:00,5,17944.34,439.88,230.31,0,173.57,1253.27,1479.36,137.81
2022-12-02 23:30:00,5,16235.35,382.66,224.83,0,152.59,1150.4,1344.7,114.5
2022-12-03 00:30:00,5,13351.44,296.83,205.64,0,127.79,942.08,1087.72,87.14
2022-12-03 01:30:00,5,10147.09,205.64,180.96,0,107.77,733.07,839.48,74.98
2022-12-03 02:30:00,5,7476.81,130.53,156.28,0,87.74,563.53,644.92,68.9
2022-12-03 03:30:00,5,5500.79,85.83,134.35,0,72.48,447.26,516.88,66.88
2022-12-03 04:30:00,5,4325.87,60.8,115.16,0,63.9,380.33,445.07,61.3
2022-12-03 05:30:00,5,3631.59,47.83,94.59,0,58.17,346.31,408.01,52.18
2022-12-03 06:30:00,5,3738.4,55.88,76.09,0,56.74,360.66,429,43.06
2022-12-03 07:30:00,5,5126.95,104.61,64.43,0.01,57.22,445.88,539.71,34.96
2022-12-03 08:30:00,5,6729.13,175.24,60.32,0.49,51.98,528.26,639.09,23.05
2022-12-03 09:30:00,5,5393.98,121.59,72.66,4.6,47.21,422.86,506.28,18.24
2022-12-03 10:30:00,5,5661.01,110.86,94.59,11.98,54.84,436.08,524.74,27.11
2022-12-03 11:30:00,5,6034.85,82.25,142.57,31.11,64.85,480.8,574.99,32.93
2022-12-03 12:30:00,5,1468.66,7.04,52.09,137.33,66.76,187.97,212.89,8.61
2022-12-03 13:30:00,5,1121.52,4.14,38.73,155.93,59.6,164.54,184.22,6.27
2022-12-03 14:30:00,5,1121.52,3.41,41.47,163.08,66.76,168.84,188.7,6.4
2022-12-03 15:30:00,5,2403.26,10.84,98.71,88.69,76.29,235.58,276.1,20.77
2022-12-03 16:30:00,5,4432.68,46.04,154.91,13.59,81.06,334.64,404.62,36.48
2022-12-03 17:30:00,5,6195.07,116.23,164.51,0.48,91.55,407.87,498.51,50.16
2022-12-03 18:30:00,5,7797.24,177.03,175.48,0,122.07,486.35,595.79,73.97
2022-12-03 19:30:00,5,8651.73,191.33,183.7,0,152.59,549.91,677.16,99.3
2022-12-03 20:30:00,5,8331.3,162.72,178.22,0,165.94,549.12,683.83,117.54
2022-12-03 21:30:00,5,7476.81,126.96,156.28,0,158.31,517.64,650.36,126.66
2022-12-03 22:30:00,5,6942.75,112.65,130.24,0,127.79,511.53,640.47,115.51
2022-12-03 23:30:00,5,6462.1,104.61,106.93,0,82.97,491.55,607.33,77.01
2022-12-04 00:30:00,5,5340.58,86.72,86.37,0,42.44,416.42,506.01,33.94
2022-12-04 01:30:00,5,4325.87,64.37,72.66,0,25.75,351.31,423.2,15.2
2022-12-04 02:30:00,5,3578.19,46.49,63.75,0,20.5,306.99,366.95,10.64
2022-12-04 03:30:00,5,2803.8,25.7,56.89,0.01,20.03,259.84,305.89,11.91
2022-12-04 04:30:00,5,2510.07,19.67,50.72,0.02,19.31,245.87,287.26,10.01
2022-12-04 05:30:00,5,2483.37,21.68,45.93,0.02,19.79,247.86,287.57,9.25
2022-12-04 06:30:00,5,2803.8,32.63,44.55,0,24.56,267.59,312.25,11.27
2022-12-04 07:30:00,5,3631.59,60.8,45.93,0.01,33.86,315.91,375.93,15.58
2022-12-04 08:30:00,5,4219.06,89.41,46.61,0.64,39.58,344.55,413.47,17.73
2022-12-04 09:30:00,5,4058.84,80.47,54.15,4.52,43.87,338.96,405.45,18.49
2022-12-04 10:30:00,5,3952.03,58.11,67.86,15.74,51.5,351.01,416.51,23.81
2022-12-04 11:30:00,5,3738.4,29.5,80.2,49.35,59.13,373.99,435.7,24.83
2022-12-04 12:30:00,5,1468.66,3.35,30.16,163.08,48.64,237.57,259.53,6.71
2022-12-04 13:30:00,5,1108.17,1.96,19.71,174.52,36.72,198.64,214.75,5.19
2022-12-04 14:30:00,5,1028.06,1.7,19.54,170.23,34.81,178.88,193.54,6.33
2022-12-04 15:30:00,5,2029.42,8.16,65.12,95.84,45.3,217.18,248.92,18.49
2022-12-04 16:30:00,5,3631.59,33.08,113.79,20.21,53.88,290.68,346.86,30.4
2022-12-04 17:30:00,5,4859.92,87.62,123.38,0.7,54.36,341.06,411.97,38
2022-12-04 18:30:00,5,5767.82,134.11,122.01,0,55.79,385.67,467.21,47.12
2022-12-04 19:30:00,5,6195.07,151.99,102.82,0,53.88,433.52,528.32,52.18
2022-12-04 20:30:00,5,5607.6,116.23,87.74,0,45.3,445.04,538.16,42.56
2022-12-04 21:30:00,5,3738.4,35.76,91.85,0,34.33,367.56,432.12,26.09
2022-12-04 22:30:00,5,3685,33.53,82.25,0,33.38,378.42,446.94,22.04
2022-12-04 23:30:00,5,3631.59,37.1,73.34,0,28.85,377.55,444.38,16.09
2022-12-05 00:30:00,5,3177.64,32.63,63.06,0,23.37,345.49,401.2,11.15
2022-12-05 01:30:00,5,2883.91,27.27,54.84,0,24.8,324.16,374.17,10.77
2022-12-05 02:30:00,5,2696.99,22.35,50.72,0.01,25.27,305.23,352.27,10.01
2022-12-05 03:30:00,5,2643.59,21.68,45.93,0.01,25.27,290.29,338.21,9.37
2022-12-05 04:30:00,5,2723.69,25.7,41.47,0.01,25.27,289.26,340.73,9.12
2022-12-05 05:30:00,5,2937.32,34.87,37.7,0,27.42,301.27,357.05,10.01
2022-12-05 06:30:00,5,3685,60.8,35.99,0,36.72,353.25,423.23,15.07
2022-12-05 07:30:00,5,5554.2,123.38,39.07,0,52.45,469.58,571.81,23.56
2022-12-05 08:30:00,5,6729.13,173.45,45.93,0.4,60.56,529.04,644.89,25.84
2022-12-05 09:30:00,5,5126.95,114.44,61.01,4.11,65.8,432.81,518.63,26.09
2022-12-05 10:30:00,5,5126.95,87.62,87.74,14.31,78.2,446.97,535,33.94
2022-12-05 11:30:00,5,5233.76,53.2,124.75,42.92,92.51,488.45,579.5,38
2022-12-05 12:30:00,5,2162.93,7.6,66.49,164.51,103.95,303.07,339.53,13.93
2022-12-05 13:30:00,5,1588.82,4.19,45.24,185.97,82.02,244.1,270.96,9.75
2022-12-05 14:30:00,5,1468.66,3.05,42.16,194.55,79.15,234.82,260.28,9.5
2022-12-05 15:30:00,5,2990.72,10.95,105.56,103,85.83,318.39,370.22,26.85
2022-12-05 16:30:00,5,5233.76,46.94,165.88,16.81,90.6,435.61,522.83,44.08
2022-12-05 17:30:00,5,6942.75,118.02,174.11,0.57,96.32,512.08,620.43,56.24
2022-12-05 18:30:00,5,8438.11,178.81,169.99,0,110.63,590.11,717.84,73.97
2022-12-05 19:30:00,5,9506.23,203.85,145.32,0,105.86,684.64,839.26,83.09
2022-12-05 20:30:00,5,9399.41,191.33,112.41,0,86.78,727.62,898.19,73.97
2022-12-05 21:30:00,5,8544.92,157.36,91.85,0,67.71,709.88,879.75,52.69
2022-12-05 22:30:00,5,7690.43,132.32,84.31,0,57.22,678.64,838.5,36.98
2022-12-05 23:30:00,5,6462.1,102.82,80.2,0,42.92,592.87,724.32,22.55
2022-12-06 00:30:00,5,4592.9,59.01,73.34,0,28.85,456.11,544.14,13.3
2022-12-06 01:30:00,5,3471.37,29.5,65.12,0.01,24.32,382.9,447.65,10.51
2022-12-06 02:30:00,5,2777.1,7.04,63.06,2.95,23.6,342.34,394.04,8.49
2022-12-06 03:30:00,5,2243.04,0.05,50.72,28.97,23.84,307.61,349.77,6.27
2022-12-06 04:30:00,5,1976.01,0,42.5,40.41,23.13,286.25,323.86,5.07
2022-12-06 05:30:00,5,1869.2,0.01,41.13,39.7,24.32,275.56,311.2,5.07
2022-12-06 06:30:00,5,1976.01,0.16,49.35,29.33,30.04,277.22,315.89,7.03
2022-12-06 07:30:00,5,2456.67,3.63,69.23,8.49,38.62,296.49,345.4,11.27
2022-12-06 08:30:00,5,2696.99,15.2,72.66,5.99,44.35,299.3,353.33,13.43
2022-12-06 09:30:00,5,2376.56,15.87,64.43,27.18,49.59,276.8,326.41,14.31
2022-12-06 10:30:00,5,2216.34,14.98,54.84,50.78,56.27,274.62,323.07,17.23
2022-12-06 11:30:00,5,2029.42,10.28,48.67,86.55,63.9,281.35,326.89,16.97
2022-12-06 12:30:00,5,1441.96,3.35,27.76,157.36,58.65,249.18,280.18,7.09
2022-12-06 13:30:00,5,1295.09,2.24,22.62,177.38,56.27,235,263.43,5.89
2022-12-06 14:30:00,5,1268.39,1.84,22.96,183.11,57.7,222.44,250.87,6.71
2022-12-06 15:30:00,5,1428.6,2.04,33.24,164.51,60.56,217.16,248.39,10.13
2022-12-06 16:30:00,5,1682.28,1.65,52.78,125.89,61.99,221.5,257.39,15.2
2022-12-06 17:30:00,5,1869.2,0.23,71.97,82.97,58.65,217.64,256.79,19.25
2022-12-06 18:30:00,5,2029.42,0,81.57,58.65,57.7,218.8,261.91,24.07
2022-12-06 19:30:00,5,2002.72,0,72.66,60.08,55.79,219.72,265.62,27.61
2022-12-06 20:30:00,5,1815.8,0,57.58,70.81,50.07,213.35,257.62,28.12
2022-12-06 21:30:00,5,1668.93,0,47.98,77.96,43.87,208.49,249.62,26.85
2022-12-06 22:30:00,5,1628.88,0,43.87,77.25,39.1,211.64,251.36,26.09
2022-12-06 23:30:00,5,1508.71,0,39.41,76.53,32.42,210.34,246.46,22.55
2022-12-07 00:30:00,5,1308.44,0,32.22,77.25,25.75,204.69,235.1,16.97
2022-12-07 01:30:00,5,1228.33,0,27.08,75.82,24.08,208.48,236.9,14.31
2022-12-07 02:30:00,5,1214.98,0,24.68,73.67,24.56,214.98,243.06,12.41
2022-12-07 03:30:00,5,1201.63,0,23.31,70.81,25.51,219.14,247.68,10.51
2022-12-07 04:30:00,5,1188.28,0,22.62,68.66,26.23,221.34,250.93,9.12
2022-12-07 05:30:00,5,1201.63,0,23.99,65.8,27.42,221.53,252.17,8.36
2022-12-07 06:30:00,5,1308.44,0,30.5,58.65,31.47,226.3,259.61,8.99
2022-12-07 07:30:00,5,1575.47,0.05,43.87,42.56,36.72,236.8,275.93,11.02
2022-12-07 08:30:00,5,1735.69,2.77,52.09,31.47,39.58,240.37,283,11.53
2022-12-07 09:30:00,5,1735.69,9.39,45.24,40.77,42.44,237.47,281.5,12.41
2022-12-07 10:30:00,5,1655.58,10.39,39.07,57.94,47.68,232.41,276.91,14.69
2022-12-07 11:30:00,5,1482.01,7.93,34.62,84.4,52.45,221.08,263.01,14.06
2022-12-07 12:30:00,5,1041.41,3.86,23.31,120.16,47.21,165.83,197.76,8.87
2022-12-07 13:30:00,5,921.25,2.77,20.05,137.33,44.35,151.64,181.24,8.36
2022-12-07 14:30:00,5,907.9,2.29,20.22,144.48,43.87,145.86,175,9.12
2022-12-07 15:30:00,5,1014.71,2.57,28.45,130.18,44.35,134.46,165.46,11.78
2022-12-07 16:30:00,5,1281.74,2.4,47.3,98.71,45.78,132.42,168.08,15.71
2022-12-07 17:30:00,5,1548.77,0.44,69.23,62.23,45.3,139.15,180.64,19.76
2022-12-07 18:30:00,5,1842.5,0.02,82.94,38.27,46.73,155.58,204.05,25.08
2022-12-07 19:30:00,5,1949.31,0.02,78.14,35.05,46.25,174.35,229.58,29.89
2022-12-07 20:30:00,5,1895.9,0.01,65.8,41.48,41.96,186.46,244.48,31.66
2022-12-07 21:30:00,5,1815.8,0,56.21,47.21,38.15,193.97,251.75,31.16
2022-12-07 22:30:00,5,1789.09,0,52.09,47.92,35.76,200.42,257.97,30.15
2022-12-07 23:30:00,5,1628.88,0,46.61,50.07,30.52,196.76,249.65,24.07
2022-12-08 00:30:00,5,1388.55,0,38.73,55.07,24.8,186.91,233.28,16.09
2022-12-08 01:30:00,5,1308.44,0,33.24,55.79,22.41,189.85,233.88,11.78
2022-12-08 02:30:00,5,1295.09,0,30.5,53.64,21.7,197.22,240.79,8.99
2022-12-08 03:30:00,5,1308.44,0,29.13,50.78,21.46,204.65,248.45,7.16
2022-12-08 04:30:00,5,1321.79,0,29.13,46.49,20.98,212.85,257.34,5.89
2022-12-08 05:30:00,5,1321.79,0.01,31.19,40.41,20.5,219.07,264.97,5.26
2022-12-08 06:30:00,5,1482.01,0.23,41.47,27.89,23.6,232.56,284.27,6.59
2022-12-08 07:30:00,5,2002.72,6.37,60.32,5.54,32.42,263.31,327.12,10.26
2022-12-08 08:30:00,5,2536.77,27.94,61.01,3.04,40.53,290.77,364.83,13.05
2022-12-08 09:30:00,5,2750.4,38.89,57.58,11.98,47.21,304.85,383.57,15.58
2022-12-08 10:30:00,5,2696.99,32.63,56.89,26.46,55.31,313.12,392.3,19.76
2022-12-08 11:30:00,5,2349.85,19.67,56.21,55.07,63.9,307.51,381.57,21.03
2022-12-08 12:30:00,5,1361.85,5.76,34.62,121.59,60.08,202.2,251.59,11.4
2022-12-08 13:30:00,5,1121.52,3.74,27.76,141.62,55.31,169.05,212.4,9.75
2022-12-08 14:30:00,5,1068.12,3.13,28.1,147.34,55.79,160.9,203.09,10.51
2022-12-08 15:30:00,5,1735.69,6.37,56.89,108.72,59.13,188.39,240.59,18.75
2022-12-08 16:30:00,5,2937.32,14.31,105.56,41.48,62.94,241.67,313.19,28.88
2022-12-08 17:30:00,5,4112.24,42.92,132.98,2.28,64.85,286.88,376.33,37.49
2022-12-08 18:30:00,5,5126.95,79.57,128.87,0,69.62,341.9,449.75,48.13
2022-12-08 19:30:00,5,5607.6,83.15,120.64,0,71.53,395.92,521.46,55.22
2022-12-08 20:30:00,5,5607.6,69.74,111.04,0,66.76,426.78,562.1,49.14
2022-12-08 21:30:00,5,5767.82,63.48,105.56,0,61.99,465.83,608.84,39.52
2022-12-08 22:30:00,5,6408.69,74.21,100.08,0,59.13,530.08,687.76,32.17
2022-12-08 23:30:00,5,6408.69,79.57,94.59,0,48.16,536.88,691.06,21.79
2022-12-09 00:30:00,5,5554.2,71.53,83.63,0,33.38,475.84,604.41,11.91
2022-12-09 01:30:00,5,4592.9,55.43,73.34,0,26.46,415.98,519.87,8.23
2022-12-09 02:30:00,5,3685,37.1,65.12,0,23.6,358.71,442.58,6.97
2022-12-09 03:30:00,5,2750.4,16.76,60.32,0.05,22.41,299.16,368.12,7.41
2022-12-09 04:30:00,5,2483.37,13.08,57.58,0.04,21.46,284.73,349.5,6.97
2022-12-09 05:30:00,5,2429.96,16.09,55.52,0.02,22.41,281.64,344.08,7.16
2022-12-11 06:30:00,5,1615.52,3.21,42.5,5.54,22.89,157.01,186.05,7.98
2022-12-11 07:30:00,5,2162.93,17.43,47.3,0.22,30.28,185.82,225.92,11.78
2022-12-11 08:30:00,5,2590.18,35.32,45.93,2.77,34.81,200.66,248.22,13.81
2022-12-11 09:30:00,5,2696.99,42.92,43.18,10.19,39.1,201.25,251.95,16.09
2022-12-11 10:30:00,5,2696.99,37.55,48.67,22.17,45.3,201.72,255.22,20.77
2022-12-11 11:30:00,5,2376.56,24.81,54.84,45.06,52.93,189.94,241.24,22.55
2022-12-11 12:30:00,5,1602.17,12.74,45.24,75.82,61.04,136.51,177.59,17.23
2022-12-11 13:30:00,5,1281.74,8.61,40.1,94.41,60.56,116.83,151.99,15.33
2022-12-11 14:30:00,5,1188.28,6.71,40.1,104.43,63.9,114.03,147.11,16.21
2022-12-11 15:30:00,5,1441.96,7.04,51.41,92.98,59.6,128.02,165.52,20.01
2022-12-11 16:30:00,5,1976.01,8.05,74.71,55.79,50.07,148.46,193.76,24.32
2022-12-11 17:30:00,5,2429.96,9.28,100.08,10.1,43.87,157.72,207.31,28.37
2022-12-11 18:30:00,5,2723.69,21.46,93.22,0.07,41.96,166.6,220.02,33.44
2022-12-11 19:30:00,5,2723.69,20.34,80.2,0.07,41.48,174.58,232.3,38
2022-12-11 20:30:00,5,2536.77,11.29,74.03,0.64,38.62,173.77,232.42,39.01
2022-12-11 21:30:00,5,2296.45,4.36,69.23,3,35.76,167.37,223.34,38
2022-12-11 22:30:00,5,2136.23,2.04,63.75,6.35,33.38,159.44,212.14,35.97
2022-12-11 23:30:00,5,1815.8,0.78,56.89,11.62,26.94,135.14,178.63,30.91
2022-12-12 00:30:00,5,1401.9,0.18,46.61,19.31,21.22,105.92,137.4,24.32
2022-12-12 01:30:00,5,1255.04,0.12,42.16,21.46,22.65,97.05,123.47,22.55
2022-12-12 02:30:00,5,1188.28,0.09,38.73,22.71,23.6,94.36,118.56,21.28
2022-12-12 03:30:00,5,1148.22,0.08,35.99,23.96,23.6,91.58,114.74,20.52
2022-12-12 04:30:00,5,1094.82,0.07,34.62,25.03,23.84,89.29,111.05,20.01
2022-12-12 05:30:00,5,1108.17,0.1,36.33,24.32,25.51,91.27,112.42,19.76
2022-12-12 06:30:00,5,1321.79,0.76,45.24,16.63,30.99,105.27,130.22,21.53
2022-12-12 07:30:00,5,1869.2,8.05,58.95,2.73,40.05,136.89,172.92,25.59
2022-12-12 08:30:00,5,2349.85,25.48,58.26,5.14,46.25,159.53,203.94,26.09
2022-12-12 09:30:00,5,2483.37,33.53,55.52,17.17,51.98,168.23,214.97,27.11
2022-12-12 10:30:00,5,2403.26,28.39,56.21,33.97,60.08,171.96,218.35,30.65
2022-12-12 11:30:00,5,2082.82,18.78,56.21,60.8,67.71,163.71,205.24,28.37
2022-12-12 12:30:00,5,1468.66,9.95,45.24,95.84,67.71,129,159.12,20.52
2022-12-12 13:30:00,5,1321.79,6.93,41.13,118.73,64.85,130.11,156.85,19.25
2022-12-12 14:30:00,5,1268.39,5.25,40.78,134.47,65.8,132.36,158.34,19.51
2022-12-12 15:30:00,5,1522.06,5.59,51.41,117.3,59.6,134.98,165.62,22.04
2022-12-12 16:30:00,5,2029.42,6.26,76.77,73.67,54.36,148.7,187.31,26.35
2022-12-12 17:30:00,5,2510.07,4.14,108.3,20.21,51.98,158.53,202.96,30.91
2022-12-12 18:30:00,5,2910.61,13.41,108.3,0.62,53.41,177.34,228.4,36.98
2022-12-12 19:30:00,5,3150.94,18.33,97.33,0.13,55.31,203.34,263.75,44.08
2022-12-12 20:30:00,5,3204.35,16.32,90.48,0.19,53.88,222.79,289.13,48.13
2022-12-12 21:30:00,5,3124.24,12.96,84.31,0.37,50.54,229.58,295.39,48.64
2022-12-12 22:30:00,5,2857.21,8.16,79.51,1.25,45.78,218.55,278.86,46.61
2022-12-12 23:30:00,5,2296.45,2.35,70.6,7.51,36.72,179.77,226.4,38
2022-12-13 00:30:00,5,1642.23,0.11,54.15,23.96,27.66,134.53,164.6,29.13
2022-12-13 01:30:00,5,1361.85,0.01,42.5,34.33,25.03,116.18,139.29,26.09
2022-12-13 02:30:00,5,1241.68,0.01,36.67,38.98,24.32,109.05,129.39,25.33
2022-12-13 03:30:00,5,1188.28,0,33.24,41.84,24.08,105.91,124.65,25.08
2022-12-13 04:30:00,5,1161.58,0,31.53,45.06,25.03,107.57,125.44,25.08
2022-12-13 05:30:00,5,1201.63,0,32.22,47.92,27.66,117.41,135.55,25.33
2022-12-13 06:30:00,5,1441.96,0.01,40.44,45.78,34.33,143.13,165.95,27.87
2022-12-13 07:30:00,5,1976.01,0.15,60.32,32.19,44.35,184.99,218.32,33.94
2022-12-13 08:30:00,5,2323.15,4.81,69.23,27.54,51.5,210.3,248.75,35.46
2022-12-13 09:30:00,5,2216.34,11.06,56.21,48.64,56.74,206.93,243.06,32.93
2022-12-13 10:30:00,5,2056.12,10.95,47.98,70.81,60.08,198.21,232.47,30.4
2022-12-13 11:30:00,5,1735.69,8.05,41.13,100.14,59.6,175.52,205.01,25.33
2022-12-13 12:30:00,5,1281.74,4.92,30.16,127.32,51.98,127.12,148.32,17.99
2022-12-13 13:30:00,5,1108.17,3.8,26.39,137.33,46.25,102.98,121.49,15.33
2022-12-13 14:30:00,5,988.01,3.13,24.33,134.47,41.48,86.17,103.3,14.31
2022-12-13 15:30:00,5,907.9,2.65,25.7,121.59,36.24,73.86,91.28,14.44
2022-12-13 16:30:00,5,1041.41,2.18,36.67,100.14,38.15,74.94,94.87,16.72
2022-12-13 17:30:00,5,1201.63,0.39,48.67,78.68,38.62,82.57,104.72,19.25
2022-12-13 18:30:00,5,1401.9,0,54.15,67.95,40.53,98.74,123.97,23.31
2022-12-13 19:30:00,5,1522.06,0,51.41,67.23,41.01,115.22,144.18,27.36
2022-12-13 20:30:00,5,1548.77,0,46.61,67.23,39.1,121.9,152.65,29.64
2022-12-13 21:30:00,5,1522.06,0,43.53,64.37,36.72,121.7,152.28,30.4
2022-12-13 22:30:00,5,1482.01,0,42.16,60.08,34.81,118.6,148.71,30.4
2022-12-13 23:30:00,5,1321.79,0,38.04,58.65,29.8,106.55,132.42,27.36
2022-12-14 00:30:00,5,1068.12,0,31.19,61.51,24.32,89.87,108.92,23.05
2022-12-14 01:30:00,5,934.6,0,26.05,65.09,23.13,82.47,98.7,22.04
2022-12-14 02:30:00,5,881.2,0,22.96,67.95,23.37,79.83,94.63,22.04
2022-12-14 03:30:00,5,854.49,0,21.08,70.1,23.84,79.25,93.06,22.04
2022-12-14 04:30:00,5,854.49,0,20.73,69.38,25.03,80.29,93.26,21.53
2022-12-14 05:30:00,5,894.55,0,22.96,63.66,27.89,82.33,94.97,21.28
2022-12-14 06:30:00,5,1041.41,0.01,30.5,51.5,33.86,89.85,104.7,22.8
2022-12-14 07:30:00,5,1361.85,0.19,45.93,30.76,41.01,106.15,127.09,26.85
2022-12-14 08:30:00,5,1588.82,6.03,51.41,20.38,45.3,119.53,144.25,28.37
2022-12-14 09:30:00,5,1642.23,14.98,43.87,30.4,50.54,124.11,150.13,26.85
2022-12-14 10:30:00,5,1575.47,15.42,40.44,45.42,57.7,123.32,150.04,25.08
2022-12-14 11:30:00,5,1388.55,12.29,38.73,65.8,63.9,113.18,137.32,21.28
2022-12-14 12:30:00,5,1094.82,7.82,31.53,89.41,59.6,95.16,114.38,15.83
2022-12-14 13:30:00,5,961.3,5.48,27.08,104.43,52.45,86.35,103.33,13.43
2022-12-14 14:30:00,5,854.49,4.14,25.7,113.01,49.59,78.62,94.11,12.67
2022-12-14 15:30:00,5,1121.52,5.36,38.39,98.71,47.21,86.39,106.63,16.21
2022-12-14 16:30:00,5,1655.58,7.49,65.8,58.65,49.11,103.52,132.81,21.79
2022-12-14 17:30:00,5,2189.64,9.05,97.33,11.98,50.07,116.68,153.53,27.11
2022-12-14 18:30:00,5,2723.69,25.7,97.33,0.05,54.36,139.35,186.1,34.45
2022-12-14 19:30:00,5,3017.43,27.94,93.22,0.02,56.74,165.38,222.93,41.54
2022-12-14 20:30:00,5,2990.72,21.23,87.74,0.08,54.36,179.84,242.19,45.6
2022-12-14 21:30:00,5,2883.91,15.2,82.25,0.25,50.07,183.5,245.55,45.6
2022-12-14 22:30:00,5,2723.69,10.62,77.46,0.72,45.78,178.66,237.05,44.08
2022-12-14 23:30:00,5,2296.45,5.09,71.97,3.13,36.72,151.47,199.21,36.98
2022-12-15 00:30:00,5,1708.98,0.74,58.95,12.87,26.7,115.51,148.81,28.37
2022-12-15 01:30:00,5,1428.6,0.1,47.3,23.25,23.13,101.73,127.87,25.08
2022-12-15 02:30:00,5,1308.44,0.04,41.47,28.25,22.17,98.39,121.5,24.07
2022-12-15 03:30:00,5,1255.04,0.03,38.04,30.4,21.46,96.91,117.93,23.31
2022-12-15 04:30:00,5,1188.28,0.03,35.99,31.47,21.46,93.51,113.02,22.29
2022-12-15 05:30:00,5,1148.22,0.05,36.67,30.4,22.65,90.18,109.56,21.53
2022-12-15 06:30:00,5,1295.09,0.45,45.93,21.99,27.89,97.46,120.8,23.05
2022-12-15 07:30:00,5,1762.39,6.76,62.38,4.52,36.72,121.3,155.47,28.12
2022-12-15 08:30:00,5,2162.93,26.15,61.01,5.14,41.96,136.09,177.42,29.89
2022-12-15 09:30:00,5,2189.64,35.32,55.52,16.81,46.25,135.6,179.03,30.15
2022-12-15 10:30:00,5,2029.42,30.4,52.78,30.76,52.93,130.92,173.65,30.15
2022-12-15 11:30:00,5,1695.63,20.79,48.67,50.78,58.65,117.08,154.57,26.35
2022-12-15 12:30:00,5,907.9,7.04,29.47,94.41,47.21,65.58,87.47,13.05
2022-12-15 13:30:00,5,754.36,4.53,23.65,111.58,41.96,58.1,76.5,10.64
2022-12-15 14:30:00,5,734.33,3.74,23.99,120.16,42.92,58.27,75.74,10.64
2022-12-15 15:30:00,5,1041.41,5.09,38.04,104.43,46.73,69.46,91.46,14.44
2022-12-15 16:30:00,5,1548.77,6.65,65.12,67.23,49.11,86.64,115.92,20.01
2022-12-15 17:30:00,5,1976.01,5.03,97.33,18.42,47.21,96.28,130.86,24.83
2022-12-15 18:30:00,5,2323.15,13.08,101.45,0.62,48.16,109.84,150.3,30.65
2022-12-15 19:30:00,5,2296.45,8.61,93.22,1.86,48.16,118.4,162.36,34.45
2022-12-15 20:30:00,5,2002.72,1.12,78.14,15.02,44.35,112.18,153.51,34.45
2022-12-15 21:30:00,5,1762.39,0.04,62.38,32.54,40.05,104.03,141.35,32.42
2022-12-15 22:30:00,5,1735.69,0.02,58.26,35.05,38.62,104.44,141.41,32.17
2022-12-15 23:30:00,5,1562.12,0.02,54.84,35.05,33.38,94.59,127.48,28.37
2022-12-16 00:30:00,5,1241.68,0.01,45.93,38.27,25.75,74.41,99.04,22.8
2022-12-16 01:30:00,5,1054.76,0.01,38.73,40.05,23.13,66.88,87.69,21.03
2022-12-16 02:30:00,5,1001.36,0.01,35.64,39.34,22.41,67.16,87.07,20.27
2022-12-16 03:30:00,5,974.66,0.01,33.93,37.91,21.93,69.72,89.87,18.49
2022-12-16 04:30:00,5,974.66,0.02,33.59,35.41,21.7,73.04,94.18,15.58
2022-12-16 05:30:00,5,1014.71,0.06,36.67,29.68,22.17,79.37,102.78,12.67
2022-12-16 06:30:00,5,1241.68,1.09,47.3,16.45,26.46,95.75,125.44,12.79
2022-12-16 07:30:00,5,1842.5,14.75,59.63,1.1,34.81,130.17,174.07,16.72
2022-12-16 08:30:00,5,2429.96,43.81,57.58,2.62,40.53,159.06,215.41,19
2022-12-16 09:30:00,5,2696.99,59.9,56.21,9.48,44.82,171.87,234.98,21.53
2022-12-16 10:30:00,5,2696.99,57.22,59.63,17.88,51.5,176.31,243.14,26.35
2022-12-16 11:30:00,5,2403.26,42.47,65.8,32.9,61.99,170.89,233.99,26.09
2022-12-16 12:30:00,5,1228.33,12.18,45.93,85.12,61.99,109.21,142.98,13.43
2022-12-16 13:30:00,5,1001.36,7.49,37.01,104.43,55.79,97.6,125.55,11.15
2022-12-16 14:30:00,5,974.66,6.15,37.01,111.58,57.7,100.29,128.12,11.15
2022-12-16 15:30:00,5,2483.37,28.39,85,50.78,67.71,173.29,226.27,26.35
2022-12-16 16:30:00,5,4592.9,90.3,113.79,9.3,76.29,271.96,356.72,41.54
2022-12-16 17:30:00,5,6248.47,171.66,116.53,0.6,87.74,336.99,442.24,56.24
2022-12-16 18:30:00,5,7904.05,243.19,115.16,0,113.49,425.34,554.8,80.05
2022-12-16 19:30:00,5,9185.79,275.37,105.56,0,129.7,530.87,690.6,98.29
2022-12-16 20:30:00,5,9506.23,268.22,89.11,0,122.07,597.75,780.07,99.3
2022-12-16 21:30:00,5,9292.6,246.76,76.77,0,103.95,621.51,809.41,87.14
2022-12-16 22:30:00,5,9078.98,228.88,70.6,0,85.83,633.78,821.21,67.89
2022-12-16 23:30:00,5,8331.3,202.06,66.49,0,61.99,586.05,749.74,43.57
2022-12-17 00:30:00,5,6622.31,160.93,60.32,0,36.72,463.03,584.11,21.28
2022-12-17 01:30:00,5,5020.14,116.23,52.78,0,23.84,360.04,448.3,12.29
2022-12-17 02:30:00,5,3845.21,80.47,47.3,0,20.27,291.33,360.73,9.63
2022-12-17 03:30:00,5,2750.4,43.81,47.98,0,20.5,225.01,277.99,9.75
2022-12-17 04:30:00,5,2349.85,31.29,45.24,0,19.31,203.86,251.25,8.99
2022-12-17 05:30:00,5,2269.74,30.4,42.16,0,19.31,200.32,245.27,8.87
2022-12-17 06:30:00,5,2536.77,39.34,42.84,0,23.6,217.37,265.81,11.4
2022-12-17 07:30:00,5,3311.16,65.27,46.61,0,31.95,260.95,321.73,16.09
2022-12-17 08:30:00,5,3738.4,84.94,52.09,1.2,36.24,272.28,337.37,17.73
2022-12-17 09:30:00,5,3124.24,63.48,58.26,8.94,39.1,229.76,285.54,17.99
2022-12-17 10:30:00,5,2990.72,52.3,64.43,20.92,46.25,227.56,284.61,22.29
2022-12-17 11:30:00,5,2803.8,34.87,73.34,43.63,57.7,234.93,290.23,23.31
2022-12-17 12:30:00,5,1361.85,8.61,43.87,111.58,72.48,150.89,176.87,10.89
2022-12-17 13:30:00,5,1134.87,5.42,35.64,133.04,70.57,139.99,161.42,9.5
2022-12-17 14:30:00,5,1121.52,4.14,34.96,147.34,74.39,145.81,167.41,9.75
2022-12-17 15:30:00,5,2296.45,12.29,80.88,90.12,75.34,211.91,254.18,21.79
2022-12-17 16:30:00,5,4112.24,39.34,132.98,22.53,80.11,302.59,373.15,38
2022-12-17 17:30:00,5,5714.42,100.14,152.17,1.16,95.37,366.83,457.64,55.22
2022-12-17 18:30:00,5,7263.18,166.3,157.65,0,123.98,439.38,550.57,80.05
2022-12-17 19:30:00,5,8331.3,202.06,148.06,0,141.14,515.71,649.25,100.31
2022-12-17 20:30:00,5,8331.3,200.27,124.75,0,133.51,541.08,688.47,104.37
2022-12-17 21:30:00,5,7690.43,175.24,105.56,0,113.49,515.67,660.26,95.25
2022-12-17 22:30:00,5,7156.37,155.57,93.22,0,94.41,499.36,641.16,79.04
2022-12-17 23:30:00,5,6515.5,139.47,82.25,0,69.62,467.05,594.54,53.2
2022-12-18 00:30:00,5,5340.58,112.65,72.66,0,40.05,390.58,491.4,26.09
2022-12-18 01:30:00,5,4272.46,87.62,63.06,0,25.75,326.41,407.68,13.81
2022-12-18 02:30:00,5,3578.19,67.95,53.47,0,19.55,281.27,351.12,8.74
2022-12-18 03:30:00,5,3044.13,54.09,43.87,0,17.4,253.63,316.97,7.03
2022-12-18 04:30:00,5,2696.99,43.81,38.73,0,17.17,233.6,291.82,7.41
2022-12-18 05:30:00,5,2483.37,38,38.39,0,18.36,218.76,272.32,9.12
2022-12-18 06:30:00,5,2483.37,37.1,44.55,0,24.8,218.51,270.91,13.55
2022-12-18 07:30:00,5,3311.16,61.69,50.72,0,34.81,268.71,333.44,16.97
2022-12-18 08:30:00,5,4165.65,92.98,52.78,0.83,40.53,313.42,386.89,18.49
2022-12-18 09:30:00,5,4753.11,109.08,58.26,4.52,46.25,347.8,426.74,20.01
2022-12-18 10:30:00,5,5500.79,107.29,81.57,11.98,54.36,405.42,494.37,25.84
2022-12-18 11:30:00,5,5821.23,68.84,126.12,36.84,61.99,465.13,561.41,30.91
2022-12-18 12:30:00,5,2002.72,8.38,63.06,151.63,97.27,238.19,274.05,14.44
2022-12-18 13:30:00,5,1468.66,4.75,43.53,174.52,83.92,204.9,233.25,11.27
2022-12-18 14:30:00,5,1321.79,3.41,39.07,183.11,80.11,197.59,223.96,10.77
2022-12-18 15:30:00,5,2403.26,9.05,82.94,110.15,74.39,251.73,295.97,22.29
2022-12-18 16:30:00,5,4058.84,27.49,135.72,28.61,73.43,333.21,402.49,35.97
2022-12-18 17:30:00,5,5393.98,74.21,154.91,1.35,86.78,384.53,469.67,50.16
2022-12-18 18:30:00,5,6568.91,118.02,159.03,0,104.9,443.08,544.08,65.86
2022-12-18 19:30:00,5,7370,126.96,148.06,0,96.32,511.32,629.93,64.85
2022-12-18 20:30:00,5,7263.18,109.08,126.12,0,70.57,551.64,681.36,44.08
2022-12-18 21:30:00,5,6675.72,84.04,106.93,0,51.5,562.75,686.88,26.09
2022-12-18 22:30:00,5,6088.26,62.58,97.33,0,44.35,571.52,689.23,19.76
2022-12-18 23:30:00,5,5073.55,33.97,97.33,0.06,35.29,540.11,638.34,12.79
2022-12-19 00:30:00,5,4005.43,9.95,91.85,0.94,26.7,486.53,561.51,7.92
2022-12-19 01:30:00,5,3845.21,9.39,80.2,0.79,27.89,491.32,560.65,8.99
2022-12-19 02:30:00,5,3791.81,10.06,72.66,0.56,30.04,504.66,571.14,10.39
2022-12-19 03:30:00,5,3738.4,9.95,66.49,0.55,30.99,515.5,579.99,10.77
2022-12-19 04:30:00,5,3685,10.06,62.38,0.53,27.89,520.98,581.17,8.74
2022-12-19 05:30:00,5,3631.59,13.63,58.95,0.3,26.94,525.67,581.15,7.85
2022-12-19 06:30:00,5,3845.21,25.7,57.58,0.07,33.38,539.24,593.72,11.15
2022-12-19 07:30:00,5,4966.74,59.01,63.06,0.09,44.35,601.97,670.83,16.72
2022-12-19 08:30:00,5,5714.42,89.41,65.12,2.06,49.59,630.12,704.57,18.24
2022-12-19 09:30:00,5,5233.76,61.69,85.68,9.12,55.79,594.3,659.59,16.72
2022-12-19 10:30:00,5,5233.76,43.36,98.71,30.76,64.85,605.41,676.45,19.76
2022-12-19 11:30:00,5,5126.95,24.36,108.3,80.11,76.29,632.68,708.59,23.56
2022-12-19 12:30:00,5,2349.85,5.98,56.89,177.38,93.46,375.69,412.05,10.77
2022-12-19 13:30:00,5,1762.39,4.25,43.87,188.83,83.92,305.87,336.64,8.61
2022-12-19 14:30:00,5,1628.88,3.58,44.55,191.69,86.78,291.4,322.22,9.37
2022-12-19 15:30:00,5,3097.53,12.63,102.82,101.57,87.74,366.47,422.47,27.11
2022-12-19 16:30:00,5,5340.58,47.83,159.03,17.52,94.41,482.94,575.05,48.13
2022-12-19 17:30:00,5,7263.18,121.59,174.11,0.69,115.39,566.27,683.15,67.89
2022-12-19 18:30:00,5,8865.36,185.97,175.48,0,141.14,654.09,792.98,91.2
2022-12-19 19:30:00,5,9826.66,209.21,153.54,0,127.79,744.54,906.25,89.17
2022-12-19 20:30:00,5,9613.04,193.12,116.53,0,92.51,777.67,947.17,59.78
2022-12-19 21:30:00,5,8544.92,159.14,86.37,0,63.9,744.5,904.93,32.93
2022-12-19 22:30:00,5,7583.62,125.17,76.09,0,51.98,695.24,840.82,22.8
2022-12-19 23:30:00,5,6088.26,83.15,78.83,0,38.15,588.2,704.85,13.3
2022-12-20 00:30:00,5,4112.24,32.19,80.2,0.03,26.7,442.98,518.71,7.41
2022-12-20 01:30:00,5,3177.64,9.72,74.03,1.23,23.84,379.89,437.23,6.4
2022-12-20 02:30:00,5,2670.29,1.29,64.43,9.12,23.6,349.26,396.94,6.02
2022-12-20 03:30:00,5,2376.56,0.17,54.15,19.13,23.37,328.99,370.79,5.83
2022-12-20 04:30:00,5,2269.74,0.16,50.72,20.21,23.13,321.53,361.06,5.89
2022-12-20 05:30:00,5,2349.85,0.7,54.15,13.95,24.56,326.99,367.33,6.59
2022-12-20 06:30:00,5,2803.8,8.38,63.06,3.44,30.99,358.37,407.39,10.01
2022-12-20 07:30:00,5,3845.21,37.1,68.55,0.02,41.96,422.38,491.31,14.95
2022-12-20 08:30:00,5,4486.08,61.69,73.34,1.24,47.68,460.76,540.63,15.96
2022-12-20 09:30:00,5,4539.49,62.58,78.83,8.94,53.41,469.29,549.16,16.21
2022-12-20 10:30:00,5,4646.3,53.2,89.11,24.68,62.94,492.8,578.95,20.77
2022-12-20 11:30:00,5,4539.49,32.63,101.45,60.8,74.39,513.44,601.92,24.57
2022-12-20 12:30:00,5,1922.61,8.16,55.52,131.61,83.92,281.39,321.1,9.88
2022-12-20 13:30:00,5,1428.6,5.48,42.84,140.19,72.48,229.32,261.12,8.36
2022-12-20 14:30:00,5,1348.5,4.47,43.18,143.05,73.43,223.28,254.49,9.37
2022-12-20 15:30:00,5,2750.4,14.98,98.71,62.23,76.29,288.99,343.95,25.84
2022-12-20 16:30:00,5,4913.33,67.06,134.35,6.62,78.2,390.03,477.7,42.05
2022-12-20 17:30:00,5,6675.72,144.84,139.83,0.33,82.97,463.46,573.72,53.7
2022-12-20 18:30:00,5,8224.49,211,138.46,0,93.46,548.48,680.51,65.86
2022-12-20 19:30:00,5,9185.79,228.88,123.38,0,87.74,633.35,785.75,62.82
2022-12-20 20:30:00,5,8651.73,193.12,97.33,0,71.53,647.64,803.41,45.09
2022-12-20 21:30:00,5,6515.5,118.02,77.46,0,55.31,543.54,669.16,28.63
2022-12-20 22:30:00,5,5661.01,90.3,66.49,0,48.16,500.6,613.76,22.55
2022-12-20 23:30:00,5,4859.92,67.95,65.8,0,37.19,441.73,535.33,14.69
2022-12-21 00:30:00,5,3685,38.89,66.49,0,26.23,360.67,428.2,8.04
2022-12-21 01:30:00,5,2883.91,13.86,68.55,0.58,23.6,317.59,370.1,6.33
2022-12-21 02:30:00,5,2403.26,1.3,63.75,11.44,23.84,305.99,350.59,5.45
2022-12-21 03:30:00,5,2136.23,0.04,52.09,28.25,23.6,310.55,351.07,5
2022-12-21 04:30:00,5,2189.64,0.1,50.72,24.68,23.6,327.99,368.74,5.38
2022-12-21 05:30:00,5,2376.56,0.89,56.89,13.59,26.46,352.32,396.04,6.78
2022-12-21 06:30:00,5,2990.72,11.62,65.8,2.19,34.81,401.25,454.98,11.15
2022-12-21 07:30:00,5,4219.06,46.94,71.97,0.01,48.16,483.79,557.9,16.97
2022-12-21 08:30:00,5,5073.55,76,78.83,1.06,56.74,525.88,612.41,18.24
2022-12-21 09:30:00,5,5126.95,75.1,87.05,7.33,65.8,530.34,619.61,18.75
2022-12-21 10:30:00,5,5340.58,67.95,98.71,19.67,78.2,559.21,658.06,23.31
2022-12-21 11:30:00,5,4699.71,38.44,111.04,52.93,90.6,556.9,651.43,25.59
2022-12-21 12:30:00,5,2403.26,11.51,77.46,130.18,125.89,355.62,402.1,13.3
2022-12-21 13:30:00,5,1842.5,8.38,65.12,144.48,121.12,284.27,320.42,11.4
2022-12-21 14:30:00,5,1682.28,6.26,62.38,154.5,121.12,276.33,308.61,10.89
2022-12-21 15:30:00,5,3231.05,17.66,115.16,80.82,111.58,368.75,425.21,28.12
2022-12-21 16:30:00,5,5607.6,61.69,163.14,14.31,112.53,501.5,595.31,50.16
2022-12-21 17:30:00,5,7583.62,134.11,180.96,0.74,135.42,593.67,714.63,71.94
2022-12-21 18:30:00,5,9292.6,191.33,186.44,0,160.22,683.51,826.06,96.26
2022-12-21 19:30:00,5,9933.47,198.48,167.25,0,131.61,760.75,920.13,86.13
2022-12-21 20:30:00,5,9078.98,150.2,138.46,0,82.02,751.44,903.34,47.12
2022-12-21 21:30:00,5,5607.6,36.66,126.12,0.03,50.54,558.04,655.08,20.52
2022-12-21 22:30:00,5,4699.71,13.63,109.67,0.58,44.82,521.02,608.8,16.97
2022-12-21 23:30:00,5,3952.03,3.91,95.96,5.81,36.72,483.26,559.02,11.65
2022-12-22 00:30:00,5,3124.24,0.18,72.66,23.6,27.66,422.96,479.16,6.71
2022-12-22 01:30:00,5,2616.88,0.01,54.84,39.34,24.8,391.86,435.43,5.51
2022-12-22 02:30:00,5,2376.56,0,45.93,46.49,24.32,381.95,418.42,5.07
2022-12-22 03:30:00,5,2296.45,0,40.44,50.78,24.32,385.97,418.98,4.88
2022-12-22 04:30:00,5,2296.45,0,39.07,50.78,24.8,398.59,430.17,4.94
2022-12-22 05:30:00,5,2376.56,0.01,42.84,46.49,26.7,417.72,449.79,5.45
2022-12-22 06:30:00,5,2750.4,0.25,57.58,30.4,32.9,452.33,490.31,8.36
2022-12-22 07:30:00,5,3524.78,7.6,81.57,5.28,43.39,511.21,564.9,13.55
2022-12-22 08:30:00,5,4112.24,26.6,85,2.73,51.02,537.15,602.49,16.09
2022-12-22 09:30:00,5,4165.65,33.08,84.31,15.56,60.08,529.39,597.64,16.97
2022-12-22 10:30:00,5,4058.84,29.5,84.31,37.91,71.53,527.97,598.29,19.25
2022-12-22 11:30:00,5,3631.59,19.67,82.25,74.39,84.88,520.18,586.98,21.28
2022-12-22 12:30:00,5,2643.59,10.28,70.6,131.61,106.81,423.54,470.08,16.47
2022-12-22 13:30:00,5,2456.67,7.38,66.49,165.94,113.49,416.4,458.31,15.96
2022-12-22 14:30:00,5,2403.26,5.64,67.17,180.24,118.26,410.47,450.52,17.48
2022-12-22 15:30:00,5,3685,13.75,116.53,101.57,103.95,458.67,519.62,30.65
2022-12-22 16:30:00,5,5607.6,46.94,159.03,20.74,89.65,526.26,616.98,44.58
2022-12-22 17:30:00,5,7156.37,113.55,161.77,0.96,90.6,552.39,665.52,57.25
2022-12-22 18:30:00,5,8331.3,162.72,159.03,0,99.18,587.86,722.41,71.94
2022-12-22 19:30:00,5,8651.73,159.14,145.32,0,86.78,623.55,774.72,67.89
2022-12-22 20:30:00,5,7797.24,116.23,127.49,0,67.71,605.63,749.29,49.65
2022-12-22 21:30:00,5,5340.58,42.92,113.79,0,52.45,482.77,586.53,31.16
2022-12-22 22:30:00,5,5020.14,34.42,100.08,0,48.16,489.42,592.4,23.31
2022-12-22 23:30:00,5,4646.3,30.4,90.48,0.01,39.1,483.3,579,14.69
2022-12-23 00:30:00,5,3952.03,21.46,80.2,0.05,29.09,459.1,539.14,8.61
2022-12-23 01:30:00,5,3631.59,14.98,73.34,0.22,27.66,461.71,533.6,8.23
2022-12-23 02:30:00,5,3524.78,10.62,68.55,0.51,29.56,477.91,545.43,9.37
2022-12-23 03:30:00,5,3471.37,8.38,65.8,0.88,31.47,495.87,561.01,10.39
2022-12-23 04:30:00,5,3417.97,7.26,63.06,1.15,31.47,510.55,570.86,9.5
2022-12-23 05:30:00,5,3471.37,9.61,62.38,0.75,31.95,527.95,579.82,9.25
2022-12-23 06:30:00,5,3898.62,21.01,63.75,0.19,36.72,557.9,601.53,12.67
2022-12-23 07:30:00,5,5126.95,53.2,70.6,0,51.02,626.34,680.53,20.77
2022-12-23 08:30:00,5,5981.45,78.68,83.63,0.1,64.85,663.69,724.98,25.84
2022-12-23 09:30:00,5,4806.52,38,108.3,3.53,90.6,548.68,597.89,22.04
2022-12-23 10:30:00,5,4486.08,34.87,105.56,18.24,110.63,518.05,571.72,22.29
2022-12-23 11:30:00,5,4432.68,33.97,105.56,43.27,125.89,528.55,588.21,23.05
2022-12-23 12:30:00,5,3791.81,27.05,112.41,77.25,150.68,470.59,526.47,20.01
2022-12-23 13:30:00,5,3471.37,21.23,120.64,100.14,175.48,448.26,501.8,20.77
2022-12-23 14:30:00,5,3524.78,15.42,127.49,115.87,196.46,467.03,524.29,23.05
2022-12-23 15:30:00,5,4219.06,16.09,149.43,82.25,171.66,511.84,585.84,31.41
2022-12-23 16:30:00,5,5554.2,33.08,178.22,20.74,125.89,575.57,672.82,41.54
2022-12-23 17:30:00,5,6675.72,79.57,168.62,0.98,93.46,603.65,720.39,46.1
2022-12-23 18:30:00,5,7156.37,116.23,138.46,0,81.06,604.25,732.04,46.1
2022-12-23 19:30:00,5,6729.13,106.39,111.04,0,74.39,590.67,718.31,43.06
2022-12-23 20:30:00,5,5767.82,75.1,101.45,0,70.57,556.34,668.04,35.46
2022-12-23 21:30:00,5,4646.3,34.87,106.93,0.01,69.62,507.14,595.49,26.35
2022-12-23 22:30:00,5,4112.24,17.43,104.19,0.19,59.6,488.55,570.32,20.77
2022-12-23 23:30:00,5,3417.97,5.87,91.85,3.4,43.39,448.34,517.04,13.55
2022-12-24 00:30:00,5,2696.99,0.17,67.86,24.32,30.28,392.12,439.36,7.54
2022-12-24 01:30:00,5,2323.15,0,45.93,45.42,22.17,355.45,389.17,5.19
2022-12-24 02:30:00,5,2162.93,0,36.67,52.93,19.31,335.12,362.33,4.5
2022-12-24 03:30:00,5,2082.82,0,33.24,52.21,18.6,321.72,346.14,4.24
2022-12-24 04:30:00,5,2082.82,0,32.9,47.21,18.36,316.16,339.66,4.02
2022-12-24 05:30:00,5,2109.53,0.01,35.64,39.7,19.55,320.42,343.26,4.12
2022-12-24 06:30:00,5,2269.74,0.09,43.18,30.76,23.13,332.46,357.66,5.57
2022-12-24 07:30:00,5,2643.59,0.87,61.01,16.99,30.52,353.1,385.99,8.61
2022-12-24 08:30:00,5,2830.51,5.03,71.97,11.98,36.72,351.1,390.04,10.13
2022-12-24 09:30:00,5,2590.18,11.06,63.06,34.33,44.82,315.73,352.81,10.89
2022-12-24 10:30:00,5,2429.96,13.63,54.84,52.21,51.5,298.12,334.72,14.06
2022-12-24 11:30:00,5,2189.64,12.29,50.04,70.81,58.17,278.86,313.15,15.96
2022-12-24 12:30:00,5,1588.82,7.49,39.41,103,58.17,205.14,228.45,12.41
2022-12-24 13:30:00,5,1401.9,5.59,34.62,120.16,54.36,169.63,188.76,12.54
2022-12-24 14:30:00,5,1281.74,4.3,32.22,125.89,51.5,137.62,154.63,13.17
2022-12-24 15:30:00,5,1295.09,3.74,34.96,115.87,42.92,121.96,139.63,14.69
2022-12-24 16:30:00,5,1522.06,3.27,47.98,90.84,37.67,126.64,148.01,17.73
2022-12-24 17:30:00,5,1735.69,0.85,65.8,60.08,34.81,130.31,154.47,20.77
2022-12-24 18:30:00,5,1922.61,0.02,72.66,41.13,34.33,143.74,171.38,24.57
2022-12-24 19:30:00,5,1976.01,0.01,66.49,41.13,33.86,164.08,196.37,28.37
2022-12-24 20:30:00,5,1922.61,0,56.89,46.49,30.99,176.71,210.85,28.88
2022-12-24 21:30:00,5,1842.5,0,50.04,50.07,28.13,182.3,215.59,23.31
2022-12-24 22:30:00,5,1789.09,0,46.61,49.35,25.75,185.03,217.2,16.09
2022-12-24 23:30:00,5,1615.52,0,41.47,47.92,21.46,176.17,203.5,9.37
2022-12-25 00:30:00,5,1348.5,0,33.93,47.92,16.93,159.6,180.18,5.38
2022-12-25 01:30:00,5,1228.33,0,28.1,47.92,15.74,156.49,174.28,4.37
2022-12-25 02:30:00,5,1188.28,0,25.02,47.92,15.74,164.87,182.51,3.93
2022-12-25 03:30:00,5,1188.28,0,22.96,47.92,15.97,178.84,197.01,3.7
2022-12-25 04:30:00,5,1228.33,0,22.96,48.64,16.93,197.5,215.96,3.7
2022-12-25 05:30:00,5,1321.79,0.01,25.36,46.49,19.31,218.25,235.31,3.93
2022-12-26 06:30:00,5,2670.29,11.29,54.84,0.99,29.33,326.8,369.06,9.37
2022-12-26 07:30:00,5,3631.59,38,58.95,0.01,39.58,386.81,448.28,14.19
2022-12-26 08:30:00,5,4379.27,64.37,63.75,0.88,46.25,429.08,502.89,16.09
2022-12-26 09:30:00,5,4325.87,62.58,65.8,6.62,51.02,432.28,505.75,16.47
2022-12-26 10:30:00,5,4486.08,58.11,74.03,17.34,59.6,456,535.98,20.52
2022-12-26 11:30:00,5,4325.87,38.89,89.11,41.84,69.62,474.44,554.89,24.32
2022-12-26 12:30:00,5,2002.72,8.61,52.78,123.02,74.39,296.98,330.98,11.53
2022-12-26 13:30:00,5,1562.12,5.48,42.5,145.91,67.71,250.45,277.46,8.99
2022-12-26 14:30:00,5,1522.06,4.58,45.24,154.5,74.39,246.7,273.43,9.37
2022-12-26 15:30:00,5,3070.83,18.1,102.82,74.39,80.11,333.11,385.94,27.11
2022-12-26 16:30:00,5,5447.39,70.63,143.95,11.44,82.02,460.28,549.87,45.09
2022-12-26 17:30:00,5,7370,150.2,149.43,0.63,94.41,547.71,660.69,61.3
2022-12-26 18:30:00,5,8758.54,212.79,145.32,0,113.49,633.47,765.2,78.02
2022-12-26 19:30:00,5,9399.41,221.73,124.75,0,97.27,707.84,854.47,66.88
2022-12-26 20:30:00,5,8544.92,173.45,105.56,0,68.66,709.48,850.4,41.04
2022-12-26 21:30:00,5,5340.58,59.01,104.19,0,46.73,533.6,626.01,22.04
2022-12-26 22:30:00,5,4592.9,29.5,98.71,0.01,41.01,488.71,570.55,18.24
2022-12-26 23:30:00,5,3952.03,14.53,94.59,0.53,31.95,441.72,510,12.03
2022-12-27 00:30:00,5,3017.43,1.82,78.14,9.3,22.89,374.72,422.51,6.78
2022-12-27 01:30:00,5,2483.37,0.09,56.21,24.68,20.03,343.63,379.55,5.57
2022-12-27 02:30:00,5,2296.45,0.02,44.55,32.54,19.79,337.62,368.23,5.32
2022-12-27 03:30:00,5,2216.34,0.01,38.73,36.12,20.27,340.36,367.68,5.32
2022-12-27 04:30:00,5,2189.64,0.01,36.33,38.27,20.74,340.2,365.09,5.32
2022-12-27 05:30:00,5,2189.64,0.01,37.01,40.05,22.65,336.13,359.4,5.45
2022-12-27 06:30:00,5,2323.15,0.06,45.24,36.48,28.13,334.93,360.71,7.09
2022-12-27 07:30:00,5,2696.99,0.78,65.12,21.28,37.19,346.2,381.04,10.51
2022-12-27 08:30:00,5,2910.61,6.93,72.66,20.21,44.35,346.22,385.31,11.91
2022-12-27 09:30:00,5,2750.4,9.72,65.12,38.98,52.45,333.48,369.89,11.78
2022-12-27 10:30:00,5,2616.88,12.07,56.21,59.37,58.65,330.72,367.71,12.67
2022-12-27 11:30:00,5,2376.56,10.17,50.04,85.83,62.94,319.97,355.71,13.43
2022-12-27 12:30:00,5,1869.2,5.98,38.73,124.45,63.9,282.89,309.41,10.51
2022-12-27 13:30:00,5,1695.63,4.58,34.62,145.91,60.56,270.73,294.72,11.15
2022-12-27 14:30:00,5,1602.17,3.8,34.96,154.5,59.6,253.47,276.35,12.67
2022-12-27 15:30:00,5,1588.82,3.52,39.41,140.19,52.45,224,246.85,14.31
2022-12-27 16:30:00,5,1762.39,2.85,53.47,108.72,46.25,215.79,241.2,16.97
2022-12-27 17:30:00,5,1976.01,0.7,73.34,72.96,43.39,217.55,245.64,20.27
2022-12-27 18:30:00,5,2189.64,0.01,83.63,50.07,43.39,225.67,257.57,24.32
2022-12-27 19:30:00,5,2189.64,0,76.77,50.07,43.87,233.38,269.53,27.11
2022-12-27 20:30:00,5,2082.82,0,65.12,58.65,41.96,233.61,270.78,26.35
2022-12-27 21:30:00,5,1976.01,0,55.52,66.52,39.58,231.28,267.23,23.81
2022-12-27 22:30:00,5,1869.2,0,48.67,72.24,36.72,228.36,261.74,20.27
2022-12-27 23:30:00,5,1588.82,0,40.44,75.82,30.52,208.63,235.44,14.69
2022-12-28 00:30:00,5,1255.04,0,31.19,77.96,24.08,179.33,198.04,9.88
2022-12-28 01:30:00,5,1108.17,0,26.39,75.1,21.7,164.38,180.07,8.23
2022-12-28 02:30:00,5,1068.12,0,23.99,70.81,21.46,159.06,173.24,7.47
2022-12-28 03:30:00,5,1028.06,0,22.62,67.95,21.46,159.95,173.46,6.65
2022-12-28 04:30:00,5,1014.71,0,22.62,64.37,21.93,160.2,173.48,5.89
2022-12-28 05:30:00,5,1028.06,0,24.33,60.08,23.6,156.88,170.3,5.45
2022-12-28 06:30:00,5,1121.52,0.01,30.85,50.78,27.66,156.7,172.25,6.4
2022-12-28 07:30:00,5,1361.85,0.13,43.53,35.05,32.9,162.1,182.68,8.36
2022-12-28 08:30:00,5,1495.36,2.96,50.04,26.11,35.29,161.16,183.92,8.87
2022-12-28 09:30:00,5,1468.66,10.06,41.47,36.48,38.62,152.17,175.11,9.37
2022-12-28 10:30:00,5,1401.9,11.85,35.99,50.07,43.39,145.89,168.39,11.02
2022-12-28 11:30:00,5,1281.74,10.17,33.24,68.66,48.16,137.84,158.25,11.91
2022-12-28 12:30:00,5,1148.22,7.6,30.5,90.84,47.68,129.86,147.73,11.27
2022-12-28 13:30:00,5,1081.47,5.81,29.13,110.15,45.78,127.62,144.22,11.27
2022-12-28 14:30:00,5,1041.41,4.58,29.13,121.59,45.78,121.96,137.6,11.65
2022-12-28 15:30:00,5,1041.41,3.86,31.53,121.59,43.87,112.83,128.46,12.16
2022-12-28 16:30:00,5,1161.58,2.96,41.47,104.43,42.44,116.3,134.03,14.44
2022-12-28 17:30:00,5,1295.09,0.69,53.47,82.25,39.1,119.23,139.14,16.72
2022-12-28 18:30:00,5,1508.71,0,62.38,62.94,38.15,132.42,157.1,20.77
2022-12-28 19:30:00,5,1735.69,0,65.12,53.64,38.15,158.43,190.39,25.59
2022-12-28 20:30:00,5,1869.2,0,60.32,52.93,36.72,184.48,221.27,28.12
2022-12-28 21:30:00,5,1922.61,0,56.89,52.21,35.29,209.61,248.73,27.11
2022-12-28 22:30:00,5,1976.01,0,54.84,51.5,33.86,233.29,274.27,22.04
2022-12-28 23:30:00,5,1869.2,0,50.72,51.5,29.33,244.52,281.78,14.06
2022-12-29 00:30:00,5,1628.88,0,42.5,55.79,23.6,243.45,273.14,7.28
2022-12-29 01:30:00,5,1508.71,0,35.64,57.94,22.17,249.61,275.81,5.19
2022-12-29 02:30:00,5,1482.01,0,31.87,56.51,21.93,257.95,282.64,4.37
2022-12-29 03:30:00,5,1495.36,0,30.5,52.93,21.7,266.86,291.13,4.12
2022-12-29 04:30:00,5,1548.77,0,31.19,47.21,22.17,278.16,302.72,4.31
2022-12-29 05:30:00,5,1642.23,0.02,35.64,38.62,24.08,293.31,318.92,4.81
2022-12-29 06:30:00,5,1949.31,0.6,49.35,22.35,29.09,322.39,353.48,7.16
2022-12-29 07:30:00,5,2670.29,12.74,65.12,1.92,37.19,373.87,417.88,11.65
2022-12-29 08:30:00,5,3337.86,39.79,64.43,1.65,42.44,418.14,472.28,14.19
2022-12-29 09:30:00,5,3685,54.09,64.43,8.58,46.73,446.95,506.45,16.72
2022-12-29 10:30:00,5,3952.03,52.3,74.71,20.21,55.79,473.65,539.14,22.8
2022-12-29 11:30:00,5,4005.43,38.89,90.48,42.2,67.71,496.47,566.32,26.85
2022-12-29 12:30:00,5,2536.77,13.41,76.77,85.83,93.46,367.69,411.93,14.44
2022-12-29 13:30:00,5,2296.45,9.83,80.2,90.12,108.72,342.28,383.5,14.31
2022-12-29 14:30:00,5,2510.07,9.61,104.19,75.1,139.24,356.69,401.63,18.49
2022-12-29 15:30:00,5,3631.59,24.59,145.32,32.19,150.68,421.26,483.79,29.89
2022-12-29 16:30:00,5,5554.2,73.31,169.99,6.62,141.14,527.43,620.22,43.06
2022-12-29 17:30:00,5,7263.18,130.53,172.73,0.58,120.16,590.94,715.05,50.66
2022-12-29 18:30:00,5,7476.81,143.05,148.06,0,91.55,552.84,702.9,46.61
2022-12-29 19:30:00,5,6942.75,123.38,120.64,0,74.39,508.82,663.66,40.53
2022-12-29 20:30:00,5,6141.66,94.77,111.04,0,63.9,467.07,602.64,31.66
2022-12-29 21:30:00,5,4592.9,51.86,104.19,0,51.98,382.01,482.66,21.79
2022-12-29 22:30:00,5,3685,26.82,94.59,0.03,45.3,331.04,412.77,18.24
2022-12-29 23:30:00,5,3017.43,10.84,89.11,1.03,38.62,292.45,358.29,14.57
2022-12-30 00:30:00,5,2323.15,0.89,75.4,13.77,30.52,252.97,299.66,10.64
2022-12-30 01:30:00,5,1895.9,0.02,54.15,33.62,26.23,236.68,271.84,11.15
2022-12-30 02:30:00,5,1682.28,0,41.13,45.78,23.84,233.32,261.47,12.92
2022-12-30 03:30:00,5,1575.47,0,35.3,51.5,23.84,234.13,259.1,14.31
2022-12-30 04:30:00,5,1522.06,0,32.56,51.5,24.56,235.97,259.11,14.31
2022-12-30 05:30:00,5,1482.01,0,32.56,48.64,25.99,233.51,255.52,14.19
2022-12-30 06:30:00,5,1575.47,0.02,39.76,40.77,30.52,235.81,260.32,15.71
2022-12-30 07:30:00,5,2029.42,0.87,62.38,19.49,39.1,253.65,286.73,18.49
2022-12-30 08:30:00,5,2456.67,7.82,79.51,6.08,47.21,264.36,304.19,17.99
2022-12-30 09:30:00,5,2429.96,13.86,71.97,18.78,51.02,257.78,298.54,16.47
2022-12-30 10:30:00,5,2349.85,16.76,63.75,35.05,53.41,259.12,299.47,18.49
2022-12-30 11:30:00,5,2269.74,16.54,61.01,51.5,58.65,267.68,306.98,19.76
2022-12-30 12:30:00,5,1842.5,10.39,55.52,90.12,72.48,260.36,293.03,14.57
2022-12-30 13:30:00,5,1695.63,8.16,54.84,113.01,77.25,265.01,295.75,13.05
2022-12-30 14:30:00,5,1602.17,6.93,58.95,124.45,85.83,264.67,294.37,12.41
2022-12-30 15:30:00,5,3070.83,27.05,116.53,54.36,93.46,338.27,390.08,27.36
2022-12-30 16:30:00,5,5287.17,89.41,156.28,8.4,118.26,445.98,525.09,48.13
2022-12-30 17:30:00,5,7156.37,173.45,171.36,0.56,171.66,528.93,625.74,72.96
2022-12-30 18:30:00,5,8758.54,232.46,191.93,0,236.51,612.72,731.76,104.37
2022-12-30 19:30:00,5,10467.53,261.07,194.67,0,247.96,748.66,916.02,127.67
2022-12-30 20:30:00,5,12283.33,282.53,178.22,0,207.9,916.62,1149,123.62
2022-12-30 21:30:00,5,13458.25,293.25,156.28,0,148.77,1057.02,1346.91,88.16
2022-12-30 22:30:00,5,14312.74,300.41,139.83,0,113.49,1206.81,1537.33,62.32
2022-12-30 23:30:00,5,13885.5,282.53,120.64,0,79.15,1238.42,1560.85,38
2022-12-31 00:30:00,5,9719.85,177.03,102.82,0,50.54,964.48,1189.24,20.52
2022-12-31 01:30:00,5,6248.47,86.72,79.51,0,28.85,705.6,854.86,8.87
2022-12-31 02:30:00,5,3738.4,33.53,58.26,0.01,20.5,518.47,603.47,4.75
2022-12-31 03:30:00,5,2082.82,3.97,47.3,3.17,21.46,378.35,415.23,3.8
2022-12-31 04:30:00,5,1628.88,0.34,37.01,12.87,18.84,307.25,330.37,3.8
2022-12-31 05:30:00,5,1455.31,0.28,32.22,15.2,19.55,249.47,267.97,4.18
2022-12-31 06:30:00,5,1415.25,1.24,34.62,9.66,23.13,201.84,220.2,5.64
2022-12-31 07:30:00,5,1588.82,5.98,40.78,2.37,28.13,177.55,200.88,8.36
2022-12-31 08:30:00,5,1655.58,12.52,41.47,3.31,31.95,152.41,178.17,9.75
2022-12-31 09:30:00,5,1522.06,16.09,34.27,15.91,34.81,129.86,154.63,9.75
2022-12-31 10:30:00,5,1388.55,14.98,29.82,31.83,37.19,120.8,144.41,10.13
2022-12-31 11:30:00,5,1201.63,10.28,27.08,55.79,38.15,117.19,137.35,10.01
2022-12-31 12:30:00,5,894.55,4.75,19.54,92.98,30.28,97.6,111.94,7.47
2022-12-31 13:30:00,5,794.41,2.96,16.11,117.3,26.46,97.3,109.64,6.52
2022-12-31 14:30:00,5,801.09,2.35,16.11,130.18,27.42,105.8,118.17,6.78
2022-12-31 15:30:00,5,1014.71,3.05,25.7,120.16,30.99,123.14,139.12,9.37
2022-12-31 16:30:00,5,1335.14,3.24,43.53,94.41,34.81,142.35,163.57,12.92
2022-12-31 17:30:00,5,1615.52,0.98,65.8,60.8,35.76,150.3,175.37,16.09
2022-12-31 18:30:00,5,1922.61,0.03,80.2,36.84,37.67,162.81,193.26,18.75
2022-12-31 19:30:00,5,2136.23,0.07,79.51,30.04,37.67,178.16,215.1,19
2022-12-31 20:30:00,5,2162.93,0.06,71.29,30.76,34.33,185.34,226.09,16.21
2022-12-31 21:30:00,5,2189.64,0.07,65.8,29.33,30.99,188.77,230.98,13.05
2022-12-31 22:30:00,5,2296.45,0.2,65.8,22.53,28.85,197.36,242.04,11.27
2022-12-31 23:30:00,5,2216.34,0.33,63.75,18.06,24.32,193.33,235.44,8.49
2023-01-01 00:30:00,5,1949.31,0.25,55.52,18.24,18.6,174.78,209.27,5.76
2023-01-01 01:30:00,5,1789.09,0.24,47.98,17.34,16.69,168.08,198.76,5.32
2023-01-01 02:30:00,5,1735.69,0.36,43.87,14.31,16.45,168.37,197.65,5.38
2023-01-01 03:30:00,5,1695.63,0.61,41.13,10.64,16.69,170.73,199.59,5.57
2023-01-01 04:30:00,5,1668.93,0.89,39.07,8.49,16.93,169.16,196.23,5.64
2023-01-01 05:30:00,5,1655.58,1.66,39.41,5.9,17.88,169.29,194.64,5.83
2023-01-01 06:30:00,5,1869.2,6.82,42.16,1.99,22.17,182.84,211.08,7.66
2023-01-01 07:30:00,5,2510.07,27.72,43.87,0.02,30.04,220.25,260.68,11.4
2023-01-01 08:30:00,5,3150.94,55.43,44.55,0.85,35.76,252.9,304.12,13.55
2023-01-01 09:30:00,5,3471.37,68.84,45.24,5.45,39.1,266.36,322.8,14.19
2023-01-01 10:30:00,5,3578.19,64.37,55.52,14.13,44.35,276.54,336.79,16.21
2023-01-01 11:30:00,5,3578.19,46.94,76.09,33.26,50.54,295.4,357.07,19.25
2023-01-01 12:30:00,5,1468.66,9.83,47.3,105.86,68.66,158.83,182.61,7.09
2023-01-01 13:30:00,5,1161.58,5.81,35.99,125.89,61.99,134.39,153.47,5.51
2023-01-01 14:30:00,5,1161.58,4.58,36.33,134.47,65.8,133.22,152.09,6.02
2023-01-01 15:30:00,5,2376.56,14.98,80.88,70.1,64.85,197.11,235.99,19.76
2023-01-01 16:30:00,5,4325.87,54.09,119.27,12.34,66.76,298.82,366.6,34.96
2023-01-01 17:30:00,5,6141.66,123.38,127.49,0.72,78.2,385.41,474.7,47.62
2023-01-01 18:30:00,5,8010.86,189.54,137.09,0,109.67,493.18,603.98,71.94
2023-01-01 19:30:00,5,9506.23,225.31,142.57,0,141.14,608.62,742.76,96.26
2023-01-01 20:30:00,5,10253.91,228.88,143.95,0,156.4,689.94,840.91,110.45
2023-01-01 21:30:00,5,10574.34,228.88,146.69,0,177.38,743.91,904.27,125.65
2023-01-01 22:30:00,5,11322.02,236.03,152.17,0,205.99,811.4,981.17,147.94
2023-01-01 23:30:00,5,11535.64,236.03,149.43,0,215.53,834.55,1006.18,156.04
2023-01-02 00:30:00,5,10894.78,221.73,139.83,0,202.18,791.61,952,147.94
2023-01-02 01:30:00,5,10147.09,202.06,130.24,0,202.18,758.44,911.29,151.99
2023-01-02 02:30:00,5,9185.79,177.03,120.64,0,196.46,722.3,867.55,154.02
2023-01-02 03:30:00,5,7797.24,144.84,100.08,0,127.79,646.22,778.21,102.34
2023-01-02 04:30:00,5,6622.31,121.59,80.88,0,73.43,583.03,700.01,50.16
2023-01-02 05:30:00,5,6301.88,121.59,68.55,0,55.31,577.03,682.86,28.12
2023-01-02 06:30:00,5,7049.56,146.63,62.38,0,54.84,643.62,752.31,24.57
2023-01-02 07:30:00,5,9292.6,221.73,62.38,0,63.9,807.13,944.78,28.63
2023-01-02 08:30:00,5,11428.83,311.14,68.55,0.16,66.76,940.49,1100.6,26.09
2023-01-02 09:30:00,5,9506.23,253.92,82.25,1.97,74.39,786.89,919.22,22.55
2023-01-02 10:30:00,5,9613.04,232.46,116.53,6.71,81.06,802.84,939.02,26.35
2023-01-02 11:30:00,5,10147.09,171.66,202.89,22.35,95.37,887.45,1025.58,33.44
2023-01-02 12:30:00,5,2456.67,27.49,105.56,78.68,177.38,303.33,342.39,7.16
2023-01-02 13:30:00,5,1842.5,14.31,82.25,107.29,141.14,237.73,269.52,5.26
2023-01-02 14:30:00,5,1895.9,10.51,84.31,123.02,146.87,253.57,287.63,5.38
2023-01-02 15:30:00,5,3631.59,27.72,131.61,57.94,129.7,368.12,431.92,25.59
2023-01-02 16:30:00,5,6355.29,93.88,160.4,8.76,118.26,537.38,644.87,52.18
2023-01-02 17:30:00,5,9078.98,196.7,165.88,0.57,152.59,688.83,835.43,86.13
2023-01-02 18:30:00,5,11428.83,271.8,175.48,0,207.9,838.72,1020.61,133.75
2023-01-02 19:30:00,5,12283.33,268.22,172.73,0,234.6,947.07,1158.61,164.15
2023-01-02 20:30:00,5,11962.89,227.09,159.03,0,219.35,984.28,1208.75,160.1
2023-01-02 21:30:00,5,11001.59,180.6,142.57,0,173.57,980.05,1200.7,122.61
2023-01-02 22:30:00,5,10360.72,150.2,126.12,0,133.51,967.81,1180.92,87.14
2023-01-02 23:30:00,5,9078.98,125.17,109.67,0,91.55,891.85,1086.25,51.68
2023-01-03 00:30:00,5,7370,99.24,93.22,0,54.36,775.74,934.68,22.8
2023-01-03 01:30:00,5,6088.26,76,80.2,0,42.44,695.45,826.41,15.07
2023-01-03 02:30:00,5,5180.36,55.88,69.92,0,39.58,637.53,746.12,13.81
2023-01-03 03:30:00,5,4699.71,44.7,63.06,0,41.48,602.85,697.48,15.33
2023-01-03 04:30:00,5,4592.9,44.26,58.95,0,48.64,598.74,686.91,20.27
2023-01-03 05:30:00,5,4806.52,52.75,56.89,0,61.99,611.98,699.29,28.88
2023-01-03 06:30:00,5,5607.6,78.68,56.89,0,81.06,666.55,760.43,44.08
2023-01-03 07:30:00,5,7904.05,151.99,61.69,0,90.6,813.7,932.78,52.18
2023-01-03 08:30:00,5,10253.91,239.61,73.34,0.03,82.97,940.67,1054.16,41.54
2023-01-03 09:30:00,5,6568.91,128.75,100.08,1.03,82.97,644.99,710.12,23.81
2023-01-03 10:30:00,5,6355.29,109.97,100.08,5.99,88.69,614.36,684.18,24.07
2023-01-03 11:30:00,5,6248.47,80.47,122.01,22.71,94.41,612.99,688.4,23.05
2023-01-03 12:30:00,5,2429.96,21.23,76.77,87.26,127.79,279.92,313.3,6.14
2023-01-03 13:30:00,5,1628.88,9.61,52.78,121.59,88.69,199.93,225.6,5.95
2023-01-03 14:30:00,5,1415.25,6.26,46.61,138.76,77.25,182.79,206.4,7.03
2023-01-03 15:30:00,5,1735.69,7.04,60.32,115.87,69.62,195.47,225.43,13.3
2023-01-03 16:30:00,5,2456.67,9.28,91.85,65.09,62.94,229.65,271.57,21.53
2023-01-03 17:30:00,5,3177.64,12.52,126.12,12.52,57.7,264.02,315.37,26.35
2023-01-03 18:30:00,5,3738.4,25.7,124.75,0.06,55.31,307.17,367.04,27.36
2023-01-03 19:30:00,5,3738.4,16.99,115.16,0.51,51.02,342.41,406.96,24.07
2023-01-03 20:30:00,5,3337.86,2.32,97.33,13.05,43.87,346.06,406.28,17.73
2023-01-03 21:30:00,5,2857.21,0.03,71.97,36.84,38.15,321.7,373.76,13.17
2023-01-03 22:30:00,5,2643.59,0.01,62.38,41.13,35.29,297.54,345.69,11.27
2023-01-03 23:30:00,5,2323.15,0.01,54.84,42.56,29.56,260.64,300.75,8.49
2023-01-04 00:30:00,5,1895.9,0,43.87,47.21,23.6,223.78,252.41,5.7
2023-01-04 01:30:00,5,1682.28,0,36.33,49.35,21.7,208.63,230.93,5.19
2023-01-04 02:30:00,5,1575.47,0,32.22,49.35,21.46,202.96,222.47,5.07
2023-01-04 03:30:00,5,1508.71,0,29.82,48.64,21.22,198.84,217.02,5
2023-01-04 04:30:00,5,1482.01,0,29.13,47.92,21.93,196.7,213.67,5
2023-01-04 05:30:00,5,1522.06,0.01,31.53,45.78,23.6,200.81,217.59,5.26
2023-01-04 06:30:00,5,1735.69,0.06,41.81,38.27,29.33,218.39,238.42,7.09
2023-01-04 07:30:00,5,2269.74,1.29,65.8,17.88,40.05,258.33,287.36,11.53
2023-01-04 08:30:00,5,2777.1,9.39,81.57,3.4,51.98,292.03,330.37,16.21
2023-01-04 09:30:00,5,3017.43,19.89,79.51,7.87,65.8,312.27,356.38,19.76
2023-01-04 10:30:00,5,3044.13,24.81,73.34,25.03,78.2,324.31,372.64,19.76
2023-01-04 11:30:00,5,2803.8,21.9,69.92,54.36,90.6,324.68,371.96,17.73
2023-01-04 12:30:00,5,2029.42,11.85,58.95,105.86,94.41,264.92,298.29,12.67
2023-01-04 13:30:00,5,1655.58,8.83,52.78,125.89,89.65,226.24,254.02,11.4
2023-01-04 14:30:00,5,1562.12,6.93,52.78,135.9,91.55,220.47,246.56,11.53
2023-01-04 15:30:00,5,1949.31,7.49,68.55,115.87,83.92,245.78,278.38,16.72
2023-01-04 16:30:00,5,2750.4,8.49,100.08,68.66,69.62,289.28,333.6,23.05
2023-01-04 17:30:00,5,3417.97,9.28,134.35,15.38,57.7,314.45,366.85,23.31
2023-01-04 18:30:00,5,3898.62,21.68,130.24,0.15,52.93,334.6,394.29,22.29
2023-01-04 19:30:00,5,4058.84,20.34,116.53,0.16,50.54,361.48,429.52,21.03
2023-01-04 20:30:00,5,3898.62,10.62,105.56,1.32,46.25,372.92,446.18,17.73
2023-01-04 21:30:00,5,3791.81,5.81,95.96,2.95,42.44,381.88,456.42,15.58
2023-01-04 22:30:00,5,3898.62,7.93,90.48,1.83,40.53,395.46,475.53,15.58
2023-01-04 23:30:00,5,3631.59,8.72,83.63,1.52,34.33,377.04,452.24,12.54
2023-01-05 00:30:00,5,3070.83,4.14,74.71,4.11,26.46,334.32,395.79,8.23
2023-01-05 01:30:00,5,2670.29,1.03,63.06,10.37,23.84,314.48,364.57,6.97
2023-01-05 02:30:00,5,2456.67,0.39,53.47,15.2,22.65,310.27,352.76,6.46
2023-01-05 03:30:00,5,2323.15,0.28,47.3,16.99,21.93,309.91,347.09,6.33
2023-01-05 04:30:00,5,2243.04,0.32,43.87,16.63,21.46,312.2,344.97,6.27
2023-01-05 05:30:00,5,2269.74,0.67,45.93,13.41,22.41,315.35,341.52,6.52
2023-01-05 06:30:00,5,2536.77,4.53,54.15,5.81,27.18,330.39,355.83,8.87
2023-01-05 07:30:00,5,3284.45,24.14,63.06,0.15,37.67,370.86,406.67,14.31
2023-01-05 08:30:00,5,3898.62,45.15,71.29,0.15,48.64,393.62,436.41,18.49
2023-01-05 09:30:00,5,3952.03,46.94,82.94,1.3,61.99,389.31,433.52,21.03
2023-01-05 10:30:00,5,3898.62,43.36,87.74,8.23,73.43,381.59,431.43,20.77
2023-01-05 11:30:00,5,3524.78,33.53,87.05,24.32,83.92,354.27,402.27,18.49
2023-01-05 12:30:00,5,2403.26,16.99,70.6,77.96,91.55,259.08,290.22,14.31
2023-01-05 13:30:00,5,2216.34,13.75,66.49,97.27,91.55,231.77,260.38,14.82
2023-01-05 14:30:00,5,2216.34,11.96,67.86,104.43,97.27,214.72,244.05,16.97
2023-01-05 15:30:00,5,3044.13,19.67,90.48,70.1,81.06,258.36,303.5,24.83
2023-01-05 16:30:00,5,4646.3,49.62,126.12,20.21,67.71,355.35,427.04,30.4
2023-01-05 17:30:00,5,6248.47,107.29,139.83,1.61,69.62,438.79,533.82,34.45
2023-01-05 18:30:00,5,7797.24,159.14,141.2,0,82.97,535.36,657.43,46.61
2023-01-05 19:30:00,5,8865.36,175.24,132.98,0,85.83,631.63,785.34,50.66
2023-01-05 20:30:00,5,9078.98,168.09,113.79,0,79.15,692.16,868.19,46.61
2023-01-05 21:30:00,5,8972.17,155.57,94.59,0,68.66,724.54,904.28,38.5
2023-01-05 22:30:00,5,8544.92,139.47,80.88,0,57.22,717.3,889.55,29.89
2023-01-05 23:30:00,5,7049.56,109.97,69.23,0,41.01,620.57,762.95,18.75
2023-01-06 00:30:00,5,5073.55,68.84,59.63,0,27.18,478.93,571.88,10.51
2023-01-06 01:30:00,5,3952.03,42.02,54.84,0,23.84,405.46,463.39,8.99
2023-01-06 02:30:00,5,3364.56,26.38,53.47,0.01,22.89,370.05,405.53,8.49
2023-01-06 03:30:00,5,3044.13,17.43,53.47,0.05,23.37,349.38,376.2,8.49
2023-01-06 04:30:00,5,2937.32,15.2,53.47,0.08,25.99,347.67,371.51,9.63
2023-01-06 05:30:00,5,3044.13,19.45,53.47,0.03,31.95,362.42,386.16,12.54
2023-01-06 06:30:00,5,3524.78,35.76,55.52,0,43.39,388.3,417.76,18.75
2023-01-06 07:30:00,5,4486.08,67.95,62.38,0,55.79,426.14,469.78,24.57
2023-01-06 08:30:00,5,4806.52,77.78,76.09,0.03,62.94,412.87,457.85,24.57
2023-01-06 09:30:00,5,2723.69,6.03,109.67,13.95,98.23,261.92,288.64,17.73
2023-01-06 10:30:00,5,2536.77,10.17,100.08,22.17,106.81,218.44,247.33,18.75
2023-01-06 11:30:00,5,2429.96,14.98,89.11,28.97,111.58,198.08,228.41,19.51
2023-01-06 12:30:00,5,2082.82,14.98,77.46,47.21,99.18,177.13,204.67,17.48
2023-01-06 13:30:00,5,1895.9,10.39,78.14,53.64,92.51,171.63,197.56,16.72
2023-01-06 14:30:00,5,1922.61,6.98,86.37,49.35,99.18,178.76,205.67,17.99
2023-01-06 15:30:00,5,3578.19,45.6,112.41,12.7,85.83,273.96,327.88,32.17
2023-01-06 16:30:00,5,6248.47,137.69,120.64,3.17,79.15,424.9,517.94,43.06
2023-01-06 17:30:00,5,8972.17,243.19,135.72,0.43,98.23,568.94,694.62,58.26
2023-01-06 18:30:00,5,11642.46,332.59,149.43,0,131.61,736.02,897.1,83.09
2023-01-06 19:30:00,5,12817.38,332.59,150.8,0,110.63,844.98,1035.78,62.82
2023-01-06 20:30:00,5,11535.64,253.92,142.57,0,74.39,808.5,997.3,33.44
2023-01-06 21:30:00,5,7583.62,119.81,126.12,0,53.41,589.52,731.64,21.79
2023-01-06 22:30:00,5,7476.81,113.55,109.67,0,51.5,606.61,763.61,23.81
2023-01-06 23:30:00,5,7049.56,113.55,93.22,0,46.73,586.34,745.2,22.55
2023-01-07 00:30:00,5,5767.82,95.67,77.46,0,34.81,500.99,628.19,14.82
2023-01-07 01:30:00,5,4379.27,61.69,66.49,0,23.13,414.89,484.29,8.61
2023-01-07 02:30:00,5,3284.45,32.63,61.01,0.01,19.07,344,375.18,6.4
2023-01-07 03:30:00,5,2483.37,10.84,58.95,0.36,18.84,282.73,297.33,5.7
2023-01-07 04:30:00,5,2162.93,4.19,54.84,1.92,19.79,255.84,268.1,6.02
2023-01-07 05:30:00,5,2056.12,3.07,52.78,3.35,22.89,244.33,257.08,7.41
2023-01-07 06:30:00,5,2216.34,6.65,54.84,2.08,28.13,243.84,260.32,10.51
2023-01-07 07:30:00,5,2643.59,19,58.95,0.19,33.38,256.28,279.47,14.06
2023-01-07 08:30:00,5,2803.8,22.8,67.86,0.41,35.29,248.16,272.01,14.57
2023-01-07 09:30:00,5,1949.31,1.77,67.17,31.11,45.78,188.93,206.99,10.64
2023-01-07 10:30:00,5,1762.39,4.81,55.52,42.56,51.98,178.01,199.88,10.64
2023-01-07 11:30:00,5,1655.58,6.82,49.35,57.22,57.7,176.14,197.13,10.64
2023-01-07 12:30:00,5,1535.42,8.38,42.5,94.41,59.13,171.94,190.42,10.51
2023-01-07 13:30:00,5,1535.42,7.6,42.5,114.44,60.56,178.09,196.41,11.27
2023-01-07 14:30:00,5,1602.17,6.87,46.61,127.32,66.76,191.9,211.27,12.67
2023-01-07 15:30:00,5,2109.53,8.61,64.43,107.29,59.6,237.61,265.68,16.97
2023-01-07 16:30:00,5,2990.72,12.52,101.45,55.07,47.68,306.76,348.72,19.51
2023-01-07 17:30:00,5,3791.81,24.81,134.35,7.42,41.48,357.68,409.6,18.49
2023-01-07 18:30:00,5,4432.68,45.15,132.98,0.01,41.01,402.33,462.84,18.24
2023-01-07 19:30:00,5,4379.27,32.19,117.9,0.06,38.15,432.89,495.9,15.2
2023-01-07 20:30:00,5,3578.19,4.69,95.96,13.41,31.47,413.07,466.39,11.27
2023-01-07 21:30:00,5,2723.69,0,60.32,47.21,26.23,366.6,407.18,9.5
2023-01-07 22:30:00,5,2510.07,0,53.47,45.42,24.32,341.65,380.04,8.74
2023-01-07 23:30:00,5,2189.64,0.01,46.61,41.13,20.5,296.76,328.78,6.78
2023-01-08 00:30:00,5,1789.09,0.01,38.39,38.98,16.21,248.38,271.62,4.5
2023-01-08 01:30:00,5,1562.12,0.01,32.9,36.12,14.9,225.91,244.96,3.89
2023-01-08 02:30:00,5,1468.66,0.02,30.16,32.54,14.66,220.25,237.29,3.74
2023-01-08 03:30:00,5,1415.25,0.04,28.79,28.97,14.54,222.98,237.93,3.77
2023-01-08 04:30:00,5,1375.2,0.04,27.42,28.25,14.78,231.23,243.4,3.64
2023-01-08 05:30:00,5,1388.55,0.04,27.42,30.04,16.45,248.99,259.41,3.55
2023-01-08 06:30:00,5,1548.77,0.06,32.22,32.54,21.46,274.41,286.51,4.43
2023-01-08 07:30:00,5,1895.9,0.36,45.93,23.96,28.13,303.19,320.32,7.09
2023-01-08 08:30:00,5,2136.23,1.33,56.89,14.13,33.38,311.74,330.84,8.99
2023-01-08 09:30:00,5,2136.23,3.69,55.52,16.27,40.05,298.63,317.89,9.63
2023-01-08 10:30:00,5,2109.53,8.83,47.3,28.61,46.73,286.06,308.15,9.63
2023-01-08 11:30:00,5,2029.42,10.17,42.5,50.07,53.88,271.76,293.66,8.61
2023-01-08 12:30:00,5,1895.9,8.16,38.04,85.83,57.7,267.86,286.83,7.09
2023-01-08 13:30:00,5,1895.9,6.09,37.7,118.73,58.65,285.15,304,7.92
2023-01-08 14:30:00,5,1895.9,4.81,39.07,143.05,62.94,296.52,315.89,9.5
2023-01-08 15:30:00,5,2136.23,4.92,50.04,131.61,57.22,308.4,332.44,12.92
2023-01-08 16:30:00,5,2590.18,5.59,76.77,86.55,46.73,325.19,357.19,15.07
2023-01-08 17:30:00,5,2990.72,3.74,112.41,28.97,39.1,327.78,365.97,14.31
2023-01-08 18:30:00,5,4005.43,32.19,124.75,0.44,39.1,370.36,425.01,16.47
2023-01-08 19:30:00,5,5340.58,69.74,116.53,0,43.87,465.48,547.36,20.52
2023-01-08 20:30:00,5,6088.26,76.89,106.93,0,45.78,540.22,640.1,22.8
2023-01-08 21:30:00,5,6301.88,72.42,95.96,0,44.35,580.27,686.03,22.55
2023-01-08 22:30:00,5,6195.07,64.37,89.11,0,39.58,586.77,689.82,18.75
2023-01-08 23:30:00,5,5287.17,45.15,82.25,0.01,29.33,515.47,599.64,11.91
2023-01-09 00:30:00,5,3738.4,17.21,72.66,0.25,20.98,388.82,444.16,7.22
2023-01-09 01:30:00,5,3044.13,9.39,62.38,0.71,21.46,338.57,384.26,7.16
2023-01-09 02:30:00,5,2723.69,7.38,54.15,0.92,21.7,316.79,358.09,6.97
2023-01-09 03:30:00,5,2510.07,6.93,48.67,0.97,21.46,303.46,339.96,6.78
2023-01-09 04:30:00,5,2323.15,5.7,45.93,1.42,21.22,289.34,316.87,6.52
2023-01-09 05:30:00,5,2189.64,4.58,47.3,2.32,22.41,279.67,299.43,6.59
2023-01-09 06:30:00,5,2376.56,8.38,52.78,1.94,28.37,275.12,295.06,8.61
2023-01-09 07:30:00,5,3257.75,33.97,58.26,0.02,41.01,323.9,357.37,14.69
2023-01-09 08:30:00,5,4219.06,66.16,65.8,0.06,55.79,378.73,424.38,21.53
2023-01-09 09:30:00,5,4966.74,91.2,71.29,0.22,72.48,427.47,482.57,27.87
2023-01-09 10:30:00,5,5661.01,109.97,74.71,0.73,86.78,473.62,540.96,30.4
2023-01-09 11:30:00,5,5981.45,113.55,82.94,1.63,98.23,497.64,572.48,28.88
2023-01-09 12:30:00,5,4646.3,59.01,112.41,6.35,135.42,447.86,503.13,20.77
2023-01-09 13:30:00,5,4219.06,39.34,123.38,7.51,139.24,434.5,486.51,20.01
2023-01-09 14:30:00,5,3845.21,27.49,128.87,7.78,144.96,416.65,465.83,20.52
2023-01-09 15:30:00,5,4966.74,62.58,127.49,23.96,125.89,485.42,556.44,34.45
2023-01-09 16:30:00,5,6942.75,109.97,159.03,7.6,139.24,606.27,708,58.26
2023-01-09 17:30:00,5,8438.11,171.66,174.11,0.85,173.57,679.92,800.28,83.09
2023-01-09 18:30:00,5,10147.09,228.88,183.7,0,213.62,775.94,920.5,115.51
2023-01-09 19:30:00,5,11535.64,250.34,183.7,0,234.6,886.09,1064.14,143.89
2023-01-09 20:30:00,5,12176.51,236.03,168.62,0,215.53,957.55,1163.46,145.91
2023-01-09 21:30:00,5,12283.33,219.94,145.32,0,162.12,1004.77,1225.53,111.46
2023-01-09 22:30:00,5,12069.7,211,120.64,0,103.95,1022.55,1241.36,64.34
2023-01-09 23:30:00,5,10360.72,182.39,90.48,0,60.08,911.47,1096.68,29.64
2023-01-10 00:30:00,5,6462.1,99.24,67.17,0,33.38,613.79,722.61,12.92
2023-01-10 01:30:00,5,4486.08,59.01,52.09,0,26.7,464.17,537.61,11.15
2023-01-10 02:30:00,5,3471.37,36.66,48.67,0,25.03,387.65,441.49,11.4
2023-01-10 03:30:00,5,2777.1,15.65,51.41,0.13,24.08,329.88,366.35,9.88
2023-01-10 04:30:00,5,2510.07,7.6,50.04,0.59,23.37,306.72,333.03,7.73
2023-01-10 05:30:00,5,2429.96,6.82,49.35,0.83,24.32,299.74,319.69,7.16
2023-01-10 06:30:00,5,2643.59,14.19,50.04,0.3,30.04,311.01,333.49,9.5
2023-01-10 07:30:00,5,3391.27,37.55,54.15,0.01,40.53,355.74,390.1,15.2
2023-01-10 08:30:00,5,4058.84,62.58,57.58,0.11,49.11,388.27,431.04,19.51
2023-01-10 09:30:00,5,4325.87,73.31,61.01,0.21,55.79,409.04,456.06,22.04
2023-01-10 10:30:00,5,4486.08,75.1,63.75,0.5,61.04,422.57,479,22.55
2023-01-10 11:30:00,5,4272.46,66.16,67.86,1.02,64.85,414.34,473.19,20.27
2023-01-10 12:30:00,5,2563.48,16.76,67.17,57.22,80.11,362.04,394.02,3.36
2023-01-10 13:30:00,5,2002.72,8.49,53.47,100.14,75.34,338.88,362.33,0.63
2023-01-10 14:30:00,5,1815.8,6.2,46.61,125.89,72.48,323.35,344.52,1.58
2023-01-10 15:30:00,5,1842.5,5.25,48.67,125.89,61.04,303.82,327.1,5.51
2023-01-10 16:30:00,5,2082.82,4.92,65.12,91.55,51.02,298.06,326.27,10.01
2023-01-10 17:30:00,5,2403.26,2.04,91.85,45.42,47.21,296.62,329.27,12.03
2023-01-10 18:30:00,5,2723.69,1.16,105.56,14.13,47.21,308.27,347.88,13.3
2023-01-10 19:30:00,5,2883.91,2.26,98.71,8.05,45.78,325.07,372.56,13.68
2023-01-10 20:30:00,5,2883.91,1.42,87.05,10.73,41.48,336.66,387.82,12.29
2023-01-10 21:30:00,5,2777.1,0.56,76.77,16.09,37.19,340.41,390.65,11.15
2023-01-10 22:30:00,5,2696.99,0.24,69.23,21.28,34.33,342.82,390.79,10.01
2023-01-10 23:30:00,5,2429.96,0.06,60.32,30.76,29.56,333.9,375.44,7.35
2023-01-11 00:30:00,5,2109.53,0,47.98,44.35,24.08,321.24,353.09,4.62
2023-01-11 01:30:00,5,1976.01,0,40.1,51.5,22.89,324.83,353.05,4.37
2023-01-11 02:30:00,5,2002.72,0,36.67,50.78,23.13,335.08,362.44,4.62
2023-01-11 03:30:00,5,2029.42,0,35.3,47.21,23.84,341.66,367.39,4.94
2023-01-11 04:30:00,5,2029.42,0,34.96,43.27,24.32,344.65,366.13,4.94
2023-01-11 05:30:00,5,2082.82,0.01,37.36,38.98,25.75,346.96,365.13,5
2023-01-11 06:30:00,5,2323.15,0.25,49.35,27.89,31.47,362.23,382.71,6.78
2023-01-11 07:30:00,5,2990.72,6.31,72.66,5.81,42.92,401.03,430.85,11.53
2023-01-11 08:30:00,5,3631.59,26.6,82.25,0.29,56.74,431.29,468.4,16.21
2023-01-11 09:30:00,5,3845.21,36.66,91.85,1.42,77.25,430.63,471.19,18.24
2023-01-11 10:30:00,5,3791.81,42.02,98.71,6.08,96.32,428.91,475.3,17.48
2023-01-11 11:30:00,5,3685,42.02,106.93,14.31,114.44,425.47,473,15.45
2023-01-11 12:30:00,5,2616.88,24.36,93.22,45.06,106.81,317.58,353.73,9.75
2023-01-11 13:30:00,5,2243.04,14.53,91.85,61.51,102.04,276.6,307.08,10.39
2023-01-11 14:30:00,5,2349.85,14.75,100.08,72.96,116.35,281.84,312.46,13.68
2023-01-11 15:30:00,5,3738.4,38.44,131.61,68.66,112.53,381.4,432.37,26.85
2023-01-11 16:30:00,5,6301.88,78.68,189.19,29.33,97.27,542.53,625.16,41.54
2023-01-11 17:30:00,5,8972.17,153.78,211.12,4.43,87.74,663.03,772.61,46.1
2023-01-11 18:30:00,5,11001.59,227.09,205.64,0.07,87.74,745.71,885.86,48.64
2023-01-11 19:30:00,5,11001.59,223.52,183.7,0,79.15,777.28,932.12,38.5
2023-01-11 20:30:00,5,8972.17,153.78,150.8,0,62.94,704.48,838.63,22.55
2023-01-11 21:30:00,5,4966.74,36.21,128.87,0.03,49.11,494.18,574.18,12.79
2023-01-11 22:30:00,5,3952.03,10.95,120.64,0.93,43.87,471.31,543.74,11.4
2023-01-11 23:30:00,5,3417.97,1.68,98.71,11.8,38.15,491.52,553.51,7.92
2023-01-12 00:30:00,5,2830.51,0.01,63.75,37.55,29.09,483.58,529.44,4.88
2023-01-12 01:30:00,5,2376.56,0,41.13,49.35,24.32,423.34,456.83,4.56
2023-01-12 02:30:00,5,1976.01,0,31.19,50.78,24.32,347.58,373.73,4.69
2023-01-12 03:30:00,5,1682.28,0,28.45,61.51,33.86,302.78,321.9,4.31
2023-01-12 04:30:00,5,1548.77,0,28.1,67.23,37.67,291.99,305.38,4.05
2023-01-12 05:30:00,5,1508.71,0,28.1,65.8,36.72,285.54,296.38,4.43
2023-01-12 06:30:00,5,1642.23,0.01,33.59,53.64,34.81,288.89,301.78,6.46
2023-01-12 07:30:00,5,2136.23,0.64,53.47,23.6,36.24,319.02,340.65,10.01
2023-01-12 08:30:00,5,2616.88,8.16,69.23,5.41,40.53,344.67,373.58,11.4
2023-01-12 09:30:00,5,2696.99,14.53,66.49,19.85,43.39,344.66,375.5,11.78
2023-01-12 10:30:00,5,2456.67,12.07,61.01,50.07,48.16,334.63,363.47,13.3
2023-01-12 11:30:00,5,2216.34,9.5,56.21,80.11,56.27,329.12,354.62,13.17
2023-01-12 12:30:00,5,1348.5,4.47,39.07,128.75,64.85,251.19,266.75,4.56
2023-01-12 13:30:00,5,1214.98,3.91,37.01,138.76,68.66,250.22,265.49,4.12
2023-01-12 14:30:00,5,1201.63,3.74,41.47,140.19,78.2,255.9,271.98,4.75
2023-01-12 15:30:00,5,1428.6,3.63,55.52,123.02,82.02,265.43,284.83,8.61
2023-01-12 16:30:00,5,1815.8,2.37,70.6,97.27,67.71,282.85,306.61,13.43
2023-01-12 17:30:00,5,2109.53,0.57,85,66.52,55.79,287.81,314.83,15.45
2023-01-12 18:30:00,5,2483.37,0.04,101.45,38.27,50.54,295.78,328.34,16.47
2023-01-12 19:30:00,5,2750.4,0.43,108.3,18.78,46.73,302.39,343.18,16.09
2023-01-12 20:30:00,5,2777.1,1.45,102.82,9.48,41.96,302.71,347.94,13.68
2023-01-12 21:30:00,5,2616.88,1.69,89.11,7.96,36.24,297.88,342.95,11.27
2023-01-12 22:30:00,5,2429.96,1.19,76.77,9.83,32.9,303.1,346.78,10.01
2023-01-12 23:30:00,5,2162.93,0.55,65.12,14.48,29.56,301.4,338.68,7.47
2023-01-13 00:30:00,5,1789.09,0.09,50.72,24.68,25.99,287.98,315.13,4.56
2023-01-13 01:30:00,5,1575.47,0.02,39.41,33.62,25.99,296.45,318.31,3.48
2023-01-13 02:30:00,5,1482.01,0.01,32.9,39.7,27.42,322.54,342.95,2.69
2023-01-13 03:30:00,5,1428.6,0,30.16,43.27,29.56,334.86,354.96,2.47
2023-01-13 04:30:00,5,1375.2,0,28.79,44.7,30.28,325.23,344.31,2.63
2023-01-13 05:30:00,5,1348.5,0.01,30.16,42.92,34.33,315.53,333.68,2.66
2023-01-13 06:30:00,5,1455.31,0.07,38.39,34.33,47.21,310.23,328.53,3.2
2023-01-13 07:30:00,5,1869.2,2.1,58.95,13.05,59.13,314.42,338.65,6.4
2023-01-13 08:30:00,5,2403.26,17.66,67.86,1.68,66.76,317.4,349.25,10.01
2023-01-13 09:30:00,5,2616.88,29.06,63.75,6.17,71.53,305.62,340.9,11.65
2023-01-13 10:30:00,5,2376.56,24.59,60.32,12.52,77.25,272.63,304.38,11.53
2023-01-13 11:30:00,5,2002.72,17.43,60.32,16.63,84.88,238.26,262.89,9.75
2023-01-13 12:30:00,5,1361.85,8.05,58.26,45.42,97.27,204.97,218.48,3.83
2023-01-13 13:30:00,5,1228.33,9.61,55.52,63.66,98.23,197.79,209.44,3.51
2023-01-13 14:30:00,5,1174.93,11.29,56.21,69.38,102.04,189.25,200.89,3.93
2023-01-13 15:30:00,5,2670.29,44.26,83.63,27.89,82.02,252.73,286.67,15.33
2023-01-13 16:30:00,5,5126.95,116.23,100.08,5.59,70.57,355.89,421.5,26.35
2023-01-13 17:30:00,5,7690.43,214.58,106.93,0.52,83.92,455.53,550.98,44.58
2023-01-13 18:30:00,5,10360.72,307.56,119.27,0,137.33,582.28,721.54,91.2
2023-01-13 19:30:00,5,12924.19,364.78,130.24,0,207.9,750.06,943.37,151.99
2023-01-13 20:30:00,5,14953.61,389.81,134.35,0,274.66,938.28,1176.35,208.74
2023-01-13 21:30:00,5,16235.35,389.81,132.98,0,316.62,1074.91,1337.24,247.24
2023-01-13 22:30:00,5,16876.22,382.66,128.87,0,339.51,1174.7,1448.28,267.51
2023-01-13 23:30:00,5,16662.6,371.93,124.75,0,335.69,1225.39,1448.7,257.37
2023-01-14 00:30:00,5,16235.35,368.36,111.04,0,179.29,1232.62,1355.2,102.34
2023-01-14 01:30:00,5,15594.48,368.36,97.33,0,62.94,1278.35,1342.18,19
2023-01-14 02:30:00,5,13671.88,325.44,79.51,0,32.9,1204.33,1238.17,6.78
2023-01-14 03:30:00,5,5607.6,101.92,82.94,0,60.08,588.92,607.98,4.81
2023-01-14 04:30:00,5,2964.02,31.74,63.06,0,32.42,388.75,405.43,3.64
2023-01-14 05:30:00,5,1949.31,8.94,49.35,0.36,23.84,313.15,328.57,3.89
2023-01-14 06:30:00,5,1789.09,5.87,43.18,1.17,25.99,296.69,313.95,5.13
2023-01-14 07:30:00,5,2029.42,11.62,42.5,0.4,32.42,308.95,334.15,7.79
2023-01-14 08:30:00,5,2136.23,16.76,42.16,1.05,37.67,311.38,341.26,8.74
2023-01-14 09:30:00,5,1815.8,8.94,38.39,13.77,42.44,283.89,311.15,5.76
2023-01-14 10:30:00,5,1708.98,9.95,31.87,30.04,43.39,272.5,297.96,7.16
2023-01-14 11:30:00,5,1642.23,8.94,29.13,53.64,43.87,268.21,291.27,8.74
2023-01-14 12:30:00,5,1428.6,4.41,21.42,98.71,34.33,235.46,255.9,6.14
2023-01-14 13:30:00,5,1335.14,2.51,16.96,130.18,30.28,228.21,248.37,5.19
2023-01-14 14:30:00,5,1295.09,1.93,16.62,144.48,32.42,232.95,253.92,5.57
2023-01-14 15:30:00,5,1401.9,2.24,23.99,137.33,37.19,233.89,257.07,7.92
2023-01-14 16:30:00,5,1535.42,2.24,37.7,113.01,40.05,224.51,249.84,11.65
2023-01-14 17:30:00,5,1588.82,0.76,52.09,82.97,38.62,194.58,220.49,14.82
2023-01-14 18:30:00,5,1655.58,0.01,58.95,62.23,38.62,171.45,198.75,18.75
2023-01-14 19:30:00,5,1682.28,0,55.52,59.37,37.67,162.23,192.21,22.55
2023-01-14 20:30:00,5,1628.88,0,47.3,63.66,35.29,157.02,187.47,24.57
2023-01-14 21:30:00,5,1562.12,0,41.13,69.38,32.42,153.68,183.13,24.83
2023-01-14 22:30:00,5,1495.36,0,37.7,72.24,30.52,152.97,181.32,22.55
2023-01-14 23:30:00,5,1361.85,0,33.24,75.1,26.23,151.19,175.88,16.09
2023-01-15 00:30:00,5,1188.28,0,27.42,77.96,21.7,154.16,173.78,9.12
2023-01-15 01:30:00,5,1161.58,0,23.31,75.82,20.27,169.64,186.87,5.64
2023-01-15 02:30:00,5,1188.28,0,21.25,70.1,19.55,181,196.71,4.05
2023-01-15 03:30:00,5,1188.28,0,20.22,63.66,19.07,177.13,191.22,3.7
2023-01-15 04:30:00,5,1148.22,0,20.05,58.65,19.55,165.43,178.29,3.61
2023-01-15 05:30:00,5,1134.87,0,21.76,55.07,21.7,158.37,171.09,3.7
2023-01-15 06:30:00,5,1201.63,0.01,27.42,48.64,25.75,158.77,173.53,4.69
2023-01-15 07:30:00,5,1401.9,0.11,39.41,34.69,31.47,163.78,183.32,6.78
2023-01-15 08:30:00,5,1548.77,2.74,47.3,24.68,35.29,162.23,184.62,8.99
2023-01-15 09:30:00,5,1562.12,10.62,40.1,35.05,38.62,153.69,176.94,11.65
2023-01-15 10:30:00,5,1482.01,12.07,34.96,52.21,43.39,141.52,164.52,14.44
2023-01-15 11:30:00,5,1308.44,9.39,31.87,78.68,47.68,124.87,145.12,14.31
2023-01-15 12:30:00,4,761.03,3.38,16.45,123.02,32.42,69,79.58,6.97
2023-01-15 13:30:00,4,654.22,2.49,13.37,134.47,27.89,60.1,69.08,6.14
2023-01-15 14:30:00,4,654.22,2.29,14.39,138.76,29.09,60.5,69.51,6.97
2023-01-15 15:30:00,4,894.55,3.69,25.7,124.45,34.33,71.34,84.41,10.51
2023-01-15 16:30:00,5,1321.79,5.53,47.98,92.98,39.1,90.5,110.64,15.45
2023-01-15 17:30:00,5,1762.39,3.3,78.14,52.21,41.01,105.19,131.35,19.76
2023-01-15 18:30:00,5,2189.64,0.57,100.08,20.56,42.92,126.37,159.96,25.84
2023-01-15 19:30:00,5,2456.67,1.36,98.71,11.98,41.96,152.18,194.64,31.92
2023-01-15 20:30:00,5,2456.67,1.15,87.05,12.7,37.19,166.77,213.05,35.46
2023-01-15 21:30:00,5,2323.15,0.61,76.77,16.45,32.42,167.89,213.4,34.45
2023-01-15 22:30:00,5,2189.64,0.29,68.55,21.1,30.28,164.71,208.01,32.17
2023-01-15 23:30:00,5,1895.9,0.1,58.95,28.61,25.27,145.41,181.36,26.09
2023-01-16 00:30:00,5,1508.71,0.02,47.98,36.12,20.27,118.95,145.75,19
2023-01-16 01:30:00,5,1401.9,0.03,45.24,34.33,21.46,116.76,142.23,15.96
2023-01-16 02:30:00,5,1401.9,0.05,44.55,30.04,22.41,122.35,148.63,13.3
2023-01-16 03:30:00,5,1428.6,0.11,44.55,25.03,22.65,128.52,156.28,10.89
2023-01-16 04:30:00,5,1455.31,0.28,45.93,19.31,22.89,134.07,162.56,9.37
2023-01-16 05:30:00,5,1575.47,1.19,50.72,11,24.32,143.95,174.02,8.99
2023-01-16 06:30:00,5,1976.01,9.39,57.58,2.19,30.52,170.71,207.91,12.03
2023-01-16 07:30:00,5,2857.21,37.1,61.01,0.01,41.48,225.97,280.04,19
2023-01-16 08:30:00,5,3578.19,66.16,63.75,1.52,47.68,260.58,325.94,23.31
2023-01-16 09:30:00,5,3791.81,78.68,62.38,7.96,52.93,267,335.34,27.61
2023-01-16 10:30:00,5,3898.62,73.31,71.97,18.24,61.99,282.61,355.72,35.46
2023-01-16 11:30:00,5,3685,50.51,86.37,40.41,72.48,288.64,361.23,36.48
2023-01-16 12:30:00,5,1255.04,9.5,40.78,111.58,64.85,107.68,132.54,13.55
2023-01-16 13:30:00,5,881.2,5.2,27.08,130.18,51.5,78.25,95.97,9.5
2023-01-16 14:30:00,4,801.09,4.02,24.68,135.9,49.11,74.76,91.35,9.12
2023-01-16 15:30:00,5,1201.63,6.59,41.47,111.58,53.88,97.21,120.9,14.82
2023-01-16 16:30:00,5,1949.31,11.51,74.03,67.23,58.65,135.85,172.38,22.8
2023-01-16 17:30:00,5,2670.29,15.65,111.04,18.24,59.13,163.88,211.14,29.13
2023-01-16 18:30:00,5,3257.75,28.16,117.9,0.11,60.08,194.19,251.7,36.98
2023-01-16 19:30:00,5,3417.97,28.16,106.93,0.03,57.7,216.9,282.68,43.06
2023-01-16 20:30:00,5,3231.05,18.78,94.59,0.22,51.02,220.84,288.27,43.06
2023-01-16 21:30:00,5,2990.72,11.4,85.68,0.75,45.3,214.92,279.29,38
2023-01-16 22:30:00,5,2857.21,8.72,80.2,1.31,41.48,211.19,274.45,31.92
2023-01-16 23:30:00,5,2536.77,5.48,76.09,2.91,33.86,185.68,240.9,22.04
2023-01-17 00:30:00,5,1976.01,1.47,67.17,9.48,25.51,147.21,188.47,12.54
2023-01-17 01:30:00,5,1682.28,0.29,56.21,18.78,22.65,132.55,165.51,9.12
2023-01-17 02:30:00,5,1548.77,0.13,49.35,23.6,21.7,131.16,160.76,7.6
2023-01-17 03:30:00,5,1508.71,0.13,45.93,23.6,21.22,133.83,161.92,6.71
2023-01-17 04:30:00,5,1495.36,0.2,45.24,21.1,21.22,137.84,164.64,6.21
2023-01-17 05:30:00,5,1548.77,0.59,49.35,15.2,22.41,144.33,170.58,6.21
2023-01-17 06:30:00,5,1842.5,4.41,58.26,5.9,27.89,167.75,198.52,8.49
2023-01-17 07:30:00,5,2536.77,22.35,67.17,0.19,37.67,215.48,259.34,13.55
2023-01-17 08:30:00,5,3044.13,41.13,71.97,2.62,44.35,246.35,297.14,16.72
2023-01-17 09:30:00,5,3150.94,48.28,69.92,13.95,51.02,256.75,309.29,20.52
2023-01-17 10:30:00,5,3150.94,42.02,73.34,31.83,61.04,271.32,325.97,27.36
2023-01-17 11:30:00,5,2830.51,26.15,73.34,65.09,74.39,270.49,319.78,27.11
2023-01-17 12:30:00,5,1375.2,6.65,37.01,137.33,67.71,148.12,169.33,12.16
2023-01-17 13:30:00,5,1134.87,4.3,27.76,155.93,57.22,126.59,144,10.64
2023-01-17 14:30:00,5,1094.82,3.41,26.05,164.51,55.79,119.8,136.09,11.27
2023-01-17 15:30:00,5,1468.66,5.64,43.87,134.47,57.22,135.93,158.82,16.47
2023-01-17 16:30:00,5,2189.64,10.17,80.2,78.68,60.56,169.84,205.45,23.56
2023-01-17 17:30:00,5,2910.61,14.75,119.27,20.38,61.04,194.87,241.32,30.4
2023-01-17 18:30:00,5,3791.81,38.89,124.75,0.09,63.9,238.67,301.52,41.04
2023-01-17 19:30:00,5,4592.9,60.8,111.04,0,65.8,305.23,390.49,53.2
2023-01-17 20:30:00,5,5020.14,65.27,98.71,0,61.99,358.48,460.54,59.28
2023-01-17 21:30:00,5,5340.58,68.84,89.11,0,57.22,401.68,512.11,56.24
2023-01-17 22:30:00,5,5767.82,77.78,82.94,0,53.41,444.82,564.57,47.12
2023-01-17 23:30:00,5,5554.2,77.78,78.83,0,42.44,432.54,543.95,30.65
2023-01-18 00:30:00,5,4592.9,64.37,72.66,0,29.56,364.15,450.45,15.96
2023-01-18 01:30:00,5,3845.21,47.83,67.17,0,26.23,321.49,391.1,12.16
2023-01-18 02:30:00,5,3417.97,36.21,62.38,0,25.75,305.1,366.37,10.77
2023-01-18 03:30:00,5,3124.24,28.61,58.26,0.01,25.51,296.04,352.72,10.01
2023-01-18 04:30:00,5,2910.61,23.92,55.52,0.02,25.27,288.16,340.81,9.25
2023-01-18 05:30:00,5,2803.8,23.02,55.52,0.03,26.7,284.09,333.86,9.37
2023-01-18 06:30:00,5,3070.83,30.85,60.32,0.02,33.86,301.09,354.67,13.05
2023-01-18 07:30:00,5,4165.65,62.58,70.6,0,45.78,370.17,443.34,20.01
2023-01-18 08:30:00,5,5073.55,95.67,80.2,1.25,52.93,410.65,494.38,24.07
2023-01-18 09:30:00,5,5126.95,101.92,85.68,7.96,59.6,407.22,489.24,29.39
2023-01-18 10:30:00,5,5233.76,87.62,102.82,20.92,71.53,423.13,508,39.01
2023-01-18 11:30:00,5,5126.95,56.33,126.12,50.78,86.78,449.46,534.39,39.52
2023-01-18 12:30:00,5,1789.09,11.51,60.32,127.32,93.46,185.68,217.31,14.06
2023-01-18 13:30:00,5,1335.14,6.93,43.18,148.77,78.2,157.52,183.13,10.64
2023-01-18 14:30:00,5,1214.98,5.14,38.73,157.36,72.48,152.58,176.16,10.51
2023-01-18 15:30:00,5,2296.45,14.19,80.2,101.57,74.39,219.55,261.99,22.55
2023-01-18 16:30:00,5,4219.06,44.7,132.98,31.11,78.2,328.29,400.24,36.98
2023-01-18 17:30:00,5,5874.63,105.5,152.17,3.44,81.06,402.17,495.65,47.62
2023-01-18 18:30:00,5,7263.18,159.14,150.8,0.02,88.69,474.24,586.38,61.81
2023-01-18 19:30:00,5,7797.24,160.93,134.35,0,83.92,532.81,661.57,70.93
2023-01-18 20:30:00,5,7156.37,125.17,109.67,0,69.62,522.2,652.64,66.88
2023-01-18 21:30:00,5,6462.1,98.35,91.85,0,59.6,505.31,631.86,54.72
2023-01-18 22:30:00,5,6782.53,101.92,83.63,0,57.7,545.74,687.07,47.12
2023-01-18 23:30:00,5,6355.29,96.56,80.2,0,49.11,513.11,648.74,33.94
2023-01-19 00:30:00,5,5073.55,76,73.34,0,35.29,412.78,521.29,19.76
2023-01-19 01:30:00,5,3952.03,51.86,65.12,0,27.18,337.8,419.2,13.55
2023-01-19 02:30:00,5,3070.83,29.5,60.32,0.03,24.08,282.69,342.19,11.27
2023-01-19 03:30:00,5,2162.93,4.97,61.69,4.02,24.08,223.44,259.79,10.51
2023-01-19 04:30:00,5,1815.8,0.37,53.47,16.81,25.51,208.04,234.65,10.77
2023-01-19 05:30:00,5,1695.63,0.08,49.35,27.54,29.56,207.44,228.82,12.03
2023-01-19 06:30:00,5,1842.5,0.3,57.58,26.46,38.15,220.89,243.64,15.33
2023-01-19 07:30:00,5,2590.18,9.95,80.88,4.16,49.11,265.35,302.1,21.79
2023-01-19 08:30:00,5,3524.78,44.26,84.31,2.28,56.74,308.03,360.51,24.57
2023-01-19 09:30:00,5,4112.24,70.63,85,10.37,61.04,333.74,397.81,27.11
2023-01-19 10:30:00,5,4432.68,73.31,97.33,20.03,71.53,357.94,429.45,35.46
2023-01-19 11:30:00,5,4539.49,58.11,120.64,37.91,89.65,385.11,459.44,39.01
2023-01-19 12:30:00,5,2002.72,19.22,82.25,86.55,120.16,182.57,214.34,19
2023-01-19 13:30:00,5,1708.98,15.87,76.77,104.43,123.98,163.29,191.38,16.21
2023-01-19 14:30:00,5,2002.72,19.89,104.19,103,177.38,204.85,237.27,18.49
2023-01-19 15:30:00,5,4112.24,60.8,161.77,46.49,209.81,347.16,410.38,34.96
2023-01-19 16:30:00,5,7370,150.2,194.67,11,194.55,540.17,644.38,55.22
2023-01-19 17:30:00,5,10467.53,271.8,202.89,1.23,196.46,698.68,837.37,76
2023-01-19 18:30:00,5,13031.01,357.63,211.12,0.01,270.84,819.17,983.86,118.55
2023-01-19 19:30:00,5,15167.24,404.12,227.57,0,381.47,980.86,1166.04,176.31
2023-01-19 20:30:00,5,16448.97,425.58,246.76,0,461.58,1142.61,1335.34,202.66
2023-01-19 21:30:00,5,16448.97,411.27,263.21,0,495.91,1228.04,1415.28,196.58
2023-01-19 22:30:00,5,16662.6,382.66,252.25,0,511.17,1310.2,1499.27,204.68
2023-01-19 23:30:00,5,14526.37,293.25,213.86,0,381.47,1170.46,1351.85,174.28
2023-01-20 00:30:00,5,4592.9,42.02,131.61,0.07,106.81,464.47,538.42,25.33
2023-01-20 01:30:00,5,2323.15,2.54,95.96,9.66,59.13,322.9,367.89,8.87
2023-01-20 02:30:00,5,1789.09,0.01,56.89,42.92,38.15,298.87,327.32,7.35
2023-01-20 03:30:00,5,1869.2,0,38.39,66.52,26.94,323.87,346.48,6.59
2023-01-20 04:30:00,5,2189.64,0,37.01,67.95,25.99,358.99,383.47,6.46
2023-01-20 05:30:00,5,2563.48,0,46.61,55.07,31.47,393.99,424.09,8.61
2023-01-20 06:30:00,5,3284.45,0.99,71.97,26.46,42.92,447.22,490.36,14.57
2023-01-20 07:30:00,5,4539.49,21.23,98.71,0.91,58.65,526.46,590.1,20.27
2023-01-20 08:30:00,5,4859.92,40.23,101.45,2.44,68.66,528.93,594.41,19.25
2023-01-20 09:30:00,5,4005.43,29.95,89.11,18.6,81.06,463.23,516.12,18.75
2023-01-20 10:30:00,5,3685,29.95,82.94,38.98,91.55,434.24,488.54,22.55
2023-01-20 11:30:00,5,3150.94,23.92,78.83,63.66,101.09,376.92,427.04,23.05
2023-01-20 12:30:00,5,2109.53,15.42,62.38,87.98,92.51,239.26,274.93,16.21
2023-01-20 13:30:00,5,1548.77,11.18,48.67,95.84,78.2,165.95,194.61,13.93
2023-01-20 14:30:00,5,1201.63,8.16,41.13,100.14,68.66,119.4,142.9,13.05
2023-01-20 15:30:00,5,1201.63,7.82,43.53,86.55,63.9,97.83,121.09,15.45
2023-01-20 16:30:00,5,1455.31,8.83,56.89,59.37,62.94,103.05,130.49,20.01
2023-01-20 17:30:00,5,1695.63,7.1,76.77,22.17,61.04,103.51,134.93,23.81
2023-01-20 18:30:00,5,2216.34,20.56,80.2,0.58,58.65,118.54,160.21,31.66
2023-01-20 19:30:00,5,2883.91,41.57,71.97,0,58.65,158.28,219.03,42.56
2023-01-20 20:30:00,5,3257.75,47.39,70.6,0,57.7,194.84,271.42,45.09
2023-01-20 21:30:00,5,3631.59,52.3,69.92,0,56.74,238.58,327.27,36.98
2023-01-20 22:30:00,5,4058.84,60.8,67.86,0,54.36,289.89,390.71,27.87
2023-01-20 23:30:00,5,4005.43,63.48,63.06,0,44.82,301.17,402,19
2023-01-21 00:30:00,5,3284.45,51.86,56.89,0,31.47,264.95,349.96,11.27
2023-01-21 01:30:00,5,2483.37,30.4,50.72,0,22.89,230.19,293.78,7.47
2023-01-21 02:30:00,5,1976.01,16.32,45.24,0.02,19.31,205.41,250.84,6.21
2023-01-21 03:30:00,5,1708.98,9.16,39.76,0.15,17.64,189.06,223.3,5.51
2023-01-21 04:30:00,5,1695.63,8.94,35.64,0.14,18.12,187.38,218.84,5.32
2023-01-21 05:30:00,5,1815.8,12.96,33.93,0.04,20.74,199.65,231.62,5.95
2023-01-21 06:30:00,5,2189.64,24.36,33.93,0,26.7,231.19,269.25,8.87
2023-01-21 07:30:00,5,3070.83,51.41,34.96,0,36.72,291.51,344.51,14.31
2023-01-21 08:30:00,5,4005.43,87.62,35.99,0.4,45.3,350.51,419.86,17.99
2023-01-21 09:30:00,5,4859.92,114.44,39.76,2.57,52.93,400.69,484.08,20.01
2023-01-21 10:30:00,5,5393.98,111.76,63.06,8.85,61.04,438.4,532.07,23.81
2023-01-21 11:30:00,5,5554.2,72.42,113.79,33.26,70.57,474.58,572.01,27.87
2023-01-21 12:30:00,5,2456.67,42.47,106.93,54.36,228.88,242.73,283.45,16.97
2023-01-21 13:30:00,5,2029.42,42.47,120.64,60.08,274.66,227.49,262.78,12.16
2023-01-21 14:30:00,5,2082.82,37.1,135.72,66.52,278.47,248.83,284.66,10.64
2023-01-21 15:30:00,5,3391.27,58.11,156.28,36.84,213.62,331.31,388.2,23.05
2023-01-21 16:30:00,5,5500.79,111.76,178.22,10.46,183.11,459.39,549.95,46.61
2023-01-21 17:30:00,5,7476.81,175.24,194.67,1.39,194.55,563.39,685.7,71.94
2023-01-21 18:30:00,5,9078.98,212.79,211.12,0.02,225.07,666.63,814.96,102.34
2023-01-21 19:30:00,5,9719.85,191.33,211.12,0,217.44,726.66,889.69,114.5
2023-01-21 20:30:00,5,8865.36,135.9,186.44,0,150.68,687.35,838.92,89.17
2023-01-21 21:30:00,5,7476.81,92.98,152.17,0,81.06,605.78,736.69,40.53
2023-01-21 22:30:00,5,6729.13,76.89,123.38,0,57.7,557.76,681.15,27.61
2023-01-21 23:30:00,5,5714.42,63.48,100.08,0,39.58,473.21,583.51,16.97
2023-01-22 00:30:00,5,4112.24,42.92,79.51,0,24.8,354.51,439.62,8.04
2023-01-22 01:30:00,5,3017.43,23.47,65.12,0.05,21.7,291.81,355.46,5.38
2023-01-22 02:30:00,5,2269.74,7.26,56.21,2.91,23.37,274.4,318.92,4.37
2023-01-22 03:30:00,5,1668.93,0.02,40.44,35.41,25.03,262.48,291.13,4.12
2023-01-22 04:30:00,5,1615.52,0,34.96,43.27,19.79,261.35,287.23,4.37
2023-01-22 05:30:00,5,1695.63,0.01,36.67,38.98,20.03,260.64,287.01,5.19
2023-01-22 06:30:00,5,1949.31,0.5,47.3,23.25,24.8,267.41,299.39,7.73
2023-01-22 07:30:00,5,2696.99,14.08,60.32,1.81,35.29,300.53,346.51,12.54
2023-01-22 08:30:00,5,3578.19,51.41,56.89,0.22,45.78,339.48,400.41,15.58
2023-01-22 09:30:00,5,4272.46,76.89,56.89,1.48,54.36,366.61,440.65,17.48
2023-01-22 10:30:00,5,4379.27,76,58.95,6.26,62.94,363.49,444.07,22.29
2023-01-22 11:30:00,5,3898.62,50.96,69.23,22.35,68.66,338.47,420.91,25.84
2023-01-22 12:30:00,5,1668.93,14.98,58.26,75.1,118.26,187,224.41,10.51
2023-01-22 13:30:00,5,1308.44,10.84,51.41,87.98,121.12,161.67,194.43,8.36
2023-01-22 14:30:00,5,1081.47,7.82,47.3,92.98,121.12,148.74,177.77,7.03
2023-01-22 15:30:00,5,1869.2,13.75,67.86,57.94,103.95,191.2,232.78,16.97
2023-01-22 16:30:00,5,3471.37,39.79,94.59,14.66,88.69,281.01,346.77,30.91
2023-01-22 17:30:00,5,4966.74,87.62,102.82,1.43,82.97,360.71,447.9,41.54
2023-01-22 18:30:00,5,6141.66,121.59,106.93,0.02,83.92,426.34,534.02,54.72
2023-01-22 19:30:00,5,6462.1,118.02,98.71,0,77.25,463.75,587.26,62.82
2023-01-22 20:30:00,5,5981.45,96.56,82.94,0,65.8,455.9,581.28,58.77
2023-01-22 21:30:00,5,4966.74,67.95,68.55,0,53.41,398.06,513.2,45.6
2023-01-22 22:30:00,5,4379.27,52.75,61.01,0,47.21,356.75,468.18,39.01
2023-01-22 23:30:00,5,3631.59,42.47,56.21,0,38.15,300.15,399.49,28.88
2023-01-23 00:30:00,5,2803.8,29.5,52.09,0,29.09,236.75,313.76,19
2023-01-23 01:30:00,5,2323.15,18.78,50.04,0.06,29.56,208.53,267.84,17.48
2023-01-23 02:30:00,5,1922.61,6.76,50.04,1.59,30.28,189.75,233.65,16.47
2023-01-23 03:30:00,5,1655.58,0.71,45.93,10.64,32.9,178.58,212.68,15.33
2023-01-23 04:30:00,5,1602.17,0.57,43.87,11.98,34.33,178.38,210.64,15.33
2023-01-23 05:30:00,5,1695.63,2.29,46.61,5.63,36.72,184.42,217.63,16.47
2023-01-23 06:30:00,5,2056.12,12.63,48.67,0.66,43.39,205.26,244.97,20.77
2023-01-23 07:30:00,5,2964.02,41.13,50.72,0,56.27,257.84,314.76,28.63
2023-01-23 08:30:00,5,3952.03,76,54.15,0.55,66.76,309.05,384.13,31.92
2023-01-23 09:30:00,5,4539.49,94.77,56.89,3.84,74.39,336.33,426.32,34.96
2023-01-23 10:30:00,5,4646.3,84.94,70.6,11.35,83.92,345,445.26,42.56
2023-01-23 11:30:00,5,4272.46,53.64,94.59,33.26,95.37,340.43,441.65,42.56
2023-01-23 12:30:00,5,1976.01,21.46,78.14,75.82,146.87,181.47,226.12,21.28
2023-01-23 13:30:00,5,1642.23,18.78,78.83,87.98,165.94,159.16,195.95,17.99
2023-01-23 14:30:00,5,1428.6,19.67,87.74,85.83,200.27,145.37,177.5,15.2
2023-01-23 15:30:00,5,2990.72,50.96,128.87,37.55,200.27,222.3,277.71,30.4
2023-01-23 16:30:00,5,5607.6,121.59,163.14,8.67,164.03,352,441.44,48.13
2023-01-23 17:30:00,5,7370,191.33,178.22,1.26,139.24,427.32,532.63,59.28
2023-01-23 18:30:00,5,8438.11,228.88,189.19,0.02,164.03,488.34,604.84,87.14
2023-01-23 19:30:00,5,9506.23,253.92,197.41,0,205.99,576.83,717.64,122.61
2023-01-23 20:30:00,5,10253.91,271.8,197.41,0,219.35,644.73,815.46,139.83
2023-01-23 21:30:00,5,10147.09,257.49,183.7,0,211.72,661.59,838.01,139.83
2023-01-23 22:30:00,5,9292.6,219.94,165.88,0,196.46,650.95,816.26,129.7
2023-01-23 23:30:00,5,7797.24,173.45,143.95,0,146.87,575.39,707.17,89.17
2023-01-24 00:30:00,5,5393.98,104.61,117.9,0,63.9,414.82,489.59,25.84
2023-01-24 01:30:00,5,4859.92,85.83,106.93,0,48.16,386.66,446.49,13.43
2023-01-24 02:30:00,5,5020.14,76,112.41,0,67.71,427.65,482.91,16.21
2023-01-24 03:30:00,5,5393.98,69.74,126.12,0,101.09,511.79,565.71,21.03
2023-01-24 04:30:00,5,5607.6,69.74,120.64,0,85.83,573.81,628.57,15.33
2023-01-24 05:30:00,5,5607.6,70.63,104.19,0,58.65,589.63,645.6,9.88
2023-01-24 06:30:00,5,4005.43,41.13,95.96,0,68.66,453.22,500.59,7.85
2023-01-24 07:30:00,5,4432.68,62.58,86.37,0,64.85,471.68,534.84,13.05
2023-01-24 08:30:00,5,5661.01,99.24,87.74,0.45,64.85,553.48,628.78,14.31
2023-01-24 09:30:00,5,5607.6,92.09,85.68,2.95,59.13,557.25,621.35,13.81
2023-01-24 10:30:00,5,3952.03,48.73,63.06,7.96,40.05,381.63,424.93,15.58
2023-01-24 11:30:00,5,2162.93,15.42,45.93,15.74,31.47,207.92,233.76,13.55
2023-01-24 12:30:00,4,707.63,1.01,24.33,85.83,31.47,67.48,73.3,4.37
2023-01-24 13:30:00,4,627.52,0.73,21.08,92.98,29.09,57.29,61.7,3.8
2023-01-24 14:30:00,4,640.87,0.66,21.93,90.84,30.99,57.7,62.05,3.93
2023-01-24 15:30:00,4,747.68,1.05,30.16,78.68,39.58,62.9,68.54,5.95
2023-01-24 16:30:00,4,907.9,1.42,40.44,63.66,44.82,69.92,77.73,8.99
2023-01-24 17:30:00,5,1054.76,0.64,52.09,50.07,46.25,75.52,85.44,11.4
2023-01-24 18:30:00,5,2162.93,13.08,91.85,6.71,51.02,121.28,147.98,20.01
2023-01-24 19:30:00,5,4005.43,61.69,97.33,0,62.94,223.08,282.44,27.11
2023-01-24 20:30:00,5,5821.23,104.61,98.71,0,81.06,353.98,449.27,36.48
2023-01-24 21:30:00,5,6942.75,123.38,101.45,0,96.32,454.21,572.82,45.09
2023-01-24 22:30:00,5,7049.56,114.44,97.33,0,84.88,471.09,596.22,36.98
2023-01-24 23:30:00,5,5928.04,89.41,86.37,0,62.94,404.41,515.54,22.8
2023-01-25 00:30:00,5,4325.87,58.11,73.34,0,44.35,296.88,381.01,12.41
2023-01-25 01:30:00,5,3337.86,39.34,61.01,0,35.76,238.63,308.8,10.13
2023-01-25 02:30:00,5,2696.99,27.94,49.35,0,31.95,203.45,262.91,9.88
2023-01-25 03:30:00,5,2323.15,22.35,41.13,0.01,30.99,183.72,233.86,9.37
2023-01-25 04:30:00,5,2056.12,18.33,37.36,0.03,30.99,162.19,202.06,7.98
2023-01-25 05:30:00,5,1789.09,13.75,38.39,0.14,32.9,135.72,166.25,7.22
2023-01-25 06:30:00,5,1815.8,14.75,43.18,0.27,38.62,126.49,155.83,9.25
2023-01-25 07:30:00,5,2803.8,43.81,45.93,0,50.07,178.61,218.88,15.07
2023-01-25 08:30:00,5,4219.06,90.3,48.67,0.29,62.94,259.09,310.1,19
2023-01-25 09:30:00,5,5340.58,126.96,51.41,1.56,75.34,327.23,386.21,20.27
2023-01-25 10:30:00,5,5874.63,139.47,66.49,2.95,94.41,373.22,444.42,20.77
2023-01-25 11:30:00,5,6141.66,141.26,93.22,3.35,131.61,405.26,477.53,22.55
2023-01-25 12:30:00,5,2082.82,42.47,91.85,15.2,156.4,171.41,195.5,7.66
2023-01-25 13:30:00,5,1695.63,28.39,81.57,29.68,127.79,148.33,168.19,6.27
2023-01-25 14:30:00,5,1815.8,27.94,86.37,38.27,131.61,166.97,187.77,6.65
2023-01-25 15:30:00,5,2189.64,27.72,97.33,35.05,125.89,201.4,227.71,11.15
2023-01-25 16:30:00,5,2643.59,26.6,105.56,20.21,100.14,221.86,255.31,17.48
2023-01-25 17:30:00,5,2883.91,29.06,106.93,4.43,76.29,212.4,250.2,20.52
2023-01-25 18:30:00,5,3231.05,38.89,100.08,0.07,64.85,220.11,267.52,23.31
2023-01-25 19:30:00,5,3685,45.15,91.85,0,59.6,254.62,319.9,24.07
2023-01-25 20:30:00,5,3791.81,44.26,80.88,0,53.41,280.42,363.41,21.03
2023-01-25 21:30:00,5,3791.81,44.26,70.6,0,48.64,294.72,389.65,18.24
2023-01-25 22:30:00,5,3685,45.15,61.01,0,44.82,296.85,397.19,16.21
2023-01-25 23:30:00,5,3257.75,41.13,54.15,0,37.19,271.83,358.05,12.03
2023-01-26 00:30:00,5,2563.48,29.95,47.98,0,27.89,230.68,283.27,7.28
2023-01-26 01:30:00,5,2029.42,18.33,43.87,0.02,24.32,209.2,241.26,5.89
2023-01-26 02:30:00,5,1735.69,10.17,41.13,0.2,23.13,200.3,222.61,5.57
2023-01-26 03:30:00,5,1522.06,3.91,39.41,1.97,23.13,188.46,208.58,5.76
2023-01-26 04:30:00,5,1388.55,1.15,37.36,7.33,24.08,172.19,190.66,6.14
2023-01-26 05:30:00,5,1308.44,0.42,37.01,14.48,27.66,155.47,173.53,7.22
2023-01-26 06:30:00,5,1375.2,0.82,43.18,14.31,35.76,150.09,171.12,9.88
2023-01-26 07:30:00,5,1735.69,6.15,53.47,3.49,44.82,166.03,195.61,13.43
2023-01-26 08:30:00,5,1976.01,17.43,52.78,0.32,51.5,179.6,214.52,14.69
2023-01-26 09:30:00,5,1842.5,19.45,48.67,3.13,60.08,179.97,211.29,11.15
2023-01-26 10:30:00,5,1655.58,19.22,42.84,15.56,67.71,179.25,206.89,8.36
2023-01-26 11:30:00,5,1468.66,17.21,39.07,36.84,69.62,175.21,200.05,7.79
2023-01-26 12:30:00,5,1068.12,5.76,26.39,104.43,45.3,163.6,180.8,3.1
2023-01-26 13:30:00,5,974.66,3.07,20.39,140.19,36.72,168.56,183.62,2.88
2023-01-26 14:30:00,5,961.3,2.51,20.05,150.2,35.76,166.06,180.51,4.05
2023-01-26 15:30:00,5,1054.76,2.96,27.08,137.33,42.44,160.64,176.06,7.22
2023-01-26 16:30:00,5,1214.98,3.13,39.41,111.58,47.21,155.34,172.76,11.4
2023-01-26 17:30:00,5,1361.85,1.31,52.09,82.25,46.25,147.2,166.26,14.95
2023-01-26 18:30:00,5,1575.47,0.03,61.01,58.65,45.3,150.82,173.87,20.01
2023-01-26 19:30:00,5,1815.8,0.01,63.06,45.42,43.87,164,194.15,26.09
2023-01-26 20:30:00,5,1869.2,0.01,58.95,40.05,40.53,166.07,199.88,29.64
2023-01-26 21:30:00,5,1815.8,0.03,55.52,35.41,37.67,158.53,193.25,30.91
2023-01-26 22:30:00,5,1735.69,0.05,52.78,31.83,35.76,146.79,181.01,31.41
2023-01-26 23:30:00,5,1522.06,0.04,47.98,33.26,30.99,126.53,154.88,28.37
2023-01-27 00:30:00,5,1188.28,0.01,39.41,39.34,25.27,104,123.67,23.31
2023-01-27 01:30:00,5,1028.06,0,32.56,45.06,23.6,96.54,111.97,19.51
2023-01-27 02:30:00,5,974.66,0,28.1,50.78,23.13,95.82,109.25,14.57
2023-01-27 03:30:00,5,974.66,0,25.36,59.37,23.37,99.83,112.07,9.63
2023-01-27 04:30:00,5,1014.71,0,24.33,65.8,23.84,108.39,120.73,6.71
2023-01-27 05:30:00,5,1094.82,0,26.05,66.52,26.23,120.24,133.75,5.51
2023-01-27 06:30:00,5,1281.74,0,33.93,58.65,31.47,138.01,155.29,6.65
2023-01-27 07:30:00,5,1615.52,0.09,50.72,38.98,38.62,159.07,183.62,9.75
2023-01-27 08:30:00,5,1815.8,3.74,59.63,26.11,42.92,162.19,190.02,12.16
2023-01-27 09:30:00,5,1789.09,13.52,50.04,36.48,48.16,153.25,181.55,15.2
2023-01-27 10:30:00,5,1668.93,15.42,43.87,52.21,54.84,143.31,171.6,19.25
2023-01-27 11:30:00,5,1441.96,12.29,39.07,74.39,58.17,127.11,152.13,19
2023-01-27 12:30:00,5,907.9,5.31,23.65,113.01,41.96,85.26,99.53,10.64
2023-01-27 13:30:00,5,814.44,3.91,20.22,128.75,35.76,78.41,90.29,9.37
2023-01-27 14:30:00,5,807.76,3.49,20.56,134.47,35.76,75.19,86.44,9.37
2023-01-27 15:30:00,5,894.55,4.02,27.08,125.89,41.01,77.46,89.96,11.27
2023-01-27 16:30:00,5,1054.76,4.47,38.39,105.86,44.82,82.47,97.51,14.06
2023-01-27 17:30:00,5,1201.63,2.46,52.09,79.39,43.87,83.15,100.03,16.72
2023-01-27 18:30:00,5,1401.9,0.06,63.06,55.79,43.87,92.72,113.79,20.77
2023-01-27 19:30:00,5,1602.17,0.01,64.43,46.49,43.39,109.51,137.09,26.09
2023-01-27 20:30:00,5,1655.58,0.01,58.95,45.78,40.53,120.56,152.1,29.39
2023-01-27 21:30:00,5,1655.58,0,54.15,47.92,38.15,127.64,160.61,29.89
2023-01-27 22:30:00,5,1655.58,0,52.09,47.92,36.24,134.95,168.45,28.12
2023-01-27 23:30:00,5,1508.71,0,47.98,50.07,31.47,131.22,160.6,22.8
2023-01-28 00:30:00,5,1214.98,0,38.39,56.51,24.8,117.52,138.55,15.83
2023-01-28 01:30:00,5,1028.06,0,28.45,63.66,20.27,112.54,128.49,11.91
2023-01-28 02:30:00,5,974.66,0,25.02,65.09,19.31,113.18,127.14,9.75
2023-01-28 03:30:00,5,961.3,0,23.99,62.94,18.84,113.56,126.54,8.36
2023-01-28 04:30:00,5,961.3,0,23.99,58.65,18.36,114.69,127.16,7.85
2023-01-28 05:30:00,5,1001.36,0,25.7,52.21,19.07,117.28,129.87,7.73
2023-01-28 06:30:00,5,1148.22,0.02,32.56,44.7,22.65,124.93,140.09,8.99
2023-01-28 07:30:00,5,1495.36,0.2,48.67,30.04,28.85,143.03,165.2,12.16
2023-01-28 08:30:00,5,1815.8,5.25,58.95,21.99,33.38,156.3,184.1,14.57
2023-01-28 09:30:00,5,1949.31,15.65,52.09,36.48,38.62,161.59,192,16.72
2023-01-28 10:30:00,5,1895.9,15.65,47.3,57.94,46.73,162.01,192.43,18.75
2023-01-28 11:30:00,5,1695.63,11.29,42.5,87.98,56.27,157.03,183.69,17.48
2023-01-28 12:30:00,5,1161.58,5.81,30.16,128.75,58.65,117.45,134.2,11.02
2023-01-28 13:30:00,5,1094.82,4.81,28.45,144.48,58.65,118.85,134.68,11.02
2023-01-28 14:30:00,5,1134.87,4.14,29.13,154.5,61.99,123.75,140.78,11.78
2023-01-28 15:30:00,5,1548.77,6.54,45.93,128.75,57.7,146.46,171.39,15.83
2023-01-28 16:30:00,5,2376.56,12.96,80.88,73.67,51.02,185.68,224.81,22.29
2023-01-28 17:30:00,5,3257.75,24.14,116.53,18.6,49.59,218.06,269.3,28.37
2023-01-28 18:30:00,5,4699.71,73.31,117.9,0.17,56.27,291.78,366.78,40.53
2023-01-28 19:30:00,5,6408.69,126.96,102.82,0,67.71,405.78,515.24,50.16
2023-01-28 20:30:00,5,7263.18,150.2,85,0,78.2,490.57,625.21,56.24
2023-01-28 21:30:00,5,7583.62,160.93,71.97,0,86.78,545.32,691.2,63.33
2023-01-28 22:30:00,5,7690.43,160.93,67.86,0,85.83,573.14,715.36,60.8
2023-01-28 23:30:00,5,7156.37,146.63,68.55,0,71.53,543.02,666.65,46.1
2023-01-29 00:30:00,5,5928.04,116.23,71.97,0,48.64,458.47,550.49,25.84
2023-01-29 01:30:00,5,5073.55,87.62,76.77,0,36.72,407.16,478.75,16.97
2023-01-29 02:30:00,5,4539.49,66.16,82.94,0,32.9,385.55,445.58,14.57
2023-01-29 03:30:00,5,4112.24,46.49,87.74,0,33.86,373.2,425.86,13.81
2023-01-29 04:30:00,5,4432.68,50.07,89.11,0,34.33,415.24,471.25,13.17
2023-01-29 05:30:00,5,4966.74,61.69,91.85,0,42.44,474.85,535.1,18.75
2023-01-29 06:30:00,5,5928.04,87.62,95.96,0,54.36,564.31,635.21,28.12
2023-01-29 07:30:00,5,7583.62,139.47,98.71,0,54.84,682.58,771.93,24.83
2023-01-29 08:30:00,5,8651.73,193.12,97.33,0.11,51.5,747.76,841.57,17.48
2023-01-29 09:30:00,5,4112.24,55.43,97.33,2.19,68.66,467.43,507.45,2.28
2023-01-29 10:30:00,5,3631.59,37.55,89.11,6.26,55.79,417.72,450.65,6.21
2023-01-29 11:30:00,5,3177.64,26.15,80.88,13.77,50.54,358.6,386.11,8.11
2023-01-29 12:30:00,5,2216.34,11.85,63.75,43.63,50.54,260.99,278.46,6.78
2023-01-29 13:30:00,5,1895.9,9.5,56.89,55.79,47.68,211.69,226.23,8.23
2023-01-29 14:30:00,5,1735.69,9.83,54.84,58.65,51.98,179.16,192.51,8.99
2023-01-29 15:30:00,5,1668.93,2.21,76.77,33.97,62.94,158.14,171.48,9.37
2023-01-29 16:30:00,5,1842.5,3.74,93.22,11.44,74.39,160.26,175.82,10.01
2023-01-29 17:30:00,5,2109.53,11.73,102.82,1.39,82.02,176.47,194.36,10.39
2023-01-29 18:30:00,5,2536.77,21.01,100.08,0.08,78.2,219.53,242.27,11.15
2023-01-29 19:30:00,5,3097.53,26.82,87.74,0.01,68.66,289.93,320.8,12.41
2023-01-29 20:30:00,5,3417.97,24.59,78.83,0.03,66.76,347.8,383.34,12.29
2023-01-29 21:30:00,5,4379.27,37.55,76.09,0,62.94,440.86,489.47,15.45
2023-01-29 22:30:00,5,5287.17,50.07,79.51,0,65.8,518.66,575.2,17.23
2023-01-29 23:30:00,5,5020.14,41.57,87.74,0,72.48,498.87,546.13,15.33
2023-01-30 00:30:00,5,4112.24,25.03,91.85,0.06,80.11,412.86,444.3,8.36
2023-01-30 01:30:00,5,3231.05,12.96,85,0.61,75.34,320.76,344.72,4.88
2023-01-30 02:30:00,5,2323.15,2.01,67.17,11.8,61.99,221.66,239.96,3.42
2023-01-30 03:30:00,5,1281.74,0,43.53,78.68,80.11,170.49,180.39,1.22
2023-01-30 04:30:00,5,1281.74,0,35.3,98.71,69.62,201.11,211.36,1.31
2023-01-30 05:30:00,5,1335.14,0,32.56,80.82,54.36,194.27,204.28,2.56
2023-01-30 06:30:00,5,1548.77,0.03,39.07,41.48,43.39,197.51,207.38,4.5
2023-01-30 07:30:00,5,1922.61,0.07,54.84,33.97,48.16,217.41,232.86,7.54
2023-01-30 08:30:00,5,2189.64,0.95,76.77,24.32,59.13,208.97,230.49,10.26
2023-01-30 09:30:00,5,2162.93,4.86,78.14,24.68,61.99,174.48,198.32,11.27
2023-01-30 10:30:00,5,1842.5,6.71,65.8,33.97,61.99,140.64,162.14,10.64
2023-01-30 11:30:00,5,1522.06,8.05,58.95,35.76,72.48,120.76,137.38,9.12
2023-01-30 12:30:00,5,1214.98,6.15,63.06,29.33,86.78,97.5,111.22,8.23
2023-01-30 13:30:00,5,1148.22,5.14,67.86,22.17,94.41,88.37,103.03,9.12
2023-01-30 14:30:00,5,1134.87,4.64,69.92,18.06,98.23,83.34,98.59,10.13
2023-01-30 15:30:00,5,1495.36,15.65,69.92,12.87,89.65,96.59,118.61,14.19
2023-01-30 16:30:00,5,2136.23,34.42,71.97,8.49,72.48,121.24,153.54,18.49
2023-01-30 17:30:00,5,2750.4,54.09,78.14,2.32,64.85,142.02,182.73,21.28
2023-01-30 18:30:00,5,4753.11,121.59,87.74,0.04,95.37,235.26,306.26,51.17
2023-01-30 19:30:00,5,7263.18,194.91,98.71,0,156.4,394.46,509.29,103.35
2023-01-30 20:30:00,5,8544.92,221.73,101.45,0,196.46,503.93,640.26,133.75
2023-01-30 21:30:00,5,8331.3,205.64,95.96,0,200.27,527.5,660.16,135.78
2023-01-30 22:30:00,5,8331.3,198.48,90.48,0,202.18,561.87,696.43,137.81
2023-01-30 23:30:00,5,8224.49,209.21,82.94,0,183.11,575.14,709.7,120.58
2023-01-31 00:30:00,5,7370,205.64,65.12,0,78.2,514.2,625.43,36.98
2023-01-31 01:30:00,5,6835.94,198.48,51.41,0,35.29,497.02,590.54,11.02
2023-01-31 02:30:00,5,6782.53,193.12,47.3,0,29.8,528.23,602.17,7.54
2023-01-31 03:30:00,5,5073.55,130.53,58.95,0,43.39,423.29,459.43,7.98
2023-01-31 04:30:00,5,4379.27,109.08,58.95,0,40.53,380.13,406.66,7.35
2023-01-31 05:30:00,5,3685,85.83,59.63,0,41.01,331.72,353.33,6.4
2023-01-31 06:30:00,5,3044.13,61.69,58.26,0,46.25,283.19,304.76,7.03
2023-01-31 07:30:00,5,3070.83,61.69,49.35,0,48.64,274.57,304.5,10.51
2023-01-31 08:30:00,5,3097.53,65.27,43.18,0.48,50.54,262.75,297.78,12.41
2023-01-31 09:30:00,5,2616.88,49.62,42.16,5.28,54.84,225.21,259.76,11.91
2023-01-31 10:30:00,5,2136.23,31.74,41.47,19.67,55.79,193.98,228.53,11.91
2023-01-31 11:30:00,5,1655.58,17.66,38.39,47.92,56.27,162.79,190.8,11.4
2023-01-31 12:30:00,5,854.49,4.64,20.22,107.29,38.15,86.64,98.58,4.88
2023-01-31 13:30:00,4,734.33,2.74,15.08,128.75,29.33,69.96,79.44,4.94
2023-01-31 14:30:00,4,714.3,2.29,14.57,134.47,27.89,68.24,78.02,5.7
2023-01-31 15:30:00,4,801.09,2.79,20.56,127.32,33.38,73.16,84.72,7.92
2023-01-31 16:30:00,5,947.95,3.16,30.85,108.72,38.15,80.01,94.07,11.02
2023-01-31 17:30:00,5,1081.47,1.52,42.5,85.12,37.67,82.72,98.53,13.93
2023-01-31 18:30:00,5,1255.04,0.04,50.72,65.8,38.62,93.39,112.63,17.99
2023-01-31 19:30:00,5,1388.55,0,50.72,58.65,38.62,109.74,133.69,21.79
2023-01-31 20:30:00,5,1428.6,0,46.61,55.79,36.24,120.14,146.51,22.04
2023-01-31 21:30:00,5,1388.55,0,43.18,52.93,33.86,121,147.39,19.51
2023-01-31 22:30:00,5,1295.09,0,39.07,51.5,30.99,112.51,136.69,15.71
2023-01-31 23:30:00,5,1081.47,0,33.24,53.64,25.99,93.34,112.26,10.77
2023-02-01 00:30:00,5,847.82,0,25.7,60.08,21.7,75.03,87.65,6.71
2023-02-01 01:30:00,4,761.03,0,20.91,67.95,20.74,71.25,81.54,5.07
2023-02-01 02:30:00,5,761.03,0,18.51,75.1,20.98,78.02,87.78,4.37
2023-02-01 03:30:00,5,807.76,0,16.96,81.54,21.22,90.85,101.01,4.12
2023-02-01 04:30:00,5,867.84,0,17.14,81.54,23.13,105.08,116.12,4.05
2023-02-01 05:30:00,5,921.25,0,19.54,72.96,26.46,114.6,126.5,4.24
2023-02-01 06:30:00,5,1054.76,0.01,27.42,55.79,32.9,122.27,136.81,5.7
2023-02-01 07:30:00,5,1308.44,0.17,41.13,32.54,39.1,130.55,150.26,8.11
2023-02-01 08:30:00,5,1455.31,4.36,45.93,20.74,42.44,130.33,152.62,9.25
2023-02-01 09:30:00,5,1441.96,12.29,37.7,32.19,45.78,122.31,144.83,9.88
2023-02-01 10:30:00,5,1348.5,12.96,33.24,48.64,49.59,113.7,135.57,11.4
2023-02-01 11:30:00,5,1201.63,10.17,30.85,71.53,51.02,104.5,123.92,11.78
2023-02-01 12:30:00,5,1001.36,6.37,25.36,100.14,43.87,86.77,102.4,9.63
2023-02-01 13:30:00,5,907.9,4.53,22.28,121.59,40.05,83.37,97.14,9.12
2023-02-01 14:30:00,5,867.84,3.74,22.28,133.04,40.05,84.5,97.73,9.63
2023-02-01 15:30:00,5,1001.36,4.3,29.47,125.89,44.35,91.43,106.74,12.29
2023-02-01 16:30:00,5,1228.33,4.92,42.84,105.86,48.64,103.58,122.44,15.83
2023-02-01 17:30:00,5,1428.6,2.82,60.32,78.68,49.59,110.73,132.21,19
2023-02-01 18:30:00,5,1615.52,0.1,70.6,56.51,51.98,121.5,147.03,23.05
2023-02-01 19:30:00,5,1695.63,0,65.12,54.36,50.54,133.24,163.06,26.6
2023-02-01 20:30:00,5,1655.58,0,56.89,57.94,46.73,139.48,170.8,28.37
2023-02-01 21:30:00,5,1575.47,0,50.04,61.51,43.87,141.67,172.16,28.37
2023-02-01 22:30:00,5,1508.71,0,45.24,65.8,41.96,145.77,174.92,26.85
2023-02-01 23:30:00,5,1348.5,0,39.07,72.96,38.62,142.71,166.95,22.29
2023-02-02 00:30:00,5,1148.22,0,31.87,79.39,35.76,135.71,153.84,17.48
2023-02-02 01:30:00,5,1068.12,0,27.76,79.39,36.72,135.38,151.4,16.47
2023-02-02 02:30:00,5,1041.41,0,26.05,76.53,37.19,133.79,149.07,16.47
2023-02-02 03:30:00,5,1014.71,0,24.68,73.67,35.76,128.49,143.43,16.72
2023-02-02 04:30:00,5,1001.36,0,24.68,72.24,34.33,123.45,138.15,16.97
2023-02-02 05:30:00,5,1041.41,0,26.39,69.38,34.33,123.23,138.46,17.48
2023-02-02 06:30:00,5,1201.63,0,32.9,63.66,38.15,130.41,148.72,19.51
2023-02-02 07:30:00,5,1522.06,0.02,47.3,48.64,43.87,146.43,171.38,22.29
2023-02-02 08:30:00,5,1762.39,2.91,56.21,38.98,47.68,155.85,184.87,22.55
2023-02-02 09:30:00,5,1815.8,10.62,50.04,49.35,51.98,158.12,188.83,22.8
2023-02-02 10:30:00,5,1762.39,11.96,44.55,68.66,57.22,157.17,187.96,23.81
2023-02-02 11:30:00,5,1575.47,9.28,39.41,97.27,59.6,150.08,177.38,21.79
2023-02-02 12:30:00,5,1268.39,5.76,30.85,130.18,55.31,129.66,150.82,16.97
2023-02-02 13:30:00,5,1174.93,4.47,28.1,150.2,51.98,124.9,144.11,15.45
2023-02-02 14:30:00,5,1121.52,3.86,27.76,158.79,50.54,120.58,138.92,15.07
2023-02-02 15:30:00,5,1188.28,3.86,32.56,150.2,49.11,121.78,141.51,16.09
2023-02-02 16:30:00,5,1388.55,4.25,45.93,125.89,50.07,129.58,152.92,18.49
2023-02-02 17:30:00,5,1588.82,2.35,63.75,92.98,49.59,131.27,157.64,21.03
2023-02-02 18:30:00,5,1789.09,0.08,74.71,64.37,51.5,139.62,171.06,25.08
2023-02-02 19:30:00,5,1922.61,0,71.29,56.51,51.5,152.62,190.69,29.39
2023-02-02 20:30:00,5,1895.9,0,63.06,55.79,47.21,159.89,201.68,31.92
2023-02-02 21:30:00,5,1869.2,0,56.89,54.36,42.44,162.19,206.2,32.93
2023-02-02 22:30:00,5,1869.2,0,54.84,49.35,38.15,166.17,212.28,31.92
2023-02-02 23:30:00,5,1735.69,0,51.41,43.99,31.47,158.42,201.73,25.08
2023-02-03 00:30:00,5,1455.31,0,42.84,43.27,24.08,140.83,176.81,16.72
2023-02-03 01:30:00,5,1308.44,0,36.33,42.92,22.41,136.33,168.82,12.92
2023-02-03 02:30:00,5,1281.74,0.01,33.24,40.77,22.65,139.1,170.07,10.89
2023-02-03 03:30:00,5,1255.04,0.01,31.53,37.55,23.13,142.51,172.55,9.75
2023-02-03 04:30:00,5,1214.98,0.02,30.85,34.69,24.08,143.72,173.06,10.01
2023-02-03 05:30:00,5,1214.98,0.04,32.9,31.83,26.23,146.95,176.87,10.77
2023-02-03 06:30:00,5,1401.9,0.34,42.5,23.6,31.95,162.9,197.13,13.3
2023-02-03 07:30:00,5,1895.9,4.86,61.01,6.62,40.53,197.42,241.89,17.73
2023-02-03 08:30:00,5,2296.45,21.46,63.06,5.68,45.3,225.22,276.68,19.51
2023-02-03 09:30:00,5,2376.56,30.85,58.26,19.85,48.64,236,290.25,20.52
2023-02-03 10:30:00,5,2269.74,26.15,56.21,39.34,56.74,236.47,290.96,23.05
2023-02-03 11:30:00,5,2029.42,17.21,54.15,71.53,66.76,226.32,277.32,21.53
2023-02-03 12:30:00,5,1428.6,8.16,41.47,123.02,70.57,177.59,218.34,15.2
2023-02-03 13:30:00,5,1335.14,6.26,39.07,147.34,70.57,172.02,211.85,15.07
2023-02-03 14:30:00,5,1375.2,5.48,41.47,164.51,74.39,173.83,214.59,16.47
2023-02-03 15:30:00,5,2002.72,9.05,65.8,130.18,68.66,203.02,254.25,22.29
2023-02-03 16:30:00,5,3204.35,21.46,109.67,61.51,64.85,258.98,328.61,30.4
2023-02-03 17:30:00,5,4432.68,53.64,139.83,10.91,64.85,302.02,387.94,38.5
2023-02-03 18:30:00,5,5393.98,92.98,131.61,0.15,68.66,347.77,449.53,47.62
2023-02-03 19:30:00,5,5554.2,90.3,109.67,0,67.71,375.45,487.92,47.62
2023-02-03 20:30:00,5,4966.74,64.37,94.59,0,60.08,363.14,473.98,39.01
2023-02-03 21:30:00,5,4219.06,39.79,87.05,0,52.45,330.07,429.5,32.93
2023-02-03 22:30:00,5,3685,25.48,82.25,0.03,47.21,294.61,382.64,31.41
2023-02-03 23:30:00,5,2883.91,11.51,76.77,0.93,37.67,236.59,306.34,25.59
2023-02-04 00:30:00,5,2002.72,1.47,63.06,10.01,26.23,177.53,225.97,16.97
2023-02-04 01:30:00,5,1508.71,0.05,43.53,26.11,19.55,149.1,186.61,12.16
2023-02-04 02:30:00,5,1308.44,0.02,34.96,31.83,17.88,139.17,172.02,9.63
2023-02-04 03:30:00,5,1228.33,0.02,31.53,31.83,17.17,135.66,165.94,8.11
2023-02-04 04:30:00,5,1161.58,0.02,30.16,31.83,17.64,133.76,161.95,7.6
2023-02-04 05:30:00,5,1148.22,0.03,30.85,31.47,19.31,135.66,164.08,7.73
2023-02-04 06:30:00,5,1295.09,0.19,38.04,25.75,23.37,146.95,179.09,10.01
2023-02-04 07:30:00,5,1695.63,2.57,54.15,9.39,30.04,173.25,214.01,14.57
2023-02-04 08:30:00,5,1976.01,12.52,55.52,7.06,33.86,187.76,232.72,17.48
2023-02-04 09:30:00,5,1869.2,17.88,46.61,24.32,37.19,185.86,229.18,19.25
2023-02-04 10:30:00,5,1708.98,15.42,40.44,45.06,41.96,183.7,225.39,20.77
2023-02-04 11:30:00,5,1508.71,10.17,35.99,77.25,48.16,183.95,223.32,19.25
2023-02-04 12:30:00,5,1108.17,4.02,24.33,138.76,51.98,177.13,212.07,13.81
2023-02-04 13:30:00,5,1028.06,2.57,19.88,170.23,48.16,177.38,209.75,13.55
2023-02-04 14:30:00,5,1001.36,2.01,18.85,183.11,47.21,175.83,206.23,14.19
2023-02-04 15:30:00,5,1174.93,2.46,26.39,170.23,45.78,184.05,215.15,16.09
2023-02-04 16:30:00,5,1495.36,3.07,43.18,138.76,45.78,199.58,234.05,19
2023-02-04 17:30:00,5,1815.8,1.7,65.12,97.27,44.82,210.68,248.3,22.04
2023-02-04 18:30:00,5,2109.53,0.07,78.14,63.66,44.82,223.11,265.38,26.09
2023-02-04 19:30:00,5,2216.34,0,73.34,51.5,41.48,229.37,276.17,30.15
2023-02-04 20:30:00,5,2082.82,0,61.69,47.92,35.29,219.84,266.53,31.41
2023-02-04 21:30:00,5,1895.9,0,52.78,46.49,30.52,201.41,246.01,30.4
2023-02-04 22:30:00,5,1762.39,0,47.98,43.63,28.13,187.18,230.26,28.37
2023-02-04 23:30:00,5,1575.47,0,42.5,42.56,23.6,169.93,207.31,23.81
2023-02-05 00:30:00,5,1308.44,0,34.62,43.99,18.12,151.77,181.7,17.73
2023-02-05 01:30:00,5,1201.63,0,29.47,43.63,17.17,149.47,175.91,13.93
2023-02-05 02:30:00,5,1201.63,0,27.76,41.13,17.64,154.95,179.64,11.15
2023-02-05 03:30:00,5,1228.33,0.01,27.08,37.55,18.12,161.98,185.62,9.5
2023-02-05 04:30:00,5,1228.33,0.01,27.08,34.33,18.6,165.31,188.13,8.61
2023-02-05 05:30:00,5,1268.39,0.04,29.47,30.4,19.79,168.17,190.88,8.11
2023-02-05 06:30:00,5,1468.66,0.34,38.73,21.64,24.32,179.58,206.13,9.75
2023-02-05 07:30:00,5,1922.61,3.91,55.52,6.53,31.95,204,239.75,13.3
2023-02-05 08:30:00,5,2296.45,18.1,56.89,6.17,36.72,217.21,259.01,15.2
2023-02-05 09:30:00,5,2349.85,27.27,51.41,20.38,39.1,215.78,259.68,16.72
2023-02-05 10:30:00,5,2243.04,22.13,51.41,43.27,45.3,214.91,258.58,19.76
2023-02-05 11:30:00,5,1949.31,12.63,48.67,88.69,54.84,213.7,253.17,19.25
2023-02-05 12:30:00,5,1228.33,4.64,29.13,148.77,56.27,159.42,186.91,12.16
2023-02-05 13:30:00,5,1054.76,3.19,22.96,167.37,51.02,144.54,169.12,11.02
2023-02-05 14:30:00,5,988.01,2.51,21.25,177.38,49.59,143.06,166.6,11.4
2023-02-05 15:30:00,5,2082.82,11.4,63.06,108.72,53.41,197.09,239.03,21.28
2023-02-05 16:30:00,5,3738.4,36.21,108.3,38.98,59.13,275.01,341.97,31.41
2023-02-05 17:30:00,5,5233.76,88.51,128.87,6.53,70.57,336.93,422.98,43.57
2023-02-05 18:30:00,5,7049.56,159.14,132.98,0.12,96.32,422.22,531.56,64.85
2023-02-05 19:30:00,5,8544.92,203.85,131.61,0,110.63,534.36,667.92,79.04
2023-02-05 20:30:00,5,9506.23,219.94,131.61,0,110.63,629.54,775.9,81.06
2023-02-05 21:30:00,5,9933.47,216.36,137.09,0,122.07,701.67,849.89,86.13
2023-02-05 22:30:00,5,10467.53,212.79,146.69,0,160.22,779.88,931.83,112.47
2023-02-05 23:30:00,5,10787.96,207.42,156.28,0,183.11,820.97,965.47,128.69
2023-02-06 00:30:00,5,9933.47,177.03,154.91,0,165.94,763.49,883.66,116.53
2023-02-06 01:30:00,5,8972.17,150.2,145.32,0,154.5,704.95,809.98,109.43
2023-02-06 02:30:00,5,8544.92,139.47,132.98,0,144.96,680.52,778.91,108.42
2023-02-06 03:30:00,5,8117.68,130.53,119.27,0,112.53,671.16,764.66,79.04
2023-02-06 04:30:00,5,6942.75,104.61,95.96,0,65.8,610.55,691.48,39.01
2023-02-06 05:30:00,5,5340.58,72.42,75.4,0,41.01,503.23,569.14,19.51
2023-02-06 06:30:00,5,4806.52,67.06,65.8,0,39.58,456.56,524.5,17.99
2023-02-06 07:30:00,5,6355.29,123.38,63.75,0,53.41,545.61,643.07,25.59
2023-02-06 08:30:00,5,8224.49,193.12,70.6,0.55,61.04,631.06,746.91,27.61
2023-02-06 09:30:00,5,5928.04,109.97,85,6.71,59.6,455.63,537.37,26.35
2023-02-06 10:30:00,5,5180.36,67.06,95.96,24.32,60.56,410.45,488.71,32.42
2023-02-06 11:30:00,5,4325.87,28.61,100.08,76.53,60.56,387.87,457.86,32.42
2023-02-06 12:30:00,5,1655.58,6.15,44.55,160.22,67.71,203.38,244.16,16.47
2023-02-06 13:30:00,5,1241.68,4.14,33.93,175.95,59.6,173.86,212.32,13.81
2023-02-06 14:30:00,5,1134.87,3.74,34.96,178.81,61.99,167.16,205.16,13.3
2023-02-06 15:30:00,5,2803.8,18.33,101.45,94.41,80.11,254.89,320.36,32.42
2023-02-06 16:30:00,5,5714.42,64.37,180.96,26.82,120.16,402.96,507.08,68.9
2023-02-06 17:30:00,5,8758.54,153.78,227.57,3.62,169.75,534.15,669,109.43
2023-02-06 18:30:00,5,11856.08,257.49,246.76,0.08,223.16,672.11,843.98,151.99
2023-02-06 19:30:00,5,14099.12,325.44,222.09,0,244.14,815.31,1037.48,178.34
2023-02-06 20:30:00,5,14312.74,318.29,171.36,0,200.27,881,1136.47,147.94
2023-02-06 21:30:00,5,11428.83,214.58,126.12,0,102.04,764.95,1002.5,56.24
2023-02-06 22:30:00,5,9292.6,153.78,100.08,0,70.57,681.61,893.31,34.45
2023-02-06 23:30:00,5,7690.43,125.17,85,0,54.36,611.27,791.76,23.56
2023-02-07 00:30:00,5,6248.47,100.14,76.77,0,40.53,530.26,673.27,15.07
2023-02-07 01:30:00,5,6195.07,100.14,72.66,0,42.44,547.61,679.67,16.47
2023-02-07 02:30:00,5,6942.75,114.44,69.23,0,50.54,636.1,781.66,20.27
2023-02-07 03:30:00,5,8331.3,141.26,71.29,0,59.6,783.08,964.73,25.59
2023-02-07 04:30:00,5,9399.41,166.3,71.97,0,49.11,919.97,1112.56,19
2023-02-07 05:30:00,5,9719.85,168.09,71.97,0,39.1,979.58,1133.51,13.55
2023-02-07 06:30:00,5,6301.88,61.69,93.22,0,60.56,731.77,806.32,9.88
2023-02-07 07:30:00,5,4699.71,34.42,72.66,0.02,54.84,645.11,719.19,10.64
2023-02-07 08:30:00,5,3898.62,30.85,63.06,2.1,49.59,579.87,659.54,12.29
2023-02-07 09:30:00,5,2643.59,14.08,55.52,22.17,56.74,428.16,495.97,12.03
2023-02-07 10:30:00,5,2136.23,13.75,44.55,41.48,61.04,339.25,400.31,14.82
2023-02-07 11:30:00,5,1869.2,10.28,41.81,76.53,65.8,299.59,350.4,16.09
2023-02-07 12:30:00,5,1335.14,5.14,30.16,127.32,58.65,219.93,256.42,11.65
2023-02-07 13:30:00,5,1028.06,3.41,22.96,147.34,48.64,157.58,184.52,9.88
2023-02-07 14:30:00,5,921.25,2.74,20.91,154.5,42.44,128.79,150.94,10.77
2023-02-07 15:30:00,5,1014.71,3.52,28.79,140.19,44.35,110.24,132.8,13.81
2023-02-07 16:30:00,5,1255.04,4.69,44.55,111.58,49.59,103.19,129.7,17.48
2023-02-07 17:30:00,5,1495.36,3.02,63.75,77.96,51.98,105.25,135.19,21.03
2023-02-07 18:30:00,5,1842.5,0.17,80.2,45.42,54.36,122.95,159.12,26.85
2023-02-07 19:30:00,5,2136.23,0.13,83.63,25.75,52.93,144.21,189.34,33.94
2023-02-07 20:30:00,5,2136.23,0.48,75.4,16.27,47.68,145.52,195.02,37.49
2023-02-07 21:30:00,5,2029.42,0.57,66.49,15.02,43.87,134.51,184.02,38
2023-02-07 22:30:00,5,1869.2,0.22,59.63,21.28,42.44,124.35,171.06,36.48
2023-02-07 23:30:00,5,1562.12,0.04,50.72,31.83,37.19,105.67,144,31.16
2023-02-08 00:30:00,5,1241.68,0.01,42.5,37.91,29.56,85.19,113.09,25.59
2023-02-08 01:30:00,5,1174.93,0.01,38.73,35.76,27.18,82.52,106.43,24.57
2023-02-08 02:30:00,5,1214.98,0.03,37.7,31.11,26.7,85.44,108.57,24.83
2023-02-08 03:30:00,5,1228.33,0.05,37.01,27.54,26.46,88.46,111.71,25.33
2023-02-08 04:30:00,5,1228.33,0.07,36.67,26.11,26.23,89.4,111.46,25.84
2023-02-08 05:30:00,5,1255.04,0.13,39.07,23.96,27.42,94.06,115.41,26.35
2023-02-08 06:30:00,5,1508.71,1.06,49.35,15.74,33.38,112.95,138.41,29.13
2023-02-08 07:30:00,5,2136.23,11.73,64.43,1.86,43.87,152.86,191.12,36.48
2023-02-08 08:30:00,5,2696.99,34.87,63.06,4.65,50.07,180.55,227.7,39.52
2023-02-08 09:30:00,5,2857.21,45.6,61.69,15.74,54.84,190.52,240.05,39.52
2023-02-08 10:30:00,5,2723.69,34.87,65.8,36.48,61.99,194.59,243.73,37.49
2023-02-08 11:30:00,5,2296.45,18.55,63.06,80.82,68.66,187.08,227.96,30.65
2023-02-08 12:30:00,5,1081.47,4.36,28.1,157.36,49.59,111.92,129.87,12.16
2023-02-08 13:30:00,5,921.25,2.6,20.39,180.24,42.92,110.59,125.49,9.37
2023-02-08 14:30:00,5,921.25,2.21,20.22,191.69,43.87,119.14,134.03,9.63
2023-02-08 15:30:00,5,1335.14,4.14,39.07,167.37,52.45,148.12,170.19,14.69
2023-02-08 16:30:00,5,2029.42,7.49,72.66,117.3,59.6,187.03,220.6,21.53
2023-02-08 17:30:00,5,2696.99,8.94,112.41,57.22,61.99,210.16,253.1,27.36
2023-02-08 18:30:00,5,3685,19.89,141.2,3.4,68.66,253.28,313.42,38.5
2023-02-08 19:30:00,5,4699.71,50.51,123.38,0,73.43,320.6,405.36,51.68
2023-02-08 20:30:00,5,5126.95,59.01,104.19,0,68.66,365.28,464.9,58.26
2023-02-08 21:30:00,5,5020.14,54.54,93.22,0,62.94,377.71,477.35,56.74
2023-02-08 22:30:00,5,4539.49,38,90.48,0,57.7,348.02,438.52,51.68
2023-02-08 23:30:00,5,3524.78,16.54,86.37,0.51,45.78,276.8,346.2,40.02
2023-02-09 00:30:00,5,2456.67,2.57,74.71,5.63,33.38,206.02,254.78,28.88
2023-02-09 01:30:00,5,2056.12,0.78,61.69,11,29.09,183.99,226.03,25.84
2023-02-09 02:30:00,5,1922.61,0.82,54.84,10.28,28.13,182.49,222.81,22.55
2023-02-09 03:30:00,5,2056.12,4.36,51.41,2.95,27.66,197.98,242.25,17.99
2023-02-09 04:30:00,5,2376.56,15.65,43.87,0.08,28.37,227.01,277.98,15.2
2023-02-09 05:30:00,5,2777.1,31.29,39.07,0,31.95,258.09,315.46,15.45
2023-02-09 06:30:00,5,3738.4,64.37,37.7,0,42.44,323.12,396.24,23.05
2023-02-09 07:30:00,5,5874.63,143.05,41.81,0.02,59.6,454.36,560.92,38
2023-02-09 08:30:00,5,7263.18,211,50.72,0.87,63.9,507.09,623.92,45.09
2023-02-09 09:30:00,5,4806.52,121.59,68.55,6.97,59.13,337.05,412.2,40.53
2023-02-09 10:30:00,5,4165.65,79.57,87.74,21.64,59.6,290.04,356.87,37.49
2023-02-09 11:30:00,5,3364.56,40.23,95.96,56.51,55.31,244.41,299.05,29.89
2023-02-09 12:30:00,5,1214.98,7.82,41.81,127.32,48.16,103.03,128.08,12.92
2023-02-09 13:30:00,5,894.55,4.75,29.13,141.62,39.1,79.83,104.88,11.02
2023-02-09 14:30:00,4,787.73,3.49,25.36,151.63,36.24,73.45,98.03,11.4
2023-02-09 15:30:00,5,1482.01,9.28,55.52,110.15,42.44,98.47,133.18,19
2023-02-09 16:30:00,5,2696.99,25.93,97.33,47.92,53.88,145.8,196.35,29.39
2023-02-09 17:30:00,5,4005.43,61.69,116.53,9.57,61.04,191.96,254.73,39.01
2023-02-09 18:30:00,5,5500.79,105.5,111.04,0.41,63.9,241.9,321.2,49.65
2023-02-09 19:30:00,5,5393.98,92.98,100.08,0,58.17,257.99,343.34,51.17
2023-02-09 20:30:00,5,4112.24,43.81,100.08,0.07,46.25,227.09,299.29,40.02
2023-02-09 21:30:00,5,2483.37,0.72,90.48,16.99,31.95,170,220.78,25.08
2023-02-09 22:30:00,5,2109.53,0.05,71.97,27.18,28.37,163.55,209.32,21.53
2023-02-09 23:30:00,5,1815.8,0.03,60.32,31.11,24.08,153.2,192.69,16.72
2023-02-10 00:30:00,5,1455.31,0.01,46.61,38.62,19.07,135.99,167.21,11.27
2023-02-10 01:30:00,5,1321.79,0,39.07,39.34,17.64,132.25,160.8,9.12
2023-02-10 02:30:00,5,1295.09,0.01,35.99,34.69,17.64,133.34,161.31,8.04
2023-02-10 03:30:00,5,1335.14,0.06,36.33,25.03,18.84,137.6,165.69,7.35
2023-02-10 04:30:00,5,1415.25,0.43,37.7,13.41,19.55,143.88,172.37,6.65
2023-02-10 05:30:00,5,1535.42,2.63,38.39,4.25,20.27,152.08,181.21,6.65
2023-02-10 06:30:00,5,1869.2,12.52,38.04,0.41,24.56,170.85,204.69,8.87
2023-02-10 07:30:00,5,2616.88,36.66,40.78,0.12,34.33,207.2,253.49,13.68
2023-02-10 08:30:00,5,3311.16,63.48,45.24,2.95,42.92,230.43,286.51,17.48
2023-02-10 09:30:00,5,3257.75,59.01,52.09,11.44,46.73,219.58,274.96,20.27
2023-02-10 10:30:00,5,2937.32,39.79,61.69,29.68,51.98,212.37,264.67,24.83
2023-02-10 11:30:00,5,2590.18,22.35,67.86,67.95,61.04,216.01,262.72,25.08
2023-02-10 12:30:00,5,1495.36,10.06,50.72,117.3,78.2,167.31,202.46,15.45
2023-02-10 13:30:00,5,1255.04,7.49,46.61,144.48,82.02,166.63,202.19,13.3
2023-02-10 14:30:00,5,1174.93,6.54,49.35,160.22,89.65,171.56,208.33,12.67
2023-02-10 15:30:00,5,2483.37,19,100.08,100.14,92.51,236.67,293.48,25.33
2023-02-10 16:30:00,5,4806.52,56.33,154.91,32.9,87.74,341.76,427.66,40.53
2023-02-10 17:30:00,5,6942.75,125.17,167.25,4.92,86.78,412.74,518.65,52.18
2023-02-10 18:30:00,5,8972.17,200.27,160.4,0.1,93.46,480.43,610.08,67.89
2023-02-10 19:30:00,5,10467.53,239.61,146.69,0,95.37,560.61,720.03,76
2023-02-10 20:30:00,5,10894.78,239.61,128.87,0,87.74,612.93,793.64,64.85
2023-02-10 21:30:00,5,9933.47,207.42,111.04,0,72.48,596.47,780.29,46.1
2023-02-10 22:30:00,5,8651.73,169.87,93.22,0,60.08,565.59,738.23,32.17
2023-02-10 23:30:00,5,6942.75,125.17,85.68,0,44.82,494.98,636.29,17.99
2023-02-11 00:30:00,5,5020.14,74.21,82.25,0,29.8,401.46,503.07,8.99
2023-02-11 01:30:00,5,4272.46,50.96,73.34,0,23.37,382.62,470.94,7.79
2023-02-11 02:30:00,5,3791.81,36.66,63.06,0,24.56,382.41,466.88,9.88
2023-02-11 03:30:00,5,3631.59,33.08,54.15,0,32.42,394.63,482.11,15.07
2023-02-11 04:30:00,5,3738.4,36.66,46.61,0,46.25,418.86,513.09,23.31
2023-02-11 05:30:00,5,3952.03,45.15,42.5,0,63.9,442.75,544.77,33.44
2023-02-11 06:30:00,5,4379.27,63.48,39.41,0,84.88,469.68,580.94,48.64
2023-02-11 07:30:00,5,6088.26,123.38,39.07,0,109.67,574.99,712.96,70.93
2023-02-11 08:30:00,5,8331.3,207.42,39.76,0.21,103.95,705.32,868.84,61.3
2023-02-11 09:30:00,5,5554.2,123.38,44.55,2.41,78.2,514.66,619.74,29.13
2023-02-11 10:30:00,5,5767.82,106.39,76.77,10.37,84.88,543.3,652.1,28.88
2023-02-11 11:30:00,5,5661.01,54.99,132.98,50.78,91.55,588.92,697.9,27.87
2023-02-11 12:30:00,5,2162.93,9.61,69.92,158.79,133.51,363.24,415.25,8.36
2023-02-11 13:30:00,5,1441.96,2.77,31.19,231.74,92.51,303.51,346.04,4.94
2023-02-11 14:30:00,5,1108.17,1.4,18.68,240.33,70.57,258.94,300.2,5.07
2023-02-11 15:30:00,5,1308.44,2.29,31.19,203.13,69.62,272.79,318.44,8.99
2023-02-11 16:30:00,5,1789.09,3.16,54.15,157.36,73.43,312.32,362.54,13.81
2023-02-11 17:30:00,5,2162.93,1.84,79.51,108.72,72.48,325.15,381.88,16.97
2023-02-11 18:30:00,5,2910.61,0.19,113.79,45.78,74.39,360.81,430.57,25.08
2023-02-11 19:30:00,5,3791.81,6.2,127.49,4.16,75.34,419.92,509.93,35.97
2023-02-11 20:30:00,5,4219.06,17.66,108.3,0.17,70.57,452.88,558.49,43.57
2023-02-11 21:30:00,5,4219.06,23.47,91.85,0.03,62.94,448.57,559.99,47.12
2023-02-11 22:30:00,5,3791.81,22.35,79.51,0.04,53.88,410.45,514.85,45.09
2023-02-11 23:30:00,5,2883.91,11.73,70.6,0.89,40.53,344.82,428.22,36.48
2023-02-12 00:30:00,5,1895.9,0.68,55.52,15.74,28.85,273.7,330.96,26.35
2023-02-12 01:30:00,5,1415.25,0.01,37.7,36.12,25.75,225.8,267.4,23.05
2023-02-12 02:30:00,5,1201.63,0,30.5,41.48,25.99,192.19,225.25,23.05
2023-02-12 03:30:00,5,1094.82,0,28.45,39.7,26.23,168.41,197.15,24.07
2023-02-12 04:30:00,5,1081.47,0.01,29.13,36.84,26.7,156.85,183.37,24.83
2023-02-12 05:30:00,5,1121.52,0.03,31.53,32.19,27.66,153.28,178.97,25.84
2023-02-12 06:30:00,5,1335.14,0.48,41.47,20.56,31.47,158.55,187.6,29.64
2023-02-12 07:30:00,5,1842.5,6.93,56.89,3.8,38.62,177.93,217.67,36.48
2023-02-12 08:30:00,5,2296.45,25.26,55.52,4.83,42.44,190.85,239.44,38.5
2023-02-12 09:30:00,5,2456.67,35.32,50.72,15.91,45.3,194.3,247.54,36.48
2023-02-12 10:30:00,5,2269.74,27.94,49.35,34.33,49.11,188.16,241.63,34.45
2023-02-12 11:30:00,5,1815.8,15.2,44.55,70.81,52.45,173.45,219.48,29.39
2023-02-12 12:30:00,5,761.03,2.65,16.28,150.2,34.33,93.41,116.28,10.89
2023-02-12 13:30:00,4,574.11,1.61,10.45,155.93,23.6,64.58,82.55,8.61
2023-02-12 14:30:00,4,480.65,1.36,9,150.2,18.84,41.07,56.41,7.73
2023-02-12 15:30:00,3,520.71,1.96,13.88,137.33,23.84,34.04,49.03,8.74
2023-02-12 16:30:00,3,627.52,2.32,21.25,123.02,29.09,36.06,51.79,10.89
2023-02-12 17:30:00,3,720.98,1.26,28.79,108.72,30.99,38.94,54.78,12.79
2023-02-12 18:30:00,3,841.14,0.06,34.27,97.27,34.81,45.31,62.38,15.45
2023-02-12 19:30:00,4,947.95,0,34.62,90.84,37.19,54.27,74.3,18.75
2023-02-12 20:30:00,4,988.01,0,32.9,86.55,36.24,59.32,80.93,21.28
2023-02-12 21:30:00,4,988.01,0,31.87,78.68,34.33,61.12,83.34,23.56
2023-02-12 22:30:00,4,974.66,0,31.53,70.1,32.42,62.21,83.9,25.33
2023-02-12 23:30:00,4,894.55,0,29.47,65.09,28.61,60.89,79.7,25.33
2023-02-13 00:30:00,4,774.38,0,25.7,67.23,25.99,61.58,76.03,24.07
2023-02-13 01:30:00,4,767.71,0,25.02,69.38,29.33,69.05,82.25,24.57
2023-02-13 02:30:00,4,761.03,0,23.31,72.96,29.56,72.44,84.65,24.32
2023-02-13 03:30:00,4,747.68,0,21.59,75.82,28.85,71.29,82.59,24.07
2023-02-13 04:30:00,4,741,0,21.42,75.82,29.33,67.83,78.53,23.81
2023-02-13 05:30:00,4,767.71,0,23.31,72.96,31.95,65.92,76.5,24.07
2023-02-13 06:30:00,4,881.2,0,29.47,65.09,37.19,69.41,82.03,25.84
2023-02-13 07:30:00,5,1108.17,0.03,40.44,52.93,42.44,78.13,95.14,28.63
2023-02-13 08:30:00,5,1174.93,2.96,42.84,53.64,43.87,77.01,94.85,27.61
2023-02-13 09:30:00,4,1028.06,6.54,32.9,70.81,44.82,67.41,82.55,23.81
2023-02-13 10:30:00,4,947.95,7.71,28.1,80.11,48.64,64.76,79.1,21.79
2023-02-13 11:30:00,4,841.14,6.59,24.33,95.84,47.21,59.85,72.37,18.24
2023-02-13 12:30:00,3,680.92,4.08,17.65,118.73,37.67,49.81,59.2,12.79
2023-02-13 13:30:00,3,634.19,3.1,15.42,133.04,33.86,48.29,56.54,10.64
2023-02-13 14:30:00,4,607.49,2.54,14.57,140.19,31.47,43.41,51.06,9.63
2023-02-13 15:30:00,3,607.49,2.51,16.79,137.33,32.9,42.17,50.09,9.88
2023-02-13 16:30:00,3,680.92,2.54,22.96,128.75,35.76,47.15,56.38,11.53
2023-02-13 17:30:00,4,774.38,1.41,30.5,115.87,36.72,52.83,63.56,13.81
2023-02-13 18:30:00,4,894.55,0.08,35.3,105.86,39.58,63.95,77.22,16.97
2023-02-13 19:30:00,4,961.3,0,33.24,104.43,39.58,74.1,89.93,19.51
2023-02-13 20:30:00,5,974.66,0,30.16,104.43,36.24,78.01,94.9,20.77
2023-02-13 21:30:00,5,974.66,0,27.76,105.86,32.9,76.43,93.01,21.28
2023-02-13 22:30:00,4,947.95,0,26.05,104.43,30.52,71.03,87.01,21.28
2023-02-13 23:30:00,4,854.49,0,23.31,104.43,26.7,61.07,74.61,19.25
2023-02-14 00:30:00,4,747.68,0,20.22,104.43,23.6,52,62.8,16.97
2023-02-14 01:30:00,3,727.65,0,19.54,100.14,24.32,50,60.71,17.48
2023-02-14 02:30:00,3,720.98,0,19.71,92.98,25.51,49.41,60.39,18.24
2023-02-14 03:30:00,3,720.98,0,20.22,86.55,26.23,49.31,60.9,19.25
2023-02-14 04:30:00,3,727.65,0,21.25,80.82,27.42,49.71,62,20.27
2023-02-14 05:30:00,4,761.03,0,23.99,74.39,30.52,51.49,65,21.28
2023-02-14 06:30:00,4,907.9,0,32.22,63.66,37.67,60.64,78.05,24.07
2023-02-14 07:30:00,5,1268.39,0.12,50.04,43.27,46.73,80.32,105.82,29.39
2023-02-14 08:30:00,5,1602.17,7.1,59.63,31.11,52.93,96.36,128.26,32.93
2023-02-14 09:30:00,5,1735.69,18.33,53.47,39.7,59.13,106.04,141.84,33.94
2023-02-14 10:30:00,5,1735.69,19,50.72,55.07,67.71,113.4,151.24,32.93
2023-02-14 11:30:00,5,1615.52,14.98,48.67,80.82,75.34,116.68,154,29.39
2023-02-14 12:30:00,5,1108.17,7.49,35.99,125.89,66.76,96.21,124.39,19.76
2023-02-14 13:30:00,5,947.95,4.86,29.13,153.06,57.22,97.47,122.85,16.47
2023-02-14 14:30:00,5,894.55,3.58,26.39,170.23,52.45,102.3,127.22,15.96
2023-02-14 15:30:00,5,1174.93,4.81,38.04,154.5,52.93,116.58,146.74,18.75
2023-02-14 16:30:00,5,1735.69,7.49,63.06,114.44,57.22,140.06,179.53,23.31
2023-02-14 17:30:00,5,2296.45,7.82,95.96,62.94,61.04,159.54,207.75,27.87
2023-02-14 18:30:00,5,2830.51,3.3,123.38,15.2,67.71,182.98,240.61,34.45
2023-02-14 19:30:00,5,3044.13,3.91,113.79,4.52,66.76,206.81,274.22,40.53
2023-02-14 20:30:00,5,2910.61,2.85,95.96,5.99,60.08,214.35,284.91,43.06
2023-02-14 21:30:00,5,2643.59,1.17,81.57,10.64,52.93,206.94,273.43,43.57
2023-02-14 22:30:00,5,2349.85,0.45,71.29,16.27,47.21,191.41,252.07,41.54
2023-02-14 23:30:00,5,1895.9,0.12,60.32,24.68,38.15,163.06,212.78,35.46
2023-02-15 00:30:00,5,1415.25,0.01,45.93,37.19,30.04,132.99,168.97,28.12
2023-02-15 01:30:00,5,1188.28,0,36.33,46.49,28.13,125.39,155.43,26.09
2023-02-15 02:30:00,5,1094.82,0,31.19,52.93,28.37,127.66,155.37,25.59
2023-02-15 03:30:00,5,1041.41,0,27.76,58.65,27.89,128.71,155.26,25.08
2023-02-15 04:30:00,5,974.66,0,25.36,65.09,27.66,125.38,151.58,24.32
2023-02-15 05:30:00,5,934.6,0,25.36,72.24,29.8,120.68,147.01,23.31
2023-02-15 06:30:00,5,1014.71,0,29.82,79.39,34.81,123.26,151.34,24.07
2023-02-15 07:30:00,5,1295.09,0.01,42.5,75.82,41.96,141.4,174.73,27.11
2023-02-15 08:30:00,5,1508.71,1.84,51.41,74.39,46.25,159.21,196.03,28.12
2023-02-15 09:30:00,5,1588.82,6.2,47.98,87.26,52.45,174.15,212.71,27.36
2023-02-15 10:30:00,5,1575.47,7.04,42.16,111.58,59.13,185.09,223.77,25.59
2023-02-15 11:30:00,5,1441.96,5.48,35.3,144.48,61.99,185.8,221.57,21.53
2023-02-15 12:30:00,5,1174.93,3.69,27.08,173.09,55.31,157.45,187.87,15.96
2023-02-15 13:30:00,5,1068.12,3.05,23.99,185.97,51.5,145.74,174.07,14.06
2023-02-15 14:30:00,5,1001.36,2.6,23.31,188.83,51.02,144.18,172.52,13.68
2023-02-15 15:30:00,5,1134.87,2.79,30.5,185.97,56.74,160.25,191.96,15.45
2023-02-15 16:30:00,5,1401.9,2.88,45.24,167.37,63.9,184.12,220.96,18.24
2023-02-15 17:30:00,5,1668.93,1.51,63.75,137.33,66.76,202.71,244.67,21.28
2023-02-15 18:30:00,5,2002.72,0.08,76.09,103,69.62,221.61,270.78,26.09
2023-02-15 19:30:00,5,2243.04,0,75.4,82.25,67.71,242.61,300.62,31.66
2023-02-15 20:30:00,5,2269.74,0,67.86,76.53,61.99,253.89,316.09,34.96
2023-02-15 21:30:00,5,2376.56,0,65.8,67.95,57.7,267.43,333.13,38
2023-02-15 22:30:00,5,2670.29,0,71.29,52.21,55.79,293.15,365.83,41.04
2023-02-15 23:30:00,5,2643.59,0,71.97,40.41,47.68,297.34,369.32,36.98
2023-02-16 00:30:00,5,2323.15,0.02,65.12,32.9,36.24,282.53,345.88,26.85
2023-02-16 01:30:00,5,2189.64,0.08,58.26,24.68,31.47,282.8,343.12,19.76
2023-02-16 02:30:00,5,2189.64,0.25,53.47,17.52,30.04,292.5,352.83,15.33
2023-02-16 03:30:00,5,2162.93,0.61,50.72,11.8,29.09,300.28,362.01,12.92
2023-02-16 04:30:00,5,2162.93,1.33,48.67,7.87,28.85,303.77,365.96,11.91
2023-02-16 05:30:00,5,2243.04,4.25,50.72,3.17,30.52,311.62,375.22,11.65
2023-02-16 06:30:00,5,2750.4,18.1,54.15,0.36,38.15,344.72,417.17,15.45
2023-02-16 07:30:00,5,4005.43,54.99,60.32,0.12,53.88,418.46,513.49,24.32
2023-02-16 08:30:00,5,5073.55,92.98,66.49,2.39,66.76,473.63,584.26,30.15
2023-02-16 09:30:00,5,5393.98,93.88,81.57,10.28,80.11,497.55,610.74,35.97
2023-02-16 10:30:00,5,5981.45,76,123.38,31.83,94.41,562.32,686.69,44.08
2023-02-16 11:30:00,5,6141.66,37.1,157.65,101.57,103.95,642.9,774.95,44.08
2023-02-16 12:30:00,5,2964.02,9.95,87.05,208.85,139.24,414.5,477.27,22.55
2023-02-16 13:30:00,5,2243.04,5.59,63.75,260.35,131.61,369.2,419.99,15.58
2023-02-16 14:30:00,5,2002.72,3.74,55.52,294.69,129.7,368.96,416.6,13.05
2023-02-16 15:30:00,5,2723.69,5.48,85,251.77,122.07,416.52,477.2,21.03
2023-02-16 16:30:00,5,4272.46,9.95,149.43,157.36,114.44,509.31,594.56,32.93
2023-02-16 17:30:00,5,5821.23,16.09,219.35,59.37,111.58,580.37,687.68,42.56
2023-02-16 18:30:00,5,8224.49,67.06,246.76,3.35,129.7,702.44,845.89,66.88
2023-02-16 19:30:00,5,10787.96,143.05,233.05,0,171.66,868.74,1064.45,110.45
2023-02-16 20:30:00,5,11962.89,185.97,200.15,0,198.36,967.71,1202.72,141.86
2023-02-16 21:30:00,5,12283.33,203.85,167.25,0,213.62,1011.26,1263.1,158.07
2023-02-16 22:30:00,5,12924.19,221.73,143.95,0,230.79,1093.1,1363.16,176.31
2023-02-16 23:30:00,5,12496.95,219.94,123.38,0,209.81,1104.47,1377.72,160.1
2023-02-17 00:30:00,5,10574.34,191.33,102.82,0,135.42,1003.34,1246.38,93.22
2023-02-17 01:30:00,5,8865.36,159.14,89.11,0,93.46,926.09,1141.08,56.24
2023-02-17 02:30:00,5,8010.86,139.47,80.2,0,76.29,907.59,1103.94,42.56
2023-02-17 03:30:00,5,7476.81,125.17,71.97,0,64.85,903.44,1088.73,34.45
2023-02-17 04:30:00,5,7476.81,126.96,62.38,0,56.74,924.59,1106.16,26.6
2023-02-17 05:30:00,5,8117.68,146.63,55.52,0,52.45,998.22,1185.38,21.28
2023-02-17 06:30:00,5,9506.23,189.54,51.41,0,58.65,1136.87,1342.54,24.83
2023-02-17 07:30:00,5,12496.95,282.53,54.84,0,77.25,1353.24,1596.16,33.94
2023-02-17 08:30:00,5,16021.73,404.12,70.6,0.28,90.6,1566.04,1827.64,35.97
2023-02-17 09:30:00,5,12390.14,253.92,132.98,4.25,100.14,1283.54,1458.13,33.94
2023-02-17 10:30:00,5,11108.4,139.47,224.83,26.11,99.18,1199.03,1359,35.97
2023-02-17 11:30:00,5,10040.28,42.92,282.41,138.76,103,1189.45,1336.56,33.94
2023-02-17 12:30:00,5,3524.78,12.96,149.43,234.6,244.14,686.88,746.92,0.66
2023-02-17 13:30:00,5,2723.69,8.38,119.27,291.82,232.7,610.56,659.48,0.63
2023-02-17 14:30:00,5,2723.69,5.48,109.67,354.77,230.79,635.06,684.1,0.76
2023-02-17 15:30:00,5,3631.59,6.59,128.87,366.21,215.53,781.81,845.23,2.6
2023-02-17 16:30:00,5,5126.95,6.15,178.22,308.99,185.01,952.89,1039.47,11.4
2023-02-17 17:30:00,5,6462.1,3.1,230.31,205.99,158.31,1036.11,1142.19,22.29
2023-02-17 18:30:00,5,8544.92,2.82,304.34,50.07,143.05,1146.4,1285.9,42.56
2023-02-17 19:30:00,5,10787.96,41.13,296.12,0.01,127.79,1287.63,1468.04,63.84
2023-02-17 20:30:00,5,11001.59,50.96,257.73,0,112.53,1299.49,1491.37,58.26
2023-02-17 21:30:00,5,10253.91,42.02,227.57,0,96.32,1214.86,1395.92,44.08
2023-02-17 22:30:00,5,9613.04,43.36,191.93,0,79.15,1144.48,1318.14,32.93
2023-02-17 23:30:00,5,8224.49,45.6,146.69,0,56.74,998.1,1151.1,19.25
2023-02-18 00:30:00,5,5447.39,27.94,98.71,0.02,35.76,733.39,840.63,9.63
2023-02-18 01:30:00,5,3898.62,15.2,68.55,0.19,26.23,589.2,671.24,7.28
2023-02-18 02:30:00,5,3124.24,7.38,54.84,1.01,23.6,517.1,584.41,6.59
2023-02-18 03:30:00,5,2670.29,3.44,46.61,2.73,22.65,478.56,536.73,6.27
2023-02-18 04:30:00,5,2483.37,2.93,41.47,3.13,22.41,462.99,515.8,6.46
2023-02-18 05:30:00,5,2510.07,6.48,40.1,1.25,23.37,462.7,514.65,7.47
2023-02-18 06:30:00,5,2964.02,21.68,39.76,0.1,29.8,487.05,546.5,11.15
2023-02-18 07:30:00,5,4112.24,59.9,42.16,0.01,41.01,549.18,627.66,16.97
2023-02-18 08:30:00,5,5180.36,108.18,42.84,0.34,47.68,599.39,680.43,19.51
2023-02-18 09:30:00,5,5874.63,134.11,49.35,1.86,52.45,622.69,702.22,19.76
2023-02-18 10:30:00,5,6355.29,132.32,77.46,7.87,60.08,648.96,743.98,23.05
2023-02-18 11:30:00,5,6462.1,75.1,142.57,44.35,68.66,687.03,792.18,28.37
2023-02-18 12:30:00,5,1842.5,6.15,54.84,205.99,86.78,303.77,352.43,8.99
2023-02-18 13:30:00,5,1388.55,2.96,33.59,246.05,67.71,254.88,298.69,7.16
2023-02-18 14:30:00,5,1321.79,2.04,29.13,271.8,64.85,256.19,298.84,7.73
2023-02-18 15:30:00,5,2002.72,4.02,58.26,223.16,65.8,302.17,355.75,15.58
2023-02-18 16:30:00,5,3177.64,7.71,112.41,134.47,67.71,372.51,444.24,24.57
2023-02-18 17:30:00,5,4219.06,12.18,167.25,44.35,66.76,413.77,498.53,30.15
2023-02-18 18:30:00,5,5607.6,50.51,186.44,1.43,73.43,474.4,580.35,42.56
2023-02-18 19:30:00,5,6782.53,92.09,172.73,0,83.92,542.52,673.85,57.25
2023-02-18 20:30:00,5,6675.72,87.62,164.51,0,87.74,546.2,687.09,62.32
2023-02-18 21:30:00,5,5981.45,60.8,165.88,0,89.65,514.97,651.21,63.84
2023-02-18 22:30:00,5,5767.82,48.73,164.51,0,91.55,513.13,647.04,65.86
2023-02-18 23:30:00,5,5554.2,42.02,159.03,0,87.74,511.47,635.14,59.78
2023-02-19 00:30:00,5,5020.14,31.74,148.06,0.01,73.43,485.44,589.32,44.58
2023-02-19 01:30:00,5,5073.55,31.74,135.72,0,70.57,502.68,598.87,40.02
2023-02-19 02:30:00,5,5661.01,40.68,131.61,0,76.29,564.3,666.54,42.05
2023-02-19 03:30:00,5,6141.66,46.94,131.61,0,81.06,625.62,739.03,45.6
2023-02-19 04:30:00,5,6088.26,49.62,126.12,0,82.97,641.71,756.75,49.65
2023-02-19 05:30:00,5,5821.23,50.96,117.9,0,82.02,627.89,734.78,52.69
2023-02-19 06:30:00,5,5874.63,63.48,108.3,0,82.02,626.18,729.81,54.21
2023-02-19 07:30:00,5,7263.18,119.81,94.59,0.01,83.92,720.32,846.76,48.64
2023-02-19 08:30:00,5,9185.79,205.64,84.31,0.44,80.11,828.83,977.62,36.48
2023-02-19 09:30:00,5,7797.24,157.36,102.82,3.13,85.83,729.3,852.94,26.6
2023-02-19 10:30:00,5,8331.3,137.69,134.35,8.31,88.69,760.45,887.1,31.92
2023-02-19 11:30:00,5,8544.92,86.72,194.67,25.03,92.51,799.19,924.44,36.48
2023-02-19 12:30:00,5,2136.23,12.18,89.11,171.66,150.68,369.52,427.02,3.89
2023-02-19 13:30:00,5,1388.55,4.53,46.61,231.74,87.74,261.28,309.93,4.31
2023-02-19 14:30:00,5,1174.93,2.49,32.56,260.35,64.85,221.81,265.79,5.7
2023-02-19 15:30:00,5,2323.15,8.16,82.25,173.09,62.94,258.85,319.36,19.25
2023-02-19 16:30:00,5,4165.65,25.7,149.43,65.8,68.66,327.75,414.8,33.44
2023-02-19 17:30:00,5,5821.23,75.1,180.96,9.92,79.15,381.67,492.7,47.12
2023-02-19 18:30:00,5,7904.05,155.57,186.44,0.27,116.35,479.69,623.09,77.01
2023-02-19 19:30:00,5,10253.91,221.73,191.93,0,171.66,637.66,818.07,121.59
2023-02-19 20:30:00,5,12283.33,264.64,200.15,0,226.97,817,1021.62,164.15
2023-02-19 21:30:00,5,13885.5,282.53,202.89,0,263.21,982.93,1192.67,194.55
2023-02-19 22:30:00,5,13885.5,275.37,180.96,0,234.6,1040.97,1236.74,178.34
2023-02-19 23:30:00,5,11856.08,228.88,138.46,0,143.05,903.67,1060.79,107.41
2023-02-20 00:30:00,5,8224.49,148.42,98.71,0,60.56,644.02,750.02,38
2023-02-20 01:30:00,5,6088.26,106.39,73.34,0,39.1,502.48,589.04,23.56
2023-02-20 02:30:00,5,5180.36,91.2,58.95,0,34.33,450.9,536.29,20.27
2023-02-20 03:30:00,5,4753.11,84.94,48.67,0,32.42,435.23,523.41,16.97
2023-02-20 04:30:00,5,4325.87,76,39.07,0,33.86,417.04,503.59,16.97
2023-02-20 05:30:00,5,3952.03,69.74,31.87,0,38.62,398.2,482.65,21.03
2023-02-20 06:30:00,5,4379.27,86.72,28.45,0,50.54,424.14,519.53,29.89
2023-02-20 07:30:00,5,6622.31,162.72,31.53,0.01,66.76,555.38,688.14,34.96
2023-02-20 08:30:00,5,9399.41,271.8,41.13,0.33,74.39,701.4,864.76,32.42
2023-02-20 09:30:00,5,6568.91,164.51,64.43,4.2,67.71,500.33,609.93,33.94
2023-02-20 10:30:00,5,6088.26,110.86,108.3,18.24,75.34,475.66,580.94,43.06
2023-02-20 11:30:00,5,5714.42,48.28,157.65,77.25,84.88,499.89,598.07,42.05
2023-02-20 12:30:00,5,1949.31,9.95,69.23,160.22,93.46,218.96,260.13,18.49
2023-02-20 13:30:00,5,1428.6,5.36,49.35,205.99,79.15,181.08,215.85,14.44
2023-02-20 14:30:00,5,1321.79,3.91,45.93,234.6,78.2,179.61,213.23,14.57
2023-02-20 15:30:00,5,1949.31,5.59,76.77,208.85,86.78,212.96,257.39,22.55
2023-02-20 16:30:00,5,3177.64,8.61,130.24,140.19,96.32,273.32,333.46,33.44
2023-02-20 17:30:00,5,4219.06,9.28,174.11,55.07,93.46,304.93,373.8,41.04
2023-02-20 18:30:00,5,4699.71,16.76,168.62,2.7,81.06,302.94,377.74,47.62
2023-02-20 19:30:00,5,4165.65,16.99,126.12,0.2,64.85,272.71,344.94,48.13
2023-02-20 20:30:00,5,3097.53,2.99,94.59,11.98,49.11,223.61,283.49,42.05
2023-02-20 21:30:00,5,2029.42,0,58.26,56.51,35.76,175.55,219.13,33.44
2023-02-20 22:30:00,5,1762.39,0,50.72,65.09,32.9,166.99,206.83,31.16
2023-02-20 23:30:00,5,1522.06,0,45.24,64.37,28.85,161.66,195.9,27.36
2023-02-21 00:30:00,5,1255.04,0,38.04,55.07,22.65,153.15,180.98,23.56
2023-02-21 01:30:00,5,1214.98,0.01,36.33,36.84,20.74,153.34,180.18,25.08
2023-02-21 02:30:00,5,1214.98,0.06,36.33,23.6,20.74,152.86,179.58,26.09
2023-02-21 03:30:00,5,1268.39,0.41,38.39,13.41,22.65,150.94,178.76,26.35
2023-02-21 04:30:00,5,1375.2,1.9,40.1,5.32,24.56,149.05,179.02,26.6
2023-02-21 05:30:00,5,1522.06,6.98,39.76,1.12,27.42,150.63,184.04,27.87
2023-02-21 06:30:00,5,2082.82,25.26,39.41,0.04,37.19,177.32,223.49,34.96
2023-02-21 07:30:00,5,3364.56,67.06,43.87,0.02,54.36,235.08,304.89,48.13
2023-02-21 08:30:00,5,4165.65,101.03,52.09,1.48,62.94,252.12,334.58,52.69
2023-02-21 09:30:00,5,3738.4,89.41,60.32,7.6,63.9,211.38,289.92,47.12
2023-02-21 10:30:00,5,3738.4,76,80.88,20.03,71.53,213.88,299.53,46.61
2023-02-21 11:30:00,5,3524.78,49.17,102.82,48.64,80.11,221.31,310.25,43.06
2023-02-21 12:30:00,5,1642.23,15.87,63.75,98.71,89.65,142.6,210.2,26.85
2023-02-21 13:30:00,5,1335.14,8.61,49.35,135.9,81.06,146.64,208.46,22.55
2023-02-21 14:30:00,5,1214.98,5.03,40.44,171.66,74.39,154.75,211.47,21.03
2023-02-21 15:30:00,5,1375.2,4.53,45.24,173.09,68.66,162.58,220.23,23.31
2023-02-21 16:30:00,5,1762.39,5.76,65.12,137.33,66.76,172,234.3,27.11
2023-02-21 17:30:00,5,2109.53,4.97,89.11,82.25,62.94,168.79,233.88,29.89
2023-02-21 18:30:00,5,2643.59,1.56,117.9,23.6,65.8,184.96,258.19,35.97
2023-02-21 19:30:00,5,3284.45,8.05,115.16,1.7,68.66,228.08,316.2,44.08
2023-02-21 20:30:00,5,3524.78,7.93,105.56,1.68,66.76,275.88,372.81,48.13
2023-02-21 21:30:00,5,3524.78,0.91,100.08,14.84,63.9,323.26,419.45,48.13
2023-02-21 22:30:00,5,3471.37,0.01,90.48,35.76,62.94,367.04,461.81,46.1
2023-02-21 23:30:00,5,3044.13,0,80.2,42.2,54.84,379.98,466.57,37.49
2023-02-22 00:30:00,5,2590.18,0.03,71.97,30.76,41.96,377.74,455.1,25.08
2023-02-22 01:30:00,5,2536.77,0.27,66.49,16.27,34.81,394.7,470.42,15.07
2023-02-22 02:30:00,5,2563.48,0.73,58.95,10.19,30.99,416.13,489.86,9.75
2023-02-22 03:30:00,5,2723.69,4.36,52.78,2.64,29.33,444.65,518.94,8.61
2023-02-22 04:30:00,5,3017.43,14.98,45.93,0.09,30.28,475.65,553.42,9.12
2023-02-22 05:30:00,5,3311.16,28.16,42.16,0,34.33,501.08,583.63,11.4
2023-02-22 06:30:00,5,4165.65,55.88,41.81,0,46.25,551.36,649.03,18.49
2023-02-22 07:30:00,5,6355.29,128.75,45.24,0.01,65.8,672.42,806.75,28.37
2023-02-22 08:30:00,5,8331.3,207.42,51.41,0.64,75.34,751.79,908,29.89
2023-02-22 09:30:00,5,5714.42,118.02,69.23,5.81,83.92,533.42,640.27,27.11
2023-02-22 10:30:00,5,5821.23,85.83,113.79,22.89,100.14,525.2,636.53,38.5
2023-02-22 11:30:00,5,5607.6,40.68,156.28,84.4,119.21,532.22,644.47,42.56
2023-02-22 12:30:00,5,2082.82,11.18,76.09,160.22,127.79,239.95,288.71,16.72
2023-02-22 13:30:00,5,1522.06,5.87,52.09,208.85,103,202.2,243.16,11.78
2023-02-22 14:30:00,5,1308.44,3.38,38.39,240.33,90.6,188.5,225.74,10.39
2023-02-22 15:30:00,5,1495.36,3.91,48.67,220.3,84.88,186.72,224.65,14.57
2023-02-22 16:30:00,5,2109.53,6.03,82.25,163.08,91.55,213.6,260.26,21.03
2023-02-22 17:30:00,5,2723.69,5.53,122.01,94.41,95.37,231.37,285.95,27.11
2023-02-22 18:30:00,5,3685,6.98,161.77,16.81,98.23,263.93,335.97,39.01
2023-02-22 19:30:00,5,4913.33,35.76,148.06,0.01,99.18,325.16,426.12,54.21
2023-02-22 20:30:00,5,5554.2,51.86,127.49,0,92.51,372.23,494.14,63.33
2023-02-22 21:30:00,5,5447.39,48.28,115.16,0,83.92,385.47,511.28,63.84
2023-02-22 22:30:00,5,4753.11,30.4,108.3,0.03,72.48,351.17,465,55.22
2023-02-22 23:30:00,5,3337.86,6.87,94.59,7.24,52.93,271.49,354.94,38
2023-02-23 00:30:00,5,1976.01,0.01,61.01,34.69,37.19,196.32,246.02,24.83
2023-02-23 01:30:00,5,1735.69,0.05,55.52,26.11,33.86,184.04,226.51,24.57
2023-02-23 02:30:00,5,1708.98,0.1,53.47,21.99,33.86,184.96,225.8,24.83
2023-02-23 03:30:00,5,1735.69,0.1,51.41,22.17,33.86,190.77,233.47,24.83
2023-02-23 04:30:00,5,1789.09,0.18,52.09,19.67,33.38,203.76,248.91,24.07
2023-02-23 05:30:00,5,1976.01,1.45,56.89,10.1,34.81,225.02,273.08,23.81
2023-02-25 06:30:00,5,2429.96,28.61,36.67,0.01,30.28,241.81,290.15,28.63
2023-02-25 07:30:00,5,3337.86,60.8,39.41,0.03,41.96,287.03,351.31,38.5
2023-02-25 08:30:00,5,4005.43,91.2,43.18,1.3,48.16,309.79,383.16,42.56
2023-02-25 09:30:00,5,4005.43,85.83,58.26,7.51,53.41,303.81,376.01,40.53
2023-02-25 10:30:00,5,4058.84,62.58,85,25.75,63.9,316.9,391.44,38.5
2023-02-25 11:30:00,5,3952.03,30.85,106.93,81.54,72.48,347.29,422.06,34.96
2023-02-25 12:30:00,5,1348.5,4.36,37.7,200.27,66.76,162.94,198.85,13.05
2023-02-25 13:30:00,5,1028.06,2.24,22.96,228.88,53.88,145.93,178.35,10.89
2023-02-25 14:30:00,5,961.3,1.63,19.88,240.33,50.54,143.92,175.65,11.15
2023-02-25 15:30:00,5,1508.71,3.86,46.61,200.27,58.17,167.72,208.53,17.48
2023-02-25 16:30:00,5,2510.07,7.26,91.85,134.47,70.57,218.91,274.85,24.32
2023-02-25 17:30:00,5,3417.97,7.49,139.83,67.23,80.11,258.16,325.5,30.15
2023-02-25 18:30:00,5,5126.95,31.74,178.22,4.38,96.32,339.16,432.12,44.58
2023-02-25 19:30:00,5,6835.94,74.21,167.25,0,113.49,445.58,569.5,62.32
2023-02-25 20:30:00,5,7476.81,80.47,159.03,0,123.98,503.72,645.33,73.97
2023-02-25 21:30:00,5,7690.43,76,159.03,0,141.14,546.66,696.89,88.16
2023-02-25 22:30:00,5,8331.3,81.36,156.28,0,164.03,618.23,776.61,107.41
2023-02-25 23:30:00,5,8331.3,84.04,146.69,0,169.75,638.98,798.75,113.49
2023-02-26 00:30:00,5,7263.18,71.53,127.49,0,135.42,569.54,716.27,94.23
2023-02-26 01:30:00,5,6568.91,66.16,108.3,0,95.37,535.97,673.03,71.94
2023-02-26 02:30:00,5,6675.72,67.06,101.45,0,65.8,563.81,697.26,53.7
2023-02-26 03:30:00,5,7156.37,72.42,101.45,0,51.5,632.08,764.71,42.56
2023-02-26 04:30:00,5,7690.43,83.15,97.33,0,54.36,688.45,817.94,40.53
2023-02-26 05:30:00,5,7904.05,97.45,91.85,0,71.53,729.11,851.62,47.12
2023-02-26 06:30:00,5,8224.49,116.23,87.74,0,102.04,748.93,869.56,63.33
2023-02-26 07:30:00,5,9719.85,175.24,85,0.03,114.44,845.99,985.26,78.02
2023-02-26 08:30:00,5,11749.27,264.64,87.74,0.73,106.81,964.51,1121.82,77.01
2023-02-26 09:30:00,5,9078.98,171.66,122.01,6.88,114.44,742.2,856.54,60.29
2023-02-26 10:30:00,5,9506.23,101.03,213.86,40.41,115.39,811.59,931.41,57.25
2023-02-26 11:30:00,5,8972.17,29.95,249.51,191.69,116.35,905.1,1018.75,44.08
2023-02-26 12:30:00,5,1735.69,8.61,71.29,183.11,152.59,237.21,271.82,8.74
2023-02-26 13:30:00,5,1161.58,3.69,38.04,217.44,107.77,191.97,223.91,6.4
2023-02-26 14:30:00,5,1028.06,1.9,26.39,243.19,84.88,180.95,213.84,6.78
2023-02-26 15:30:00,5,1335.14,2.6,42.5,217.44,82.02,183.62,223.98,12.16
2023-02-26 16:30:00,5,2002.72,3.97,78.14,160.22,88.69,209.97,261.75,18.75
2023-02-26 17:30:00,5,2670.29,3.05,119.27,97.27,94.41,235.44,296.54,24.32
2023-02-26 18:30:00,5,4432.68,19.45,175.48,10.46,107.77,324.54,411.71,40.53
2023-02-26 19:30:00,5,6515.5,69.74,160.4,0,119.21,459.59,587.26,60.8
2023-02-26 20:30:00,5,7583.62,88.51,141.2,0,123.98,554.9,718.66,78.02
2023-02-26 21:30:00,5,8010.86,92.98,130.24,0,127.79,610.49,801.52,90.18
2023-02-26 22:30:00,5,7904.05,93.88,116.53,0,110.63,631.22,829.74,84.1
2023-02-26 23:30:00,5,6355.29,73.31,93.22,0,73.43,520.17,689.35,60.8
2023-02-27 00:30:00,5,3685,30.4,73.34,0.01,43.39,313.18,425.98,36.48
2023-02-27 01:30:00,5,2857.21,18.55,62.38,0.04,42.44,250.8,342.38,32.42
2023-02-27 02:30:00,5,2750.4,17.21,58.26,0.04,45.78,247.51,332.79,31.92
2023-02-27 03:30:00,5,3070.83,25.7,55.52,0,47.21,279.76,370.39,31.41
2023-02-27 04:30:00,5,3578.19,40.23,50.72,0,42.92,323.73,422.73,28.12
2023-02-27 05:30:00,5,3845.21,52.75,44.55,0,40.05,352.37,449.51,20.27
2023-02-27 06:30:00,5,4432.68,75.1,40.78,0,46.25,388.44,486.85,21.79
2023-02-27 07:30:00,5,6462.1,144.84,41.81,0.02,65.8,507.83,635.7,36.98
2023-02-27 08:30:00,5,8651.73,225.31,49.35,0.56,79.15,617.8,772.09,49.14
2023-02-27 09:30:00,5,5554.2,113.55,73.34,6.79,79.15,425.22,521.65,47.12
2023-02-27 10:30:00,5,5340.58,69.74,111.04,29.33,88.69,431.34,531.32,49.65
2023-02-27 11:30:00,5,5020.14,29.95,131.61,100.14,95.37,461.66,564.78,45.09
2023-02-27 12:30:00,5,1361.85,5.76,41.13,161.65,70.57,139.21,178.71,14.31
2023-02-27 13:30:00,5,894.55,2.63,22.96,183.11,46.73,101.09,137.73,11.65
2023-02-27 14:30:00,5,781.06,1.84,19.36,185.97,39.1,93.22,129.5,11.02
2023-02-27 15:30:00,5,1148.22,3.69,39.07,158.79,49.59,106.46,148.7,16.09
2023-02-27 16:30:00,5,1789.09,6.59,71.29,111.58,62.94,130.98,183.45,22.55
2023-02-27 17:30:00,5,2376.56,7.71,104.19,55.79,68.66,146.67,207.25,27.36
2023-02-27 18:30:00,5,4112.24,49.17,128.87,2.75,88.69,217.73,306.66,43.57
2023-02-27 19:30:00,5,6301.88,111.76,108.3,0,110.63,341.7,479.23,65.86
2023-02-27 20:30:00,5,7370,128.75,93.22,0,115.39,429.93,607.9,79.04
2023-02-27 21:30:00,5,7797.24,130.53,82.25,0,114.44,482.35,687.05,86.13
2023-02-27 22:30:00,5,7583.62,123.38,76.09,0,104.9,489.85,694.98,83.09
2023-02-27 23:30:00,5,5981.45,90.3,74.03,0,78.2,386.31,552.64,62.32
2023-02-28 00:30:00,5,3631.59,43.36,71.97,0,51.5,237.52,345.04,38.5
2023-02-28 01:30:00,5,2670.29,22.8,67.86,0.01,46.25,185.37,262.68,31.41
2023-02-28 02:30:00,5,2323.15,14.53,63.06,0.06,48.16,166.96,228.13,29.64
2023-02-28 03:30:00,5,2510.07,19,56.89,0.02,51.5,182.27,243.26,30.4
2023-02-28 04:30:00,5,2964.02,30.85,53.47,0,58.65,219.07,289.57,34.96
2023-02-28 05:30:00,5,3337.86,42.47,54.84,0,74.39,250.25,329.43,45.09
2023-02-28 06:30:00,5,4058.84,67.06,58.95,0,103,299.13,391.82,69.92
2023-02-28 07:30:00,5,6515.5,148.42,63.75,0.14,131.61,449.07,579.18,102.34
2023-02-28 08:30:00,5,9613.04,261.07,73.34,1.59,137.33,627.29,796.33,111.46
2023-02-28 09:30:00,5,8117.68,191.33,102.82,5.9,125.89,527.27,658.61,82.08
2023-02-28 10:30:00,5,8865.36,141.26,186.44,25.03,137.33,622.18,771.66,81.06
2023-02-28 11:30:00,5,8651.73,52.75,257.73,118.73,148.77,719.74,872.58,69.92
2023-02-28 12:30:00,5,2082.82,1.13,113.79,79.39,146.87,167.11,215.54,20.01
2023-02-28 13:30:00,5,1295.09,0.29,71.97,88.69,106.81,95.87,138.64,14.31
2023-02-28 14:30:00,5,1001.36,0.13,50.04,110.15,85.83,78.92,120.08,11.91
2023-02-28 15:30:00,5,1214.98,1.31,59.63,100.14,92.51,90.63,135.52,15.83
2023-02-28 16:30:00,5,1762.39,4.53,85.68,70.81,103,118.66,171.45,22.55
2023-02-28 17:30:00,5,2269.74,5.92,111.04,37.55,98.23,140.22,199.3,27.87
2023-02-28 18:30:00,5,2590.18,3.07,117.9,12.16,91.55,159.1,221.66,33.94
2023-02-28 19:30:00,5,2536.77,0.47,95.96,16.27,88.69,170.62,232.1,38
2023-02-28 20:30:00,5,2216.34,0.02,73.34,32.9,87.74,156.44,212.98,37.49
2023-02-28 21:30:00,5,2136.23,0.04,67.86,31.47,76.29,140.71,198.5,38.5
2023-02-28 22:30:00,5,2536.77,1.7,75.4,9.83,69.62,154.86,224.06,44.58
2023-02-28 23:30:00,5,2536.77,7.6,70.6,1.29,59.13,146.61,216.52,41.54
2023-03-01 00:30:00,5,2136.23,8.16,62.38,0.78,47.21,115.17,173.83,32.17
2023-03-01 01:30:00,5,1789.09,4.58,55.52,1.88,41.48,96.28,144.61,27.61
2023-03-01 02:30:00,5,1548.77,1.98,49.35,4.6,37.67,85.25,125.13,25.08
2023-03-01 03:30:00,5,1815.8,7.49,45.93,1.22,35.76,106.71,149.31,26.6
2023-03-01 04:30:00,5,2429.96,23.25,41.13,0.01,38.15,152.74,206.05,29.89
2023-03-01 05:30:00,5,3097.53,42.92,39.41,0,44.82,201.86,266.85,33.44
2023-03-01 06:30:00,5,4112.24,74.21,40.1,0,58.17,265.7,348.4,45.09
2023-03-01 07:30:00,5,6675.72,153.78,44.55,0.02,83.92,419.63,535.88,68.9
2023-03-01 08:30:00,5,8865.36,225.31,54.15,0.49,101.09,541.78,675.24,76
2023-03-01 09:30:00,5,2429.96,31.29,66.49,23.6,82.02,133.36,175.74,27.87
2023-03-01 10:30:00,5,1789.09,16.76,52.09,54.36,76.29,99.83,141.49,26.85
2023-03-01 11:30:00,5,1441.96,9.72,45.24,101.57,78.2,88.58,124.01,23.05
2023-03-01 12:30:00,4,881.2,5.09,31.53,144.48,71.53,65.16,89.19,13.05
2023-03-01 13:30:00,4,767.71,3.8,27.42,165.94,66.76,64.58,86.39,10.39
2023-03-01 14:30:00,4,720.98,2.99,25.7,178.81,61.99,66.77,88.6,9.5
2023-03-01 15:30:00,5,1308.44,4.92,47.98,160.22,68.66,94.08,125.59,17.48
2023-03-01 16:30:00,5,2376.56,7.6,89.11,123.02,82.02,144.14,193.81,28.12
2023-03-01 17:30:00,5,3471.37,8.16,139.83,60.8,90.6,188.13,257.83,34.96
2023-03-01 18:30:00,5,5554.2,52.75,168.62,2.5,107.77,282.4,395.64,52.69
2023-03-01 19:30:00,5,8010.86,125.17,149.43,0,122.07,428.01,606.32,73.97
2023-03-01 20:30:00,5,9078.98,157.36,123.38,0,119.21,528.06,752.58,87.14
2023-03-01 21:30:00,5,8972.17,160.93,100.08,0,108.72,565.02,800.1,90.18
2023-03-01 22:30:00,5,8758.54,153.78,85.68,0,96.32,573.65,803.02,87.14
2023-03-01 23:30:00,5,7583.62,128.75,76.09,0,72.48,502.84,698.92,70.93
2023-03-02 00:30:00,5,4699.71,67.06,67.86,0,44.82,309.01,430.14,45.6
2023-03-02 01:30:00,5,3204.35,36.66,59.63,0,35.76,214.43,302.85,34.96
2023-03-02 02:30:00,5,2536.77,24.59,51.41,0,32.9,175.26,247.85,29.13
2023-03-02 03:30:00,5,2162.93,17.43,46.61,0.02,31.95,155.43,215.33,25.33
2023-03-02 04:30:00,5,2082.82,14.98,45.93,0.06,33.86,152.97,206.93,22.8
2023-03-02 05:30:00,5,2243.04,17.21,48.67,0.05,39.1,165.45,219.06,22.8
2023-03-02 06:30:00,5,2777.1,29.06,52.78,0.01,49.11,197.44,259.08,28.63
2023-03-02 07:30:00,5,4005.43,63.48,60.32,0.08,65.8,265.37,346.27,42.05
2023-03-02 08:30:00,5,4699.71,91.2,67.17,2.57,72.48,290.8,382.79,46.1
2023-03-02 09:30:00,5,4165.65,66.16,78.83,14.66,71.53,257.66,342.25,43.57
2023-03-02 10:30:00,5,4112.24,38.44,100.08,55.07,76.29,276.02,364.61,43.06
2023-03-02 11:30:00,5,3524.78,14.31,90.48,151.63,80.11,282.67,361.29,36.48
2023-03-02 12:30:00,5,921.25,2.82,22.62,183.11,46.73,85.57,113.04,10.64
2023-03-02 13:30:00,5,667.57,1.66,14.57,194.55,33.86,71.83,94.82,8.36
2023-03-02 14:30:00,5,620.84,1.48,14.05,191.69,30.99,67.78,89.4,7.92
2023-03-02 15:30:00,5,814.44,2.46,26.73,178.81,44.82,76.14,100.18,11.27
2023-03-02 16:30:00,5,1121.52,2.96,45.24,154.5,58.65,89.27,117.02,15.71
2023-03-02 17:30:00,5,1335.14,1.76,61.69,114.44,59.6,92.84,122.56,18.24
2023-03-02 18:30:00,5,1762.39,0.19,80.2,65.09,60.08,107.18,143.88,24.07
2023-03-02 19:30:00,5,2243.04,0.01,86.37,33.26,60.56,132.03,180.01,31.41
2023-03-02 20:30:00,5,2403.26,0.08,79.51,23.25,57.22,147.15,201.39,35.46
2023-03-02 21:30:00,5,2696.99,1.69,80.88,10.73,57.22,169.98,232.51,40.53
2023-03-02 22:30:00,5,3177.64,11.73,80.2,0.66,59.13,202.62,277.95,46.1
2023-03-02 23:30:00,5,3124.24,19.89,71.97,0.06,51.5,198.16,274.66,41.54
2023-03-03 00:30:00,5,2510.07,15.65,63.75,0.16,38.62,159.48,224.06,30.65
2023-03-03 01:30:00,5,1949.31,6.2,56.89,1.56,33.38,131.82,182.96,25.84
2023-03-03 02:30:00,5,1535.42,1.05,47.98,8.49,32.42,111.61,151.35,23.81
2023-03-03 03:30:00,5,1255.04,0.14,40.1,17.7,32.42,97.73,130.09,23.31
2023-03-03 04:30:00,5,1228.33,0.19,38.73,16.63,31.47,97.02,127.8,23.05
2023-03-03 05:30:00,5,1255.04,0.7,40.1,10.82,30.52,99.74,128.99,21.79
2023-03-03 06:30:00,5,1441.96,5.42,41.81,3.04,32.42,108.38,139.88,22.55
2023-03-03 07:30:00,5,2029.42,23.25,43.53,0.21,41.48,133.15,176.04,28.63
2023-03-03 08:30:00,5,2483.37,40.23,47.3,4.16,49.59,149.91,202.28,31.92
2023-03-03 09:30:00,5,2136.23,26.15,55.52,25.75,59.13,132.85,179.85,28.88
2023-03-03 10:30:00,5,1949.31,16.32,54.84,63.66,65.8,133.02,179.36,28.12
2023-03-03 11:30:00,5,1682.28,7.71,46.61,134.47,66.76,134.84,176.23,24.57
2023-03-03 12:30:00,4,727.65,2.07,16.11,168.8,33.86,62.71,83.39,9.5
2023-03-03 13:30:00,4,580.79,1.55,11.65,163.08,24.8,49.07,66.27,6.9
2023-03-03 14:30:00,4,547.41,1.48,11.48,155.93,22.89,43.49,59.52,6.52
2023-03-03 15:30:00,4,714.3,2.77,22.62,141.62,34.81,48.2,66.19,9.37
2023-03-03 16:30:00,4,988.01,3.97,38.73,117.3,44.82,56.55,77.32,13.3
2023-03-03 17:30:00,4,1201.63,3.21,56.21,85.12,46.25,60.62,82.7,15.83
2023-03-03 18:30:00,4,1535.42,0.55,76.77,45.06,48.16,71.06,98.01,20.27
2023-03-03 19:30:00,5,1815.8,0.19,82.94,20.21,49.11,87.94,123.39,26.35
2023-03-03 20:30:00,5,1869.2,0.46,74.71,14.13,45.78,94.99,134.47,29.39
2023-03-03 21:30:00,5,1815.8,0.35,66.49,15.38,43.39,95.17,135.23,30.4
2023-03-03 22:30:00,5,1869.2,0.35,63.75,15.38,44.82,97.53,138.46,31.41
2023-03-03 23:30:00,5,1735.69,0.32,57.58,15.38,40.05,89.27,127.32,28.88
2023-03-04 00:30:00,4,1361.85,0.11,45.93,20.03,30.52,70.09,100.36,23.81
2023-03-04 01:30:00,4,1068.12,0.02,33.93,27.54,23.84,60.28,83.78,21.79
2023-03-04 02:30:00,4,934.6,0.01,28.79,32.54,22.65,58.78,78.22,21.28
2023-03-04 03:30:00,4,894.55,0,26.39,37.55,22.17,58.81,76.01,20.52
2023-03-04 04:30:00,4,881.2,0,25.02,41.13,21.7,59.51,75.42,20.01
2023-03-04 05:30:00,4,907.9,0,26.39,41.48,22.65,62.91,78.67,20.27
2023-03-05 06:30:00,5,1348.5,0.83,39.07,14.84,26.23,96.45,119.65,16.72
2023-03-05 07:30:00,5,1869.2,9.16,50.72,2.12,34.81,122.67,156.28,24.57
2023-03-05 08:30:00,5,2136.23,20.12,51.41,11.62,40.05,134.29,172.04,28.37
2023-03-05 09:30:00,5,1842.5,13.08,47.98,49.35,43.39,124.51,155.72,25.08
2023-03-05 10:30:00,5,1615.52,7.49,39.41,103,45.78,121.44,149.44,22.8
2023-03-05 11:30:00,5,1335.14,3.74,27.76,161.65,43.87,114.15,137.86,20.01
2023-03-05 12:30:00,4,560.76,1.27,8.4,140.19,17.88,37.99,49.45,7.09
2023-03-05 13:30:00,3,473.98,1.08,6.77,131.61,13.71,29.9,40.69,5.7
2023-03-05 14:30:00,3,460.62,1.05,6.85,128.75,13.35,28.26,38.59,5.7
2023-03-05 15:30:00,3,554.08,1.84,12.85,123.02,21.46,31.81,42.83,7.54
2023-03-05 16:30:00,3,687.6,2.4,21.08,114.44,28.85,36.97,49.25,10.01
2023-03-05 17:30:00,3,807.76,1.7,29.13,98.71,30.99,39.99,53.18,12.03
2023-03-05 18:30:00,4,1094.82,0.27,43.53,70.1,35.76,50.78,68.97,16.47
2023-03-05 19:30:00,4,1401.9,0,50.72,47.21,39.1,66.78,92.5,22.04
2023-03-05 20:30:00,5,1522.06,0,48.67,38.27,39.1,77.05,106.92,25.59
2023-03-05 21:30:00,5,1602.17,0.01,47.98,32.54,39.1,86.12,118.27,28.37
2023-03-05 22:30:00,5,1708.98,0.04,50.04,26.11,41.01,96.22,131.43,30.4
2023-03-05 23:30:00,5,1615.52,0.08,47.98,22.53,37.19,92.18,125.93,28.37
2023-03-06 00:30:00,5,1335.14,0.06,42.5,23.25,30.52,76.01,103.53,23.81
2023-03-06 01:30:00,4,1255.04,0.1,40.44,20.74,30.99,73.09,98.32,23.31
2023-03-06 02:30:00,4,1241.68,0.15,38.73,17.7,30.99,74.72,99.42,23.56
2023-03-06 03:30:00,5,1255.04,0.36,37.7,13.23,29.09,78.06,103.49,23.56
2023-03-06 04:30:00,5,1335.14,1.26,38.39,7.06,28.13,83.78,110.6,23.56
2023-03-06 05:30:00,5,1482.01,5.36,39.41,1.72,29.09,93.43,122.6,23.31
2023-03-06 06:30:00,5,1976.01,20.79,39.41,0.07,36.72,120.32,158.88,27.61
2023-03-06 07:30:00,5,2937.32,52.3,41.81,0.22,50.54,169.87,226.93,39.01
2023-03-06 08:30:00,5,3417.97,73.31,46.61,4.2,57.22,187.13,251.08,42.56
2023-03-06 09:30:00,5,3124.24,54.54,59.63,17.88,60.56,172.87,230.26,40.02
2023-03-06 10:30:00,5,2964.02,29.06,76.09,60.8,66.76,186.91,243.34,38
2023-03-06 11:30:00,5,2376.56,10.06,61.01,151.63,66.76,185.81,232,30.4
2023-03-06 12:30:00,4,720.98,1.69,13.02,174.52,30.99,54.71,65.48,9.88
2023-03-06 13:30:00,4,554.08,1.37,9.6,158.79,22.65,36.26,43.79,7.35
2023-03-06 14:30:00,4,520.71,1.41,9.77,150.2,21.46,31.87,38.91,6.84
2023-03-06 15:30:00,4,747.68,3.13,22.28,140.19,35.29,42.03,53.15,10.64
2023-03-06 16:30:00,4,1094.82,4.58,39.76,128.75,49.11,59,76.12,15.33
2023-03-06 17:30:00,4,1401.9,4.02,59.63,100.14,57.22,70.56,92.55,19
2023-03-06 18:30:00,5,2216.34,1.47,100.08,36.84,67.71,104.51,141.79,28.63
2023-03-06 19:30:00,5,3204.35,11.96,111.04,1.1,77.25,160.64,221.13,41.04
2023-03-06 20:30:00,5,3631.59,21.46,95.96,0.04,80.11,200.27,272.38,47.12
2023-03-06 21:30:00,5,3631.59,18.1,90.48,0.12,78.2,217.01,289.1,47.62
2023-03-06 22:30:00,5,3471.37,11.85,86.37,0.48,72.48,214.67,282.99,44.58
2023-03-06 23:30:00,5,2990.72,6.15,78.83,1.9,57.22,182.54,237.74,35.46
2023-03-07 00:30:00,5,2483.37,5.98,67.17,1.59,40.53,148.23,191.21,26.6
2023-03-07 01:30:00,5,2403.26,12.52,54.84,0.16,34.81,146.18,188.17,24.57
2023-03-07 02:30:00,5,2456.67,18.55,45.24,0.02,33.86,156.24,201.47,25.08
2023-03-07 03:30:00,5,2536.77,25.03,38.39,0,34.33,169.66,219.11,26.09
2023-03-07 04:30:00,5,2723.69,33.97,32.9,0,36.72,187.81,242.9,26.85
2023-03-07 05:30:00,5,3097.53,48.28,30.16,0,41.96,216.77,281.26,29.64
2023-03-07 06:30:00,5,4058.84,81.36,30.16,0,55.79,283.71,368.8,40.53
2023-03-07 07:30:00,5,6355.29,159.14,34.27,0.05,81.06,418.57,548.44,65.86
2023-03-07 08:30:00,5,8544.92,246.76,47.3,1.16,96.32,527.48,685.38,79.04
2023-03-07 09:30:00,5,5126.95,116.23,79.51,11.44,83.92,310.68,396.1,57.25
2023-03-07 10:30:00,5,4753.11,55.43,128.87,55.79,90.6,320.12,401.81,53.2
2023-03-07 11:30:00,5,4379.27,18.55,124.75,173.09,95.37,367.11,445.08,45.09
2023-03-07 12:30:00,5,1001.36,2.85,22.96,191.69,46.25,92.19,108.79,14.95
2023-03-07 13:30:00,5,707.63,1.59,13.19,191.69,30.99,64.46,75.73,12.92
2023-03-07 14:30:00,5,647.54,1.48,12.85,185.97,28.13,56.2,66.69,12.29
2023-03-07 15:30:00,4,988.01,3.55,30.16,165.94,40.53,67.78,84.56,16.47
2023-03-07 16:30:00,5,1562.12,5.81,57.58,141.62,56.74,93.96,120.98,22.04
2023-03-07 17:30:00,5,2109.53,5.53,87.74,98.71,65.8,114.35,149.98,26.6
2023-03-07 18:30:00,5,3578.19,16.76,139.83,15.38,83.92,176.81,237.96,40.53
2023-03-07 19:30:00,5,5340.58,63.48,131.61,0,102.04,279.96,378.31,57.25
2023-03-07 20:30:00,5,6141.66,78.68,117.9,0,103,344.44,461.5,64.85
2023-03-07 21:30:00,5,6355.29,78.68,113.79,0,101.09,382.69,504.59,68.9
2023-03-07 22:30:00,5,6568.91,80.47,116.53,0,108.72,410.7,538.38,76
2023-03-07 23:30:00,5,6141.66,73.31,123.38,0,110.63,388.05,505.67,73.97
2023-03-08 00:30:00,5,5126.95,54.99,127.49,0,99.18,318.96,412.54,60.8
2023-03-08 01:30:00,5,4646.3,44.26,115.16,0,82.02,297.98,377.59,46.61
2023-03-08 02:30:00,5,4486.08,38.44,94.59,0,61.99,306.86,378.87,34.96
2023-03-08 03:30:00,5,3898.62,29.06,71.97,0,44.82,282.2,345.5,31.16
2023-03-08 04:30:00,5,3124.24,23.92,55.52,0,35.29,230.63,282.94,32.93
2023-03-08 05:30:00,5,2696.99,24.36,49.35,0,32.42,196.68,241.39,32.17
2023-03-08 06:30:00,5,2563.48,26.6,50.04,0,38.15,181.54,223.49,33.94
2023-03-08 07:30:00,5,3578.19,59.01,52.09,0.12,56.74,236.37,297.85,44.58
2023-03-08 08:30:00,5,4859.92,102.82,62.38,2.41,79.15,308.54,390.88,56.24
2023-03-08 09:30:00,5,5180.36,84.94,105.56,18.06,105.86,347.21,430.42,59.78
2023-03-08 10:30:00,5,6034.85,44.7,172.73,85.12,129.7,467.17,564.33,62.32
2023-03-08 11:30:00,5,6675.72,16.32,183.7,274.66,143.05,655.49,767.61,55.73
2023-03-08 12:30:00,5,1642.23,3.63,49.35,246.05,103.95,210.18,238.75,14.95
2023-03-08 13:30:00,5,1028.06,1.63,25.36,226.02,57.7,128.37,145.22,11.91
2023-03-08 14:30:00,5,841.14,1.22,21.93,194.55,42.44,88.33,100.81,12.29
2023-03-08 15:30:00,4,934.6,1.82,33.93,147.34,44.35,74.47,88.44,14.95
2023-03-08 16:30:00,5,1174.93,2.37,51.41,107.29,49.11,77.61,95.65,17.73
2023-03-08 17:30:00,5,1361.85,1.49,66.49,77.96,44.82,81.66,102.02,18.75
2023-03-08 18:30:00,5,1815.8,0.65,90.48,39.34,44.35,100.02,128.12,23.56
2023-03-08 19:30:00,5,2456.67,2.4,111.04,7.96,48.16,131.94,173.45,30.91
2023-03-08 20:30:00,5,2723.69,4.86,111.04,3.04,46.73,153.47,202.89,34.45
2023-03-08 21:30:00,5,2803.8,3.74,105.56,4.02,44.35,165.89,217.21,35.46
2023-03-08 22:30:00,5,2910.61,5.2,100.08,2.53,43.87,178.36,233.01,36.98
2023-03-08 23:30:00,5,2750.4,6.2,93.22,1.68,37.19,169.41,219.99,32.17
2023-03-09 00:30:00,5,2243.04,4.36,78.14,2.24,27.66,138.16,176.33,23.56
2023-03-09 01:30:00,5,2162.93,7.38,65.8,0.62,26.94,135.86,171.9,19.76
2023-03-09 02:30:00,5,2349.85,12.63,60.32,0.08,30.28,157.42,197.85,16.47
2023-03-09 03:30:00,5,2750.4,21.9,53.47,0.01,32.9,195.77,246.1,14.31
2023-03-09 04:30:00,5,3017.43,31.29,45.93,0,34.81,221.82,278.78,14.19
2023-03-09 05:30:00,5,3177.64,40.23,42.5,0,38.15,235.53,293.97,15.83
2023-03-09 06:30:00,5,3845.21,64.37,43.87,0,49.59,278.36,346.06,23.05
2023-03-09 07:30:00,5,5928.04,134.11,47.3,0.06,68.66,394.81,497.79,40.53
2023-03-09 08:30:00,5,8010.86,216.36,54.15,1.04,79.15,492.44,625.07,56.74
2023-03-09 09:30:00,5,3685,61.69,81.57,17.17,72.48,216.07,276.76,38
2023-03-09 10:30:00,5,3337.86,31.29,94.59,60.08,81.06,211.28,273.25,37.49
2023-03-09 11:30:00,5,2883.91,13.19,85.68,151.63,89.65,226.6,285.19,32.42
2023-03-09 12:30:00,5,881.2,2.43,20.91,183.11,44.82,81.27,99.09,11.78
2023-03-09 13:30:00,5,714.3,1.58,16.45,188.83,38.62,70.74,84.58,10.01
2023-03-09 14:30:00,5,767.71,1.56,21.08,194.55,45.3,74.85,88.6,10.64
2023-03-09 15:30:00,5,1028.06,2.43,37.7,185.97,61.04,90.81,107.91,13.55
2023-03-09 16:30:00,5,1388.55,3.32,59.63,161.65,69.62,107.14,128.69,16.97
2023-03-09 17:30:00,5,1615.52,2.29,76.09,124.45,62.94,105.78,129.37,18.49
2023-03-09 18:30:00,5,2002.72,0.35,97.33,70.1,56.27,111.91,142.05,23.05
2023-03-09 19:30:00,5,2349.85,0.04,108.3,29.33,49.11,122.49,161.73,28.12
2023-03-09 20:30:00,5,2243.04,0.25,101.45,17.7,40.05,117.85,158.32,28.88
2023-03-09 21:30:00,5,2029.42,0.29,87.74,17.7,35.29,113.18,152.6,29.13
2023-03-09 22:30:00,5,2136.23,1.3,85,9.48,36.24,122.24,165.32,31.16
2023-03-09 23:30:00,5,2136.23,4.53,81.57,2.46,34.33,123.41,165.53,29.13
2023-03-10 00:30:00,5,1842.5,5.25,69.23,1.43,26.94,107.45,141.19,22.8
2023-03-10 01:30:00,5,1588.82,3.49,56.89,2.15,24.32,99.41,127.77,18.75
2023-03-10 02:30:00,5,1482.01,2.63,49.35,2.77,24.32,99.35,126.11,15.33
2023-03-10 03:30:00,5,1441.96,2.51,45.24,2.84,24.56,102.51,129.33,12.79
2023-03-10 04:30:00,5,1441.96,3.8,41.47,1.56,24.8,105.35,132.46,11.53
2023-03-10 05:30:00,5,1495.36,8.16,38.39,0.34,25.75,109.27,137.13,11.15
2023-03-10 06:30:00,5,1842.5,21.23,37.36,0.02,32.42,129.27,163.74,14.95
2023-03-10 07:30:00,5,2803.8,52.75,41.13,0.17,46.73,176.77,229.57,24.83
2023-03-10 08:30:00,5,3631.59,85.83,49.35,2.84,59.13,212.22,278.36,32.93
2023-03-10 09:30:00,5,3685,74.21,71.97,13.59,68.66,214.78,281.29,36.48
2023-03-10 10:30:00,5,3952.03,50.07,109.67,48.64,80.11,256.51,330.65,39.52
2023-03-10 11:30:00,5,3845.21,20.34,120.64,148.77,86.78,308.27,382.55,35.97
2023-03-10 12:30:00,5,934.6,2.79,23.65,197.41,47.68,99.68,117.21,13.43
2023-03-10 13:30:00,5,700.95,1.38,13.02,208.85,33.86,81.5,94.93,13.3
2023-03-10 14:30:00,5,694.27,1.2,12.51,211.72,32.42,80.71,94.59,14.31
2023-03-10 15:30:00,5,727.65,1.31,15.25,200.27,32.9,78.48,93.81,15.58
2023-03-10 16:30:00,5,827.79,1.59,23.65,177.38,37.19,78.02,95.28,16.72
2023-03-10 17:30:00,5,934.6,1.13,34.27,148.77,40.05,76.15,94.97,17.99
2023-03-10 18:30:00,5,2002.72,0.35,90.48,64.37,57.22,114.99,152.03,28.88
2023-03-10 19:30:00,5,3417.97,13.63,122.01,2.21,75.34,186.63,253.59,44.08
2023-03-10 20:30:00,5,4058.84,36.21,101.45,0,78.2,233.83,318.25,51.17
2023-03-10 21:30:00,5,4219.06,44.7,89.11,0,72.48,254.92,344.81,53.2
2023-03-10 22:30:00,5,4379.27,50.51,79.51,0,68.66,271.96,365.46,53.7
2023-03-10 23:30:00,5,4165.65,51.41,70.6,0,57.22,260.3,347.28,45.6
2023-03-11 00:30:00,5,3685,50.96,60.32,0,41.01,229.6,304.36,33.44
2023-03-11 01:30:00,5,3337.86,47.39,50.72,0,30.52,212.54,278.92,26.6
2023-03-11 02:30:00,5,3044.13,41.57,45.24,0,28.13,202.52,261.97,24.32
2023-03-11 03:30:00,5,2750.4,34.42,42.16,0,27.66,193.49,247.41,24.07
2023-03-11 04:30:00,5,2510.07,28.39,40.1,0,25.51,184.16,232.5,22.04
2023-03-11 05:30:00,5,2376.56,26.82,38.04,0,23.6,177.76,222.19,17.99
2023-03-11 06:30:00,5,2723.69,41.13,37.01,0,29.09,197.85,247.23,21.03
2023-03-11 07:30:00,5,4165.65,91.2,40.44,0.09,45.78,274.29,349.69,37.49
2023-03-11 08:30:00,5,5821.23,151.99,54.15,1.54,60.08,350.3,450.03,49.14
2023-03-11 09:30:00,5,3524.78,46.94,97.33,26.82,61.99,225.93,285.91,34.45
2023-03-11 10:30:00,5,3685,29.5,117.9,79.39,71.53,257.24,322.4,34.45
2023-03-11 11:30:00,5,3685,13.86,117.9,197.41,78.2,308.43,375.5,30.65
2023-03-11 12:30:00,5,974.66,2.68,26.39,223.16,58.17,119.76,143.17,14.19
2023-03-11 13:30:00,5,687.6,1.08,11.31,223.16,30.99,82.51,99.76,13.17
2023-03-11 14:30:00,5,627.52,0.95,10.11,208.85,26.7,71.8,87.24,13.17
2023-03-11 15:30:00,5,841.14,2.07,22.28,180.24,31.47,77.19,95.72,15.58
2023-03-11 16:30:00,5,1228.33,3.21,42.5,145.91,39.1,90.71,114.65,19.25
2023-03-11 17:30:00,5,1602.17,2.6,66.49,104.43,46.25,102.64,131.48,22.55
2023-03-11 18:30:00,5,2723.69,4.64,116.53,25.39,63.9,148.22,195.44,33.94
2023-03-11 19:30:00,5,4112.24,35.76,119.27,0.01,82.02,219.4,294.92,46.1
2023-03-11 20:30:00,5,4539.49,44.7,117.9,0,81.06,249.67,341.02,49.65
2023-03-11 21:30:00,5,4379.27,33.08,126.12,0,73.43,252.86,342.4,49.14
2023-03-11 22:30:00,5,4592.9,32.63,128.87,0,73.43,275.23,368.55,51.68
2023-03-11 23:30:00,5,4753.11,38.89,126.12,0,67.71,297.11,388.51,50.66
2023-03-12 00:30:00,5,4432.68,37.1,113.79,0,52.93,288.58,367.88,43.06
2023-03-12 01:30:00,5,4112.24,32.63,95.96,0,42.92,285.34,357.24,36.98
2023-03-12 02:30:00,5,3952.03,31.29,79.51,0,38.62,294.7,365.79,33.44
2023-03-12 03:30:00,5,3791.81,31.74,65.12,0,37.19,296.82,368.9,30.65
2023-03-12 04:30:00,5,3738.4,36.21,56.21,0,37.19,303.31,374.28,29.13
2023-03-12 05:30:00,5,3845.21,42.47,56.21,0,40.05,315.82,384.75,30.91
2023-03-12 06:30:00,5,3845.21,39.79,65.12,0,50.07,305.86,368.62,36.98
2023-03-12 07:30:00,5,4646.3,65.27,74.03,0.24,66.76,341.82,417.15,50.16
2023-03-12 08:30:00,5,5233.76,92.98,82.94,3.53,77.25,357.2,441.96,58.77
2023-03-12 09:30:00,5,4219.06,53.64,105.56,25.03,74.39,290.31,358.72,49.14
2023-03-12 10:30:00,5,4112.24,28.16,128.87,88.69,77.25,303.34,373.73,45.09
2023-03-12 11:30:00,5,4058.84,12.52,123.38,223.16,83.92,355.06,428.24,38.5
2023-03-12 12:30:00,5,1081.47,2.32,25.36,240.33,48.64,133.71,158.17,16.97
2023-03-12 13:30:00,5,801.09,1.13,13.54,248.91,37.67,111.59,133.26,15.58
2023-03-12 14:30:00,5,767.71,0.95,12.68,251.77,38.15,108.09,130.46,15.45
2023-03-12 15:30:00,5,1041.41,1.9,27.42,231.74,46.25,119.52,146.67,17.99
2023-03-12 16:30:00,5,1575.47,2.85,53.47,194.55,58.17,142.44,177.85,22.29
2023-03-12 17:30:00,5,2109.53,2.15,82.94,143.05,66.76,160.75,204.19,25.84
2023-03-12 18:30:00,5,2910.61,0.37,117.9,68.66,75.34,191.6,249.01,33.44
2023-03-12 19:30:00,5,3738.4,2.43,134.35,10.37,80.11,234.62,312.17,42.05
2023-03-12 20:30:00,5,4005.43,12.85,115.16,0.32,74.39,252.37,343.08,45.09
2023-03-12 21:30:00,5,3845.21,15.87,98.71,0.14,69.62,251.98,345.24,46.1
2023-03-12 22:30:00,5,3738.4,18.33,89.11,0.07,70.57,256.17,351.31,46.61
2023-03-12 23:30:00,5,3364.56,17.88,77.46,0.07,61.99,236.43,327.37,40.53
2023-03-13 00:30:00,5,2777.1,17.21,60.32,0.05,45.3,200.61,283.41,30.91
2023-03-13 01:30:00,5,2750.4,23.25,48.67,0.01,42.92,204.61,286.24,29.89
2023-03-13 02:30:00,5,2803.8,25.26,42.84,0,41.96,217.32,297.55,30.15
2023-03-13 03:30:00,5,3017.43,29.95,40.1,0,43.87,243.68,323.68,31.16
2023-03-13 04:30:00,5,3417.97,39.79,41.13,0,44.82,285.52,364.35,30.4
2023-03-13 05:30:00,5,3685,46.94,45.93,0,44.82,312.31,388.23,28.37
2023-03-13 06:30:00,5,3364.56,38.89,57.58,0,55.79,284.88,352.76,31.66
2023-03-13 07:30:00,5,4272.46,67.95,61.01,0.23,71.53,332.73,417.5,43.57
2023-03-13 08:30:00,5,5447.39,106.39,71.29,3.08,90.6,394.93,498.33,54.72
2023-03-13 09:30:00,5,5233.76,76.89,112.41,20.56,115.39,410.65,506.36,51.17
2023-03-13 10:30:00,5,5500.79,35.32,161.77,97.27,135.42,488.54,592.39,50.16
2023-03-13 11:30:00,5,5500.79,11.62,143.95,291.82,143.05,604.33,715.4,42.56
2023-03-13 12:30:00,5,1268.39,1.38,34.27,217.44,72.48,176.56,217.1,13.93
2023-03-13 13:30:00,5,807.76,0.57,20.22,181.67,41.48,111.16,142.51,12.16
2023-03-13 14:30:00,5,694.27,0.28,18.68,161.65,33.86,95.75,124.07,11.4
2023-03-13 15:30:00,5,814.44,0.53,28.79,135.9,42.92,99.62,128.64,13.68
2023-03-13 16:30:00,5,1041.41,1.3,42.84,113.01,54.84,108.72,140.65,16.97
2023-03-13 17:30:00,5,1214.98,1.26,54.15,89.41,57.22,105.37,140.32,19.25
2023-03-13 18:30:00,5,2243.04,3.27,94.59,25.03,68.66,136.33,188.39,30.91
2023-03-13 19:30:00,5,3845.21,33.08,101.45,0.02,92.51,216.3,301.19,48.64
2023-03-13 20:30:00,5,5073.55,59.9,94.59,0,109.67,294.61,407.67,60.29
2023-03-13 21:30:00,5,5874.63,75.1,93.22,0,119.21,358.06,486.83,66.88
2023-03-13 22:30:00,5,6408.69,84.94,91.85,0,116.35,407.21,546.52,66.88
2023-03-13 23:30:00,5,6301.88,90.3,82.94,0,95.37,413.79,549.32,56.74
2023-03-14 00:30:00,5,5500.79,83.15,71.29,0,67.71,372,486.8,41.54
2023-03-14 01:30:00,5,4966.74,73.31,63.75,0,56.74,349.19,451.48,35.46
2023-03-14 02:30:00,5,4592.9,64.37,61.01,0,51.5,338.73,436.38,30.15
2023-03-14 03:30:00,5,3898.62,46.94,58.26,0,43.87,301.89,387.76,24.83
2023-03-14 04:30:00,5,3177.64,31.29,56.89,0,40.53,263.4,332.91,24.07
2023-03-14 05:30:00,5,2937.32,27.49,56.21,0,42.44,252.25,313.25,25.33
2023-03-14 06:30:00,5,3257.75,38,58.26,0,52.45,271.55,335.31,31.92
2023-03-14 07:30:00,5,4379.27,71.53,64.43,0.25,71.53,331.91,415.26,45.6
2023-03-14 08:30:00,5,5393.98,105.5,75.4,3.49,83.92,376.94,477.18,52.18
2023-03-14 09:30:00,5,4699.71,63.48,109.67,24.32,87.74,340.34,425.08,45.6
2023-03-14 10:30:00,5,4592.9,29.06,131.61,97.27,87.74,369.74,454,43.57
2023-03-14 11:30:00,5,4005.43,9.39,97.33,243.19,82.02,401.08,475.92,36.98
2023-03-14 12:30:00,5,907.9,1.65,16.45,197.41,38.62,97.64,118.85,14.57
2023-03-14 13:30:00,4,647.54,1.01,10.8,174.52,23.6,65.22,82.93,11.53
2023-03-14 14:30:00,4,600.81,0.79,10.62,161.65,20.74,57.93,74.37,10.89
2023-03-14 15:30:00,4,767.71,1.51,21.25,145.91,32.42,65.41,83.47,13.43
2023-03-14 16:30:00,5,1041.41,2.35,35.99,135.9,44.82,81.54,103.68,16.97
2023-03-14 17:30:00,5,1268.39,1.87,50.72,117.3,51.5,92.28,117.91,19.51
2023-03-14 18:30:00,5,2109.53,0.49,90.48,57.94,63.9,129.17,169.81,28.63
2023-03-14 19:30:00,5,3177.64,4.58,115.16,6.17,77.25,186.41,251.03,41.04
2023-03-14 20:30:00,5,3631.59,16.09,101.45,0.16,79.15,223.16,300.24,47.12
2023-03-14 21:30:00,5,3845.21,22.8,91.85,0.03,79.15,247.69,330.24,50.16
2023-03-14 22:30:00,5,4486.08,36.66,89.11,0,88.69,298.25,392.1,54.21
2023-03-14 23:30:00,5,5126.95,53.2,87.05,0,92.51,348.51,449.8,52.69
2023-03-15 00:30:00,5,5661.01,72.42,82.94,0,86.78,388.91,493.71,43.57
2023-03-15 01:30:00,5,6141.66,89.41,76.77,0,76.29,434.12,541.7,38
2023-03-15 02:30:00,5,6088.26,91.2,72.66,0,63.9,443.89,547.05,33.94
2023-03-15 03:30:00,5,5447.39,78.68,69.23,0,54.36,411.98,503.15,31.92
2023-03-15 04:30:00,5,5126.95,71.53,66.49,0,55.31,395.74,478.29,32.17
2023-03-15 05:30:00,5,5554.2,84.04,66.49,0,66.76,431.8,513.07,35.46
2023-03-15 06:30:00,5,7370,128.75,76.77,0,103.95,566.64,664.33,53.2
2023-03-15 07:30:00,5,10253.91,212.79,89.11,0.18,146.87,761.64,895.07,82.08
2023-03-15 08:30:00,5,12603.76,289.68,112.41,2.24,173.57,906.3,1068.77,96.26
2023-03-15 09:30:00,5,6782.53,101.92,174.11,25.75,244.14,503.79,591.81,65.86
2023-03-15 10:30:00,5,7049.56,43.81,235.8,121.59,263.21,593.08,688.5,64.34
2023-03-15 11:30:00,5,7156.37,15.2,222.09,349.04,274.66,749.34,848.66,53.7
2023-03-15 12:30:00,5,1655.58,11.29,102.82,158.79,247.96,170.4,200.58,15.07
2023-03-15 13:30:00,5,1134.87,3.74,58.26,173.09,143.05,116.47,141.31,12.79
2023-03-15 14:30:00,5,947.95,0.96,34.62,191.69,93.46,95.5,117.89,12.92
2023-03-15 15:30:00,5,1308.44,0.58,50.04,155.93,81.06,105.06,132.8,17.99
2023-03-15 16:30:00,5,2136.23,0.99,94.59,92.98,88.69,138.98,180.1,26.09
2023-03-15 17:30:00,5,2964.02,4.47,142.57,25.75,93.46,166.15,219.84,32.93
2023-03-15 18:30:00,5,4699.71,59.01,160.4,0.69,112.53,235.56,317.78,49.14
2023-03-15 19:30:00,5,6942.75,130.53,154.91,0,129.7,344.13,470.35,66.88
2023-03-15 20:30:00,5,7904.05,160.93,138.46,0,125.89,403.36,553.1,73.97
2023-03-15 21:30:00,5,8224.49,171.66,120.64,0,127.79,423.95,583.35,90.18
2023-03-15 22:30:00,5,9185.79,200.27,117.9,0,169.75,496.83,671.25,129.7
2023-03-15 23:30:00,5,10574.34,239.61,124.75,0,219.35,600.21,780.21,166.18
2023-03-16 00:30:00,5,11001.59,250.34,132.98,0,244.14,634.35,793.75,176.31
2023-03-16 01:30:00,5,10147.09,228.88,132.98,0,238.42,582.85,715.7,166.18
2023-03-16 02:30:00,5,8651.73,187.75,126.12,0,211.72,493.92,600.24,141.86
2023-03-16 03:30:00,5,7049.56,148.42,112.41,0,173.57,406.84,494.06,114.5
2023-03-16 04:30:00,5,6248.47,126.96,97.33,0,143.05,363.63,443.98,91.2
2023-03-16 05:30:00,5,5821.23,116.23,85,0,113.49,350.19,431.24,69.92
2023-03-16 06:30:00,5,6675.72,141.26,78.83,0,100.14,414.37,512.88,60.8
2023-03-16 07:30:00,5,9078.98,218.15,76.09,0.09,109.67,568.19,702.79,70.93
2023-03-16 08:30:00,5,11322.02,300.41,84.31,0.86,117.3,680.83,835.86,78.02
2023-03-16 09:30:00,5,4913.33,83.15,108.3,12.87,77.25,282.87,346.75,36.98
2023-03-16 10:30:00,5,3204.35,25.93,97.33,60.8,62.94,186.69,235.6,31.66
2023-03-16 11:30:00,5,2082.82,8.94,60.32,130.18,52.93,140.94,178.33,34.45
2023-03-16 12:30:00,4,674.25,0.54,16.96,125.89,20.74,53.4,71.12,15.2
2023-03-16 13:30:00,3,514.03,0.28,13.71,117.3,16.93,42.57,59.07,9.12
2023-03-16 14:30:00,3,507.35,0.32,16.11,113.01,20.5,40.96,57.29,8.23
2023-03-16 15:30:00,3,734.33,0.61,37.36,91.55,45.3,49.16,67.35,12.03
2023-03-16 16:30:00,4,1255.04,1.37,85.68,50.07,97.27,71.76,95.07,19.76
2023-03-16 17:30:00,5,1842.5,3.86,153.54,14.31,175.48,101.54,130.32,27.61
2023-03-16 18:30:00,5,3231.05,33.53,191.93,0.54,217.44,162.4,211.78,41.04
2023-03-16 19:30:00,5,5073.55,73.31,180.96,0,204.09,254.79,339.5,57.76
2023-03-16 20:30:00,5,6248.47,92.09,163.14,0,179.29,329.24,443.99,66.88
2023-03-16 21:30:00,5,6034.85,78.68,137.09,0,137.33,325.38,446.88,64.34
2023-03-16 22:30:00,5,4966.74,56.33,109.67,0,97.27,265.38,371.39,56.74
2023-03-16 23:30:00,5,3631.59,33.53,91.85,0,64.85,185.3,263.14,43.57
2023-03-17 00:30:00,5,2376.56,11.18,80.2,0.44,42.44,117.05,164.68,30.65
2023-03-17 01:30:00,5,1735.69,1.51,65.8,7.33,36.24,95.82,130.01,25.33
2023-03-17 02:30:00,5,1308.44,0.02,45.93,29.33,35.29,91.28,117.61,20.52
2023-03-17 03:30:00,5,1401.9,0.02,45.93,30.76,39.1,106,133.84,20.27
2023-03-17 04:30:00,5,1815.8,0.47,58.26,14.31,43.39,135.24,172.16,22.8
2023-03-17 05:30:00,5,2349.85,8.83,66.49,1.2,49.11,168.2,218.16,27.36
2023-03-17 06:30:00,5,3417.97,37.55,69.92,0,64.85,236.99,309.83,39.52
2023-03-17 07:30:00,5,5607.6,102.82,75.4,0.12,84.88,367.69,484.06,58.26
2023-03-17 08:30:00,5,7370,166.3,87.74,1.68,91.55,456.86,601.61,64.85
2023-03-17 09:30:00,5,3524.78,43.36,105.56,23.96,107.77,234.96,293.24,35.46
2023-03-17 10:30:00,5,3417.97,32.19,124.75,52.93,143.05,242.15,297.84,36.48
2023-03-17 11:30:00,5,3124.24,21.68,130.24,94.41,167.85,238.8,289.83,31.66
2023-03-17 12:30:00,5,1268.39,6.31,65.12,124.45,109.67,94.6,112.84,12.03
2023-03-17 13:30:00,4,934.6,2.21,45.93,140.19,74.39,64.97,76.57,10.26
2023-03-17 14:30:00,4,907.9,0.73,45.24,140.19,71.53,60.58,71.09,10.39
2023-03-17 15:30:00,4,1014.71,0.13,57.58,117.3,86.78,61.76,72.87,12.03
2023-03-17 16:30:00,4,1281.74,0.29,87.74,81.54,118.26,72.4,85.94,15.2
2023-03-17 17:30:00,5,1548.77,0.82,122.01,44.35,154.5,82.35,98.31,17.73
2023-03-17 18:30:00,5,3791.81,63.48,174.11,1.86,179.29,178.27,228.13,42.56
2023-03-17 19:30:00,5,7263.18,166.3,183.7,0,186.92,374.07,481.65,80.05
2023-03-17 20:30:00,5,10360.72,243.19,180.96,0,196.46,588.33,745.3,109.43
2023-03-17 21:30:00,5,12283.33,289.68,174.11,0,205.99,751.73,940.39,126.66
2023-03-17 22:30:00,5,13351.44,311.14,165.88,0,213.62,846.48,1050.1,135.78
2023-03-17 23:30:00,5,13137.82,314.71,159.03,0,204.09,855.54,1044.35,126.66
2023-03-18 00:30:00,5,10681.15,261.07,145.32,0,165.94,694.67,838.89,99.3
2023-03-18 01:30:00,5,9078.98,212.79,137.09,0,146.87,588.72,701.31,91.2
2023-03-18 02:30:00,5,8758.54,193.12,127.49,0,131.61,563.53,667.67,87.14
2023-03-18 03:30:00,5,8438.11,182.39,113.79,0,120.16,555.26,662.09,83.09
2023-03-18 04:30:00,5,7583.62,157.36,98.71,0,102.04,511.86,613.99,73.97
2023-03-18 05:30:00,5,6301.88,121.59,78.14,0,73.43,438.94,529.88,52.18
2023-03-18 06:30:00,5,5767.82,109.97,60.32,0,42.44,404.76,491,21.28
2023-03-18 07:30:00,5,7263.18,160.93,55.52,0.1,47.21,495.87,599.77,17.73
2023-03-18 08:30:00,5,7370,173.45,52.78,1.2,51.5,477.67,572.13,17.99
2023-03-18 09:30:00,5,1241.68,9.16,47.98,53.64,76.29,85.87,100.92,6.46
2023-03-18 10:30:00,4,867.84,6.59,33.93,82.25,69.62,56.13,67.28,6.27
2023-03-18 11:30:00,4,821.11,7.38,34.62,98.71,85.83,54.62,64.44,6.08
2023-03-18 12:30:00,4,767.71,6.31,34.62,123.02,97.27,61.15,69,4.62
2023-03-18 13:30:00,4,774.38,4.81,36.33,145.91,105.86,74.58,81.87,3.83
2023-03-18 14:30:00,5,801.09,3.69,39.41,160.22,114.44,87.08,94.18,3.51
2023-03-18 15:30:00,5,1081.47,3.97,55.52,148.77,121.12,106,116.07,7.09
2023-03-18 16:30:00,5,1548.77,4.64,86.37,114.44,125.89,131.97,147.54,11.65
2023-03-18 17:30:00,5,1949.31,3.16,113.79,72.24,119.21,146.01,165.33,14.82
2023-03-18 18:30:00,5,2536.77,1.82,139.83,23.25,110.63,169.65,199.23,23.05
2023-03-18 19:30:00,5,3417.97,14.75,135.72,0.53,94.41,218.15,267.31,35.46
2023-03-18 20:30:00,5,4058.84,29.5,115.16,0.01,76.29,265.28,331.67,39.52
2023-03-18 21:30:00,5,4058.84,31.74,94.59,0,56.74,271.49,343.44,32.17
2023-03-18 22:30:00,5,3845.21,32.19,79.51,0,45.3,259.52,332.39,25.59
2023-03-18 23:30:00,5,3471.37,31.74,70.6,0,35.29,227.37,291.85,17.73
2023-03-19 00:30:00,5,2857.21,27.49,60.32,0,25.03,180.03,229.61,10.89
2023-03-19 01:30:00,5,2563.48,25.03,49.35,0,22.17,158.89,202.88,9.5
2023-03-19 02:30:00,5,2403.26,24.81,40.44,0,21.93,151.48,194.53,9.5
2023-03-19 03:30:00,5,2429.96,27.49,34.62,0,22.89,157.88,202.34,9.12
2023-03-19 04:30:00,5,2456.67,30.4,30.85,0,22.65,165.6,210.06,7.85
2023-03-19 05:30:00,5,2376.56,31.29,29.47,0,23.37,164.37,203.23,7.66
2023-03-19 06:30:00,5,2349.85,30.4,31.53,0,27.89,159.27,191.11,10.01
2023-03-19 07:30:00,5,3044.13,50.07,35.3,0.22,36.24,191.9,236.78,13.93
2023-03-19 08:30:00,5,3845.21,76,41.81,1.43,43.87,222.04,281.84,17.23
2023-03-19 09:30:00,5,1842.5,14.31,65.12,16.81,74.39,113.86,138.24,11.02
2023-03-19 10:30:00,5,1615.52,14.08,59.63,35.76,82.97,101.86,122.74,11.02
2023-03-19 11:30:00,5,1562.12,15.2,59.63,57.94,91.55,103.65,122.67,10.39
2023-03-19 12:30:00,5,1108.17,9.39,47.98,92.98,84.88,80.8,91.79,6.59
2023-03-19 13:30:00,4,921.25,6.09,39.41,111.58,72.48,65.29,73.03,5.51
2023-03-19 14:30:00,4,834.47,5.14,37.7,114.44,72.48,55.78,62.45,5.32
2023-03-19 15:30:00,4,801.09,3.86,39.76,111.58,74.39,50.97,57.6,5.45
2023-03-19 16:30:00,3,841.14,2.15,46.61,100.14,73.43,49.59,57.02,6.59
2023-03-19 17:30:00,3,894.55,0.45,49.35,85.12,65.8,46.93,54.82,7.98
2023-03-19 18:30:00,5,1708.98,1.15,86.37,28.61,60.08,78.09,98.98,18.75
2023-03-19 19:30:00,5,3070.83,25.48,97.33,0.1,60.56,151.19,198.16,32.93
2023-03-19 20:30:00,5,4219.06,52.3,87.74,0,60.56,226.95,301.91,34.45
2023-03-19 21:30:00,5,5340.58,78.68,82.25,0,63.9,314.48,418.37,36.98
2023-03-19 22:30:00,5,6835.94,114.44,78.83,0,72.48,440.25,574.96,42.56
2023-03-19 23:30:00,5,7797.24,137.69,78.14,0,71.53,531.32,679.16,40.02
2023-03-20 00:30:00,5,7583.62,134.11,74.03,0,61.99,532.78,669.47,31.16
2023-03-20 01:30:00,5,7476.81,135.9,67.17,0,65.8,551.95,681.21,31.92
2023-03-20 02:30:00,5,7690.43,143.05,61.69,0,74.39,599.48,728.77,36.48
2023-03-20 03:30:00,5,7904.05,146.63,56.21,0,77.25,641.27,750.96,36.98
2023-03-20 04:30:00,5,7797.24,148.42,50.04,0,63.9,665.51,747.17,26.35
2023-03-20 05:30:00,5,7797.24,150.2,47.3,0,51.02,682.67,743.79,16.72
2023-03-20 06:30:00,5,6835.94,125.17,55.52,0,61.04,591.44,638.97,17.73
2023-03-20 07:30:00,5,7370,143.05,59.63,0.01,76.29,597.05,659.9,22.8
2023-03-20 08:30:00,5,8010.86,175.24,66.49,0.17,96.32,614.37,690.3,24.32
2023-03-20 09:30:00,5,3231.05,67.06,105.56,1.14,183.11,298.16,326.68,5.26
2023-03-20 10:30:00,5,2750.4,45.15,97.33,2.41,154.5,213.31,236.86,7.98
2023-03-20 11:30:00,5,2403.26,30.85,93.22,4.29,141.14,162.52,181.59,9.88
2023-03-20 12:30:00,5,1495.36,5.36,87.05,10.01,116.35,98.5,110.76,7.41
2023-03-20 13:30:00,4,1255.04,1.96,78.83,19.31,107.77,71.44,81.37,7.28
2023-03-20 14:30:00,4,1255.04,2.65,85.68,18.6,122.07,65.9,76.07,7.92
2023-03-20 15:30:00,5,1562.12,13.08,104.19,11.8,160.22,83.87,97.92,11.4
2023-03-20 16:30:00,5,2136.23,32.63,128.87,3.98,211.72,120.26,140.29,15.58
2023-03-20 17:30:00,5,2616.88,53.64,148.06,1.18,255.58,151.42,176.11,16.72
2023-03-20 18:30:00,5,3231.05,72.42,154.91,0.15,255.58,188.41,222.16,19.25
2023-03-20 19:30:00,5,4219.06,95.67,148.06,0,230.79,255.18,307.57,26.85
2023-03-20 20:30:00,5,5233.76,118.02,143.95,0,225.07,336.16,407.22,34.45
2023-03-20 21:30:00,5,6622.31,146.63,137.09,0,205.99,449.28,548.31,47.12
2023-03-20 22:30:00,5,8651.73,193.12,126.12,0,198.36,612.1,744.7,66.88
2023-03-20 23:30:00,5,9719.85,232.46,123.38,0,213.62,717.57,853.96,73.97
2023-03-21 00:30:00,5,8865.36,228.88,128.87,0,215.53,684.66,792.24,56.74
2023-03-21 01:30:00,5,8438.11,221.73,119.27,0,179.29,677.61,762.88,39.01
2023-03-21 02:30:00,5,8544.92,218.15,105.56,0,137.33,711.34,774.23,26.09
2023-03-21 03:30:00,5,7583.62,175.24,101.45,0,121.12,630.62,671.99,14.19
2023-03-21 04:30:00,5,6355.29,130.53,91.85,0,103.95,519.66,553.98,10.26
2023-03-21 05:30:00,5,5340.58,99.24,83.63,0,97.27,424.68,456.19,9.75
2023-03-21 06:30:00,5,3791.81,68.84,77.46,0,129.7,290.23,315.43,9.12
2023-03-21 07:30:00,5,3311.16,66.16,69.23,0.07,143.05,230.76,258.73,12.41
2023-03-21 08:30:00,5,3177.64,71.53,65.8,0.2,156.4,194.2,222.83,13.3
2023-03-21 09:30:00,5,2563.48,70.63,73.34,1.65,200.27,148.67,171.2,8.23
2023-03-21 10:30:00,5,2243.04,67.95,80.2,8.58,228.88,133.93,155.31,7.41
2023-03-21 11:30:00,5,2162.93,54.54,87.74,25.03,225.07,136.75,159.56,7.28
2023-03-21 12:30:00,5,1922.61,23.25,77.46,72.24,154.5,126.24,146.95,4.94
2023-03-21 13:30:00,5,1655.58,8.05,50.72,140.19,97.27,120.82,138.94,4.05
2023-03-21 14:30:00,5,1482.01,3.86,34.27,191.69,75.34,120.01,136.72,4.75
2023-03-21 15:30:00,5,1281.74,2.4,26.05,197.41,60.08,102.27,117.79,5.89
2023-03-21 16:30:00,5,1201.63,2.12,28.45,170.23,53.41,82.61,97.66,7.54
2023-03-21 17:30:00,4,1241.68,1.55,36.67,133.04,52.93,71,86.51,9.5
2023-03-21 18:30:00,5,2349.85,1.62,89.11,45.42,62.94,120,153.69,23.56
2023-03-21 19:30:00,5,4165.65,26.38,106.93,0.17,76.29,229.78,299.81,43.57
2023-03-21 20:30:00,5,5447.39,50.96,98.71,0,79.15,332.28,437.7,44.08
2023-03-21 21:30:00,5,5928.04,54.99,89.11,0,72.48,383.04,509.87,34.96
2023-03-21 22:30:00,5,5928.04,54.99,76.77,0,64.85,392.16,528.29,29.64
2023-03-21 23:30:00,5,5447.39,55.88,65.8,0,54.84,362.57,487.53,23.31
2023-03-22 00:30:00,5,5073.55,60.8,55.52,0,43.87,337.33,448.34,17.48
2023-03-22 01:30:00,5,5126.95,68.84,45.93,0,44.35,349.31,457.55,19.76
2023-03-22 02:30:00,5,4966.74,69.74,37.7,0,51.02,355.22,456.96,25.84
2023-03-22 03:30:00,5,4913.33,69.74,33.24,0,60.56,366.58,441.3,31.41
2023-03-22 04:30:00,5,4966.74,72.42,31.87,0,56.27,383.57,434.09,25.08
2023-03-22 05:30:00,5,4966.74,76,34.96,0,49.59,392.34,423.79,16.97
2023-03-22 06:30:00,5,4646.3,69.74,46.61,0,59.6,355.54,382.13,17.23
2023-03-22 07:30:00,5,5607.6,100.14,55.52,0.22,76.29,410.99,459.33,24.57
2023-03-22 08:30:00,5,6835.94,143.05,72.66,2.48,93.46,488.54,560.78,27.61
2023-03-22 09:30:00,5,4699.71,78.68,134.35,23.96,234.6,411.88,463.34,18.49
2023-03-22 10:30:00,5,4806.52,45.15,175.48,85.83,251.77,481.22,538.78,19.51
2023-03-22 11:30:00,5,4699.71,19,165.88,234.6,259.4,558.22,617.63,16.97
2023-03-22 12:30:00,5,2563.48,5.42,67.86,320.43,148.77,335.08,367.68,6.27
2023-03-22 13:30:00,5,1895.9,2.12,34.62,346.18,98.23,253.21,277.82,5.76
2023-03-22 14:30:00,5,1642.23,1.26,26.73,337.6,81.06,209.33,232.29,7.22
2023-03-22 15:30:00,5,1735.69,1.68,38.73,280.38,75.34,179.81,205.8,11.91
2023-03-22 16:30:00,5,2002.72,2.4,58.95,214.58,72.48,168.95,198.7,16.72
2023-03-22 17:30:00,5,2189.64,2.07,76.09,148.77,66.76,152.12,182.42,19
2023-03-22 18:30:00,5,3524.78,6.82,134.35,32.9,71.53,200.82,253.99,33.44
2023-03-22 19:30:00,5,5607.6,51.86,138.46,0,82.97,317.07,413.55,53.2
2023-03-22 20:30:00,5,6782.53,75.1,132.98,0,84.88,409.3,534.66,64.34
2023-03-22 21:30:00,5,7370,84.04,126.12,0,82.97,473.56,612.02,66.88
2023-03-22 22:30:00,5,7797.24,92.98,116.53,0,78.2,522.84,670.69,58.26
2023-03-22 23:30:00,5,7476.81,95.67,101.45,0,63.9,509.09,649.55,39.01
2023-03-23 00:30:00,5,6301.88,85.83,81.57,0,43.87,428.37,540.95,21.03
2023-03-23 01:30:00,5,5180.36,71.53,62.38,0,33.38,361.03,449.45,13.55
2023-03-23 02:30:00,5,4219.06,53.2,50.72,0,28.85,303.37,374.14,10.39
2023-03-23 03:30:00,5,3150.94,29.5,46.61,0,27.18,231.28,285.8,10.39
2023-03-23 04:30:00,5,2777.1,23.69,41.13,0,27.18,204.71,254.12,10.26
2023-03-23 05:30:00,5,2750.4,27.72,37.36,0,29.56,199.9,247.95,11.15
2023-03-23 06:30:00,5,3177.64,43.36,38.04,0.01,38.62,223.48,278.05,15.58
2023-03-23 07:30:00,5,4325.87,80.47,42.16,0.93,54.36,280.14,353.72,24.07
2023-03-23 08:30:00,5,5073.55,104.61,57.58,5.1,64.85,311.41,396.05,29.89
2023-03-23 09:30:00,5,3070.83,31.74,82.94,49.35,87.74,197.53,244.17,24.83
2023-03-23 10:30:00,5,2750.4,14.98,78.14,124.45,94.41,205.21,249.9,25.33
2023-03-23 11:30:00,5,2403.26,6.43,57.58,228.88,91.55,225.91,267.3,23.05
2023-03-23 12:30:00,5,988.01,1.87,16.11,203.13,38.15,76.08,90.23,9.63
2023-03-23 13:30:00,5,754.36,1.47,11.82,181.67,26.7,50.11,60.76,7.41
2023-03-23 14:30:00,4,714.3,1.45,12.34,170.23,25.03,44.05,54.27,7.22
2023-03-23 15:30:00,4,961.3,2.99,25.36,150.2,32.9,52.88,67,10.77
2023-03-23 16:30:00,4,1308.44,4.58,42.16,125.89,39.58,65.82,85.44,14.82
2023-03-23 17:30:00,5,1668.93,4.75,63.75,88.69,44.35,76.13,101.19,18.24
2023-03-23 18:30:00,5,2803.8,11.85,106.93,17.52,59.13,123.85,169.32,30.91
2023-03-23 19:30:00,5,4325.87,48.73,102.82,0,74.39,208.05,289,47.62
2023-03-23 20:30:00,5,5073.55,64.37,94.59,0,77.25,271.8,379.4,57.25
2023-03-23 21:30:00,5,5607.6,72.42,89.11,0,77.25,325.45,450.45,63.84
2023-03-23 22:30:00,5,6195.07,83.15,84.31,0,79.15,378.63,514.55,65.86
2023-03-23 23:30:00,5,5767.82,79.57,77.46,0,69.62,354.01,478.49,54.72
2023-03-24 00:30:00,5,5180.36,75.1,70.6,0,56.27,316.69,426.06,40.53
2023-03-24 01:30:00,5,5393.98,82.25,65.12,0,53.88,344.97,455.17,37.49
2023-03-24 02:30:00,5,5500.79,84.94,61.01,0,57.7,369.85,477.18,39.01
2023-03-24 03:30:00,5,5447.39,84.04,57.58,0,69.62,382.41,485.96,43.57
2023-03-24 04:30:00,5,5287.17,82.25,56.21,0,76.29,387.66,483.73,44.08
2023-03-24 05:30:00,5,5180.36,82.25,56.21,0,76.29,388.87,477.48,41.54
2023-03-24 06:30:00,5,5554.2,98.35,56.21,0,78.2,410.85,505.03,44.08
2023-03-24 07:30:00,5,7904.05,178.81,58.26,0.09,92.51,550.64,682.07,57.25
2023-03-24 08:30:00,5,10681.15,286.1,67.86,0.34,99.18,720.18,894.51,63.33
2023-03-24 09:30:00,5,5340.58,102.82,105.56,5.1,105.86,371.91,440.91,32.17
2023-03-24 10:30:00,5,4432.68,48.73,123.38,30.76,100.14,322.71,373.75,26.85
2023-03-24 11:30:00,5,3791.81,19,111.04,114.44,90.6,308.91,349.1,21.53
2023-03-24 12:30:00,5,2376.56,6.48,62.38,211.72,85.83,239.53,263.12,12.03
2023-03-24 13:30:00,5,1735.69,3.58,42.16,243.19,78.2,192.42,210.82,10.01
2023-03-24 14:30:00,5,1375.2,3.16,39.07,237.46,78.2,149.72,165.8,9.88
2023-03-24 15:30:00,5,1348.5,3.8,49.35,197.41,81.06,124.34,141.38,11.91
2023-03-24 16:30:00,5,1535.42,4.75,68.55,143.05,82.02,109.3,129.51,15.33
2023-03-24 17:30:00,5,1695.63,3.74,87.05,90.12,79.15,94.61,116.7,18.24
2023-03-24 18:30:00,5,1869.2,0.63,94.59,60.8,77.25,97.46,121.83,20.77
2023-03-24 19:30:00,5,1976.01,0,76.09,62.94,58.65,109.84,137.84,24.32
2023-03-24 20:30:00,5,1895.9,0,59.63,72.96,46.25,119.85,148.29,25.84
2023-03-24 21:30:00,5,1815.8,0,52.09,83.68,46.25,131.22,157.65,23.81
2023-03-24 22:30:00,5,1976.01,0,62.38,75.1,61.04,148.16,175.83,18.24
2023-03-24 23:30:00,5,2109.53,0,84.31,63.66,98.23,158.28,182.14,9.88
2023-03-25 00:30:00,5,1735.69,0,91.85,61.51,116.35,140.06,155.22,3.7
2023-03-25 01:30:00,5,1415.25,0,82.94,57.22,100.14,118.95,130.26,2.34
2023-03-25 02:30:00,5,1281.74,0,79.51,47.92,91.55,115.48,126.66,1.99
2023-03-25 03:30:00,5,1241.68,0,63.75,40.77,70.57,118.2,130.34,2.72
2023-03-25 04:30:00,5,1188.28,0,38.39,43.27,40.53,104.68,116.43,4.05
2023-03-25 05:30:00,5,1134.87,0,27.08,45.78,27.18,87.92,98.6,4.75
2023-03-25 06:30:00,5,1174.93,0,28.45,43.27,25.51,83.37,95.04,5.95
2023-03-25 07:30:00,5,1415.25,0.98,40.1,35.41,30.52,90.87,108.15,8.74
2023-03-25 08:30:00,5,1548.77,6.76,44.55,39.7,37.19,91.47,112.03,10.26
2023-03-25 09:30:00,5,1348.5,7.49,39.76,67.95,45.78,82.87,98.99,9.5
2023-03-25 10:30:00,5,1228.33,6.15,35.64,95.84,50.54,86.65,100.48,10.26
2023-03-25 11:30:00,5,1161.58,4.36,33.24,135.9,55.79,95.86,108.51,10.77
2023-03-25 12:30:00,4,781.06,2.24,20.05,161.65,42.92,65.6,73.03,6.59
2023-03-25 13:30:00,4,700.95,1.96,17.99,173.09,40.53,59.91,66.78,5.64
2023-03-25 14:30:00,5,707.63,2.18,21.42,181.67,48.16,62.72,71.06,5.83
2023-03-25 15:30:00,5,961.3,3.32,38.73,175.95,66.76,81.21,94.48,8.74
2023-03-25 16:30:00,5,1508.71,4.69,76.09,145.91,95.37,119.98,141.23,13.17
2023-03-25 17:30:00,5,2162.93,3.97,126.12,97.27,125.89,158.31,187.51,18.24
2023-03-25 18:30:00,5,3845.21,16.99,194.67,13.95,144.96,241.8,295.57,36.98
2023-03-25 19:30:00,5,6088.26,66.16,208.38,0,177.38,383,471.27,69.92
2023-03-25 20:30:00,5,7370,86.72,219.35,0,223.16,511.12,620.04,97.27
2023-03-25 21:30:00,5,7797.24,80.47,219.35,0,255.58,587.55,701.33,107.41
2023-03-25 22:30:00,5,8010.86,68.84,197.41,0,207.9,627.73,747.09,78.02
2023-03-25 23:30:00,5,6942.75,49.17,149.43,0,110.63,543.02,662.65,33.44
2023-03-26 00:30:00,5,3631.59,6.09,90.48,3.08,47.21,277.59,354.92,9.25
2023-03-26 01:30:00,5,2216.34,0.16,49.35,18.06,25.99,166.25,218.93,5.95
2023-03-26 02:30:00,5,1455.31,0,27.08,43.99,21.93,115.37,146.22,4.69
2023-03-26 03:30:00,5,1161.58,0,21.08,61.51,21.22,97.9,117.52,3.99
2023-03-26 04:30:00,5,1255.04,0,24.68,50.78,21.93,103.3,123.18,4.31
2023-03-26 05:30:00,5,1455.31,0.01,33.59,35.41,26.7,118.61,141.32,5.57
2023-03-26 06:30:00,5,1895.9,1.05,50.04,15.56,37.19,147.88,177.34,9.75
2023-03-26 07:30:00,5,2750.4,14.98,65.8,4.92,52.93,196.03,239.9,17.73
2023-03-26 08:30:00,5,3471.37,35.76,71.97,18.78,62.94,228.47,285.88,23.56
2023-03-26 09:30:00,5,2296.45,17.88,62.38,63.66,71.53,148.09,188.57,19.51
2023-03-26 10:30:00,5,2002.72,10.95,54.15,115.87,72.48,145.29,188.31,20.01
2023-03-26 11:30:00,5,1668.93,5.48,40.44,188.83,71.53,145.93,186.94,17.99
2023-03-26 12:30:00,5,674.25,1.79,13.54,180.24,34.33,56.03,81.11,7.6
2023-03-26 13:30:00,4,514.03,1.34,10.71,175.95,29.56,44.32,68.61,5.64
2023-03-26 14:30:00,4,487.33,1.24,11.31,171.66,30.04,41.24,65.29,5.51
2023-03-26 15:30:00,4,720.98,2.57,22.62,147.34,33.38,47.31,75.18,9.12
2023-03-26 16:30:00,4,1108.17,4.3,39.41,123.02,38.62,61.3,95.31,13.68
2023-03-26 17:30:00,4,1441.96,4.53,58.95,87.98,41.48,73.38,112.95,17.48
2023-03-26 18:30:00,5,2002.72,1.93,86.37,35.05,47.21,96.56,146.1,23.81
2023-03-26 19:30:00,5,2723.69,6.37,97.33,3.04,53.41,139.18,205.69,32.93
2023-03-26 20:30:00,5,3231.05,14.98,91.85,0.26,55.31,178.94,261.48,39.52
2023-03-26 21:30:00,5,3578.19,20.56,87.74,0.08,56.27,211.52,304.17,44.58
2023-03-26 22:30:00,5,3898.62,29.5,80.88,0.01,56.27,237.95,339.19,47.12
2023-03-26 23:30:00,5,3685,33.53,73.34,0,47.68,226.32,324.97,40.53
2023-03-27 00:30:00,5,3070.83,29.06,64.43,0,35.76,185.13,271.53,28.88
2023-03-27 01:30:00,5,2723.69,25.48,56.89,0.01,33.86,170.29,247.93,24.32
2023-03-27 02:30:00,5,2429.96,20.56,50.04,0.01,31.95,160.27,228.58,20.52
2023-03-27 03:30:00,5,2082.82,15.65,42.5,0.02,29.33,144.09,200.85,17.48
2023-03-27 04:30:00,5,1815.8,14.19,35.64,0.02,27.42,130.71,177.79,14.82
2023-03-27 05:30:00,5,1695.63,15.2,32.56,0.01,27.42,122.57,164.05,12.67
2023-03-27 06:30:00,5,1922.61,23.69,33.24,0,32.9,132.78,176.68,15.2
2023-03-27 07:30:00,5,2750.4,48.28,37.36,0.82,45.3,173.7,233.65,23.56
2023-03-27 08:30:00,5,3391.27,67.95,47.3,6.53,54.36,202.54,272.14,29.89
2023-03-27 09:30:00,5,2216.34,22.8,64.43,52.21,67.71,155.73,201.24,26.09
2023-03-27 10:30:00,5,1922.61,13.08,56.89,104.43,71.53,161.14,202.58,25.59
2023-03-27 11:30:00,5,1602.17,6.82,43.53,170.23,68.66,168.01,202.59,22.55
2023-03-27 12:30:00,5,787.73,1.87,13.88,188.83,32.42,85.09,98.27,10.51
2023-03-27 13:30:00,4,687.6,1.42,10.37,178.81,25.99,65.18,73.88,8.49
2023-03-27 14:30:00,4,687.6,1.41,10.8,175.95,25.99,59.88,67.57,8.11
2023-03-27 15:30:00,4,801.09,2.26,17.82,163.08,31.47,58.53,67.57,9.88
2023-03-27 16:30:00,4,947.95,2.88,26.05,143.05,34.81,59.24,70.64,12.03
2023-03-27 17:30:00,4,1108.17,2.35,36.67,118.73,37.19,63.24,77.12,14.19
2023-03-27 18:30:00,5,1428.6,0.51,52.09,87.26,43.87,79.4,100.32,19.25
2023-03-27 19:30:00,5,1895.9,0,65.12,59.37,53.41,110.09,144.79,27.61
2023-03-27 20:30:00,5,2109.53,0,66.49,50.07,55.31,131.31,175.26,32.17
2023-03-27 21:30:00,5,2349.85,0,69.23,42.92,56.74,155.15,206.55,36.48
2023-03-27 22:30:00,5,2696.99,0.03,76.09,30.4,56.74,182.2,244.35,40.02
2023-03-27 23:30:00,5,2616.88,0.08,75.4,24.68,47.68,178.92,242.03,34.96
2023-03-28 00:30:00,5,2136.23,0.03,63.75,30.4,36.24,151.1,204.02,24.07
2023-03-28 01:30:00,5,1789.09,0,50.72,38.62,32.42,140.15,183.33,19
2023-03-28 02:30:00,5,1602.17,0,43.53,41.84,31.47,140.23,176.46,16.21
2023-03-28 03:30:00,5,1789.09,0.11,46.61,25.03,28.61,159.33,197.88,12.92
2023-03-28 04:30:00,5,2189.64,3.05,52.09,4.65,28.13,190.75,236.34,10.89
2023-03-28 05:30:00,5,2563.48,15.65,48.67,0.1,30.99,219.99,271.29,11.53
2023-03-28 06:30:00,5,3364.56,44.7,46.61,0,41.01,270.39,335.83,18.24
2023-03-28 07:30:00,5,5447.39,118.02,45.93,0.35,60.56,382.91,486.66,34.45
2023-03-28 08:30:00,5,7370,193.12,58.26,2.86,72.48,470.79,604.42,46.61
2023-03-28 09:30:00,5,3364.56,43.81,89.11,41.13,74.39,248.63,305.02,31.41
2023-03-28 10:30:00,5,2803.8,18.1,83.63,113.01,79.15,248.84,298.65,29.89
2023-03-28 11:30:00,5,2376.56,7.38,61.01,217.44,78.2,272.05,316.21,26.6
2023-03-28 12:30:00,5,841.14,1.48,17.82,188.83,34.81,84.06,97.13,11.02
2023-03-28 13:30:00,4,607.49,1.3,13.02,155.93,23.37,46.33,54.53,8.23
2023-03-28 14:30:00,4,587.46,1.47,12.68,155.93,22.89,43.58,51.33,8.23
2023-03-28 15:30:00,4,881.2,3.16,26.39,148.77,32.42,58.09,70.87,12.29
2023-03-28 16:30:00,5,1321.79,4.92,47.3,131.61,44.82,78.01,98.02,17.23
2023-03-28 17:30:00,5,1762.39,5.14,73.34,94.41,52.93,93.59,120.33,21.79
2023-03-28 18:30:00,5,2296.45,1.82,100.08,43.63,61.99,116.88,154.47,28.88
2023-03-28 19:30:00,5,2777.1,0.98,105.56,12.34,68.66,147.63,200.92,36.98
2023-03-28 20:30:00,5,2937.32,3.02,95.96,4.69,67.71,164.15,228.55,41.54
2023-03-28 21:30:00,5,3124.24,5.53,90.48,2.57,67.71,184.37,256.19,45.6
2023-03-28 22:30:00,5,3471.37,11.62,89.11,0.56,67.71,214.3,296.34,49.65
2023-03-28 23:30:00,5,3337.86,14.08,84.31,0.3,57.7,207.43,289.46,43.57
2023-03-29 00:30:00,5,3044.13,19.22,73.34,0.08,44.35,188.43,265.8,33.94
2023-03-29 01:30:00,5,3231.05,29.5,62.38,0,42.44,207.63,288.72,32.17
2023-03-29 02:30:00,5,3578.19,38.89,54.84,0,44.35,240.62,326.4,32.93
2023-03-29 03:30:00,5,4005.43,50.96,50.72,0,50.07,282.34,373.78,35.46
2023-03-29 04:30:00,5,4486.08,64.37,48.67,0,61.04,326.94,420.35,39.01
2023-03-29 05:30:00,5,4913.33,77.78,50.04,0,78.2,368.06,464.35,44.58
2023-03-29 06:30:00,5,5714.42,104.61,54.15,0,105.86,426.26,532.86,59.78
2023-03-29 07:30:00,5,8010.86,178.81,61.69,0.37,129.7,574.54,711.9,83.09
2023-03-29 08:30:00,5,10787.96,261.07,93.22,3.22,141.14,736.56,901.9,94.23
2023-03-29 09:30:00,5,6355.29,82.25,164.51,40.41,150.68,490.48,581.23,55.22
2023-03-29 10:30:00,5,6568.91,29.5,205.64,168.8,148.77,589.54,683.95,52.18
2023-03-29 11:30:00,5,6675.72,10.17,167.25,417.71,144.96,755.86,852.08,42.05
2023-03-29 12:30:00,5,1735.69,4.92,67.17,248.91,123.98,235.29,262.08,8.74
2023-03-29 13:30:00,5,1014.71,1.7,32.56,226.02,61.04,126.52,146.49,9.5
2023-03-29 14:30:00,5,834.47,0.59,23.99,200.27,40.53,94.02,113.7,9.37
2023-03-29 15:30:00,5,2056.12,5.42,85,87.26,52.93,124.91,164.73,21.79
2023-03-29 16:30:00,5,3845.21,40.23,130.24,22.35,75.34,189.76,251.93,33.94
2023-03-29 17:30:00,5,5714.42,109.97,143.95,6.17,97.27,268.82,349.16,45.09
2023-03-29 18:30:00,5,7797.24,171.66,163.14,0.69,129.7,394.13,497.86,64.85
2023-03-29 19:30:00,5,9399.41,189.54,175.48,0,160.22,545.99,675.8,85.12
2023-03-29 20:30:00,5,10360.72,173.45,186.44,0,177.38,676.43,824.64,96.26
2023-03-29 21:30:00,5,10574.34,143.05,197.41,0,186.92,765.4,918.37,99.3
2023-03-29 22:30:00,5,10574.34,116.23,200.15,0,192.64,814.72,970.26,98.29
2023-03-29 23:30:00,5,10040.28,94.77,200.15,0,183.11,798.31,943.83,87.14
2023-03-30 00:30:00,5,8651.73,67.95,197.41,0,150.68,720.28,845.9,63.84
2023-03-30 01:30:00,5,7476.81,42.92,180.96,0,117.3,640.22,754.55,53.7
2023-03-30 02:30:00,5,5714.42,16.09,146.69,1.4,81.06,505.32,610.21,49.65
2023-03-30 03:30:00,5,2349.85,0,59.63,60.08,44.35,240.41,301.77,27.11
2023-03-30 04:30:00,5,1762.39,0,41.13,55.79,35.29,190.85,239.05,24.07
2023-03-30 05:30:00,5,1695.63,0.02,43.53,34.69,35.29,176.39,220.17,24.57
2023-03-30 06:30:00,5,1949.31,2.51,53.47,11.62,39.58,172.63,221.06,28.63
2023-03-30 07:30:00,5,2643.59,22.35,59.63,3.84,52.45,193.1,253.87,38.5
2023-03-30 08:30:00,5,3097.53,37.1,69.92,14.84,64.85,210.62,276.64,43.06
2023-03-30 09:30:00,5,2964.02,26.6,82.94,50.78,82.02,217.4,275.91,41.04
2023-03-30 10:30:00,5,2910.61,15.42,87.74,127.32,106.81,254.95,311.02,39.01
2023-03-30 11:30:00,5,2803.8,7.49,76.77,254.63,133.51,316.43,370.37,33.94
2023-03-30 12:30:00,5,1241.68,3.69,41.13,243.19,109.67,168.23,197.23,12.79
2023-03-30 13:30:00,5,1041.41,2.43,42.5,246.05,109.67,152.75,179.54,9.37
2023-03-30 14:30:00,5,1081.47,1.2,50.72,248.91,120.16,170.86,196.02,7.85
2023-03-30 15:30:00,5,1655.58,0.45,69.23,220.3,104.9,214.28,241.94,13.05
2023-03-30 16:30:00,5,2590.18,0.36,104.19,154.5,90.6,265.28,300.45,20.77
2023-03-30 17:30:00,5,3364.56,0.32,146.69,72.96,85.83,287.61,330.17,27.36
2023-03-30 18:30:00,5,4058.84,3.32,175.48,13.59,91.55,304.6,355.83,34.45
2023-03-30 19:30:00,5,3578.19,1.42,138.46,12.87,78.2,270.85,320.74,29.89
2023-03-30 20:30:00,5,2429.96,0.01,82.94,52.93,57.7,203.18,238.93,18.24
2023-03-30 21:30:00,5,1842.5,0,60.32,73.67,45.3,166.49,197.38,13.93
2023-03-30 22:30:00,5,2296.45,0,76.77,45.78,49.11,189.49,231.58,15.07
2023-03-30 23:30:00,5,2616.88,0.02,89.11,30.04,51.5,206.05,249.92,12.67
2023-03-31 00:30:00,5,2510.07,0.02,83.63,28.61,48.16,193.31,226.72,7.98
2023-03-31 01:30:00,5,2696.99,0.03,82.94,23.96,48.64,204.51,234.54,6.59
2023-03-31 02:30:00,5,2990.72,0.11,86.37,15.91,52.45,242.43,271.85,5.51
2023-03-31 03:30:00,5,2349.85,0.02,71.97,27.89,63.9,217.97,237.86,3.61
2023-03-31 04:30:00,5,1602.17,0,54.84,47.21,59.6,152.71,165.48,3.7
2023-03-31 05:30:00,5,1228.33,0,44.55,62.94,52.45,108.17,118.23,4.5
2023-03-31 06:30:00,5,1201.63,0,46.61,67.95,52.45,93.13,105.58,6.84
2023-03-31 07:30:00,5,1655.58,1.15,73.34,45.78,72.48,116.03,137.58,11.78
2023-03-31 08:30:00,5,2162.93,15.65,95.96,33.26,110.63,152.7,181.65,16.72
2023-03-31 09:30:00,5,1682.28,13.86,82.94,69.38,107.77,137.92,159.74,11.53
2023-03-31 10:30:00,5,1562.12,9.72,81.57,84.4,104.9,137.58,158.37,10.64
2023-03-31 11:30:00,5,1588.82,5.53,93.22,82.97,117.3,144.5,165.75,10.51
2023-03-31 12:30:00,5,2349.85,7.26,130.24,43.99,137.33,184.97,218.27,21.28
2023-03-31 13:30:00,5,3738.4,30.85,178.22,15.56,188.83,259.9,313.2,42.56
2023-03-31 14:30:00,5,4699.71,55.88,208.38,10.46,244.14,313.3,376.72,56.24
2023-03-31 15:30:00,5,4859.92,59.9,213.86,8.67,267.03,321.4,385.57,60.29
2023-03-31 16:30:00,5,4005.43,41.57,186.44,7.33,234.6,264.33,315.64,47.62
2023-03-31 17:30:00,5,2670.29,12.41,141.2,15.38,171.66,174.42,205.95,27.87
2023-03-31 18:30:00,5,3311.16,29.95,115.16,3.26,102.04,177.74,221.31,32.42
2023-03-31 19:30:00,5,5928.04,98.35,102.82,0,93.46,315.88,407.46,55.73
2023-03-31 20:30:00,5,8758.54,168.09,108.3,0,127.79,518.07,661.91,84.1
2023-03-31 21:30:00,5,10787.96,218.15,124.75,0,164.03,676.16,848.05,109.43
2023-03-31 22:30:00,5,11749.27,239.61,128.87,0,148.77,756.1,933.6,95.25
2023-03-31 23:30:00,5,10894.78,219.94,116.53,0,102.04,701.04,854.28,54.21
2023-04-01 00:30:00,5,7156.37,125.17,102.82,0,57.7,452.34,551.53,21.53
2023-04-01 01:30:00,5,4592.9,54.99,87.05,0,37.19,291.12,362.34,12.29
2023-04-01 02:30:00,5,2990.72,20.56,68.55,0.03,28.85,202.54,255.55,9.63
2023-04-01 03:30:00,5,2243.04,9.05,52.09,0.18,25.99,167.48,205.53,8.99
2023-04-01 04:30:00,5,2056.12,9.16,41.81,0.13,25.75,162.3,194.3,9.63
2023-04-01 05:30:00,5,2109.53,13.41,37.01,0.04,27.42,166.76,194.81,11.65
2023-04-01 06:30:00,5,2456.67,25.48,35.64,0.01,32.9,184.04,214.65,16.09
2023-04-01 07:30:00,5,3257.75,54.09,36.33,0.74,42.44,221.88,268.8,20.77
2023-04-01 08:30:00,5,3631.59,66.16,47.3,6.71,50.07,234.08,287.56,20.27
2023-04-01 09:30:00,5,2136.23,26.15,65.8,43.99,101.09,179.94,208.08,12.54
2023-04-01 10:30:00,5,1895.9,18.78,76.77,90.12,137.33,198.53,224.39,8.99
2023-04-01 11:30:00,5,1789.09,13.3,82.25,150.2,162.12,235.64,260.63,6.46
2023-04-01 12:30:00,5,1214.98,5.03,47.98,197.41,105.86,174.34,189.86,3.36
2023-04-01 13:30:00,5,988.01,1.61,29.13,208.85,64.85,130.57,142.14,3.93
2023-04-01 14:30:00,5,921.25,0.42,25.36,197.41,48.64,103.42,113.61,5.51
2023-04-01 15:30:00,5,1081.47,0.7,36.33,161.65,47.68,92.97,105.91,9.25
2023-04-01 16:30:00,5,1415.25,2.35,54.84,130.18,52.93,101.66,119.64,13.3
2023-04-01 17:30:00,5,1708.98,3.13,71.29,100.14,54.36,108.2,129.7,16.09
2023-04-01 18:30:00,5,2029.42,0.87,87.05,65.8,60.56,124.3,150.16,20.52
2023-04-01 19:30:00,5,2456.67,0,94.59,47.21,70.57,161.91,196.53,26.35
2023-04-01 20:30:00,5,2643.59,0,87.74,49.35,70.57,198.27,242.46,27.36
2023-04-01 21:30:00,5,3177.64,0.2,89.11,30.04,57.22,255.69,322.42,25.33
2023-04-01 22:30:00,5,4165.65,11.29,90.48,1.45,50.54,328.78,425.15,23.56
2023-04-01 23:30:00,5,4539.49,29.95,76.09,0,46.73,352.97,461.38,22.04
2023-04-02 00:30:00,5,4432.68,38.44,68.55,0,44.35,340.51,443.35,21.53
2023-04-02 01:30:00,5,4325.87,42.02,60.32,0,45.3,335.16,430.58,22.55
2023-04-02 02:30:00,5,4112.24,42.47,50.72,0,45.3,325.52,411.64,23.31
2023-04-02 03:30:00,5,3952.03,44.26,42.5,0,46.25,322.38,399.2,24.32
2023-04-02 04:30:00,5,3952.03,48.28,36.33,0,45.3,329.29,387.48,22.8
2023-04-02 05:30:00,5,4058.84,56.33,31.87,0,43.39,343.83,384.77,20.77
2023-04-02 06:30:00,5,4646.3,78.68,29.47,0,46.25,377.18,418.59,22.29
2023-04-02 07:30:00,5,6408.69,137.69,32.9,0.24,56.27,480.08,555.13,26.35
2023-04-02 08:30:00,5,7904.05,189.54,57.58,2.35,59.6,553.94,655.18,26.85
2023-04-02 09:30:00,5,2189.64,11.73,74.71,71.53,90.6,231.87,260.95,6.65
2023-04-02 10:30:00,5,1895.9,5.25,56.89,148.77,84.88,233.8,261.03,7.79
2023-04-02 11:30:00,5,1976.01,3.16,43.87,257.49,84.88,275.64,303.95,9.63
2023-04-02 12:30:00,5,1121.52,1.09,13.88,231.74,38.15,132,149.6,8.49
2023-04-02 13:30:00,5,801.09,0.85,9.08,188.83,22.65,70.78,83.89,8.04
2023-04-02 14:30:00,4,720.98,0.87,9,174.52,19.55,55.49,67.49,7.66
2023-04-02 15:30:00,4,781.06,1.4,15.42,157.36,24.08,50.88,64.22,9.25
2023-04-02 16:30:00,3,881.2,1.51,23.31,133.04,27.42,48.38,63.29,11.02
2023-04-02 17:30:00,3,1001.36,0.94,31.87,104.43,28.85,47.27,63.4,12.54
2023-04-02 18:30:00,4,1441.96,0.25,51.41,67.95,35.29,63.22,86.8,18.24
2023-04-02 19:30:00,5,2243.04,0.08,75.4,28.25,45.78,104.3,145.51,28.63
2023-04-02 20:30:00,5,2830.51,1.79,85.68,8.23,50.54,141.4,198.25,36.48
2023-04-02 21:30:00,5,3150.94,6.09,83.63,2.06,51.98,167.71,233.98,41.04
2023-04-02 22:30:00,5,3257.75,11.73,76.77,0.42,49.11,179.38,252.06,41.04
2023-04-02 23:30:00,5,2937.32,13.41,67.86,0.23,39.1,160.81,229.79,31.66
2023-04-03 00:30:00,5,2376.56,10.06,59.63,0.44,29.09,128.52,184.99,21.03
2023-04-03 01:30:00,5,2189.64,9.16,55.52,0.44,30.99,123.52,173.84,18.75
2023-04-03 02:30:00,5,2189.64,10.28,52.09,0.24,34.81,129.43,178.62,17.73
2023-04-03 03:30:00,5,2429.96,17.66,47.98,0.02,37.19,152.55,207.94,16.72
2023-04-03 04:30:00,5,2830.51,29.5,43.18,0,41.01,187.27,252.64,17.23
2023-04-03 05:30:00,5,3284.45,43.81,41.13,0,50.54,223.41,296.93,21.53
2023-04-03 06:30:00,5,4325.87,76,42.16,0,72.48,292.38,380.52,35.97
2023-04-03 07:30:00,5,6835.94,151.99,47.98,0.5,100.14,446.19,570.34,57.76
2023-04-03 08:30:00,5,9506.23,219.94,82.94,3.93,114.44,599.96,751.82,73.97
2023-04-03 09:30:00,5,4005.43,35.32,116.53,69.38,121.12,273.08,332.99,36.98
2023-04-03 10:30:00,5,3524.78,12.52,104.19,197.41,133.51,291.37,350.81,32.93
2023-04-03 11:30:00,5,3391.27,5.14,78.83,383.38,150.68,370.1,434.23,29.64
2023-04-03 12:30:00,5,1415.25,4.58,52.09,266.08,143.05,161.82,192,11.15
2023-04-03 13:30:00,5,1054.76,2.6,39.07,263.21,111.58,128.07,153.64,8.87
2023-04-03 14:30:00,5,961.3,0.98,27.08,283.24,82.02,122,146.76,8.74
2023-04-03 15:30:00,5,1428.6,1.48,47.3,243.19,67.71,134.53,168.78,14.57
2023-04-03 16:30:00,5,2109.53,3.19,78.83,188.83,66.76,150.95,198.31,21.03
2023-04-03 17:30:00,5,2803.8,4.75,117.9,115.87,74.39,165.08,224.82,27.36
2023-04-03 18:30:00,5,3631.59,2.35,163.14,45.06,98.23,205.65,277.67,37.49
2023-04-03 19:30:00,5,4219.06,0.13,180.96,19.13,125.89,255.17,334.41,47.12
2023-04-03 20:30:00,5,3791.81,0.02,137.09,31.83,119.21,242.51,323.79,46.61
2023-04-03 21:30:00,5,2082.82,0,59.63,72.24,74.39,143.99,216.1,33.44
2023-04-03 22:30:00,5,1869.2,0,50.04,61.51,60.56,127.58,191.94,34.96
2023-04-03 23:30:00,5,1842.5,0,53.47,46.49,55.31,121.72,173.42,32.93
2023-04-04 00:30:00,5,1668.93,0,52.78,42.92,49.11,110.15,149.63,27.36
2023-04-04 01:30:00,5,1522.06,0,48.67,45.06,43.39,105.03,137.99,24.83
2023-04-04 02:30:00,5,1361.85,0,40.44,51.5,38.15,99.55,127.5,23.56
2023-04-04 03:30:00,5,1281.74,0,37.01,55.79,38.15,98.62,121.65,21.79
2023-04-04 04:30:00,5,1508.71,0,47.3,41.48,46.25,114.91,139.38,21.79
2023-04-04 05:30:00,5,1668.93,0.05,58.26,24.32,48.16,122.83,150.05,19.76
2023-04-04 06:30:00,5,1348.5,0.01,48.67,42.56,40.53,88.59,114.67,16.47
2023-04-04 07:30:00,5,1562.12,1.4,58.26,47.92,46.73,89.06,123.02,20.77
2023-04-04 08:30:00,5,2216.34,13.97,71.29,42.2,61.99,119.7,165.94,27.61
2023-04-04 09:30:00,5,1628.88,12.74,56.89,82.97,85.83,95.99,136.42,22.04
2023-04-04 10:30:00,5,1482.01,9.61,52.78,133.04,101.09,105.46,146.99,21.79
2023-04-04 11:30:00,5,1535.42,5.92,48.67,220.3,116.35,143.55,187.4,21.28
2023-04-04 12:30:00,5,961.3,2.46,23.31,246.05,69.62,105.39,139.9,11.53
2023-04-04 13:30:00,5,774.38,1.33,14.74,263.21,51.98,94,125.44,9.25
2023-04-04 14:30:00,5,700.95,1.17,13.71,254.63,48.16,86.02,114.71,8.99
2023-04-04 15:30:00,5,700.95,1.56,18.16,226.02,47.21,76.87,105.16,10.01
2023-04-04 16:30:00,5,781.06,2.1,25.7,181.67,43.39,66.01,97.03,11.78
2023-04-04 17:30:00,4,881.2,1.87,34.62,140.19,41.48,60.06,92.51,13.05
2023-04-04 18:30:00,4,1174.93,0.54,50.04,98.71,45.78,67.38,103.38,17.48
2023-04-04 19:30:00,5,1588.82,0,61.69,66.52,51.98,86.24,130.54,24.83
2023-04-04 20:30:00,5,1708.98,0,57.58,54.36,50.07,95.79,142.77,29.39
2023-04-04 21:30:00,5,1762.39,0,54.15,47.21,48.64,102.39,150.18,32.42
2023-04-04 22:30:00,5,1842.5,0,55.52,37.55,47.21,107.77,157.28,34.96
2023-04-04 23:30:00,5,1695.63,0.02,54.15,30.76,40.53,98.31,144.51,32.17
2023-04-05 00:30:00,5,1361.85,0.02,47.3,30.04,31.95,78.08,114.19,26.6
2023-04-05 01:30:00,4,1188.28,0.01,40.78,31.47,29.33,70.39,100.17,23.56
2023-04-05 02:30:00,4,1121.52,0.01,37.36,32.9,29.09,71.08,97.61,20.52
2023-04-05 03:30:00,5,1121.52,0.01,35.3,33.97,29.09,75.5,100.58,17.73
2023-04-05 04:30:00,5,1161.58,0.01,35.64,31.83,29.33,81.12,105.8,15.71
2023-04-05 05:30:00,5,1268.39,0.08,40.1,25.39,30.99,89.06,114.81,14.82
2023-04-05 06:30:00,5,1602.17,1.82,52.78,11.8,38.15,107.45,139.83,17.99
2023-04-05 07:30:00,5,2349.85,18.78,62.38,8.05,51.5,144.53,192.3,27.61
2023-04-05 08:30:00,5,2857.21,29.95,74.71,31.11,62.94,169.83,226.07,32.93
2023-04-05 09:30:00,5,2403.26,16.09,75.4,95.84,77.25,163.63,210.16,29.64
2023-04-05 10:30:00,5,2296.45,7.93,63.75,197.41,84.88,195.81,242.71,29.13
2023-04-05 11:30:00,5,1949.31,3.27,41.13,311.85,84.88,211.89,253.94,26.6
2023-04-05 12:30:00,5,747.68,1.52,14.05,217.44,37.67,62.58,78.37,10.64
2023-04-05 13:30:00,5,547.41,1.45,11.31,185.97,26.23,35.81,47.21,7.22
2023-04-05 14:30:00,4,500.68,1.45,11.14,175.95,23.6,28.74,39.14,6.52
2023-04-05 15:30:00,4,687.6,2.88,22.28,165.94,34.81,34.4,47.83,9.63
2023-04-05 16:30:00,4,1028.06,4.19,39.76,161.65,48.64,48.46,67.35,14.44
2023-04-05 17:30:00,4,1295.09,4.08,56.89,135.9,54.36,56.51,79.47,17.73
2023-04-05 18:30:00,4,1535.42,1.4,70.6,94.41,57.7,63.44,91.7,21.79
2023-04-05 19:30:00,4,1695.63,0,67.17,63.66,57.7,71.26,106.56,26.09
2023-04-05 20:30:00,5,1695.63,0,58.26,56.51,54.36,75.37,114.88,28.37
2023-04-05 21:30:00,5,1642.23,0,52.09,57.22,52.93,78.4,118.84,30.15
2023-04-05 22:30:00,5,1602.17,0,50.72,55.79,52.93,79.57,119.89,31.16
2023-04-05 23:30:00,4,1401.9,0,48.67,52.93,49.59,70.64,106.61,29.39
2023-04-06 00:30:00,4,1201.63,0,45.24,51.5,43.87,61.58,90.86,25.59
2023-04-06 01:30:00,4,1214.98,0,43.53,49.35,42.44,66.48,93,24.83
2023-04-06 02:30:00,4,1268.39,0,41.13,48.64,41.01,73.59,99.17,24.57
2023-04-06 03:30:00,5,1308.44,0,40.44,45.78,39.58,79.85,105.8,24.32
2023-04-06 04:30:00,5,1388.55,0,42.84,38.27,38.15,87.05,115.23,24.07
2023-04-06 05:30:00,5,1522.06,0.07,47.98,26.82,36.72,96.27,126.04,25.08
2023-04-06 06:30:00,5,1815.8,2.63,56.89,10.55,38.62,111.54,144.53,30.65
2023-04-06 07:30:00,5,2563.48,22.58,60.32,3.89,49.59,145.03,191.39,41.04
2023-04-06 08:30:00,5,3017.43,33.97,70.6,18.95,57.22,161.88,213.63,43.06
2023-04-06 09:30:00,5,1695.63,9.72,52.09,81.54,56.74,96.32,123.28,26.35
2023-04-06 10:30:00,5,1388.55,6.2,41.47,140.19,61.99,87.91,114.55,23.31
2023-04-06 11:30:00,5,1228.33,3.69,33.24,220.3,68.66,99.06,126.11,21.79
2023-04-06 12:30:00,5,627.52,1.58,13.71,203.13,36.24,45.33,61.11,9.75
2023-04-06 13:30:00,5,507.35,1.29,11.14,188.83,27.42,32.95,46.99,7.09
2023-04-06 14:30:00,4,487.33,1.19,10.97,178.81,23.84,29.8,44.65,6.9
2023-04-06 15:30:00,4,647.54,2.24,21.42,167.37,34.81,36.23,55.21,9.88
2023-04-06 16:30:00,4,894.55,3.13,34.96,161.65,46.73,47.04,70.77,13.68
2023-04-06 17:30:00,4,1068.12,2.79,47.3,140.19,47.68,51.63,77.73,16.09
2023-04-06 18:30:00,4,1415.25,0.89,64.43,98.71,50.07,62.58,94.65,21.03
2023-04-06 19:30:00,5,1762.39,0,69.92,62.23,52.93,80.2,122.15,27.36
2023-04-06 20:30:00,5,1895.9,0,64.43,47.21,52.93,91.78,140.81,31.66
2023-04-06 21:30:00,5,2082.82,0.01,65.8,35.76,56.74,107.86,164.21,36.48
2023-04-06 22:30:00,5,2323.15,0.11,73.34,22.35,61.04,126.57,190.16,40.53
2023-04-06 23:30:00,5,2189.64,0.21,71.97,19.13,55.31,119.46,178.02,36.48
2023-04-07 00:30:00,5,1668.93,0.02,58.26,32.9,43.87,91.12,133.76,27.61
2023-04-07 01:30:00,4,1295.09,0,42.16,55.07,37.67,74.25,104.22,23.31
2023-04-07 02:30:00,4,1041.41,0,31.19,73.67,34.33,65.01,88.18,21.79
2023-04-07 03:30:00,4,894.55,0,25.7,82.25,31.47,58.84,78.32,21.53
2023-04-07 04:30:00,4,894.55,0,25.7,78.68,31.47,59.51,78,21.79
2023-04-07 05:30:00,4,947.95,0,29.13,72.24,33.86,63.4,81.95,22.8
2023-04-07 06:30:00,4,1161.58,0.01,39.76,59.37,40.53,74.85,97.47,26.09
2023-04-07 07:30:00,5,1642.23,4.25,57.58,44.7,53.88,97.2,129.94,32.42
2023-04-07 08:30:00,5,1949.31,13.86,64.43,56.51,66.76,112.36,151.91,34.45
2023-04-07 09:30:00,5,1922.61,13.52,63.75,95.84,77.25,118.34,158.18,32.17
2023-04-07 10:30:00,5,1735.69,7.82,53.47,170.23,80.11,128.98,166.72,29.13
2023-04-07 11:30:00,5,1401.9,3.52,35.64,254.63,75.34,127.56,159.01,25.08
2023-04-07 12:30:00,5,707.63,1.54,13.88,217.44,32.9,50.31,67.74,12.03
2023-04-07 13:30:00,5,620.84,1.36,12,205.99,23.6,36.77,50.48,9.88
2023-04-07 14:30:00,5,640.87,1.33,12.68,208.85,22.89,35.65,48.31,10.26
2023-04-07 15:30:00,5,801.09,2.21,22.62,205.99,35.29,41.83,56.41,12.79
2023-04-07 16:30:00,5,961.3,3.13,34.96,183.11,46.73,47.34,65.06,14.95
2023-04-07 17:30:00,4,1094.82,2.99,47.98,147.34,48.64,48.89,68.65,16.72
2023-04-07 18:30:00,4,1428.6,1.05,67.17,104.43,52.93,59.74,85.72,21.53
2023-04-07 19:30:00,4,1695.63,0,68.55,72.96,55.31,74.46,108.13,27.36
2023-04-07 20:30:00,5,1682.28,0,58.26,65.8,52.93,79.77,115.7,29.39
2023-04-07 21:30:00,5,1655.58,0,52.09,67.95,51.98,83.14,119.25,30.65
2023-04-07 22:30:00,5,1695.63,0,50.04,67.95,51.5,88.36,125.86,31.41
2023-04-07 23:30:00,5,1535.42,0,46.61,64.37,44.82,80.98,115.86,29.64
2023-04-08 00:30:00,4,1214.98,0,38.73,59.37,34.33,63.9,91.85,25.33
2023-04-08 01:30:00,4,1001.36,0,30.16,59.37,27.66,54.56,76.75,23.05
2023-04-08 02:30:00,4,907.9,0,26.39,61.51,25.99,52.14,71.71,21.79
2023-04-08 03:30:00,4,881.2,0,24.68,65.8,25.27,52.57,70.95,20.77
2023-04-08 04:30:00,4,921.25,0,24.68,65.09,25.03,55.9,74.34,21.03
2023-04-08 05:30:00,4,1001.36,0,28.1,58.65,26.46,63,82.54,22.55
2023-04-08 06:30:00,5,1281.74,0.02,39.41,43.99,32.42,79.26,103.74,26.6
2023-04-08 07:30:00,5,1869.2,4.69,58.26,30.4,43.87,110.47,146.74,33.94
2023-04-08 08:30:00,5,2269.74,13.19,65.8,59.37,53.41,136.72,180.23,36.48
2023-04-08 09:30:00,5,2029.42,8.72,59.63,137.33,61.99,143.07,181.61,31.41
2023-04-08 10:30:00,5,1949.31,4.92,48.67,234.6,69.62,170.9,209,29.39
2023-04-08 11:30:00,5,1815.8,2.26,33.24,343.32,71.53,200.62,237.33,28.12
2023-04-08 12:30:00,5,674.25,1.2,12,228.88,32.42,57.91,71.19,11.02
2023-04-08 13:30:00,5,480.65,1.06,8.83,194.55,20.74,35.08,44,7.35
2023-04-08 14:30:00,5,440.6,0.99,8.31,183.11,17.64,28.75,36.51,6.71
2023-04-08 15:30:00,4,587.46,1.93,16.79,177.38,25.75,33.4,43.36,8.99
2023-04-08 16:30:00,4,834.47,2.71,29.82,178.81,35.29,44.4,58.15,12.41
2023-04-08 17:30:00,4,1041.41,2.54,43.53,161.65,40.05,50.92,67.84,14.82
2023-04-08 18:30:00,4,1495.36,0.94,67.17,120.16,46.25,66.93,92.29,20.52
2023-04-08 19:30:00,5,2002.72,0,80.2,72.24,51.98,92.66,130.62,28.37
2023-04-08 20:30:00,5,2162.93,0,76.77,45.42,51.98,105.77,150.71,32.93
2023-04-08 21:30:00,5,2162.93,0,71.97,32.54,51.98,111.29,157.23,34.96
2023-04-08 22:30:00,5,2189.64,0.01,66.49,30.04,54.36,114.9,161.04,34.45
2023-04-08 23:30:00,5,1895.9,0,56.21,37.55,48.16,100.23,141.08,29.39
2023-04-09 00:30:00,5,1548.77,0,47.98,37.91,37.67,80.96,115.44,22.8
2023-04-09 01:30:00,5,1562.12,0.03,47.3,25.75,36.24,85.11,120.29,21.79
2023-04-09 02:30:00,5,1668.93,0.27,47.98,14.31,37.67,96.83,134.57,23.05
2023-04-09 03:30:00,5,1789.09,1.7,48.67,4.96,38.62,109.41,150.81,24.83
2023-04-09 04:30:00,5,1922.61,6.03,47.3,0.84,39.1,120.23,164.67,26.6
2023-04-09 05:30:00,5,2056.12,12.41,47.3,0.18,41.01,131.05,177.11,29.39
2023-04-09 06:30:00,5,2590.18,27.05,50.72,0.05,50.54,161.08,214.94,37.49
2023-04-09 07:30:00,5,4219.06,71.53,61.01,2.57,73.43,248.67,328.63,53.7
2023-04-09 08:30:00,5,5874.63,105.5,101.45,13.05,93.46,340.6,443.06,60.29
2023-04-09 09:30:00,5,3257.75,23.02,108.3,94.41,98.23,203.48,258.27,36.48
2023-04-09 10:30:00,5,3204.35,11.51,102.82,217.44,117.3,244.89,301.59,33.44
2023-04-09 11:30:00,5,2750.4,4.58,70.6,383.38,127.79,283.69,335.39,26.6
2023-04-09 12:30:00,5,660.9,1.38,13.54,223.16,40.05,57.43,74.19,7.98
2023-04-09 13:30:00,5,447.27,0.86,7.37,194.55,21.93,36.34,48.98,5.64
2023-04-09 14:30:00,5,420.57,0.83,7.03,181.67,17.17,31.18,43.35,6.27
2023-04-09 15:30:00,4,440.6,0.95,8.74,174.52,16.45,29.2,41.72,7.09
2023-04-09 16:30:00,4,507.35,1.15,13.02,171.66,19.79,30.35,43.85,7.98
2023-04-09 17:30:00,4,574.11,0.99,18.68,160.22,23.13,31.9,46.45,9.12
2023-04-09 18:30:00,4,1108.17,0.47,47.98,120.16,38.15,52.51,76.78,16.97
2023-04-09 19:30:00,5,1762.39,0,68.55,71.53,51.98,81.9,120.42,26.35
2023-04-09 20:30:00,5,1976.01,0,65.8,50.78,54.36,96.1,141.07,30.65
2023-04-09 21:30:00,5,1976.01,0,58.95,47.92,54.84,100.98,146.12,32.17
2023-04-09 22:30:00,5,1815.8,0,51.41,52.93,51.5,95.27,137.5,30.15
2023-04-09 23:30:00,5,1455.31,0,42.16,60.08,41.01,75.33,109.58,24.57
2023-04-10 00:30:00,4,1201.63,0,37.7,58.65,33.38,61.8,89.15,20.52
2023-04-10 01:30:00,4,1361.85,0,43.18,41.13,38.62,73.62,102.77,22.8
2023-04-10 02:30:00,5,1562.12,0.04,48.67,25.75,43.39,90.7,124.56,24.83
2023-04-10 03:30:00,5,1922.61,1.9,55.52,7.24,46.73,117.81,161.83,26.35
2023-04-10 04:30:00,5,2349.85,13.08,51.41,0.1,49.59,150.76,203.66,28.12
2023-04-10 05:30:00,5,2643.59,27.27,45.93,0,50.54,173.91,230.3,30.91
2023-04-10 06:30:00,5,3311.16,53.2,43.87,0.02,60.56,209.02,275.86,41.04
2023-04-10 07:30:00,5,5340.58,119.81,50.72,1.33,93.46,313.28,415.57,64.34
2023-04-10 08:30:00,5,7583.62,178.81,93.22,6.62,123.98,421.47,555.4,79.04
2023-04-10 09:30:00,5,3524.78,34.87,116.53,69.38,114.44,210.66,271.65,45.09
2023-04-10 10:30:00,5,3044.13,13.97,105.56,185.97,129.7,227.22,282.07,39.01
2023-04-10 11:30:00,5,2590.18,5.03,69.92,346.18,125.89,260.05,307.91,32.42
2023-04-10 12:30:00,5,714.3,1.38,14.05,228.88,37.67,65.22,79.86,11.27
2023-04-10 13:30:00,5,507.35,1.12,9.6,197.41,22.41,42.27,53.31,8.36
2023-04-10 14:30:00,5,487.33,1.13,9.77,188.83,20.98,38.23,48.75,8.23
2023-04-10 15:30:00,5,527.38,1.37,12.68,181.67,23.37,38.76,49.62,9.12
2023-04-10 16:30:00,4,640.87,1.79,20.56,174.52,30.04,42.8,55.23,11.02
2023-04-10 17:30:00,4,761.03,1.55,30.16,158.79,34.33,45.93,60.23,12.92
2023-04-10 18:30:00,4,1441.96,0.66,66.49,107.29,49.59,71.31,98.06,22.29
2023-04-10 19:30:00,5,2082.82,0,82.25,59.37,61.99,101.36,143.27,32.42
2023-04-10 20:30:00,5,2216.34,0,74.71,41.48,64.85,114.55,162.16,36.98
2023-04-10 21:30:00,5,2243.04,0,68.55,38.27,65.8,121.16,169.53,39.01
2023-04-10 22:30:00,5,2162.93,0,63.75,41.13,65.8,120.52,166.82,38
2023-04-10 23:30:00,5,1815.8,0,54.15,46.49,55.31,101.13,138.23,32.17
2023-04-11 00:30:00,5,1335.14,0,42.16,50.78,41.96,76.43,102.19,25.33
2023-04-11 01:30:00,4,1188.28,0,37.01,46.49,38.15,71.74,94.38,24.32
2023-04-11 02:30:00,4,1174.93,0,35.64,41.13,37.67,73.66,96.13,24.32
2023-04-11 03:30:00,5,1228.33,0,36.67,34.69,37.67,79.42,103.45,24.83
2023-04-11 04:30:00,5,1375.2,0.05,41.13,25.03,39.1,89.71,116.83,25.59
2023-04-11 05:30:00,5,1628.88,0.89,49.35,11.98,42.92,105.39,137.55,27.61
2023-04-11 06:30:00,5,2243.04,13.08,58.95,1.24,53.88,138.68,183.58,35.46
2023-04-11 07:30:00,5,3391.27,48.73,64.43,2.73,73.43,192.96,259.05,49.14
2023-04-11 08:30:00,5,3685,56.33,82.25,17.7,79.15,200.43,268.66,48.13
2023-04-11 09:30:00,5,2296.45,15.87,78.14,92.98,72.48,143.93,186,32.17
2023-04-11 10:30:00,5,1922.61,6.87,58.95,191.69,72.48,147.12,183.45,29.13
2023-04-11 11:30:00,5,1602.17,2.68,35.64,303.27,68.66,154.94,185.48,27.36
2023-04-11 12:30:00,5,607.49,0.84,8.57,220.3,21.22,68.14,83.29,10.77
2023-04-11 13:30:00,5,507.35,0.78,7.2,197.41,15.97,53.3,68.98,8.87
2023-04-11 14:30:00,5,467.3,0.79,7.28,185.97,14.9,46.28,62.54,7.92
2023-04-11 15:30:00,4,480.65,1.24,11.31,170.23,19.55,39.85,57.2,7.85
2023-04-11 16:30:00,4,567.44,1.72,18.16,155.93,25.51,38.41,57.36,9.25
2023-04-11 17:30:00,4,660.9,1.47,25.02,141.62,28.13,39.76,60.4,10.64
2023-04-11 18:30:00,3,807.76,0.34,33.24,125.89,34.33,46.34,70.47,13.43
2023-04-11 19:30:00,4,947.95,0,33.59,111.58,39.1,53.78,82.92,16.72
2023-04-11 20:30:00,4,974.66,0,31.19,104.43,39.58,56.23,88.76,19.25
2023-04-11 21:30:00,4,1068.12,0,34.62,90.84,44.35,60.19,96.33,23.05
2023-04-11 22:30:00,4,1188.28,0,39.07,76.53,49.11,65.8,104.61,26.35
2023-04-11 23:30:00,4,1081.47,0,35.99,73.67,42.92,60.37,94.51,24.83
2023-04-12 00:30:00,3,827.79,0,26.73,81.54,31.95,49.47,75.33,20.77
2023-04-12 01:30:00,3,707.63,0,19.54,90.84,28.13,48.52,70.31,19.25
2023-04-12 02:30:00,3,627.52,0,15.94,91.55,25.99,47.29,66.02,17.48
2023-04-12 03:30:00,3,500.68,0,12.85,97.27,23.13,42.32,58.3,11.02
2023-04-12 04:30:00,3,473.98,0,13.02,103,24.08,40.46,51.85,7.54
2023-04-12 05:30:00,3,487.33,0,14.91,101.57,25.75,36.91,45.88,7.03
2023-04-12 06:30:00,3,594.14,0,20.91,95.84,30.99,37.67,47.55,8.87
2023-04-12 07:30:00,3,894.55,0.17,35.3,76.53,41.01,47.59,64.83,14.44
2023-04-12 08:30:00,4,1188.28,2.35,48.67,59.37,47.68,59.35,85.67,20.27
2023-04-12 09:30:00,4,1255.04,6.2,46.61,67.95,50.07,63.15,94.11,22.8
2023-04-12 10:30:00,4,1054.76,4.64,35.3,113.01,46.25,56.66,85.43,20.52
2023-04-12 11:30:00,4,801.09,2.65,23.65,165.94,39.58,45.79,68.76,15.58
2023-04-12 12:30:00,4,387.19,0.8,6.34,144.48,12.16,26,44.94,5.07
2023-04-12 13:30:00,3,370.5,0.73,6.17,137.33,10.85,25.75,46.52,4.5
2023-04-12 14:30:00,3,373.84,0.73,7.03,133.04,11.44,25.68,46.96,4.75
2023-04-12 15:30:00,3,403.88,0.89,9.51,128.75,13.71,25.18,46.24,5.38
2023-04-12 16:30:00,3,467.3,1.22,14.22,120.16,16.93,24.79,45.62,6.27
2023-04-12 17:30:00,3,520.71,1.09,19.71,105.86,18.12,24.44,45.96,6.97
2023-04-12 18:30:00,3,781.06,0.41,36.33,78.68,27.42,30.91,56.84,11.15
2023-04-12 19:30:00,3,1041.41,0,46.61,55.79,34.81,39.82,70.61,16.72
2023-04-12 20:30:00,3,1108.17,0,45.24,47.92,33.86,43.63,76.17,19.51
2023-04-12 21:30:00,3,1201.63,0,46.61,35.05,33.38,48.77,83.64,23.05
2023-04-12 22:30:00,4,1361.85,0.23,52.09,16.99,35.76,55.1,93.45,26.85
2023-04-12 23:30:00,4,1321.79,1.48,52.78,5.9,34.33,52.6,89.06,26.6
2023-04-13 00:30:00,3,1188.28,3.8,47.98,1.86,30.04,45.53,76.39,23.31
2023-04-13 01:30:00,3,1161.58,5.98,42.16,0.47,30.52,46.2,75.88,22.8
2023-04-13 02:30:00,4,1161.58,6.09,39.41,0.31,32.9,50.04,81.23,23.05
2023-04-13 03:30:00,4,1174.93,4.58,39.76,0.87,35.29,55.87,91.99,23.31
2023-04-13 04:30:00,4,1214.98,3.07,41.81,1.99,36.24,63.06,105.03,23.56
2023-04-13 05:30:00,4,1348.5,5.2,42.84,1.01,37.67,72.85,119.27,25.59
2023-04-13 06:30:00,5,1789.09,17.66,42.84,0.09,46.25,97.16,152.2,32.17
2023-04-13 07:30:00,5,2803.8,47.39,46.61,2.26,64.85,146.02,220.62,44.58
2023-04-13 08:30:00,5,3631.59,62.58,71.29,12.34,79.15,186.32,274.89,51.68
2023-04-13 09:30:00,5,2803.8,20.34,90.48,87.26,85.83,173.84,244.43,41.54
2023-04-13 10:30:00,5,2456.67,7.49,72.66,217.44,90.6,193.62,259.99,36.98
2023-04-13 11:30:00,5,1976.01,2.68,42.84,346.18,82.02,196.23,253.49,32.93
2023-04-13 12:30:00,5,640.87,0.98,10.71,228.88,27.89,69.93,97.92,11.27
2023-04-13 13:30:00,5,494,0.91,8.4,197.41,19.55,48.7,70.5,7.92
2023-04-13 14:30:00,5,453.95,0.94,8.48,183.11,18.36,40.19,59.64,6.9
2023-04-13 15:30:00,4,594.14,2.01,18.51,171.66,30.99,42.9,64.13,9.25
2023-04-13 16:30:00,4,801.09,2.71,30.85,164.51,41.96,49.62,74.52,12.67
2023-04-13 17:30:00,4,961.3,2.43,43.53,141.62,45.3,52.51,81.48,14.95
2023-04-13 18:30:00,4,1388.55,0.85,65.8,98.71,53.41,65.65,103.95,21.28
2023-04-13 19:30:00,5,1695.63,0,68.55,65.09,58.17,80.67,128.77,27.36
2023-04-13 20:30:00,5,1668.93,0,56.21,61.51,55.79,87.47,138.84,29.39
2023-04-13 21:30:00,5,1682.28,0,50.72,71.53,56.74,98.32,151.11,30.91
2023-04-13 22:30:00,5,1842.5,0,52.78,78.68,62.94,115.97,173.42,32.93
2023-04-13 23:30:00,5,1815.8,0,52.78,82.25,60.56,121.1,179.72,31.16
2023-04-14 00:30:00,5,1789.09,0,58.26,61.51,55.79,121.66,177.95,26.6
2023-04-14 01:30:00,5,1922.61,0,60.32,36.84,55.31,131.38,189.07,25.84
2023-04-14 02:30:00,5,2002.72,0.08,58.95,20.56,54.36,138.97,199.21,25.84
2023-04-14 03:30:00,5,2002.72,0.75,55.52,9.12,51.02,144.34,206.68,26.09
2023-04-14 04:30:00,5,2056.12,4.36,51.41,1.88,48.64,150.9,211.84,26.85
2023-04-14 05:30:00,5,2109.53,11.62,47.3,0.19,46.73,154.83,212.74,29.13
2023-04-14 06:30:00,5,2376.56,24.81,48.67,0.07,52.93,164.42,226.52,36.48
2023-04-14 07:30:00,5,3471.37,58.11,59.63,2.39,75.34,210.18,294.41,49.65
2023-04-14 08:30:00,5,4486.08,77.78,89.11,12.87,94.41,250.59,351.58,56.24
2023-04-14 09:30:00,5,3311.16,22.8,113.79,95.84,111.58,212.94,291.82,43.06
2023-04-14 10:30:00,5,3070.83,8.83,95.96,243.19,127.79,246.8,322.42,39.52
2023-04-14 11:30:00,5,2616.88,3.13,58.95,429.15,125.89,276.03,346.29,35.97
2023-04-14 12:30:00,5,720.98,1.1,13.02,251.77,37.67,79.29,115.54,12.16
2023-04-14 13:30:00,5,487.33,1.08,9.51,191.69,22.41,48.97,79.28,7.92
2023-04-14 14:30:00,4,447.27,1.1,9.51,175.95,20.5,42.06,70.85,7.09
2023-04-14 15:30:00,4,640.87,2.32,21.76,170.23,34.81,48.41,80.23,10.26
2023-04-14 16:30:00,4,947.95,3.07,39.41,173.09,50.07,61.45,97.7,14.57
2023-04-14 17:30:00,4,1174.93,2.51,56.21,154.5,54.36,67.7,107.21,16.97
2023-04-14 18:30:00,5,1655.58,0.77,84.31,111.58,61.04,83.36,131.48,23.05
2023-04-14 19:30:00,5,1976.01,0,89.11,75.82,67.71,99.29,154.86,27.36
2023-04-14 20:30:00,5,1922.61,0,77.46,70.81,65.8,102.63,159.13,27.61
2023-04-14 21:30:00,5,2830.51,0.1,102.82,36.48,82.97,151.39,223.95,39.01
2023-04-14 22:30:00,5,4325.87,10.06,130.24,1.7,114.44,238.04,333.65,52.69
2023-04-14 23:30:00,5,5126.95,27.49,123.38,0.01,123.98,286.51,394.45,52.18
2023-04-15 00:30:00,5,4646.3,29.06,109.67,0,100.14,259.96,366.27,39.01
2023-04-15 01:30:00,5,4165.65,26.6,95.96,0,81.06,238.61,336.77,30.91
2023-04-15 02:30:00,5,3952.03,24.36,87.74,0.01,70.57,233.41,321.09,27.87
2023-04-15 03:30:00,5,3685,19.89,83.63,0.02,61.99,222.85,299.59,26.09
2023-04-15 04:30:00,5,3364.56,17.21,76.77,0.02,54.36,206.28,275.57,24.83
2023-04-15 05:30:00,5,3070.83,18.78,68.55,0.01,48.16,188.57,255.29,26.35
2023-04-15 06:30:00,5,3284.45,34.42,64.43,0.04,53.41,194.78,270.35,35.97
2023-04-15 07:30:00,5,4592.9,81.36,67.86,1.83,76.29,250.87,352.98,52.18
2023-04-15 08:30:00,5,5874.63,109.08,112.41,11.62,92.51,299.39,418.97,58.26
2023-04-15 09:30:00,5,2964.02,15.87,104.19,120.16,65.8,162.79,233.01,33.44
2023-04-15 10:30:00,5,2803.8,6.59,85,274.66,69.62,179.16,249.15,32.42
2023-04-15 11:30:00,5,2723.69,2.54,56.89,474.93,71.53,231.18,300.71,30.65
2023-04-15 12:30:00,5,587.46,0.94,10.8,231.74,25.27,58.41,92.24,8.36
2023-04-15 13:30:00,5,447.27,0.8,7.88,200.27,17.88,45.86,78.24,6.65
2023-04-15 14:30:00,5,427.25,0.8,7.97,191.69,17.64,43.6,76.16,6.59
2023-04-15 15:30:00,5,620.84,1.76,19.36,191.69,31.47,52.22,88.45,9.75
2023-04-15 16:30:00,5,907.9,2.4,35.99,197.41,47.21,65.67,106.5,13.55
2023-04-15 17:30:00,4,1121.52,1.96,52.09,174.52,51.98,70.92,115.12,15.33
2023-04-15 18:30:00,5,2456.67,1.3,127.49,72.24,69.62,112.22,178.78,28.37
2023-04-15 19:30:00,5,4165.65,10.73,183.7,3.04,98.23,180.67,282.38,49.14
2023-04-15 20:30:00,5,5340.58,37.1,180.96,0,123.98,243.48,373.61,72.96
2023-04-15 21:30:00,5,6355.29,60.8,175.48,0,148.77,311.87,459.69,94.23
2023-04-15 22:30:00,5,7583.62,86.72,167.25,0,175.48,398.18,550.2,90.18
2023-04-15 23:30:00,5,8331.3,95.67,165.88,0,173.57,446.12,584.16,63.84
2023-04-16 00:30:00,5,6568.91,47.83,157.65,0,123.98,347.07,453.44,35.97
2023-04-16 01:30:00,5,5500.79,28.16,132.98,0,93.46,291.88,388,30.4
2023-04-16 02:30:00,5,4539.49,17.43,109.67,0.03,77.25,250.2,339.57,31.41
2023-04-16 03:30:00,5,4058.84,14.19,95.96,0.04,75.34,235.3,321.64,35.46
2023-04-16 04:30:00,5,3898.62,16.76,84.31,0.01,71.53,239.5,324.21,35.46
2023-04-16 05:30:00,5,3791.81,21.23,73.34,0,63.9,243.17,328.81,33.44
2023-04-16 06:30:00,5,4058.84,37.55,64.43,0.04,62.94,258.43,353.14,38
2023-04-16 07:30:00,5,5607.6,88.51,68.55,1.56,88.69,332.29,459.6,55.73
2023-04-16 08:30:00,5,7370,125.17,119.27,10.1,115.39,418.81,577.09,69.92
2023-04-16 09:30:00,5,3124.24,15.65,101.45,117.3,84.88,200.78,271.88,41.04
2023-04-16 10:30:00,5,2136.23,5.48,62.38,234.6,68.66,155.69,215.3,32.93
2023-04-16 11:30:00,5,1361.85,1.65,27.76,323.3,50.07,132.58,181.89,25.84
2023-04-16 12:30:00,4,400.54,0.59,5.83,161.65,12.64,40.04,72.55,6.65
2023-04-16 13:30:00,4,340.46,0.55,5.48,140.19,10.13,31.94,62.74,5.07
2023-04-16 14:30:00,3,343.8,0.63,6.43,138.76,11.21,31.07,62.04,5.07
2023-04-16 15:30:00,3,387.19,0.73,9.6,134.47,13.71,31.9,63.78,5.7
2023-04-16 16:30:00,3,453.95,0.89,14.22,130.18,17.17,33.88,67.22,6.71
2023-04-16 17:30:00,3,520.71,0.84,18.68,127.32,19.79,35.75,70.58,7.6
2023-04-16 18:30:00,4,1668.93,0.78,80.2,78.68,43.87,74.03,128.1,21.53
2023-04-16 19:30:00,5,3150.94,1.09,138.46,16.09,71.53,138.83,222,38
2023-04-16 20:30:00,5,3791.81,13.97,127.49,0.18,80.11,178.45,279.54,45.09
2023-04-16 21:30:00,5,4325.87,35.76,104.19,0,86.78,217.67,334.35,51.17
2023-04-16 22:30:00,5,5126.95,63.48,89.11,0,99.18,268.5,403.82,57.76
2023-04-16 23:30:00,5,5447.39,84.04,78.14,0,100.14,286.53,424.65,57.25
2023-04-17 00:30:00,5,5073.55,86.72,72.66,0,89.65,261.89,384.64,54.72
2023-04-17 01:30:00,5,4699.71,82.25,72.66,0,88.69,248.3,362.92,61.3
2023-04-17 02:30:00,5,4592.9,76,72.66,0,95.37,252.77,366.23,68.9
2023-04-17 03:30:00,5,4432.68,68.84,69.92,0,98.23,257.34,370.36,69.92
2023-04-17 04:30:00,5,4005.43,57.22,65.8,0,83.92,240.12,343.37,57.25
2023-04-17 05:30:00,5,3311.16,44.26,60.32,0,64.85,197.48,280.74,46.61
2023-04-17 06:30:00,5,2696.99,37.55,54.84,0.06,57.7,152.21,220.42,46.61
2023-04-17 07:30:00,5,3364.56,60.8,59.63,2.7,73.43,170.24,251.82,54.21
2023-04-17 08:30:00,5,3952.03,66.16,87.74,16.09,84.88,191.16,283.31,54.21
2023-04-17 09:30:00,5,2590.18,18.33,90.48,90.84,86.78,135.61,204.99,35.46
2023-04-17 10:30:00,5,2323.15,6.93,74.03,217.44,99.18,155.21,221.77,32.93
2023-04-17 11:30:00,5,2056.12,2.49,49.35,366.21,100.14,191.05,258.52,30.91
2023-04-17 12:30:00,5,560.76,0.98,11.48,203.13,32.42,60.1,99.6,8.49
2023-04-17 13:30:00,4,433.92,0.96,9,170.23,20.74,43.43,75.45,6.4
2023-04-17 14:30:00,4,427.25,1.03,9.6,164.51,19.31,39.9,69.43,6.27
2023-04-17 15:30:00,4,427.25,1.1,10.37,160.22,18.84,37.83,65.61,6.33
2023-04-17 16:30:00,4,447.27,1.16,12.85,150.2,19.07,36.58,63.75,6.65
2023-04-17 17:30:00,3,467.3,0.96,16.45,134.47,19.07,34.72,61.55,6.84
2023-04-17 18:30:00,5,2189.64,10.39,101.45,33.26,54.84,86.31,141.66,27.36
2023-04-17 19:30:00,5,4325.87,53.64,128.87,0.04,104.9,176.4,274.14,51.68
2023-04-17 20:30:00,5,5714.42,82.25,128.87,0,146.87,259.89,388.63,70.93
2023-04-17 21:30:00,5,6942.75,103.71,137.09,0,198.36,343.88,491.95,106.39
2023-04-17 22:30:00,5,8010.86,126.96,145.32,0,244.14,413.1,580.28,143.89
2023-04-17 23:30:00,5,8331.3,137.69,153.54,0,259.4,431.82,602.96,154.02
2023-04-18 00:30:00,5,7370,121.59,153.54,0,223.16,372.55,523.68,131.73
2023-04-18 01:30:00,5,6141.66,92.98,141.2,0,169.75,302.01,425.43,106.39
2023-04-18 02:30:00,5,4753.11,59.01,120.64,0,115.39,228.93,322.75,78.02
2023-04-18 03:30:00,5,2162.93,3.07,81.57,5.9,50.54,108.8,157.16,30.65
2023-04-18 04:30:00,5,1495.36,0.04,50.04,20.56,33.86,82.27,121.02,22.29
2023-04-18 05:30:00,4,1241.68,0.02,38.39,25.75,30.52,71.8,107.32,21.79
2023-04-18 06:30:00,4,1348.5,0.8,45.93,16.45,36.24,72.77,110.87,25.08
2023-04-18 07:30:00,5,1842.5,13.41,56.21,12.87,48.16,86.55,137.3,31.66
2023-04-18 08:30:00,5,2029.42,22.8,63.75,33.62,52.93,86.39,144.44,31.92
2023-04-18 09:30:00,4,1415.25,11.85,52.78,77.96,54.84,62.52,111.2,23.56
2023-04-18 10:30:00,4,1295.09,7.26,48.67,143.05,65.8,68.49,115.47,22.29
2023-04-18 11:30:00,5,1188.28,3.8,41.47,243.19,77.25,89.81,134.91,20.77
2023-04-18 12:30:00,4,507.35,1.4,12.51,178.81,29.33,42.52,76.48,7.41
2023-04-18 13:30:00,4,390.53,1.12,8.83,157.36,19.07,31.34,60.65,4.88
2023-04-18 14:30:00,4,377.18,1.13,8.91,151.63,17.64,29.17,57.79,4.5
2023-04-18 15:30:00,4,390.53,1.17,10.28,144.48,17.64,28.35,59.85,5.19
2023-04-18 16:30:00,3,427.25,1.22,13.88,135.9,18.12,28.47,65.26,6.52
2023-04-18 17:30:00,3,460.62,0.95,17.99,117.3,17.4,27.01,67.21,7.09
2023-04-18 18:30:00,4,1241.68,1.03,65.8,59.37,34.33,47.85,101.01,16.72
2023-04-18 19:30:00,5,2243.04,3.32,106.93,7.51,57.7,84.46,158.13,29.39
2023-04-18 20:30:00,5,2830.51,15.87,102.82,0.13,74.39,117.02,206.59,38
2023-04-18 21:30:00,5,3391.27,26.6,98.71,0.01,91.55,151.17,251.52,44.58
2023-04-18 22:30:00,5,4325.87,42.92,101.45,0,119.21,209.98,328.52,53.2
2023-04-18 23:30:00,5,5393.98,58.11,109.67,0,139.24,277.34,419.62,56.24
2023-04-19 00:30:00,5,5607.6,63.48,102.82,0,129.7,298.3,453.73,45.09
2023-04-19 01:30:00,5,4966.74,55.88,86.37,0,105.86,277.21,420.13,35.46
2023-04-19 02:30:00,5,3952.03,40.68,70.6,0,82.97,230.74,349.99,30.4
2023-04-19 03:30:00,5,2830.51,24.59,57.58,0.01,62.94,170.18,260.24,28.88
2023-04-19 04:30:00,5,2162.93,16.76,47.3,0.03,53.41,133.19,201.58,29.64
2023-04-19 05:30:00,5,2029.42,16.76,43.87,0.04,51.98,125.14,185.64,30.65
2023-04-19 06:30:00,5,2296.45,24.36,47.3,0.47,60.08,139.59,205.99,37.49
2023-04-19 07:30:00,5,3311.16,48.28,58.26,6.62,78.2,188.45,276.81,50.66
2023-04-19 08:30:00,5,3685,47.83,84.31,30.4,83.92,210.63,310.69,53.2
2023-04-19 09:30:00,5,1415.25,7.82,50.04,108.72,70.57,114.24,163.41,24.07
2023-04-19 10:30:00,5,1148.22,4.25,36.33,175.95,68.66,102.83,142.35,18.75
2023-04-19 11:30:00,5,1014.71,2.49,27.76,246.05,69.62,107.32,143.26,16.47
2023-04-19 12:30:00,5,700.95,0.87,19.36,208.85,45.78,74.39,107.71,10.26
2023-04-19 13:30:00,4,574.11,0.85,17.48,164.51,31.95,48.35,76.1,7.41
2023-04-19 14:30:00,4,480.65,0.86,13.02,144.48,21.7,33.25,54.51,5.57
2023-04-19 15:30:00,3,587.46,1.65,21.76,127.32,28.37,34.57,56.68,7.73
2023-04-19 16:30:00,3,794.41,2.18,35.64,113.01,39.1,44.69,71.23,11.4
2023-04-19 17:30:00,3,961.3,1.52,45.24,98.71,43.39,47.89,73.07,13.43
2023-04-19 18:30:00,3,1068.12,0.28,46.61,87.98,45.78,47.69,69.03,14.57
2023-04-19 19:30:00,4,1161.58,0,42.16,82.97,49.59,50.3,72.23,16.47
2023-04-19 20:30:00,4,1201.63,0,40.1,79.39,50.07,54.83,81.98,18.75
2023-04-19 21:30:00,4,1295.09,0,47.3,57.94,58.17,63.79,101.11,24.32
2023-04-19 22:30:00,4,1441.96,0.02,58.95,29.68,67.71,72.52,115.09,29.13
2023-04-19 23:30:00,4,1401.9,0.12,58.26,18.6,65.8,69.76,109.5,27.11
2023-04-20 00:30:00,4,1268.39,0.15,53.47,16.81,57.7,63.51,98.86,22.55
2023-04-20 01:30:00,4,1308.44,0.15,48.67,16.27,53.88,68.34,103.28,22.55
2023-04-20 02:30:00,5,1361.85,0.14,44.55,16.27,51.02,75.8,111.51,23.81
2023-04-20 03:30:00,5,1495.36,0.59,44.55,9.92,51.02,86.69,125.31,25.84
2023-04-20 04:30:00,5,1735.69,4.19,47.3,1.74,53.88,104.34,147.76,27.87
2023-04-20 05:30:00,5,2082.82,14.75,47.98,0.03,59.13,126.83,176.29,30.65
2023-04-20 06:30:00,5,2777.1,37.1,49.35,0.06,71.53,165.72,226.5,39.01
2023-04-20 07:30:00,5,4112.24,78.68,57.58,1.92,96.32,232.03,313.52,53.2
2023-04-20 08:30:00,5,5073.55,92.98,100.08,13.77,120.16,283.77,376.48,58.77
2023-04-20 09:30:00,5,1895.9,19.89,77.46,57.94,127.79,99.83,133.84,24.32
2023-04-20 10:30:00,5,1482.01,8.05,65.12,103,105.86,80.8,110.21,19.51
2023-04-20 11:30:00,5,1241.68,2.49,48.67,173.09,87.74,90.04,116.67,16.72
2023-04-20 12:30:00,4,680.92,0.82,18.68,170.23,37.67,54.86,72.11,8.36
2023-04-20 13:30:00,4,507.35,0.99,11.82,153.06,22.41,38.91,53.13,5.83
2023-04-20 14:30:00,4,467.3,1.19,10.45,151.63,19.55,35.88,49.71,5.38
2023-04-20 15:30:00,4,453.95,1.16,10.62,147.34,18.12,32.53,46.14,5.45
2023-04-20 16:30:00,3,473.98,1.06,13.71,130.18,18.6,28.42,41.89,6.14
2023-04-20 17:30:00,3,507.35,0.66,18.16,111.58,19.31,23.89,37.04,7.03
2023-04-20 18:30:00,3,834.47,0.22,40.44,79.39,38.15,31.6,49.38,12.79
2023-04-20 19:30:00,4,1348.5,0,64.43,47.92,68.66,52.86,81.04,22.29
2023-04-20 20:30:00,4,1655.58,0,71.97,31.47,81.06,70.19,110.41,29.39
2023-04-20 21:30:00,4,1535.42,0,55.52,40.05,68.66,71.84,115.91,30.15
2023-04-20 22:30:00,4,1281.74,0,39.41,45.42,53.88,58.33,93.43,27.36
2023-04-20 23:30:00,3,1041.41,0,34.62,40.05,45.78,41.23,67.45,22.55
2023-04-21 00:30:00,3,827.79,0,31.19,37.91,41.48,29.73,48.63,18.24
2023-04-21 01:30:00,3,794.41,0,29.47,33.62,41.48,29.81,46.87,18.49
2023-04-21 02:30:00,3,821.11,0.01,29.82,27.54,41.48,33.03,50.02,20.01
2023-04-21 03:30:00,3,894.55,0.05,32.22,20.56,41.48,38.51,56.75,21.53
2023-04-21 04:30:00,3,1028.06,0.31,35.99,12.52,42.44,46.03,66.95,23.05
2023-04-21 05:30:00,4,1188.28,2.07,40.78,4.43,45.78,54.73,79.12,25.08
2023-04-21 06:30:00,4,1508.71,11.18,43.18,0.55,50.54,68.05,99.44,30.15
2023-04-21 07:30:00,5,2136.23,29.95,49.35,5.9,60.56,90.11,133.63,39.52
2023-04-21 08:30:00,5,2403.26,30.85,69.23,30.4,68.66,95.97,142.92,41.54
2023-04-21 09:30:00,3,1081.47,10.39,49.35,92.98,89.65,49.66,69.99,20.01
2023-04-21 10:30:00,4,827.79,6.09,39.41,147.34,87.74,49.43,64.87,14.82
2023-04-21 11:30:00,5,754.36,3.86,33.24,205.99,82.97,61.05,75.38,12.67
2023-04-21 12:30:00,5,567.44,1.56,15.59,217.44,43.87,52.85,70.18,8.11
2023-04-21 13:30:00,5,500.68,0.96,10.88,214.58,27.89,49.04,75.93,6.65
2023-04-21 14:30:00,5,494,0.85,10.97,211.72,24.08,48.71,81.88,6.4
2023-04-21 15:30:00,5,487.33,0.83,11.65,203.13,21.93,46.79,83.75,6.33
2023-04-21 16:30:00,5,500.68,0.88,14.05,191.69,22.17,45.23,83.71,6.78
2023-04-21 17:30:00,4,534.06,0.71,17.82,175.95,23.6,43.89,82.36,7.35
2023-04-21 18:30:00,4,1228.33,0.43,58.26,123.02,48.16,68.46,117.41,17.23
2023-04-21 19:30:00,5,2349.85,0.01,101.45,66.52,86.78,122.54,192.91,33.44
2023-04-21 20:30:00,5,3017.43,0,113.79,44.35,106.81,167.45,256.9,44.08
2023-04-21 21:30:00,5,2990.72,0,97.33,40.05,100.14,174.39,271.06,45.6
2023-04-21 22:30:00,5,2349.85,0,69.92,44.35,79.15,139.57,218.54,40.53
2023-04-21 23:30:00,5,1522.06,0,46.61,63.66,59.6,87.38,138.28,29.64
2023-04-22 00:30:00,4,1028.06,0,35.64,77.96,52.93,57.94,89.86,21.53
2023-04-22 01:30:00,4,1041.41,0,33.93,70.1,51.5,58.79,87.79,20.52
2023-04-22 02:30:00,4,1094.82,0,32.9,60.08,50.07,63.16,93.79,21.03
2023-04-22 03:30:00,5,1321.79,0,38.04,39.7,49.59,79.45,115.67,22.8
2023-04-22 04:30:00,5,1708.98,0.18,47.3,17.7,52.45,104.91,147.36,24.57
2023-04-22 05:30:00,5,2162.93,4.58,56.21,2.66,59.6,134.97,183.94,26.85
2023-04-22 06:30:00,5,3044.13,27.05,58.26,0.13,74.39,184.94,247.64,34.96
2023-04-22 07:30:00,5,5180.36,87.62,67.17,2.3,103.95,298.2,393.32,54.21
2023-04-22 08:30:00,5,7476.81,137.69,116.53,9.57,123.98,409.43,531.03,62.32
2023-04-22 09:30:00,5,1321.79,11.73,71.97,105.86,131.61,77.36,107.41,16.47
2023-04-22 10:30:00,4,1041.41,7.49,55.52,158.79,113.49,69.53,97.37,14.69
2023-04-22 11:30:00,5,1094.82,4.81,47.3,231.74,111.58,92.47,121.83,14.95
2023-04-22 12:30:00,5,794.41,1.7,21.08,280.38,66.76,92.76,121.19,9.88
2023-04-22 13:30:00,5,620.84,0.86,11.48,274.66,47.21,82.69,108.2,7.41
2023-04-22 14:30:00,5,540.73,0.73,10.02,257.49,39.58,69.2,92.27,6.71
2023-04-22 15:30:00,5,467.3,0.69,9.42,226.02,29.8,50.7,71.62,6.65
2023-04-22 16:30:00,5,447.27,0.68,10.71,197.41,23.13,39.63,59.38,7.66
2023-04-22 17:30:00,4,467.3,0.5,13.37,178.81,21.93,35.72,55.29,8.74
2023-04-22 18:30:00,4,674.25,0.18,27.08,154.5,34.33,42.19,65.37,12.54
2023-04-22 19:30:00,4,921.25,0,35.3,127.32,47.21,52.51,81.39,17.48
2023-04-22 20:30:00,4,961.3,0,35.3,110.15,50.54,54.69,85.2,20.01
2023-04-22 21:30:00,4,1054.76,0,39.76,90.12,53.41,55.97,87.41,22.8
2023-04-22 22:30:00,4,1241.68,0,41.47,75.82,50.54,63.16,97.33,26.35
2023-04-22 23:30:00,4,1228.33,0,36.67,72.24,42.92,62.2,95.27,25.33
2023-04-23 00:30:00,4,1188.28,0,36.33,61.51,40.05,59.19,89.76,22.04
2023-04-23 01:30:00,4,1308.44,0,38.39,45.78,42.92,66.25,98.38,21.79
2023-04-23 02:30:00,4,1361.85,0,37.7,36.84,44.82,71.9,105.46,22.8
2023-04-23 03:30:00,5,1428.6,0.01,39.76,28.97,48.16,77.79,112.31,23.56
2023-04-23 04:30:00,5,1522.06,0.05,45.93,21.46,52.93,85.1,118.78,23.05
2023-04-23 05:30:00,5,1495.36,0.14,50.72,17.52,54.84,83.9,115.42,21.79
2023-04-23 06:30:00,5,1495.36,0.99,54.84,13.59,56.74,80.16,111.36,24.57
2023-04-23 07:30:00,5,1976.01,12.52,60.32,6.35,63.9,97.53,138.34,33.44
2023-04-23 08:30:00,5,2296.45,24.81,59.63,13.41,66.76,105.16,153.83,40.53
2023-04-23 09:30:00,3,801.09,5.2,29.47,92.98,47.21,40.4,60.72,14.06
2023-04-23 10:30:00,3,640.87,4.41,23.65,118.73,49.11,34.65,52.59,11.27
2023-04-23 11:30:00,3,580.79,4.97,26.39,135.9,71.53,35.82,53.23,10.51
2023-04-23 12:30:00,4,447.27,2.74,21.25,154.5,59.13,29.58,43.15,7.54
2023-04-23 13:30:00,4,400.54,1.17,15.94,161.65,38.62,25.68,37.79,6.4
2023-04-23 14:30:00,4,383.85,0.4,12.85,155.93,26.7,23.06,35.23,6.21
2023-04-23 15:30:00,4,390.53,0.14,12.51,148.77,23.13,22.14,34.4,6.4
2023-04-23 16:30:00,4,440.6,0.18,15.94,145.91,25.99,24.08,36.48,7.41
2023-04-23 17:30:00,4,514.03,0.14,20.39,143.05,28.85,27.85,41.19,8.74
2023-04-23 18:30:00,4,1201.63,0.06,57.58,98.71,45.3,52.62,77.42,17.73
2023-04-23 19:30:00,5,2296.45,0,101.45,44.7,72.48,103.25,150.87,31.41
2023-04-23 20:30:00,5,3097.53,0.06,119.27,21.28,89.65,152.54,218.26,41.04
2023-04-23 21:30:00,5,4219.06,9.83,127.49,3,107.77,227.54,318.7,52.69
2023-04-23 22:30:00,5,5500.79,36.21,120.64,0,123.98,318.67,439.33,63.84
2023-04-23 23:30:00,5,5821.23,50.96,109.67,0,119.21,344.07,477.66,60.8
2023-04-24 00:30:00,5,5126.95,47.83,100.08,0,97.27,295.98,418.22,48.13
2023-04-24 01:30:00,5,4379.27,40.68,86.37,0,85.83,252.74,356.99,38
2023-04-24 02:30:00,5,3391.27,24.59,74.71,0.13,75.34,197.99,275,30.65
2023-04-24 03:30:00,5,2002.72,0.41,62.38,12.34,62.94,126.2,171.84,26.85
2023-04-24 04:30:00,5,2216.34,3.27,60.32,3.08,68.66,145.3,194.49,28.88
2023-04-24 05:30:00,5,2670.29,13.63,60.32,0.09,76.29,175.02,234.4,32.17
2023-04-24 06:30:00,5,3391.27,34.42,59.63,0.05,85.83,214.17,291.24,42.56
2023-04-24 07:30:00,5,5287.17,91.2,67.86,0.64,113.49,315.29,428.85,63.33
2023-04-24 08:30:00,5,7263.18,151.99,87.74,1.34,141.14,411.32,550.43,73.97
2023-04-24 09:30:00,5,2964.02,39.34,108.3,8.14,160.22,179.58,234.42,42.05
2023-04-24 10:30:00,5,2403.26,25.93,111.04,30.04,167.85,147.55,195.63,38
2023-04-24 11:30:00,5,1922.61,14.08,94.59,80.11,148.77,131.05,171.22,32.93
2023-04-24 12:30:00,4,807.76,3.46,36.33,150.2,67.71,65.78,83.55,13.68
2023-04-24 13:30:00,4,514.03,1.62,19.02,165.94,40.53,41.82,52.2,7.66
2023-04-24 14:30:00,4,447.27,1.56,17.82,160.22,40.05,30.09,37.82,6.27
2023-04-24 15:30:00,4,447.27,1.87,20.39,150.2,43.39,23.89,30.68,5.95
2023-04-24 16:30:00,4,487.33,2.18,26.05,145.91,52.93,24.59,31.42,6.14
2023-04-24 17:30:00,4,534.06,1.72,32.56,143.05,61.04,30.05,37.67,6.46
2023-04-24 18:30:00,3,907.9,0.68,54.84,113.01,75.34,45.04,59.5,12.29
2023-04-24 19:30:00,4,1321.79,0.01,65.12,85.12,75.34,63.8,88.88,20.52
2023-04-24 20:30:00,4,1495.36,0,64.43,73.67,69.62,74.97,105.27,25.33
2023-04-24 21:30:00,4,1455.31,0,57.58,73.67,60.56,73.72,103.75,26.35
2023-04-24 22:30:00,4,1281.74,0,47.3,76.53,49.59,62.47,88.64,24.57
2023-04-24 23:30:00,3,1054.76,0,38.73,79.39,40.05,47.44,66.9,21.28
2023-04-25 00:30:00,3,881.2,0,31.87,75.82,31.95,37.38,51.44,19.51
2023-04-25 01:30:00,3,881.2,0,29.47,65.09,29.56,37.95,52.07,21.03
2023-04-25 02:30:00,3,894.55,0,29.13,56.51,30.99,40.83,56.73,22.8
2023-04-25 03:30:00,3,947.95,0,31.19,48.64,34.33,46.97,65.38,24.32
2023-04-25 04:30:00,4,1028.06,0,33.59,40.05,36.72,53.81,74.53,25.84
2023-04-25 05:30:00,4,1134.87,0.03,38.39,30.04,37.67,61.85,84.73,27.87
2023-04-25 06:30:00,5,1428.6,1.61,49.35,14.13,41.96,77.13,106.02,32.93
2023-04-25 07:30:00,5,2029.42,16.54,56.21,11.27,51.98,102.33,142.28,41.04
2023-04-25 08:30:00,5,2376.56,24.36,66.49,34.69,61.99,116.87,160.41,41.54
2023-04-25 09:30:00,4,1001.36,6.2,37.01,115.87,94.41,64.36,80.06,15.71
2023-04-25 10:30:00,4,794.41,3.74,27.76,173.09,89.65,61.13,73.63,12.54
2023-04-25 11:30:00,5,727.65,2.51,22.96,226.02,86.78,67.35,78.84,11.65
2023-04-25 12:30:00,5,600.81,1.63,15.77,237.46,63.9,61.07,71.23,8.61
2023-04-25 13:30:00,5,574.11,1.66,16.62,246.05,60.08,60.97,70.95,7.28
2023-04-25 14:30:00,5,607.49,1.93,22.28,268.94,76.29,69.02,79.64,7.03
2023-04-25 15:30:00,5,647.54,1.84,25.7,274.66,82.97,73.02,84.55,7.54
2023-04-25 16:30:00,5,700.95,1.7,29.47,251.77,76.29,68.96,81.59,8.74
2023-04-25 17:30:00,5,747.68,1.37,33.59,208.85,66.76,59.41,73.29,10.26
2023-04-25 18:30:00,5,2243.04,1.01,108.3,82.97,87.74,109.13,147.71,30.15
2023-04-25 19:30:00,5,4325.87,19.22,149.43,1.74,122.07,208.2,290.69,56.74
2023-04-25 20:30:00,5,5661.01,52.3,131.61,0,141.14,289.84,411.18,72.96
2023-04-25 21:30:00,5,5928.04,60.8,119.27,0,137.33,320.3,461.9,79.04
2023-04-25 22:30:00,5,5821.23,63.48,105.56,0,127.79,320.34,463.52,80.05
2023-04-25 23:30:00,5,5180.36,61.69,93.22,0,105.86,282.01,408.23,69.92
2023-04-26 00:30:00,5,4005.43,46.04,83.63,0,74.39,207.59,297.35,49.65
2023-04-26 01:30:00,5,3070.83,26.82,73.34,0.01,54.84,156.42,221.86,38.5
2023-04-26 02:30:00,5,2403.26,11.29,65.8,0.4,44.82,127.46,176.54,33.44
2023-04-26 03:30:00,5,2189.64,4.19,63.75,1.7,42.92,122.9,164.51,31.41
2023-04-26 04:30:00,5,2323.15,5.36,63.06,1.17,44.35,136.7,177.38,30.91
2023-04-26 05:30:00,5,2536.77,11.62,60.32,0.26,45.3,151.98,193.13,31.92
2023-04-26 06:30:00,5,3231.05,33.53,58.26,0.45,54.84,186.7,239.49,40.53
2023-04-26 07:30:00,5,4859.92,84.94,67.17,3.13,79.15,264.55,345.78,57.25
2023-04-26 08:30:00,5,5821.23,101.92,106.93,13.77,91.55,298.44,390.96,58.77
2023-04-26 09:30:00,5,1241.68,4.19,40.44,143.05,48.64,79.88,97.61,14.19
2023-04-26 10:30:00,4,1028.06,2.29,33.59,174.52,49.59,74.51,90.79,13.43
2023-04-26 11:30:00,5,1054.76,1.47,40.78,188.83,64.85,81.64,99.62,14.69
2023-04-26 12:30:00,5,867.84,0.59,32.9,191.69,55.79,76.56,92.24,11.27
2023-04-26 13:30:00,5,774.38,0.42,29.47,183.11,50.07,69.36,84.36,10.26
2023-04-26 14:30:00,4,767.71,0.27,29.82,173.09,50.54,65.73,81.47,10.26
2023-04-26 15:30:00,4,741,0.1,27.42,164.51,46.25,63.36,79.39,10.01
2023-04-26 16:30:00,4,727.65,0.03,25.36,160.22,41.01,62.64,78.73,10.01
2023-04-26 17:30:00,4,727.65,0.01,25.36,158.79,44.82,62.95,78.85,10.26
2023-04-26 18:30:00,5,1789.09,0.01,81.57,83.68,76.29,99.5,133.91,24.32
2023-04-26 19:30:00,5,3471.37,5.81,137.09,7.96,115.39,176.72,249.14,47.12
2023-04-26 20:30:00,5,4859.92,31.29,132.98,0.01,143.05,255.92,365.54,63.33
2023-04-26 21:30:00,5,5981.45,52.75,124.75,0,162.12,327.37,462.89,73.97
2023-04-26 22:30:00,5,6301.88,59.01,112.41,0,156.4,352.74,502.83,70.93
2023-04-26 23:30:00,5,5180.36,42.47,98.71,0,121.12,296.23,431.14,56.24
2023-04-27 00:30:00,5,3738.4,19.67,89.11,0.02,88.69,226.25,330.28,42.56
2023-04-27 01:30:00,5,3391.27,14.98,83.63,0.03,78.2,224.71,319.42,40.53
2023-04-27 02:30:00,5,3417.97,15.65,80.88,0.01,72.48,245.03,337.04,41.04
2023-04-27 03:30:00,5,3738.4,21.46,82.25,0,70.57,274.74,367.83,44.08
2023-04-27 04:30:00,5,4325.87,31.29,91.85,0,71.53,313,405.39,48.13
2023-04-27 05:30:00,5,5126.95,42.92,106.93,0,71.53,356.78,444.05,54.72
2023-04-27 06:30:00,5,5661.01,59.01,112.41,0.01,77.25,386.53,469.73,62.82
2023-04-27 07:30:00,5,7049.56,101.92,116.53,0.06,109.67,461.81,564.91,76
2023-04-27 08:30:00,5,8224.49,143.05,119.27,0.16,139.24,525.14,654.14,80.05
2023-04-27 09:30:00,5,2883.91,18.78,128.87,12.16,160.22,269,318.14,26.09
2023-04-27 10:30:00,5,2189.64,9.5,113.79,47.92,156.4,216.25,259.05,21.79
2023-04-27 11:30:00,5,2269.74,10.51,122.01,92.98,181.2,224.6,270.43,24.32
2023-04-27 12:30:00,5,1482.01,3.86,73.34,151.63,105.86,147.41,176.59,15.58
2023-04-27 13:30:00,5,1054.76,1.16,45.93,165.94,63.9,100.17,119.92,11.27
2023-04-27 14:30:00,5,947.95,0.29,41.13,158.79,58.17,83.75,101.18,10.89
2023-04-27 15:30:00,5,1041.41,0.09,48.67,137.33,69.62,81.66,99.26,13.05
2023-04-27 16:30:00,5,1415.25,0.52,87.05,107.29,119.21,101.59,123.9,18.49
2023-04-27 17:30:00,5,1842.5,1.2,153.54,70.1,215.53,139.44,168.33,21.79
2023-04-27 18:30:00,5,3845.21,32.63,227.57,6.17,274.66,237.68,299.95,40.53
2023-04-27 19:30:00,5,6515.5,89.41,230.31,0.02,255.58,364.56,475.98,67.89
2023-04-27 20:30:00,5,8758.54,132.32,222.09,0,240.33,496.14,652.03,95.25
2023-04-27 21:30:00,5,10147.09,157.36,208.38,0,219.35,591.11,780.18,115.51
2023-04-27 22:30:00,5,10574.34,157.36,183.7,0,183.11,633.28,838.62,115.51
2023-04-27 23:30:00,5,9933.47,144.84,159.03,0,141.14,610.1,805.75,94.23
2023-04-28 00:30:00,5,8224.49,114.44,137.09,0,96.32,524.73,681.12,64.34
2023-04-28 01:30:00,5,6355.29,70.63,120.64,0,68.66,429.64,547.85,46.61
2023-04-28 02:30:00,5,4539.49,28.39,105.56,0.07,53.41,343.21,428.84,36.98
2023-04-28 03:30:00,5,3417.97,6.09,91.85,1.12,48.64,293.91,358.1,31.66
2023-04-28 04:30:00,5,3524.78,8.94,81.57,0.41,49.59,311.66,376.74,33.94
2023-04-28 05:30:00,5,3952.03,20.79,76.09,0.02,51.98,349.22,419.85,37.49
2023-04-28 06:30:00,5,4966.74,50.07,74.03,0,62.94,412.01,500.3,47.62
2023-04-28 07:30:00,5,7476.81,126.96,80.88,0.04,96.32,541.25,669.63,69.92
2023-04-28 08:30:00,5,9826.66,212.79,97.33,0.11,133.51,648.53,803.19,81.06
2023-04-28 09:30:00,5,3097.53,27.72,137.09,7.69,177.38,246.65,289.82,27.61
2023-04-28 10:30:00,5,2670.29,19.22,138.46,31.47,188.83,208.17,246.21,23.81
2023-04-28 11:30:00,5,2376.56,13.3,123.38,82.25,173.57,188.68,222.42,23.31
2023-04-28 12:30:00,5,1081.47,3.13,45.93,164.51,71.53,126.68,142.82,6.84
2023-04-28 13:30:00,5,801.09,1.16,25.7,188.83,42.92,88.59,100.7,5.89
2023-04-28 14:30:00,5,787.73,0.89,24.68,197.41,41.96,78.28,90.05,6.84
2023-04-28 15:30:00,5,827.79,0.66,28.45,203.13,47.21,76.04,88.74,7.79
2023-04-28 16:30:00,5,907.9,0.33,34.62,194.55,53.41,77.39,91.66,8.87
2023-04-28 17:30:00,5,988.01,0.06,39.76,180.24,59.13,78.21,94.28,10.01
2023-04-28 18:30:00,5,2803.8,1.03,137.09,60.08,93.46,147.36,194.17,31.66
2023-04-28 19:30:00,5,5714.42,41.13,189.19,0.03,139.24,286.91,393.85,60.29
2023-04-28 20:30:00,5,7583.62,79.57,175.48,0,160.22,401.07,556.55,73.97
2023-04-28 21:30:00,5,8544.92,97.45,169.99,0,164.03,481.49,661.36,80.05
2023-04-28 22:30:00,5,8758.54,102.82,164.51,0,152.59,511.02,696.42,76
2023-04-28 23:30:00,5,7583.62,84.94,152.17,0,117.3,438.95,588.73,58.26
2023-04-29 00:30:00,5,5126.95,42.92,130.24,0,72.48,283.62,370.53,36.98
2023-04-29 01:30:00,5,3631.59,20.56,105.56,0.01,50.07,202.83,261.83,29.39
2023-04-29 02:30:00,5,3044.13,14.53,87.05,0.01,43.87,176.7,226.82,28.63
2023-04-29 03:30:00,5,2777.1,12.07,73.34,0.03,41.96,170.62,219.76,30.15
2023-04-29 04:30:00,5,2616.88,11.29,63.06,0.07,41.01,170.14,219.56,31.16
2023-04-29 05:30:00,5,2616.88,14.19,58.26,0.03,41.48,175.7,226.76,32.93
2023-04-29 06:30:00,5,2964.02,25.48,56.89,0.11,47.21,196.73,256.34,38.5
2023-04-29 07:30:00,5,3631.59,50.07,55.52,1.4,57.22,228.76,302.23,48.64
2023-04-29 08:30:00,5,3791.81,55.88,61.69,5.81,56.74,222.65,294.37,50.66
2023-04-29 09:30:00,5,1174.93,3.46,30.85,111.58,41.48,101.35,124.47,20.27
2023-04-29 10:30:00,5,947.95,1.84,18.16,173.09,35.76,86.34,105.62,16.72
2023-04-29 11:30:00,5,894.55,1.31,14.05,223.16,37.67,89.02,106.67,15.58
2023-04-29 12:30:00,5,727.65,0.58,10.8,205.99,26.23,77.13,89.65,9.25
2023-04-29 13:30:00,5,674.25,0.4,12.17,183.11,23.13,65.94,75.79,6.52
2023-04-29 14:30:00,4,674.25,0.27,14.22,171.66,24.08,57.62,66.83,6.27
2023-04-29 15:30:00,4,680.92,0.18,16.28,157.36,24.8,48.17,57.67,6.78
2023-04-29 16:30:00,4,707.63,0.15,20.05,140.19,27.18,40.52,50.65,7.73
2023-04-29 17:30:00,3,754.36,0.11,24.33,127.32,30.04,38.15,48.58,8.49
2023-04-29 18:30:00,5,2136.23,1.79,97.33,40.77,51.98,88.33,121.57,24.83
2023-04-29 19:30:00,5,3845.21,29.5,122.01,0.11,78.2,173.5,244.46,44.08
2023-04-29 20:30:00,5,4699.71,49.17,111.04,0,86.78,232.6,332.32,53.7
2023-04-29 21:30:00,5,5447.39,65.27,105.56,0,93.46,294.82,419.63,61.81
2023-04-29 22:30:00,5,6622.31,93.88,102.82,0,97.27,387,530.55,67.89
2023-04-29 23:30:00,5,6942.75,105.5,104.19,0,82.97,415.15,549.56,58.77
2023-04-30 00:30:00,5,5447.39,73.31,109.67,0,61.04,324.96,424.21,35.97
2023-04-30 01:30:00,5,5233.76,70.63,106.93,0,56.27,316.55,411.38,30.65
2023-04-30 02:30:00,5,5500.79,76,101.45,0,67.71,345.34,445.06,35.97
2023-04-30 03:30:00,5,5661.01,75.1,97.33,0,83.92,370.56,469.06,39.52
2023-04-30 04:30:00,5,5447.39,68.84,93.22,0,75.34,364.14,445.53,25.08
2023-04-30 05:30:00,5,4432.68,51.41,94.59,0,69.62,318.57,373.38,10.64
2023-04-30 06:30:00,5,2029.42,3.58,115.16,6.62,87.74,193.71,214.9,4.12
2023-04-30 07:30:00,5,2082.82,2.82,115.16,13.05,86.78,159.19,182.98,12.79
2023-04-30 08:30:00,5,2536.77,10.17,127.49,9.3,110.63,173.11,203.52,21.28
2023-04-30 09:30:00,5,1869.2,9.83,80.88,68.66,104.9,139.71,165.6,15.96
2023-04-30 10:30:00,5,1388.55,2.91,57.58,94.41,91.55,111.07,134.3,13.3
2023-04-30 11:30:00,5,1134.87,1.96,47.98,108.72,91.55,91.3,112.3,11.53
2023-04-30 12:30:00,4,894.55,0.78,35.99,118.73,72.48,69.93,84.98,7.6
2023-04-30 13:30:00,4,814.44,0.34,30.16,118.73,57.7,58.26,70.09,6.33
2023-04-30 14:30:00,4,814.44,0.08,29.82,113.01,54.36,52.87,63.97,6.52
2023-04-30 15:30:00,3,814.44,0.28,28.79,110.15,50.07,45.53,55.85,6.78
2023-04-30 16:30:00,3,867.84,0.59,31.53,105.86,53.41,42,52.33,7.92
2023-04-30 17:30:00,3,934.6,0.64,35.64,97.27,56.74,41.67,52.39,8.87
2023-04-30 18:30:00,3,988.01,0.25,39.76,80.11,65.8,46.61,60.24,10.13
2023-04-30 19:30:00,4,1054.76,0,42.5,62.94,85.83,58.82,74.95,11.15
2023-04-30 20:30:00,4,1054.76,0,44.55,55.79,98.23,71.79,85.57,9.88
2023-04-30 21:30:00,5,1148.22,0,45.24,53.64,90.6,88.07,100.48,9.88
2023-04-30 22:30:00,5,1228.33,0,45.24,52.21,72.48,95.7,109.94,11.4
2023-04-30 23:30:00,5,1161.58,0,43.18,50.78,55.31,82.17,95.68,10.39
2023-05-01 00:30:00,4,1094.82,0,38.73,47.92,40.05,67.9,80.01,8.74
2023-05-01 01:30:00,4,1161.58,0,38.04,41.48,34.33,66.22,80.46,8.87
2023-05-01 02:30:00,4,1201.63,0,37.36,36.48,32.9,66.03,82.76,9.12
2023-05-01 03:30:00,4,1241.68,0.01,39.07,30.76,35.29,69.2,88.55,9.25
2023-05-01 04:30:00,4,1255.04,0.03,41.13,24.68,39.1,72.29,93.05,8.99
2023-05-01 05:30:00,4,1255.04,0.14,44.55,18.95,44.35,74.41,94.92,8.99
2023-05-01 06:30:00,5,1335.14,1.26,49.35,11.18,53.41,79.76,98.53,9.63
2023-05-01 07:30:00,5,1682.28,10.95,54.15,5.36,64.85,95.2,116.94,12.16
2023-05-01 08:30:00,5,1922.61,22.58,59.63,11.98,79.15,104.31,127.93,13.68
2023-05-01 09:30:00,5,1495.36,15.65,67.17,23.6,98.23,86.63,103.57,10.64
2023-05-01 10:30:00,5,1255.04,12.63,69.92,27.18,107.77,75.55,89.95,9.88
2023-05-01 11:30:00,4,1161.58,12.07,76.09,22.35,121.12,69.41,82.28,9.88
2023-05-01 12:30:00,4,1041.41,6.31,77.46,26.11,116.35,62.37,73,8.36
2023-05-01 13:30:00,4,974.66,4.19,76.77,33.62,117.3,58.53,67.86,7.35
2023-05-01 14:30:00,4,974.66,5.14,85,30.76,141.14,57.33,66.65,6.84
2023-05-01 15:30:00,4,1054.76,7.1,98.71,28.97,175.48,61.02,71.04,7.28
2023-05-01 16:30:00,4,1094.82,6.87,104.19,26.11,190.73,62.65,72.72,7.54
2023-05-01 17:30:00,4,1054.76,3.19,83.63,27.54,156.4,54.41,63.22,7.16
2023-05-01 18:30:00,4,1134.87,0.45,64.43,29.68,106.81,52.76,63.17,9.37
2023-05-01 19:30:00,4,1308.44,0.13,64.43,20.92,91.55,62.36,77.7,12.67
2023-05-01 20:30:00,4,1401.9,0.36,67.86,14.13,83.92,71.29,90.14,13.17
2023-05-01 21:30:00,5,1548.77,0.23,61.01,16.63,61.99,83.14,106.64,13.68
2023-05-01 22:30:00,5,1789.09,0.46,58.26,12.87,49.59,99.44,128.1,13.68
2023-05-01 23:30:00,5,1815.8,1.24,58.26,6.71,43.87,103.22,132.15,11.4
2023-05-02 00:30:00,5,1655.58,1.52,54.84,4.69,38.15,94.84,119.38,8.49
2023-05-02 01:30:00,5,1495.36,0.89,47.98,6.44,35.29,89.05,110.35,7.6
2023-05-02 02:30:00,5,1348.5,0.38,41.47,10.28,33.86,88.31,107.73,7.28
2023-05-02 03:30:00,5,1268.39,0.2,38.39,13.77,35.29,94.17,111.96,7.16
2023-05-02 04:30:00,5,1201.63,0.12,37.36,16.81,38.62,101.33,118.89,7.03
2023-05-02 05:30:00,5,1134.87,0.16,39.41,17.17,45.78,105.59,122.01,6.9
2023-05-02 06:30:00,5,1068.12,1.16,47.98,9.39,66.76,101.52,113.89,5.7
2023-05-02 07:30:00,5,1214.98,8.38,54.15,0.73,82.97,100.89,113.23,6.78
2023-05-02 08:30:00,5,1335.14,18.1,57.58,0.02,100.14,98.21,110.99,7.73
2023-05-02 09:30:00,5,1201.63,17.66,55.52,6.53,103,77,88.02,7.41
2023-05-02 10:30:00,4,1121.52,16.76,53.47,23.96,105.86,69.55,80.23,7.85
2023-05-02 11:30:00,4,1108.17,14.53,57.58,55.07,119.21,71.38,81.97,7.66
2023-05-02 12:30:00,5,1081.47,8.94,59.63,97.27,122.07,76.73,86.86,6.59
2023-05-02 13:30:00,5,1041.41,4.58,63.75,114.44,129.7,75.21,84.73,6.4
2023-05-02 14:30:00,4,1028.06,1.72,71.97,97.27,143.05,67.14,76.27,6.59
2023-05-02 15:30:00,4,1094.82,3.1,79.51,65.8,158.31,58.11,67.59,8.04
2023-05-02 16:30:00,4,1201.63,9.61,85,50.78,175.48,54.65,65.18,9.37
2023-05-02 17:30:00,4,1268.39,13.19,89.11,37.19,183.11,52.94,64.03,9.25
2023-05-02 18:30:00,4,1642.23,14.31,98.71,12.34,154.5,65.55,83.74,13.43
2023-05-02 19:30:00,5,2243.04,21.46,94.59,0.2,109.67,93.46,126.83,20.27
2023-05-02 20:30:00,5,2670.29,25.48,85.68,0,80.11,115.95,161.46,22.55
2023-05-02 21:30:00,5,2777.1,21.46,78.14,0.01,58.65,122.83,173.91,21.03
2023-05-02 22:30:00,5,2777.1,19.22,71.29,0.02,47.21,125.72,180.05,19
2023-05-02 23:30:00,5,2616.88,18.1,66.49,0.02,38.62,117.7,169.25,14.19
2023-05-03 00:30:00,5,2216.34,13.19,61.01,0.08,30.28,97.24,139.04,9.12
2023-05-03 01:30:00,5,1922.61,8.05,54.15,0.32,26.94,86.71,121.55,7.6
2023-05-03 02:30:00,5,1708.98,4.75,46.61,0.92,25.75,82.67,114.25,7.16
2023-05-03 03:30:00,5,1615.52,3.41,40.44,1.48,26.23,83.83,113.78,6.9
2023-05-03 04:30:00,5,1522.06,2.46,36.67,2.41,25.99,82.58,109.73,6.46
2023-05-03 05:30:00,5,1428.6,1.9,35.3,3.67,25.75,78.32,101.94,6.46
2023-05-03 06:30:00,5,1482.01,4.25,37.36,3.4,30.52,79.07,101.95,8.11
2023-05-03 07:30:00,5,1976.01,17.88,44.55,7.42,45.3,102.93,134.45,12.54
2023-05-03 08:30:00,5,2510.07,26.38,64.43,23.25,69.62,134.99,174.03,16.21
2023-05-03 09:30:00,5,2349.85,18.55,81.57,59.37,113.49,155.5,191.33,15.2
2023-05-03 10:30:00,5,2403.26,12.63,93.22,103,141.14,187.45,225.16,15.96
2023-05-03 11:30:00,5,2376.56,8.27,89.11,154.5,156.4,211.46,248.23,16.21
2023-05-03 12:30:00,5,1949.31,2.6,80.2,155.93,146.87,184.66,214.27,11.65
2023-05-03 13:30:00,5,1588.82,1.68,65.8,133.04,127.79,134.22,157.51,10.64
2023-05-03 14:30:00,5,1335.14,1.4,58.95,117.3,118.26,94.36,112.89,10.51
2023-05-03 15:30:00,5,1321.79,2.12,58.95,108.72,106.81,79.42,97.69,12.41
2023-05-03 16:30:00,5,1628.88,4.19,76.77,98.71,111.58,90.2,112.48,16.72
2023-05-03 17:30:00,5,2002.72,6.2,108.3,75.1,133.51,106.81,132.85,20.01
2023-05-03 18:30:00,5,3898.62,37.55,156.28,10.91,146.87,184.23,238.21,39.52
2023-05-03 19:30:00,5,6835.94,109.08,152.17,0.05,146.87,331.15,435,69.92
2023-05-03 20:30:00,5,9078.98,162.72,146.69,0,146.87,472.14,618.01,87.14
2023-05-03 21:30:00,5,9826.66,175.24,152.17,0,141.14,528.88,691.58,87.14
2023-05-03 22:30:00,5,9613.04,166.3,150.8,0,144.96,529.08,697.38,95.25
2023-05-03 23:30:00,5,9078.98,159.14,145.32,0,144.96,499.4,656.56,99.3
2023-05-04 00:30:00,5,8117.68,143.05,135.72,0,129.7,432.15,559.54,87.14
2023-05-04 01:30:00,5,7156.37,121.59,117.9,0,108.72,379.4,486.28,71.94
2023-05-04 02:30:00,5,6301.88,101.03,95.96,0,86.78,336.87,432.55,58.77
2023-05-04 03:30:00,5,5928.04,91.2,80.2,0,76.29,332.53,425.45,50.66
2023-05-04 04:30:00,5,6088.26,95.67,71.97,0,69.62,368.37,464.21,38
2023-05-04 05:30:00,5,6515.5,108.18,69.23,0,63.9,419.13,517.02,25.08
2023-05-04 06:30:00,5,6515.5,109.97,74.03,0.1,75.34,430.69,523.2,26.35
2023-05-04 07:30:00,5,7797.24,143.05,87.74,1.94,96.32,514.54,623.96,36.48
2023-05-04 08:30:00,5,8865.36,144.84,149.43,11,115.39,604.27,726.84,43.06
2023-05-04 09:30:00,5,2830.51,57.22,167.25,45.06,385.28,303.21,344.58,4.62
2023-05-04 10:30:00,5,2189.64,40.68,163.14,85.12,385.28,274.11,309.69,1.93
2023-05-04 11:30:00,5,2082.82,25.93,152.17,151.63,373.84,297.21,331.25,1.87
2023-05-04 12:30:00,5,1588.82,11.62,102.82,231.74,282.29,245.35,269.61,0.94
2023-05-04 13:30:00,5,1321.79,5.7,70.6,291.82,223.16,218.94,237.5,0.07
2023-05-04 14:30:00,5,1281.74,3.13,56.21,349.04,204.09,227.73,244.87,0
2023-05-04 15:30:00,5,1348.5,1.79,48.67,383.38,188.83,239.98,258.1,0.38
2023-05-04 16:30:00,5,1548.77,1.17,55.52,389.1,185.01,256.25,277.52,3.07
2023-05-04 17:30:00,5,1789.09,0.62,69.23,371.93,186.92,278.27,303.43,4.81
2023-05-04 18:30:00,5,4058.84,0.42,180.96,188.83,196.46,419.02,479.73,29.89
2023-05-04 19:30:00,5,7797.24,7.1,318.05,20.38,251.77,643.79,766.08,91.2
2023-05-04 20:30:00,5,10894.78,45.6,361.92,0,320.43,859.43,1035.84,158.07
2023-05-04 21:30:00,5,13351.44,73.31,372.89,0,377.66,1020.59,1236.1,212.79
2023-05-04 22:30:00,5,14739.99,100.14,339.98,0,381.47,1109.71,1360.5,239.13
2023-05-04 23:30:00,5,14099.12,118.02,263.21,0,297.55,1051.56,1313.37,198.6
2023-05-05 00:30:00,5,12283.33,121.59,191.93,0,169.75,922.75,1165.84,104.37
2023-05-05 01:30:00,5,11535.64,121.59,159.03,0,111.58,876.34,1093.37,57.76
2023-05-05 02:30:00,5,11108.4,109.97,152.17,0,82.97,866.09,1058.94,38.5
2023-05-05 03:30:00,5,10360.72,88.51,150.8,0,66.76,847.72,1010.79,28.88
2023-05-05 04:30:00,5,10253.91,74.21,150.8,0,58.17,864.91,1001.95,21.53
2023-05-05 05:30:00,5,10360.72,63.48,152.17,0,52.45,931.71,1045.55,17.23
2023-05-05 06:30:00,5,10681.15,68.84,149.43,0.29,53.88,995.86,1102.34,21.03
2023-05-05 07:30:00,5,11749.27,104.61,157.65,4.2,70.57,1085.41,1215.3,40.53
2023-05-05 08:30:00,5,12176.51,104.61,222.09,25.03,85.83,1090.1,1238.83,51.17
2023-05-05 09:30:00,5,2243.04,3.32,52.09,266.08,86.78,291.48,316.97,5.19
2023-05-05 10:30:00,5,1976.01,3.24,46.61,323.3,87.74,267.86,291.33,8.11
2023-05-05 11:30:00,5,2803.8,2.82,52.78,474.93,139.24,455.41,488.97,7.85
2023-05-05 12:30:00,5,3578.19,1.01,50.72,606.54,183.11,665.06,707.93,7.03
2023-05-05 13:30:00,5,3284.45,0.85,40.78,577.93,164.03,596.53,636.33,8.61
2023-05-05 14:30:00,5,2429.96,0.84,33.24,463.49,121.12,391.56,420.49,10.77
2023-05-05 15:30:00,5,1535.42,1.01,27.42,314.71,70.57,183.24,200.26,11.65
2023-05-05 16:30:00,5,1255.04,1.59,32.22,220.3,50.07,103.51,116.55,11.65
2023-05-05 17:30:00,5,1308.44,1.72,40.44,173.09,45.3,81.4,94.95,12.79
2023-05-05 18:30:00,5,2189.64,1.37,80.2,97.27,53.41,103.68,132.82,23.05
2023-05-05 19:30:00,5,3631.59,1.13,126.12,19.31,71.53,170.33,230.01,39.01
2023-05-05 20:30:00,5,4539.49,10.95,135.72,0.74,81.06,228.22,309.45,48.64
2023-05-05 21:30:00,5,4859.92,17.43,137.09,0.13,82.02,261.27,350.12,52.18
2023-05-05 22:30:00,5,5126.95,23.92,131.61,0.02,81.06,289.39,383.99,53.7
2023-05-05 23:30:00,5,5126.95,28.61,119.27,0.01,68.66,293.45,383.52,46.1
2023-05-06 00:30:00,5,4646.3,28.61,98.71,0,48.16,265.25,342.39,32.93
2023-05-06 01:30:00,5,4165.65,27.27,78.83,0,34.33,244.37,313.21,25.59
2023-05-06 02:30:00,5,3845.21,27.49,63.06,0,29.56,231.09,296.29,22.29
2023-05-06 03:30:00,5,3471.37,27.72,50.72,0,27.66,216.71,280.96,19
2023-05-06 04:30:00,5,3177.64,27.49,42.16,0,26.94,201.9,262.38,16.21
2023-05-06 05:30:00,5,3070.83,31.74,36.33,0,27.89,198.26,256.43,14.95
2023-05-06 06:30:00,5,3578.19,50.96,34.27,0.12,36.24,223.36,288.54,21.28
2023-05-06 07:30:00,5,5020.14,97.45,41.47,1.79,56.74,294.48,383.88,41.54
2023-05-06 08:30:00,5,6195.07,110.86,87.74,11.62,72.48,342.82,445.26,51.68
2023-05-06 09:30:00,5,2243.04,9.05,69.23,150.2,90.6,151.72,184.34,24.83
2023-05-06 10:30:00,5,1842.5,3.91,47.3,268.94,99.18,157.7,186.43,21.28
2023-05-06 11:30:00,5,1695.63,1.79,30.85,394.82,101.09,187.34,214.86,20.52
2023-05-06 12:30:00,5,921.25,0.8,11.82,291.82,43.39,88.55,104.75,9.75
2023-05-06 13:30:00,5,694.27,0.61,8.48,223.16,22.41,56.51,72.33,6.4
2023-05-06 14:30:00,5,620.84,0.47,7.97,188.83,16.45,46.73,63.27,5.64
2023-05-06 15:30:00,4,754.36,0.8,16.96,171.66,25.03,52.06,69.42,8.11
2023-05-06 16:30:00,4,961.3,0.98,27.76,161.65,35.76,62.5,80.95,11.15
2023-05-06 17:30:00,4,1134.87,0.76,39.07,143.05,41.96,69.4,88.55,13.3
2023-05-06 18:30:00,5,1895.9,0.5,74.03,87.98,50.54,98.36,129.51,21.79
2023-05-06 19:30:00,5,3017.43,0.17,109.67,27.89,61.99,150.37,204.34,33.94
2023-05-06 20:30:00,5,3845.21,6.03,122.01,2.57,70.57,198.32,273.24,42.05
2023-05-06 21:30:00,5,4966.74,27.27,124.75,0.03,80.11,270.87,370.76,52.69
2023-05-06 22:30:00,5,6088.26,51.41,123.38,0,83.92,350.06,468.47,58.26
2023-05-06 23:30:00,5,5981.45,55.88,117.9,0,69.62,349.9,460.73,50.66
2023-05-07 00:30:00,5,4646.3,37.1,106.93,0,48.16,272.04,352.02,36.48
2023-05-07 01:30:00,5,3524.78,19.45,90.48,0.05,35.76,208.72,266.46,29.39
2023-05-07 02:30:00,5,2937.32,11.29,76.09,0.22,29.09,177.27,223.55,25.08
2023-05-07 03:30:00,5,2563.48,8.49,63.06,0.39,25.75,159.59,200.97,21.79
2023-05-07 04:30:00,5,2296.45,7.26,54.15,0.55,23.37,145.34,182.88,19
2023-05-07 05:30:00,5,2162.93,8.16,50.04,0.53,23.13,135.79,170.89,17.73
2023-05-07 06:30:00,5,2483.37,20.56,49.35,0.66,30.04,149.12,190.21,23.56
2023-05-07 07:30:00,5,3845.21,60.8,58.95,5.41,49.59,209.47,274.26,38
2023-05-07 08:30:00,5,5287.17,82.25,108.3,20.21,67.71,267.78,355.04,45.6
2023-05-07 09:30:00,5,2029.42,8.05,63.06,154.5,53.88,108.18,140.01,19.76
2023-05-07 10:30:00,5,2029.42,4.3,52.78,263.21,62.94,134.76,168.28,22.04
2023-05-07 11:30:00,5,2082.82,2.04,38.39,394.82,69.62,186.68,223.17,23.56
2023-05-07 12:30:00,5,894.55,0.85,12.51,266.08,32.9,81.42,102.66,9.25
2023-05-07 13:30:00,5,680.92,0.89,11.14,217.44,26.23,58.08,82.53,6.97
2023-05-07 14:30:00,5,700.95,1.06,14.74,217.44,32.9,59.23,86.5,7.79
2023-05-07 15:30:00,5,1001.36,1.87,30.5,226.02,53.41,76.94,108.35,12.41
2023-05-07 16:30:00,5,1388.55,2.54,50.04,228.88,73.43,97.91,134.43,16.97
2023-05-07 17:30:00,5,1562.12,2.4,66.49,191.69,84.88,99.37,139.65,17.99
2023-05-07 18:30:00,5,1682.28,0.83,74.71,138.76,89.65,95.07,141.18,19.76
2023-05-07 19:30:00,5,2109.53,0.01,74.03,101.57,84.88,120.21,177.64,27.11
2023-05-07 20:30:00,5,2376.56,0,69.23,88.69,73.43,152.32,215.81,32.93
2023-05-07 21:30:00,5,2189.64,0,56.89,97.27,60.08,157.68,216.01,32.42
2023-05-07 22:30:00,5,1922.61,0,47.3,105.86,51.5,149.04,200.39,31.16
2023-05-07 23:30:00,5,1668.93,0,40.44,108.72,43.87,137.21,179.7,27.87
2023-05-08 00:30:00,5,1441.96,0,33.59,110.15,36.72,126.14,158.23,24.07
2023-05-08 01:30:00,5,1388.55,0,31.87,97.27,34.81,125.88,154.57,25.08
2023-05-08 02:30:00,5,1348.5,0,29.47,82.25,32.9,123.98,151.48,26.09
2023-05-08 03:30:00,5,1642.23,0,38.39,52.21,36.72,141.64,175.01,27.61
2023-05-08 04:30:00,5,2216.34,0.13,54.84,20.74,46.73,178.57,222.86,31.16
2023-05-08 05:30:00,5,2750.4,1.87,71.97,5.9,65.8,214.09,268.57,39.01
2023-05-08 06:30:00,5,3524.78,11.96,93.22,2.32,103,264.34,332.71,54.21
2023-05-08 07:30:00,5,5714.42,63.48,112.41,5.5,127.79,373.4,477.65,69.92
2023-05-08 08:30:00,5,7690.43,106.39,148.06,14.84,116.35,440.22,570.79,66.88
2023-05-08 09:30:00,5,2216.34,7.49,63.75,138.76,64.85,163.42,213.51,27.87
2023-05-08 10:30:00,5,1615.52,3.58,37.7,217.44,53.41,141.25,183.91,27.36
2023-05-08 11:30:00,5,1295.09,1.9,25.36,297.55,53.41,141.08,178.67,22.04
2023-05-08 12:30:00,5,627.52,1.05,11.31,228.88,34.81,72.21,103.91,8.74
2023-05-08 13:30:00,5,554.08,1.02,10.8,208.85,29.33,58.81,91.21,7.41
2023-05-08 14:30:00,5,580.79,1.02,12.51,214.58,30.04,60.88,94.92,8.23
2023-05-08 15:30:00,5,627.52,1.05,15.25,223.16,31.47,65.25,101.31,9.25
2023-05-08 16:30:00,5,707.63,1.26,23.31,226.02,40.05,69.96,107.73,10.77
2023-05-08 17:30:00,5,841.14,1.16,37.7,223.16,61.99,76.34,116.59,12.79
2023-05-08 18:30:00,5,1148.22,0.47,61.69,181.67,94.41,86.56,133.25,18.24
2023-05-08 19:30:00,5,1441.96,0.01,65.12,113.01,95.37,89.87,142.2,24.83
2023-05-08 20:30:00,5,1428.6,0,50.72,83.68,72.48,85.44,137.1,26.35
2023-05-08 21:30:00,4,1214.98,0,38.04,85.12,51.98,74.8,122.66,23.81
2023-05-08 22:30:00,4,1134.87,0,34.62,87.98,45.3,71.01,117.74,23.56
2023-05-08 23:30:00,4,1054.76,0,33.59,80.11,41.48,65.43,108.46,22.29
2023-05-09 00:30:00,4,1148.22,0,40.1,57.22,39.1,67.23,107.02,21.53
2023-05-09 01:30:00,5,1428.6,0,47.3,36.12,42.44,81.71,124.06,23.31
2023-05-09 02:30:00,5,1695.63,0.05,52.78,22.17,48.16,99.72,146.72,25.33
2023-05-09 03:30:00,5,2189.64,2.35,63.06,5.45,56.74,134.7,191.94,27.61
2023-05-09 04:30:00,5,2830.51,14.08,63.75,0.06,61.99,181.27,251.99,30.4
2023-05-09 05:30:00,5,3417.97,29.5,61.69,0,65.8,223.99,309.12,34.45
2023-05-09 06:30:00,5,4432.68,58.11,62.38,0.23,77.25,283.16,396.44,47.62
2023-05-09 07:30:00,5,7156.37,132.32,78.83,2.86,115.39,441.86,609.37,78.02
2023-05-09 08:30:00,5,10147.09,168.09,171.36,15.2,154.5,646.73,855.45,99.3
2023-05-09 09:30:00,5,3738.4,23.47,138.46,127.32,183.11,302.59,383.68,50.66
2023-05-09 10:30:00,5,2830.51,7.71,93.22,297.55,164.03,304.69,376.22,40.02
2023-05-09 11:30:00,5,1976.01,2.35,43.53,434.88,123.98,260.01,319.07,29.64
2023-05-09 12:30:00,5,687.6,0.91,12,286.1,46.73,81.11,109.7,9.88
2023-05-09 13:30:00,5,473.98,0.83,8.91,237.46,29.09,47.45,66.87,6.02
2023-05-09 14:30:00,5,423.91,0.8,8.48,226.02,28.13,41.51,59.08,4.94
2023-05-09 15:30:00,5,413.89,0.75,8.48,214.58,24.08,37.13,54.54,5.07
2023-05-09 16:30:00,5,447.27,0.75,10.2,208.85,21.46,36.17,53.14,6.27
2023-05-09 17:30:00,5,494,0.59,12.68,197.41,19.55,35,51.52,7.41
2023-05-09 18:30:00,4,794.41,0.39,30.16,170.23,33.86,45.02,66.87,13.05
2023-05-09 19:30:00,4,1068.12,0.01,38.39,138.76,44.35,56.53,84.86,19.25
2023-05-09 20:30:00,4,1174.93,0,38.39,118.73,46.25,61.99,94.34,23.31
2023-05-09 21:30:00,4,1308.44,0,42.16,103,51.02,70.28,107.44,27.61
2023-05-09 22:30:00,5,1482.01,0,47.98,92.98,57.22,83.1,125.09,31.41
2023-05-09 23:30:00,5,1415.25,0,47.98,86.55,54.84,80.33,119.74,29.39
2023-05-10 00:30:00,4,1161.58,0,43.18,79.39,47.68,61.17,91.84,23.31
2023-05-10 01:30:00,4,1068.12,0,40.1,70.81,46.73,53.34,79.22,21.28
2023-05-10 02:30:00,4,1054.76,0,38.04,62.94,47.68,52.36,76.69,21.28
2023-05-10 03:30:00,4,1068.12,0,36.33,57.22,46.25,53.67,77.65,21.79
2023-05-10 04:30:00,4,1081.47,0,35.3,51.5,42.92,55.64,78.78,23.05
2023-05-10 05:30:00,4,1148.22,0,38.39,41.13,41.01,59.65,83.02,25.08
2023-05-10 06:30:00,4,1441.96,1.9,50.72,22.89,45.3,72.95,101.79,30.4
2023-05-10 07:30:00,5,2136.23,18.55,60.32,20.92,59.13,101.78,144.51,39.52
2023-05-10 08:30:00,5,2456.67,25.03,72.66,46.49,67.71,115.78,162.43,41.54
2023-05-10 09:30:00,4,1388.55,7.38,47.3,137.33,61.99,72.67,97.52,26.09
2023-05-10 10:30:00,5,1174.93,3.8,33.59,208.85,59.6,78.12,99.31,23.81
2023-05-10 11:30:00,5,1041.41,2.1,23.99,271.8,54.36,85.48,104.65,21.79
2023-05-10 12:30:00,5,554.08,0.87,8.23,214.58,18.6,31.8,39.32,8.23
2023-05-10 13:30:00,5,447.27,0.81,7.11,200.27,13.83,20.1,25.11,5.76
2023-05-10 14:30:00,5,420.57,0.81,7.37,200.27,13.35,18.19,22.71,5.57
2023-05-10 15:30:00,5,433.92,0.87,9,205.99,14.54,19.65,24.21,6.21
2023-05-10 16:30:00,5,514.03,0.99,13.19,211.72,17.88,23.74,29.2,7.54
2023-05-10 17:30:00,5,607.49,0.85,18.34,214.58,20.5,27.6,34.21,9.12
2023-05-10 18:30:00,4,1361.85,0.72,53.47,164.51,36.72,53.5,73.81,19
2023-05-10 19:30:00,5,2483.37,0.02,87.05,92.98,61.99,101.63,148.54,33.94
2023-05-10 20:30:00,5,3177.64,0,101.45,51.5,80.11,143.65,212.52,45.09
2023-05-10 21:30:00,5,3952.03,0.78,122.01,18.06,103.95,196.94,288.26,56.74
2023-05-10 22:30:00,5,4966.74,14.98,127.49,0.34,129.7,261.19,373.98,66.88
2023-05-10 23:30:00,5,5340.58,29.95,120.64,0,137.33,288.88,405.46,63.84
2023-05-11 00:30:00,5,5180.36,35.76,116.53,0,131.61,282.87,390.21,52.69
2023-05-11 01:30:00,5,5126.95,37.1,111.04,0,127.79,285.33,383.54,50.66
2023-05-11 02:30:00,5,4646.3,29.5,108.3,0,118.26,269.08,355.42,50.16
2023-05-11 03:30:00,5,3791.81,18.55,97.33,0.04,98.23,223.13,292.86,47.62
2023-05-11 04:30:00,5,3044.13,13.86,77.46,0.08,75.34,178.65,235.41,42.05
2023-05-11 05:30:00,5,2696.99,18.1,61.01,0.03,61.99,155.54,207.67,37.49
2023-05-11 06:30:00,5,3204.35,41.57,54.84,0.32,68.66,176.04,239.35,40.02
2023-05-11 07:30:00,5,5073.55,102.82,64.43,3.17,99.18,255.6,352.51,57.25
2023-05-11 08:30:00,5,6835.94,144.84,120.64,12.16,120.16,319.55,438.91,64.85
2023-05-11 09:30:00,5,1895.9,7.93,74.03,183.11,84.88,102.03,130.81,26.85
2023-05-11 10:30:00,5,1735.69,4.69,60.32,291.82,94.41,116.42,143.64,25.84
2023-05-11 11:30:00,5,1762.39,2.91,51.41,423.43,107.77,155.95,184.94,25.84
2023-05-11 12:30:00,5,907.9,1.16,17.99,346.18,45.78,76.38,90.39,13.43
2023-05-11 13:30:00,5,640.87,0.94,12,288.96,28.13,47.98,57.3,8.99
2023-05-11 14:30:00,5,574.11,0.94,11.65,266.08,24.56,38.77,47.27,7.85
2023-05-11 15:30:00,5,674.25,1.63,20.22,243.19,31.95,38.89,49.46,9.5
2023-05-11 16:30:00,5,894.55,2.51,33.93,214.58,40.05,43.53,57.97,12.29
2023-05-11 17:30:00,4,1108.17,2.63,48.67,175.95,42.92,46.01,64.06,14.69
2023-05-11 18:30:00,5,2883.91,8.72,130.24,57.22,71.53,102.11,150.83,34.96
2023-05-11 19:30:00,5,5393.98,57.22,142.57,0.33,116.35,210.67,314.23,62.32
2023-05-11 20:30:00,5,6835.94,88.51,138.46,0,144.96,301.74,457.75,79.04
2023-05-11 21:30:00,5,7797.24,101.92,146.69,0,165.94,379.88,577.1,90.18
2023-05-11 22:30:00,5,9399.41,132.32,142.57,0,196.46,493.34,712.96,91.2
2023-05-11 23:30:00,5,9826.66,141.26,137.09,0,205.99,544.97,741.89,76
2023-05-12 00:30:00,5,8010.86,98.35,128.87,0,167.85,449.22,589.39,50.66
2023-05-12 01:30:00,5,7049.56,77.78,113.79,0,137.33,411.9,536.35,41.54
2023-05-12 02:30:00,5,5928.04,59.01,90.48,0,101.09,360.63,477.05,38
2023-05-12 03:30:00,5,5020.14,45.6,74.03,0,78.2,320.62,426.59,37.49
2023-05-12 04:30:00,5,5180.36,48.73,75.4,0,78.2,345.36,442.05,35.97
2023-05-12 05:30:00,5,6248.47,65.27,90.48,0,79.15,428.92,520.16,32.93
2023-05-12 06:30:00,5,7476.81,87.62,106.93,0.32,83.92,496,587.45,38
2023-05-12 07:30:00,5,8758.54,125.17,127.49,4.56,105.86,531.69,641.18,55.22
2023-05-12 08:30:00,5,9399.41,123.38,202.89,22.71,123.98,527.97,650.04,61.81
2023-05-12 09:30:00,5,2830.51,8.83,97.33,203.13,117.3,224.88,266.38,24.83
2023-05-12 10:30:00,5,2162.93,4.3,63.06,314.71,87.74,168.88,206.49,27.36
2023-05-12 11:30:00,5,1762.39,2.29,42.16,406.27,64.85,154.96,189.66,27.61
2023-05-12 12:30:00,5,574.11,0.82,10.11,260.35,19.31,46.26,61.64,8.99
2023-05-12 13:30:00,5,467.3,0.74,8.14,234.6,14.66,37.28,56.34,6.84
2023-05-12 14:30:00,5,460.62,0.75,8.65,226.02,15.26,37.24,59.69,6.52
2023-05-12 15:30:00,5,547.41,1.17,14.74,223.16,22.65,41.4,66.47,7.98
2023-05-12 16:30:00,5,741,1.65,26.05,214.58,33.38,48.09,75.6,10.77
2023-05-12 17:30:00,5,961.3,1.55,40.1,191.69,41.01,54.15,85.16,13.68
2023-05-12 18:30:00,4,1335.14,0.61,61.01,153.06,54.84,68.3,106.53,19.76
2023-05-12 19:30:00,5,1869.2,0.01,76.77,114.44,78.2,93.34,143.67,29.64
2023-05-12 20:30:00,5,2109.53,0,70.6,110.15,88.69,116.65,179.43,35.46
2023-05-12 21:30:00,5,2670.29,0,67.86,113.01,94.41,181.32,260.4,43.06
2023-05-12 22:30:00,5,3631.59,0,83.63,81.54,104.9,286.32,380.69,51.17
2023-05-12 23:30:00,5,3952.03,0,93.22,47.21,96.32,338.92,432.91,47.12
2023-05-13 00:30:00,5,3524.78,0,86.37,29.68,75.34,318.71,400.59,35.97
2023-05-13 01:30:00,5,2937.32,0,66.49,26.46,56.27,281.66,347.35,29.39
2023-05-13 02:30:00,5,2510.07,0.01,52.09,24.32,44.35,247.43,298.57,26.85
2023-05-13 03:30:00,5,2243.04,0.01,43.53,25.03,39.58,220.85,261.73,25.33
2023-05-13 04:30:00,5,2136.23,0.01,41.47,27.18,39.1,207.04,243.3,24.83
2023-05-13 05:30:00,5,2189.64,0.01,45.24,26.82,41.48,204.56,240.43,25.33
2023-05-13 06:30:00,5,2510.07,1.7,60.32,17.17,48.64,215.58,258.04,31.16
2023-05-13 07:30:00,5,3391.27,14.31,82.25,20.03,64.85,253.46,311.35,41.04
2023-05-13 08:30:00,5,4058.84,16.32,108.3,68.66,74.39,292.6,359.52,44.58
2023-05-13 09:30:00,5,1789.09,2.99,47.3,234.6,71.53,171.14,200.42,25.08
2023-05-13 10:30:00,5,1468.66,2.21,34.27,306.13,76.29,171.29,197.43,25.08
2023-05-13 11:30:00,5,1388.55,1.62,29.13,389.1,82.02,199.38,224.88,24.83
2023-05-13 12:30:00,5,754.36,1.2,17.65,323.3,59.13,112.7,136.04,11.91
2023-05-13 13:30:00,5,587.46,1.08,14.91,303.27,50.54,87.36,110.61,8.11
2023-05-13 14:30:00,5,554.08,1.01,15.25,306.13,51.5,84.16,107.24,7.28
2023-05-13 15:30:00,5,707.63,1.82,30.16,297.55,73.43,90.57,115.81,9.75
2023-05-13 16:30:00,5,934.6,2.71,54.84,268.94,117.3,100.87,128.66,13.05
2023-05-13 17:30:00,5,1081.47,2.15,69.23,220.3,139.24,102.06,132.07,14.95
2023-05-13 18:30:00,5,1321.79,0.59,69.23,170.23,117.3,102.14,138.57,18.24
2023-05-13 19:30:00,5,1562.12,0.01,56.89,125.89,77.25,103.12,149.62,23.05
2023-05-13 20:30:00,5,1562.12,0,50.04,104.43,58.65,96.76,149.39,24.57
2023-05-13 21:30:00,5,2269.74,0,72.66,60.8,63.9,126.23,194.73,34.45
2023-05-13 22:30:00,5,3231.05,0.23,98.71,19.13,78.2,175.02,261.43,43.57
2023-05-13 23:30:00,5,3578.19,2.26,105.56,4.6,80.11,195.57,284.07,40.53
2023-05-14 00:30:00,5,3311.16,1.54,101.45,5.72,71.53,185.14,263.62,29.64
2023-05-14 01:30:00,5,2857.21,0.1,89.11,16.63,60.56,163.21,228.2,22.55
2023-05-14 02:30:00,5,2136.23,0,65.12,31.47,47.68,129.54,180.1,20.27
2023-05-14 03:30:00,5,1628.88,0,47.98,35.05,39.58,105.5,148.63,20.77
2023-05-14 04:30:00,5,1789.09,0.18,52.78,15.91,44.82,117.36,166.78,25.08
2023-05-14 05:30:00,5,2296.45,4.86,65.12,2.15,61.99,147.75,210.9,33.94
2023-05-14 06:30:00,5,3364.56,27.49,72.66,0.47,90.6,210.8,301.88,52.69
2023-05-14 07:30:00,5,5233.76,76,75.4,3.17,118.26,312.43,445.86,80.05
2023-05-14 08:30:00,5,6568.91,93.88,108.3,13.95,122.07,384.36,533.59,83.09
2023-05-14 09:30:00,5,1375.2,8.49,67.17,138.76,137.33,114.15,161.43,17.99
2023-05-14 10:30:00,5,988.01,5.53,49.35,197.41,127.79,99.18,140.36,14.06
2023-05-14 11:30:00,5,781.06,3.19,34.96,260.35,112.53,100.96,136.52,11.02
2023-05-14 12:30:00,5,547.41,1.44,18.85,268.94,73.43,90.58,119.99,5.76
2023-05-14 13:30:00,5,540.73,0.73,15.08,268.94,54.36,86.97,118.29,5.26
2023-05-14 14:30:00,5,527.38,0.28,12.17,251.77,38.15,81.45,113.86,4.88
2023-05-14 15:30:00,5,527.38,0.14,13.71,211.72,28.85,68.38,97.28,5.32
2023-05-14 16:30:00,5,627.52,0.23,20.91,188.83,33.38,62.61,90.45,7.16
2023-05-14 17:30:00,4,774.38,0.32,29.13,177.38,41.01,64.28,94.21,9.5
2023-05-14 18:30:00,5,2189.64,1.49,93.22,95.84,68.66,115.6,167.3,26.85
2023-05-14 19:30:00,5,4325.87,8.38,145.32,8.94,111.58,217.26,309,52.69
2023-05-14 20:30:00,5,5981.45,43.81,132.98,0,144.96,314.38,448.72,76
2023-05-14 21:30:00,5,6942.75,64.37,134.35,0,164.03,378.18,545.81,95.25
2023-05-14 22:30:00,5,7797.24,86.72,141.2,0,175.48,441.75,625.67,105.38
2023-05-14 23:30:00,5,8010.86,98.35,145.32,0,160.22,458.35,627.59,93.22
2023-05-15 00:30:00,5,6942.75,76.89,141.2,0,117.3,397.32,524.19,60.29
2023-05-15 01:30:00,5,5981.45,53.2,131.61,0,89.65,349.38,446.68,39.01
2023-05-15 02:30:00,5,5073.55,32.19,119.27,0.01,74.39,304,382.91,29.64
2023-05-15 03:30:00,5,3845.21,7.93,106.93,0.41,67.71,236.71,299.56,25.08
2023-05-15 04:30:00,5,3845.21,9.72,97.33,0.17,66.76,245.57,312.38,25.08
2023-05-15 05:30:00,5,4539.49,21.68,95.96,0.01,71.53,296.73,374.72,27.36
2023-05-15 06:30:00,5,5928.04,48.28,101.45,0.45,90.6,387.39,488.89,40.02
2023-05-15 07:30:00,5,7904.05,97.45,116.53,4.83,129.7,498.03,636.32,66.88
2023-05-15 08:30:00,5,9078.98,95.67,189.19,28.61,162.12,567.96,721.85,80.05
2023-05-15 09:30:00,5,2643.59,10.95,95.96,158.79,144.96,179.26,237.16,33.94
2023-05-15 10:30:00,5,2269.74,6.71,82.94,268.94,165.94,191.66,247.21,31.92
2023-05-15 11:30:00,5,2243.04,3.55,67.86,440.6,177.38,260.01,318.35,30.15
2023-05-15 12:30:00,5,1028.06,1.13,21.08,371.93,72.48,155.96,203.75,12.79
2023-05-15 13:30:00,5,620.84,0.75,11.82,280.38,34.81,96.9,147.18,7.73
2023-05-15 14:30:00,5,494,0.7,10.45,223.16,23.6,67.88,119.72,6.52
2023-05-15 15:30:00,5,453.95,0.67,10.28,191.69,19.31,55.43,105.32,6.46
2023-05-15 16:30:00,5,480.65,0.68,12,185.97,19.55,55.11,101.77,7.54
2023-05-15 17:30:00,5,520.71,0.52,14.39,180.24,20.03,54.12,95.98,8.99
2023-05-15 18:30:00,4,921.25,0.36,38.39,153.06,38.62,63.02,106.09,15.83
2023-05-15 19:30:00,5,1455.31,0.01,58.26,111.58,61.99,79.82,130.28,25.08
2023-05-15 20:30:00,5,1815.8,0,62.38,85.12,76.29,94.63,153.91,31.66
2023-05-15 21:30:00,5,3177.64,0.63,94.59,31.11,102.04,166.97,258.83,49.65
2023-05-15 22:30:00,5,5180.36,24.81,111.04,0.11,135.42,281.93,413.84,65.86
2023-05-15 23:30:00,5,6462.1,60.8,106.93,0,150.68,362.75,513.3,64.85
2023-05-16 00:30:00,5,6622.31,76.89,108.3,0,141.14,372.99,515.63,50.66
2023-05-16 01:30:00,5,6141.66,65.27,116.53,0,125.89,352.7,476.25,38
2023-05-16 02:30:00,5,5180.36,36.21,127.49,0.01,110.63,304.51,407.33,30.65
2023-05-16 03:30:00,5,3845.21,8.72,117.9,0.29,95.37,234.11,315.5,27.36
2023-05-16 04:30:00,5,3337.86,7.38,93.22,0.2,80.11,206.66,281.04,27.87
2023-05-16 05:30:00,5,3017.43,11.29,75.4,0.06,69.62,186.54,256.49,30.4
2023-05-16 06:30:00,5,3177.64,24.36,66.49,0.59,74.39,189.14,263.74,37.49
2023-05-16 07:30:00,5,3898.62,50.96,68.55,5.1,87.74,211.19,301.62,49.65
2023-05-16 08:30:00,5,4058.84,49.17,90.48,22.53,86.78,210.12,302.4,51.68
2023-05-16 09:30:00,5,1255.04,3.55,42.5,138.76,54.36,76.74,114.85,20.52
2023-05-16 10:30:00,4,974.66,2.68,27.42,164.51,44.82,69.49,108.07,19
2023-05-16 11:30:00,4,814.44,2.12,20.05,174.52,38.15,67.71,115.89,17.99
2023-05-16 12:30:00,4,500.68,1.03,11.14,144.48,22.65,51.96,115.61,8.61
2023-05-16 13:30:00,4,390.53,0.85,9.77,127.32,18.84,39.96,104.77,4.94
2023-05-16 14:30:00,3,367.16,0.77,9.51,125.89,15.97,32.1,91.54,4.69
2023-05-16 15:30:00,3,367.16,0.76,9.68,127.32,14.66,29.28,82.41,4.62
2023-05-16 16:30:00,3,390.53,0.91,12,127.32,15.74,29.82,82.63,4.94
2023-05-16 17:30:00,3,433.92,0.89,15.94,120.16,16.93,31.19,86.04,5.51
2023-05-16 18:30:00,4,847.82,0.85,42.5,87.98,28.37,41.87,104.19,11.65
2023-05-16 19:30:00,4,1308.44,0.03,65.8,55.79,36.72,52.88,115.89,19
2023-05-16 20:30:00,4,1375.2,0,63.75,42.56,34.81,55.04,115.09,22.04
2023-05-16 21:30:00,4,1281.74,0,53.47,37.55,32.42,54.22,115.01,23.05
2023-05-16 22:30:00,4,1201.63,0,46.61,37.55,32.9,54.27,117.51,23.05
2023-05-16 23:30:00,4,1054.76,0,41.47,40.41,30.99,50.48,113.17,21.28
2023-05-17 00:30:00,4,827.79,0,34.27,44.35,25.99,45.03,103.92,19.76
2023-05-17 01:30:00,4,754.36,0,30.85,43.27,25.27,46.74,103.53,20.52
2023-05-17 02:30:00,4,747.68,0,29.13,47.21,28.37,50.63,103.66,20.77
2023-05-17 03:30:00,4,754.36,0,27.76,54.36,32.42,52.43,100.99,19.76
2023-05-17 04:30:00,4,747.68,0,26.05,58.65,33.86,51.63,98.07,19
2023-05-17 05:30:00,4,761.03,0,26.73,56.51,34.81,50.77,98.4,19
2023-05-17 06:30:00,4,947.95,0.29,35.99,43.27,40.53,56.34,109.75,22.55
2023-05-17 07:30:00,4,1361.85,6.82,49.35,29.33,49.11,68.84,133.36,29.13
2023-05-17 08:30:00,4,1482.01,13.97,52.78,41.84,51.02,69.8,139.05,29.89
2023-05-17 09:30:00,4,947.95,6.59,38.39,87.98,52.45,58.2,124.73,20.01
2023-05-17 10:30:00,4,947.95,4.47,37.01,135.9,63.9,70.05,140.13,20.27
2023-05-17 11:30:00,5,921.25,2.49,31.53,194.55,65.8,86.77,153.56,20.77
2023-05-17 12:30:00,5,600.81,0.7,12,205.99,27.66,62.45,100.72,12.16
2023-05-17 13:30:00,5,540.73,0.46,10.11,194.55,20.5,55.99,90.96,9.37
2023-05-17 14:30:00,5,520.71,0.36,10.88,183.11,20.03,53.68,91.78,8.11
2023-05-17 15:30:00,4,480.65,0.31,11.48,171.66,19.55,49.71,91.3,6.71
2023-05-17 16:30:00,4,460.62,0.35,13.54,155.93,20.03,45.6,91.07,5.83
2023-05-17 17:30:00,4,467.3,0.3,16.62,143.05,20.98,42.68,91.41,5.7
2023-05-17 18:30:00,4,1321.79,0.34,62.38,79.39,39.58,64.81,130.02,16.97
2023-05-17 19:30:00,5,2456.67,0.61,104.19,18.06,63.9,106.13,196.21,32.42
2023-05-17 20:30:00,5,2990.72,8.61,109.67,0.73,75.34,134.44,239.15,42.05
2023-05-17 21:30:00,5,3124.24,16.09,101.45,0.04,77.25,145.45,253.43,45.6
2023-05-17 22:30:00,5,2857.21,15.87,87.74,0.07,71.53,138.58,239.89,44.08
2023-05-17 23:30:00,5,1949.31,3.91,67.86,9.03,51.98,98.96,172.27,32.93
2023-05-18 00:30:00,3,714.3,0,24.33,84.4,28.13,43.33,82.53,14.06
2023-05-18 01:30:00,3,607.49,0,19.36,94.41,27.89,38.59,74.01,12.29
2023-05-18 02:30:00,3,640.87,0,20.22,92.98,32.9,43.41,82.55,12.54
2023-05-18 03:30:00,4,761.03,0,23.65,81.54,38.15,53.13,97.27,14.44
2023-05-18 04:30:00,4,947.95,0,29.47,62.94,42.44,64.84,113,17.73
2023-05-18 05:30:00,5,1174.93,0,38.73,43.63,46.73,76.2,129.04,21.28
2023-05-18 06:30:00,5,1655.58,3.02,56.21,23.96,58.17,100.03,163.64,28.37
2023-05-18 07:30:00,5,2777.1,23.47,74.71,25.03,81.06,159.49,245.58,42.05
2023-05-18 08:30:00,5,3578.19,30.4,100.08,62.94,97.27,223.85,328.29,49.14
2023-05-18 09:30:00,5,1642.23,8.05,55.52,161.65,94.41,144.42,213.28,23.81
2023-05-18 10:30:00,5,1388.55,4.08,40.44,237.46,92.51,140.68,196.41,21.79
2023-05-18 11:30:00,5,1214.98,2.71,33.59,303.27,100.14,132.98,176.61,19.76
2023-05-18 12:30:00,5,841.14,1.73,21.76,297.55,76.29,104.85,144.66,11.65
2023-05-18 13:30:00,5,747.68,1.15,16.11,311.85,59.13,104.75,146.59,9.12
2023-05-18 14:30:00,5,747.68,0.91,14.74,323.3,48.64,108.76,152.14,9.37
2023-05-18 15:30:00,5,687.6,0.78,14.05,291.82,36.72,96.47,140.09,8.99
2023-05-18 16:30:00,5,594.14,0.78,15.77,231.74,29.33,73.95,118.06,7.79
2023-05-18 17:30:00,4,547.41,0.64,18.51,175.95,24.8,54.86,100.68,6.97
2023-05-18 18:30:00,4,754.36,0.41,33.24,123.02,33.38,51.78,101.85,10.77
2023-05-18 19:30:00,4,1028.06,0.02,43.53,86.55,45.78,60.43,115.97,16.97
2023-05-18 20:30:00,4,1094.82,0,40.78,80.82,45.78,64.97,121.01,20.27
2023-05-18 21:30:00,4,1108.17,0,36.67,87.26,43.87,66.59,122.82,22.04
2023-05-18 22:30:00,4,1081.47,0,32.9,104.43,41.01,69.89,125.37,22.29
2023-05-18 23:30:00,4,947.95,0,28.1,111.58,35.76,67.06,113.05,19.51
2023-05-19 00:30:00,4,781.06,0,23.99,107.29,31.95,59.18,91.72,17.23
2023-05-19 01:30:00,4,761.03,0,23.65,100.14,34.33,55.07,80.21,17.99
2023-05-19 02:30:00,4,781.06,0,24.68,94.41,37.19,52.69,74.58,19.51
2023-05-19 03:30:00,4,827.79,0,25.36,90.84,38.15,52.52,73.45,20.52
2023-05-19 04:30:00,4,894.55,0,26.73,86.55,38.62,54.96,76.17,21.28
2023-05-19 05:30:00,4,1001.36,0,30.85,78.68,41.01,59.54,81.94,22.29
2023-05-19 06:30:00,4,1268.39,0.37,43.18,64.37,47.68,70.53,97.45,26.6
2023-05-19 07:30:00,5,1762.39,5.98,59.63,57.22,58.17,89.77,126.13,33.94
2023-05-19 08:30:00,5,1869.2,10.28,63.06,83.68,61.99,93,129.89,34.45
2023-05-19 09:30:00,4,1001.36,3.91,30.5,150.2,44.82,57.97,77.83,21.03
2023-05-19 10:30:00,5,807.76,2.07,19.19,197.41,36.72,58.08,75.26,17.73
2023-05-19 11:30:00,5,700.95,1.3,13.37,226.02,30.52,58.91,75.34,15.83
2023-05-19 12:30:00,5,554.08,0.82,8.23,217.44,19.55,53.46,77.31,11.15
2023-05-19 13:30:00,5,514.03,0.75,7.63,217.44,17.64,54.77,85.49,9.37
2023-05-19 14:30:00,5,514.03,0.72,7.97,223.16,17.88,56.23,88.36,8.99
2023-05-19 15:30:00,5,514.03,0.75,9.17,223.16,18.12,54.72,87.01,8.49
2023-05-19 16:30:00,5,540.73,0.88,12.51,208.85,19.79,51.02,81.81,8.36
2023-05-19 17:30:00,5,587.46,0.78,16.96,191.69,21.46,49.12,79.04,8.74
2023-05-19 18:30:00,4,921.25,0.44,34.27,160.22,30.99,59.26,94.09,13.81
2023-05-19 19:30:00,5,1375.2,0.02,48.67,124.45,43.87,79.13,123.84,21.79
2023-05-19 20:30:00,5,1642.23,0,52.09,105.86,50.07,95.02,147.42,28.12
2023-05-19 21:30:00,5,1949.31,0,58.95,90.12,59.6,113.96,174.51,34.45
2023-05-19 22:30:00,5,2376.56,0,68.55,70.1,69.62,136.46,206.97,39.52
2023-05-19 23:30:00,5,2349.85,0,69.92,57.22,67.71,136.63,207.53,36.98
2023-05-20 00:30:00,5,2429.96,0.01,78.83,30.76,62.94,137.87,207.64,29.89
2023-05-20 01:30:00,5,2510.07,0.13,77.46,14.66,56.74,146.78,214.56,24.57
2023-05-20 02:30:00,5,2563.48,0.73,73.34,6.88,51.98,157.49,223.25,22.55
2023-05-20 03:30:00,5,2456.67,1.66,66.49,3.49,44.82,159.7,223.09,22.29
2023-05-20 04:30:00,5,2189.64,2.21,57.58,2.79,37.67,148.45,208.03,22.55
2023-05-20 05:30:00,5,1895.9,2.57,52.09,3.13,32.42,131.41,188.76,23.05
2023-05-20 06:30:00,5,1602.17,2.49,47.98,10.37,32.42,108.63,165.9,26.85
2023-05-20 07:30:00,5,2056.12,17.21,54.15,14.66,42.44,121.68,192.61,32.93
2023-05-20 08:30:00,5,2483.37,28.61,68.55,31.47,48.64,133.42,215.51,35.97
2023-05-20 09:30:00,5,1201.63,5.42,39.07,137.33,44.82,88.16,146.63,21.79
2023-05-20 10:30:00,5,988.01,2.57,25.7,211.72,42.44,91.93,149.97,19.25
2023-05-20 11:30:00,5,827.79,1.38,17.14,260.35,37.19,96.73,157,17.48
2023-05-20 12:30:00,5,534.06,0.64,6.68,203.13,15.97,62.54,112.83,9.88
2023-05-20 13:30:00,5,440.6,0.59,5.48,181.67,12.64,48.19,89.95,7.16
2023-05-20 14:30:00,5,423.91,0.57,5.44,181.67,11.8,42.19,76.98,6.65
2023-05-20 15:30:00,5,460.62,0.68,7.63,191.69,13.83,41.52,71.22,7.35
2023-05-20 16:30:00,5,527.38,0.85,11.82,194.55,17.88,44.17,71.49,8.49
2023-05-20 17:30:00,4,580.79,0.8,15.94,177.38,20.27,43.33,68.64,9.25
2023-05-20 18:30:00,4,1108.17,0.71,40.78,127.32,30.28,56.56,88.94,15.45
2023-05-20 19:30:00,5,1842.5,0.03,63.75,73.67,46.25,84.22,131.72,25.33
2023-05-20 20:30:00,5,2296.45,0,74.03,43.27,58.17,108.36,168.42,32.93
2023-05-20 21:30:00,5,3097.53,1.7,97.33,13.95,79.15,151.95,228.91,42.56
2023-05-20 22:30:00,5,4699.71,26.6,111.04,0.03,117.3,241.34,342.83,54.21
2023-05-20 23:30:00,5,6195.07,54.99,116.53,0,144.96,329.67,445.61,54.21
2023-05-21 00:30:00,5,6088.26,52.3,117.9,0,129.7,324.98,428.35,40.02
2023-05-21 01:30:00,5,5233.76,33.97,119.27,0,107.77,279.42,361.21,30.15
2023-05-21 02:30:00,5,4432.68,17.43,117.9,0.02,92.51,241.38,307.51,25.08
2023-05-21 03:30:00,5,3471.37,8.16,101.45,0.13,70.57,190.79,246.65,22.8
2023-05-21 04:30:00,5,2376.56,5.2,69.23,0.53,44.35,128.37,175.49,22.55
2023-05-21 05:30:00,5,1602.17,4.25,45.24,1.15,31.47,86.02,127.27,22.55
2023-05-21 06:30:00,5,1588.82,11.96,39.07,1.2,35.29,82.28,127.36,26.35
2023-05-21 07:30:00,5,2323.15,35.32,44.55,6.35,50.54,108.15,171.61,35.46
2023-05-21 08:30:00,5,3017.43,46.04,71.97,21.46,62.94,133.88,217.34,40.53
2023-05-21 09:30:00,5,1735.69,11.62,63.06,107.29,66.76,91.38,165.52,30.15
2023-05-21 10:30:00,5,1642.23,5.7,58.26,228.88,87.74,122.68,199.67,30.4
2023-05-21 11:30:00,5,1682.28,2.57,45.93,400.54,107.77,198.2,276.32,30.91
2023-05-21 12:30:00,5,747.68,0.92,14.05,297.55,44.82,95.91,145.03,13.05
2023-05-21 13:30:00,5,453.95,0.68,7.8,214.58,20.27,48.23,86.54,7.66
2023-05-21 14:30:00,5,373.84,0.58,6.43,181.67,13.95,33.9,69,6.02
2023-05-21 15:30:00,4,360.49,0.59,7.37,164.51,13.11,29.52,65.1,5.76
2023-05-21 16:30:00,4,387.19,0.66,10.54,147.34,14.9,27.86,68.13,6.14
2023-05-21 17:30:00,3,410.56,0.58,13.54,130.18,15.5,27.33,73.78,6.33
2023-05-21 18:30:00,3,640.87,0.59,25.36,105.86,21.46,33.67,87.83,9.75
2023-05-21 19:30:00,4,921.25,0.02,33.93,80.82,29.56,44.73,107.89,15.33
2023-05-21 20:30:00,4,1121.52,0,36.67,65.8,35.29,55.3,129.53,20.01
2023-05-21 21:30:00,5,2002.72,0.29,64.43,27.18,58.17,97,193.03,32.42
2023-05-21 22:30:00,5,3150.94,12.96,80.2,0.55,83.92,154.19,271.38,42.05
2023-05-21 23:30:00,5,3471.37,26.82,78.14,0,85.83,171.03,291.72,37.49
2023-05-22 00:30:00,5,2857.21,20.34,79.51,0.03,68.66,141.84,253.56,26.6
2023-05-22 01:30:00,5,2376.56,12.07,76.77,0.21,61.04,122.8,229.18,25.08
2023-05-22 02:30:00,5,1949.31,4.14,67.17,3,55.79,107.91,208.41,25.08
2023-05-22 03:30:00,5,1214.98,0.01,43.18,23.6,43.39,77.04,168.72,24.32
2023-05-22 04:30:00,4,1028.06,0.01,36.67,24.68,37.19,69,159.04,23.56
2023-05-22 05:30:00,4,907.9,0.02,33.59,23.6,29.33,60.41,144.33,23.31
2023-05-22 06:30:00,4,827.79,0.68,33.24,23.6,27.18,47.02,104.84,25.33
2023-05-22 07:30:00,3,934.6,4.41,34.96,36.84,32.42,42.43,90.45,24.07
2023-05-22 08:30:00,3,854.49,5.14,30.5,70.81,32.9,37.06,86.85,19.76
2023-05-22 09:30:00,3,534.06,2.35,15.94,111.58,25.27,29.07,83.92,13.17
2023-05-22 10:30:00,4,494,1.58,12.51,145.91,24.08,31.34,92.77,12.41
2023-05-22 11:30:00,4,447.27,1.12,10.02,171.66,21.93,33.88,105.48,10.89
2023-05-22 12:30:00,4,360.49,0.7,7.03,167.37,16.69,35.79,115.05,6.52
2023-05-22 13:30:00,4,337.12,0.52,7.45,154.5,16.69,35.75,118.32,4.56
2023-05-22 14:30:00,4,337.12,0.24,8.65,144.48,15.97,36.2,121.42,4.18
2023-05-22 15:30:00,4,380.52,0.06,11.82,130.18,17.4,37.63,125.56,5.13
2023-05-22 16:30:00,4,467.3,0.07,17.48,113.01,21.7,39.44,129.27,6.71
2023-05-22 17:30:00,4,567.44,0.12,23.65,98.71,25.99,40.94,130.82,8.23
2023-05-22 18:30:00,4,1188.28,0.3,52.78,60.8,41.01,58.57,153.51,16.97
2023-05-22 19:30:00,5,2189.64,0.8,85.68,15.02,64.85,97.03,210.49,32.17
2023-05-22 20:30:00,5,2910.61,9.95,89.11,0.75,82.02,132.88,262.49,43.06
2023-05-22 21:30:00,5,3952.03,33.97,85.68,0.01,105.86,188.94,340.79,55.73
2023-05-22 22:30:00,5,5073.55,60.8,85.68,0,125.89,252.38,431.12,62.82
2023-05-22 23:30:00,5,5073.55,72.42,84.31,0,113.49,253.11,431.27,52.18
2023-05-23 00:30:00,5,3898.62,59.01,72.66,0,78.2,184.57,324.89,33.94
2023-05-23 01:30:00,5,2883.91,39.79,59.63,0,57.22,134.8,244.76,27.36
2023-05-23 02:30:00,5,2269.74,26.6,50.72,0,50.07,109.87,203.91,25.33
2023-05-23 03:30:00,5,1842.5,17.43,45.93,0.01,46.25,93.8,181.33,25.33
2023-05-23 04:30:00,5,1842.5,19,40.78,0,49.11,98.12,188.9,26.09
2023-05-23 05:30:00,5,2056.12,27.49,37.36,0,55.31,111.81,210.6,28.88
2023-05-23 06:30:00,5,2883.91,51.86,37.36,0.27,72.48,149.53,265.55,39.01
2023-05-23 07:30:00,5,4058.84,86.72,49.35,3.22,88.69,192.1,325.64,52.18
2023-05-23 08:30:00,5,3898.62,67.95,83.63,20.21,77.25,167,281.35,49.65
2023-05-23 09:30:00,3,707.63,3.3,23.31,103,27.18,41.29,96.34,16.09
2023-05-23 10:30:00,3,494,1.24,15.08,117.3,22.17,33.77,89.05,11.27
2023-05-23 11:30:00,3,423.91,0.55,13.54,107.29,19.55,30.32,88.31,9.63
2023-05-23 12:30:00,3,327.11,0.14,9.34,85.83,12.52,24.18,85.54,5.7
2023-05-23 13:30:00,3,310.42,0.13,8.83,80.11,11.44,22.52,87.29,4.12
2023-05-23 14:30:00,3,313.76,0.12,9.42,78.68,12.04,22.6,90,3.99
2023-05-23 15:30:00,3,360.49,0.16,13.02,75.82,16.21,24.26,95.08,4.94
2023-05-23 16:30:00,4,440.6,0.14,18.34,69.38,20.74,27.05,102.75,6.71
2023-05-23 17:30:00,4,514.03,0.11,22.62,63.66,23.13,29.47,108.5,8.11
2023-05-23 18:30:00,4,674.25,0.17,29.13,61.51,28.85,35.14,110.02,11.27
2023-05-23 19:30:00,4,934.6,0.01,37.7,57.22,40.53,46,118.15,16.97
2023-05-23 20:30:00,4,1108.17,0,43.87,51.5,53.88,55.91,125.89,21.79
2023-05-23 21:30:00,4,1482.01,0,58.26,36.12,73.43,74.56,147.94,29.39
2023-05-23 22:30:00,5,2082.82,0.41,76.09,13.77,87.74,102.26,186.75,38
2023-05-23 23:30:00,5,2376.56,3.91,82.25,2.01,88.69,116.02,208.1,39.01
2023-05-24 00:30:00,5,2830.51,20.56,81.57,0.03,90.6,137.46,238.12,38
2023-05-24 01:30:00,5,3631.59,43.36,79.51,0,107.77,182.29,299.72,48.13
2023-05-24 02:30:00,5,4379.27,62.58,80.88,0,133.51,231.52,365.62,63.33
2023-05-24 03:30:00,5,4966.74,76,86.37,0,158.31,273.54,419.48,79.04
2023-05-24 04:30:00,5,5447.39,88.51,87.05,0,175.48,311.62,465.26,93.22
2023-05-24 05:30:00,5,5874.63,101.03,85,0,171.66,346.04,507.78,94.23
2023-05-24 06:30:00,5,6782.53,128.75,80.88,0.07,156.4,407.67,588.07,80.05
2023-05-24 07:30:00,5,9078.98,193.12,82.94,0.74,162.12,539.94,752.85,86.13
2023-05-24 08:30:00,5,10681.15,225.31,116.53,4.11,162.12,621.93,848.37,89.17
2023-05-24 09:30:00,5,2136.23,15.2,80.2,75.82,120.16,172.09,237.05,27.61
2023-05-24 10:30:00,5,1255.04,5.92,52.78,138.76,111.58,117.78,154.76,19
2023-05-24 11:30:00,5,1014.71,4.02,45.93,211.72,127.79,123.71,150.25,14.95
2023-05-24 12:30:00,5,707.63,1.45,32.22,208.85,91.55,95.52,113.51,8.23
2023-05-24 13:30:00,5,627.52,0.85,30.85,181.67,69.62,78.33,95.61,7.16
2023-05-24 14:30:00,4,627.52,0.31,29.82,173.09,57.7,73.86,92.36,7.41
2023-05-24 15:30:00,5,700.95,0.05,30.85,171.66,53.41,80.78,102.08,8.04
2023-05-24 16:30:00,5,847.82,0.02,35.3,197.41,60.56,111.25,139.36,8.36
2023-05-24 17:30:00,5,934.6,0.01,36.33,220.3,61.04,140.06,177.83,7.98
2023-05-24 18:30:00,5,1134.87,0.01,47.3,163.08,62.94,129.92,175.25,12.92
2023-05-24 19:30:00,5,1628.88,0,70.6,98.71,86.78,143.85,193.79,23.05
2023-05-24 20:30:00,5,2002.72,0,76.77,65.8,97.27,170.54,218.58,30.15
2023-05-24 21:30:00,5,2243.04,0,63.75,47.92,75.34,180.05,226.09,32.93
2023-05-24 22:30:00,5,2857.21,0.24,76.09,20.38,72.48,201.6,257.17,40.53
2023-05-24 23:30:00,5,3204.35,3.69,86.37,3.4,76.29,210.13,269.14,41.04
2023-05-25 00:30:00,5,3017.43,5.42,87.74,1.48,76.29,195.05,248.07,32.42
2023-05-25 01:30:00,5,2536.77,1.34,76.77,7.06,71.53,166.99,209.87,22.8
2023-05-25 02:30:00,5,1895.9,0.03,54.15,25.03,63.9,128.57,159.4,15.45
2023-05-25 03:30:00,5,1375.2,0,38.73,38.62,56.27,96.31,117.74,11.65
2023-05-25 04:30:00,5,1241.68,0,37.7,36.84,53.41,85.37,102.92,10.01
2023-05-25 05:30:00,5,1161.58,0,40.44,35.41,56.74,78.76,93.56,8.74
2023-05-25 06:30:00,5,1161.58,0.43,47.3,37.55,66.76,79.2,94.78,10.13
2023-05-25 07:30:00,5,1455.31,6.54,63.06,39.34,92.51,95.57,117.65,16.47
2023-05-25 08:30:00,5,1842.5,16.54,82.25,55.07,129.7,119.59,147.83,21.79
2023-05-25 09:30:00,5,1548.77,13.86,76.09,113.01,133.51,116.89,139.72,16.72
2023-05-25 10:30:00,5,1321.79,6.37,52.78,200.27,98.23,124.39,142.82,13.3
2023-05-25 11:30:00,5,1174.93,2.24,26.39,291.82,62.94,134.47,149.72,11.4
2023-05-25 12:30:00,5,1028.06,0.8,15.42,280.38,40.53,129.65,141.55,9.12
2023-05-25 13:30:00,5,907.9,0.94,14.57,237.46,35.29,116.95,127.54,7.66
2023-05-25 14:30:00,5,761.03,1.16,15.25,208.85,33.38,87.88,98,7.09
2023-05-25 15:30:00,4,640.87,1.22,16.62,174.52,31.47,59.27,69.21,6.84
2023-05-25 16:30:00,3,594.14,1.19,21.08,130.18,30.28,37.09,47.83,6.97
2023-05-25 17:30:00,3,614.17,0.73,27.42,97.27,30.52,27.56,39.24,7.6
2023-05-25 18:30:00,5,2483.37,25.93,95.96,12.34,59.13,87.16,130.2,29.39
2023-05-25 19:30:00,5,5180.36,100.14,106.93,0.03,96.32,207.91,304.77,57.76
2023-05-25 20:30:00,5,6942.75,139.47,105.56,0,117.3,310.15,457.12,77.01
2023-05-25 21:30:00,5,8010.86,160.93,105.56,0,129.7,392.56,579.21,93.22
2023-05-25 22:30:00,5,8651.73,175.24,102.82,0,125.89,452.54,663.76,97.27
2023-05-25 23:30:00,5,8010.86,166.3,95.96,0,98.23,422.18,614.77,78.02
2023-05-26 00:30:00,5,5767.82,118.02,85,0,60.08,287.4,410.98,44.08
2023-05-26 01:30:00,5,5287.17,109.08,74.71,0,52.45,269.72,374.9,30.65
2023-05-26 02:30:00,5,5874.63,118.02,70.6,0,59.13,328.49,434.9,28.63
2023-05-26 03:30:00,5,6355.29,119.81,71.29,0,64.85,386.79,493.82,26.85
2023-05-26 04:30:00,5,6568.91,119.81,69.92,0,62.94,426.81,532.01,21.79
2023-05-26 05:30:00,5,6835.94,130.53,70.6,0,61.04,460.44,561.41,17.99
2023-05-26 06:30:00,5,6515.5,126.96,80.2,0.28,68.66,427.4,516.27,20.27
2023-05-26 07:30:00,5,7156.37,148.42,91.85,3.44,77.25,439.91,536.4,29.89
2023-05-26 08:30:00,5,7049.56,126.96,135.72,17.17,78.2,420.17,512.98,37.49
2023-05-26 09:30:00,5,1642.23,15.2,61.01,90.84,73.43,98.5,119.39,12.54
2023-05-26 10:30:00,5,1108.17,6.31,39.07,157.36,65.8,78.09,94.67,10.89
2023-05-26 11:30:00,5,1001.36,3.58,31.53,234.6,70.57,98.14,114.99,10.13
2023-05-26 12:30:00,5,847.82,1.79,20.39,280.38,59.6,105.95,121.28,8.11
2023-05-26 13:30:00,5,774.38,1.34,17.48,294.69,55.79,104.66,118.92,7.03
2023-05-26 14:30:00,5,801.09,1.55,23.31,306.13,73.43,112.51,127.19,6.21
2023-05-26 15:30:00,5,854.49,1.54,32.56,308.99,99.18,123.7,139.47,5.64
2023-05-26 16:30:00,5,894.55,0.96,38.39,294.69,97.27,119.41,136.42,6.71
2023-05-26 17:30:00,5,881.2,0.37,39.41,248.91,73.43,94.9,113.13,8.36
2023-05-26 18:30:00,5,2830.51,1.73,149.43,76.53,88.69,147.83,201.31,34.45
2023-05-26 19:30:00,5,5928.04,52.75,219.35,0.18,144.96,290.05,409.8,83.09
2023-05-26 20:30:00,5,8224.49,112.65,219.35,0,202.18,430.94,613.94,129.7
2023-05-26 21:30:00,5,9719.85,141.26,219.35,0,244.14,533.16,760.68,160.1
2023-05-26 22:30:00,5,10360.72,151.99,208.38,0,240.33,592.14,841.88,160.1
2023-05-26 23:30:00,5,9185.79,132.32,174.11,0,171.66,526.78,741.78,112.47
2023-05-27 00:30:00,5,5981.45,72.42,127.49,0,85.83,328.91,466.5,54.72
2023-05-27 01:30:00,5,3738.4,33.53,90.48,0,44.82,200.76,297.66,34.96
2023-05-27 02:30:00,5,2563.48,15.87,66.49,0.01,29.33,137.16,223.99,30.65
2023-05-27 03:30:00,5,1895.9,7.93,52.09,0.18,23.84,104.88,177.69,27.87
2023-05-27 04:30:00,5,1455.31,3.32,43.18,2.01,23.37,87.49,125.68,21.03
2023-05-27 05:30:00,5,1188.28,0.17,33.59,25.39,27.18,91.82,108.66,10.89
2023-05-27 06:30:00,5,807.76,0.06,27.08,82.97,41.48,80.43,104.74,5.07
2023-05-27 07:30:00,5,1094.82,0.86,37.7,75.1,42.44,84.76,109.32,6.84
2023-05-27 08:30:00,5,1482.01,1.42,54.15,50.78,49.11,95.24,124.58,8.61
2023-05-27 09:30:00,5,1695.63,2.04,60.32,38.98,55.31,98.6,130.09,11.4
2023-05-27 10:30:00,5,1815.8,4.19,70.6,35.76,74.39,97.68,126.78,16.21
2023-05-27 11:30:00,5,1789.09,7.71,89.11,38.98,99.18,92.8,116.99,15.58
2023-05-27 12:30:00,4,867.84,12.85,49.35,124.45,99.18,59.71,72.46,6.27
2023-05-27 13:30:00,5,634.19,2.4,19.88,220.3,55.79,70.75,81.11,4.75
2023-05-27 14:30:00,5,540.73,1.08,11.65,240.33,33.38,63.4,72.59,5.07
2023-05-27 15:30:00,5,500.68,0.92,10.28,211.72,21.93,52.67,61.14,5.57
2023-05-27 16:30:00,5,554.08,0.98,12.85,191.69,18.6,55.31,65.19,6.4
2023-05-27 17:30:00,4,627.52,0.82,17.65,170.23,17.88,59.79,73.09,7.22
2023-05-27 18:30:00,5,1949.31,3.58,87.74,60.8,36.24,103.35,141.54,22.29
2023-05-27 19:30:00,5,3738.4,31.74,119.27,0.87,62.94,175.21,251.36,45.09
2023-05-27 20:30:00,5,4806.52,67.06,108.3,0,86.78,232,339.39,67.89
2023-05-27 21:30:00,5,5287.17,76.89,100.08,0,99.18,265.63,390.33,82.08
2023-05-27 22:30:00,5,5233.76,70.63,87.05,0,82.97,273.71,395.02,71.94
2023-05-27 23:30:00,5,4432.68,54.54,76.09,0,54.84,229.69,323.55,50.16
2023-05-28 00:30:00,5,2269.74,10.39,66.49,0.36,28.85,116.56,163.49,31.66
2023-05-28 01:30:00,5,1682.28,2.68,54.84,2.19,22.89,90.07,124.29,27.87
2023-05-28 02:30:00,5,1455.31,1.15,45.93,4.56,20.74,84.46,114.34,26.85
2023-05-28 03:30:00,5,1388.55,1.16,40.78,4.47,20.74,85.18,113.97,25.59
2023-05-28 04:30:00,5,1388.55,2.07,38.39,2.59,21.7,87.87,116.76,24.32
2023-05-28 05:30:00,5,1455.31,4.75,37.36,0.94,23.13,91.55,121.15,23.81
2023-05-28 06:30:00,5,1735.69,13.52,37.7,0.89,27.66,105.07,138.65,25.33
2023-05-28 07:30:00,5,2162.93,25.26,44.55,5.19,31.95,123.05,162.22,25.84
2023-05-28 08:30:00,5,2082.82,15.87,62.38,15.2,28.61,113.83,148.85,19.25
2023-05-28 09:30:00,3,787.73,1.2,26.73,83.68,20.98,44.68,65.68,8.23
2023-05-28 10:30:00,3,734.33,2.54,25.36,94.41,28.85,40.35,66.96,9.25
2023-05-28 11:30:00,4,834.47,3.97,30.85,123.02,46.73,50.07,82.47,11.27
2023-05-28 12:30:00,5,741,3.02,22.62,194.55,52.93,64.5,99.05,8.87
2023-05-28 13:30:00,5,761.03,1.9,21.25,268.94,69.62,97.05,130.69,7.54
2023-05-28 14:30:00,5,794.41,1.93,27.08,314.71,104.9,126.34,159.99,5.57
2023-05-28 15:30:00,5,1161.58,2.99,52.09,320.43,146.87,164.42,203.53,8.61
2023-05-28 16:30:00,5,1842.5,4.19,94.59,288.96,179.29,207.95,256.81,14.69
2023-05-28 17:30:00,5,2456.67,4.19,139.83,217.44,196.46,230.15,286.42,19
2023-05-28 18:30:00,5,3631.59,1.56,205.64,90.12,196.46,255.91,331.81,34.96
2023-05-28 19:30:00,5,5607.6,13.75,241.28,4.25,181.2,330.18,444.09,60.8
2023-05-28 20:30:00,5,7370,45.15,224.83,0,167.85,428.65,582.58,79.04
2023-05-28 21:30:00,5,8331.3,59.9,202.89,0,148.77,499.27,680.85,87.14
2023-05-28 22:30:00,5,8758.54,69.74,180.96,0,139.24,540.25,736.16,93.22
2023-05-28 23:30:00,5,8758.54,77.78,167.25,0,133.51,553.68,743.1,91.2
2023-05-29 00:30:00,5,8438.11,81.36,156.28,0,118.26,540.02,711.52,78.02
2023-05-29 01:30:00,5,8224.49,79.57,146.69,0,96.32,541.08,705.07,61.3
2023-05-29 02:30:00,5,7583.62,61.69,141.2,0,79.15,526.09,685.79,46.61
2023-05-29 03:30:00,5,6141.66,16.54,139.83,0.05,81.06,460.64,578.08,39.01
2023-05-29 04:30:00,5,5447.39,5.25,127.49,0.53,77.25,438.17,535.17,34.45
2023-05-29 05:30:00,5,4432.68,2.01,104.19,3.93,69.62,385.98,463.7,24.83
2023-05-29 06:30:00,5,3017.43,0.13,73.34,41.84,61.04,297.44,357.45,16.72
2023-05-29 07:30:00,5,2990.72,3.32,82.25,45.78,65.8,285.14,350.62,21.03
2023-05-29 08:30:00,5,3337.86,11.62,102.82,58.65,81.06,292.42,361.91,24.57
2023-05-29 09:30:00,5,2269.74,8.94,95.96,120.16,123.98,225.21,275.88,16.21
2023-05-29 10:30:00,5,1762.39,7.38,83.63,174.52,135.42,196.67,241.64,15.2
2023-05-29 11:30:00,5,1562.12,4.53,65.12,268.94,133.51,202.31,246.07,15.45
2023-05-29 12:30:00,5,1108.17,3.3,52.78,288.96,135.42,157.13,189.45,11.02
2023-05-29 13:30:00,5,1068.12,2.12,47.98,308.99,118.26,160.86,188.76,9.88
2023-05-29 14:30:00,5,1041.41,1.73,45.93,280.38,94.41,133.04,155.94,10.51
2023-05-29 15:30:00,5,1001.36,1.54,44.55,228.88,75.34,98.88,117.49,11.27
2023-05-29 16:30:00,5,1068.12,1.31,55.52,180.24,77.25,84.98,102.92,12.54
2023-05-29 17:30:00,5,1241.68,0.72,73.34,147.34,91.55,89.21,108.48,14.06
2023-05-29 18:30:00,5,1762.39,0.18,91.85,124.45,110.63,130,158.67,19.25
2023-05-29 19:30:00,5,2376.56,0.01,97.33,101.57,121.12,198.73,243.76,26.6
2023-05-29 20:30:00,5,2670.29,0,84.31,98.71,119.21,252.8,309.35,30.15
2023-05-29 21:30:00,5,2563.48,0,65.12,107.29,107.77,267.58,328.16,29.39
2023-05-29 22:30:00,5,2323.15,0,54.84,94.41,87.74,243.7,303.94,29.64
2023-05-29 23:30:00,5,2056.12,0,50.04,68.66,65.8,200.8,256.21,28.37
2023-05-30 00:30:00,5,2162.93,0.02,61.01,33.62,50.07,191.29,246.21,23.56
2023-05-30 01:30:00,5,2590.18,1.29,71.97,7.6,44.35,218.45,280.14,20.52
2023-05-30 02:30:00,5,2964.02,6.76,70.6,0.65,44.35,246.93,315.54,19.51
2023-05-30 03:30:00,5,3231.05,14.08,67.86,0.06,46.25,273.9,349.43,20.77
2023-05-30 04:30:00,5,3578.19,23.69,65.12,0,50.07,304.38,386.71,22.29
2023-05-30 05:30:00,5,4005.43,38,63.06,0,55.79,337.32,427.22,26.09
2023-05-30 06:30:00,5,4966.74,68.84,61.69,0.26,69.62,397.18,501.98,35.97
2023-05-30 07:30:00,5,7690.43,143.05,75.4,2.26,96.32,568.32,711.3,53.2
2023-05-30 08:30:00,5,10253.91,166.3,156.28,13.41,115.39,765.94,934.92,65.86
2023-05-30 09:30:00,5,2750.4,20.79,123.38,120.16,205.99,323.96,369.27,20.77
2023-05-30 10:30:00,5,2243.04,10.73,102.82,223.16,200.27,312.21,352.91,16.47
2023-05-30 11:30:00,5,2109.53,6.26,87.74,334.74,207.9,340.33,379.93,13.55
2023-05-30 12:30:00,5,1415.25,2.93,47.98,357.63,144.96,245.86,271.86,9.63
2023-05-30 13:30:00,5,1148.22,1.33,26.05,371.93,100.14,204.08,224.02,8.61
2023-05-30 14:30:00,5,1094.82,0.88,22.28,389.1,83.92,198.09,216.8,7.92
2023-05-30 15:30:00,5,1068.12,0.7,22.62,371.93,70.57,179.53,197.43,7.85
2023-05-30 16:30:00,5,1081.47,0.55,27.08,346.18,65.8,162.47,180.49,8.74
2023-05-30 17:30:00,5,1134.87,0.32,32.9,317.57,66.76,153.84,172.93,10.01
2023-05-30 18:30:00,5,2269.74,0.18,86.37,205.99,82.02,196.52,237.64,24.32
2023-05-30 19:30:00,5,4058.84,0.02,143.95,75.82,99.18,277.61,361.11,45.6
2023-05-30 20:30:00,5,5287.17,2.79,169.99,10.19,104.9,345.83,464.82,59.28
2023-05-30 21:30:00,5,5981.45,17.21,159.03,0.1,104.9,397.75,537.3,66.88
2023-05-30 22:30:00,5,5928.04,24.59,138.46,0.01,95.37,397.5,540.77,64.85
2023-05-30 23:30:00,5,5020.14,24.59,111.04,0.01,75.34,336.86,463.27,52.69
2023-05-31 00:30:00,5,4325.87,30.4,89.11,0,54.36,293.68,411.46,38
2023-05-31 01:30:00,5,4272.46,38.89,74.71,0,46.73,296.57,417.96,29.64
2023-05-31 02:30:00,5,4272.46,42.92,65.12,0,45.78,305.55,429.7,24.32
2023-05-31 03:30:00,5,4272.46,44.26,58.95,0,49.11,313.06,439.08,23.31
2023-05-31 04:30:00,5,4165.65,44.26,54.84,0,51.98,315.82,434.4,24.07
2023-05-31 05:30:00,5,4165.65,47.83,52.09,0,57.22,319.53,428.8,26.6
2023-05-31 06:30:00,5,4592.9,66.16,52.09,0.23,64.85,346.01,450.56,31.16
2023-05-31 07:30:00,5,5714.42,109.08,56.89,1.79,66.76,404.44,514.41,31.92
2023-05-31 08:30:00,5,6088.26,125.17,78.14,5.01,59.6,403.51,503.93,28.37
2023-05-31 09:30:00,5,1001.36,2.32,32.56,131.61,61.99,150.11,164.14,2.28
2023-05-31 10:30:00,5,854.49,1.76,20.22,161.65,40.05,124.85,136.74,5.07
2023-05-31 11:30:00,5,834.47,1.51,15.77,185.97,30.52,106.85,117.94,7.35
2023-05-31 12:30:00,5,754.36,1.06,12.34,197.41,23.37,81.91,91.04,6.97
2023-05-31 13:30:00,5,680.92,0.83,12.68,181.67,20.74,54.86,62.37,6.14
2023-05-31 14:30:00,4,660.9,0.6,14.91,165.94,21.7,41.66,48.82,5.89
2023-05-31 15:30:00,4,821.11,1.02,27.42,151.63,36.24,46.9,56.43,8.36
2023-05-31 16:30:00,4,1028.06,1.62,37.7,150.2,46.25,61.51,74.24,10.77
2023-05-31 17:30:00,4,1121.52,1.66,41.47,137.33,41.48,68.96,83.04,10.77
2023-05-31 18:30:00,5,1522.06,1.45,58.26,97.27,40.05,84.12,105.75,13.05
2023-05-31 19:30:00,5,2189.64,0.17,79.51,55.07,47.68,117.21,154.26,17.73
2023-05-31 20:30:00,5,2723.69,0.04,93.22,29.68,56.27,154.5,206.15,21.79
2023-05-31 21:30:00,5,3471.37,4.3,109.67,6.35,67.71,209.5,279.14,27.11
2023-05-31 22:30:00,5,4486.08,22.35,113.79,0.05,77.25,284.15,373.64,30.4
2023-05-31 23:30:00,5,5126.95,36.66,112.41,0,76.29,333.42,430.58,26.85
2023-06-01 00:30:00,5,5447.39,48.28,108.3,0,64.85,361.39,459.72,19.76
2023-06-01 01:30:00,5,5981.45,61.69,102.82,0,61.99,415.38,517.73,18.75
2023-06-01 02:30:00,5,6408.69,67.95,102.82,0,65.8,467.43,565.47,19.76
2023-06-01 03:30:00,5,6568.91,68.84,100.08,0,68.66,502.95,592.95,18.75
2023-06-01 04:30:00,5,6568.91,67.95,89.11,0,60.56,519.52,599.15,13.17
2023-06-01 05:30:00,5,6248.47,62.58,76.77,0,52.45,500.65,569.16,9.25
2023-06-01 06:30:00,5,3417.97,11.85,87.05,4.96,77.25,288.96,328.48,8.61
2023-06-01 07:30:00,5,3524.78,20.56,89.11,28.97,80.11,281.36,331.76,17.73
2023-06-01 08:30:00,5,3952.03,22.8,113.79,80.11,100.14,314.02,375.65,28.37
2023-06-01 09:30:00,5,2910.61,11.96,94.59,173.09,135.42,259.03,304.77,23.81
2023-06-01 10:30:00,5,2723.69,7.15,85,300.41,162.12,310.33,354.83,21.28
2023-06-01 11:30:00,5,2883.91,3.69,69.92,503.54,185.01,446.95,496.67,17.99
2023-06-01 12:30:00,5,1615.52,1.27,26.05,411.99,91.55,238.08,268.03,11.4
2023-06-01 13:30:00,5,1094.82,0.94,17.48,326.16,51.02,142.3,163.68,8.36
2023-06-01 14:30:00,5,881.2,0.94,16.45,280.38,37.67,101.17,118.72,6.9
2023-06-01 15:30:00,5,741,1.22,18.34,217.44,30.52,64.07,78.6,6.59
2023-06-01 16:30:00,4,761.03,1.9,26.39,165.94,32.9,46.05,60.08,7.73
2023-06-01 17:30:00,3,854.49,2.21,36.67,128.75,36.72,39.84,55.29,9.37
2023-06-01 18:30:00,5,2429.96,12.85,105.56,36.12,60.56,92.55,134.95,28.37
2023-06-01 19:30:00,5,4699.71,57.22,124.75,0.43,93.46,202.45,291,53.7
2023-06-01 20:30:00,5,6301.88,88.51,116.53,0,109.67,306.14,434.93,70.93
2023-06-01 21:30:00,5,7156.37,97.45,113.79,0,108.72,377.36,518.16,71.94
2023-06-01 22:30:00,5,6088.26,69.74,111.04,0,81.06,329.62,439.64,52.18
2023-06-01 23:30:00,5,3738.4,19.89,101.45,5.1,53.88,206.55,263.56,21.53
2023-06-02 00:30:00,5,2002.72,0.01,65.12,36.12,32.9,122.75,146.36,6.33
2023-06-02 01:30:00,5,1735.69,0,48.67,38.62,25.27,109.89,132.32,5.13
2023-06-02 02:30:00,5,1842.5,0.04,48.67,25.39,26.94,117.52,147.45,7.98
2023-06-02 03:30:00,5,2029.42,0.49,52.78,11.8,32.9,132.44,173.45,12.41
2023-06-02 04:30:00,5,2056.12,2.37,49.35,4.16,29.56,134.84,178.89,9.12
2023-06-02 05:30:00,5,1976.01,4.92,46.61,2.03,27.18,126.45,166.06,6.97
2023-06-02 06:30:00,5,1482.01,1.16,45.24,30.04,35.29,91.65,119.09,8.87
2023-06-02 07:30:00,5,2136.23,13.19,57.58,28.61,52.45,123.95,163.76,19.25
2023-06-02 08:30:00,5,2857.21,25.26,74.71,44.35,72.48,171.2,223.2,31.16
2023-06-02 09:30:00,5,1976.01,10.62,62.38,127.32,101.09,161.28,196.45,21.28
2023-06-02 10:30:00,5,1895.9,5.98,55.52,234.6,119.21,202.31,238.93,19.51
2023-06-02 11:30:00,5,1869.2,3.1,43.18,360.49,127.79,250.55,288.01,18.75
2023-06-02 12:30:00,5,1054.76,1.41,17.82,300.41,65.8,126.36,146.62,11.53
2023-06-02 13:30:00,5,774.38,1.22,13.19,251.77,41.96,82.37,97.35,8.49
2023-06-02 14:30:00,5,687.6,1.27,13.02,226.02,34.81,65.91,79.46,7.85
2023-06-02 15:30:00,5,627.52,1.37,13.54,194.55,29.33,50.77,63.7,7.41
2023-06-02 16:30:00,4,614.17,1.54,16.45,167.37,28.13,41.95,55.5,7.47
2023-06-02 17:30:00,4,640.87,1.42,21.08,144.48,28.37,36.7,50.71,7.92
2023-06-02 18:30:00,3,1134.87,1.56,48.67,95.84,40.05,49.45,71.7,15.71
2023-06-02 19:30:00,5,1842.5,0.17,74.71,48.64,55.31,78.47,118.22,27.36
2023-06-02 20:30:00,5,2269.74,0.01,80.88,30.04,63.9,103.88,158.62,35.46
2023-06-02 21:30:00,5,2990.72,3.3,93.22,8.67,74.39,154.02,228.77,46.61
2023-06-02 22:30:00,5,4005.43,22.35,94.59,0.04,82.97,220.25,318.98,56.24
2023-06-02 23:30:00,5,4219.06,36.21,90.48,0,73.43,239.3,344.46,51.17
2023-06-03 00:30:00,5,4165.65,43.36,87.05,0,54.84,234.07,337.38,36.98
2023-06-03 01:30:00,5,4165.65,43.81,80.88,0,42.44,239.71,340.32,26.09
2023-06-03 02:30:00,5,4058.84,40.68,74.03,0,38.62,245.04,337.41,21.28
2023-06-03 03:30:00,5,3898.62,36.66,66.49,0,38.62,245.85,329,20.52
2023-06-03 04:30:00,5,3631.59,33.08,58.95,0,37.19,240.87,313.76,19
2023-06-03 05:30:00,5,3391.27,33.53,51.41,0,35.76,232.58,296.1,16.72
2023-06-03 06:30:00,5,3124.24,34.42,50.04,0.59,42.44,210.78,266.27,21.03
2023-06-03 07:30:00,5,3845.21,54.54,59.63,5.68,58.17,239.79,306.83,36.98
2023-06-03 08:30:00,5,4592.9,54.09,95.96,26.82,72.48,281.34,357.64,45.6
2023-06-03 09:30:00,5,1401.9,5.48,43.53,160.22,70.57,98.51,119.85,17.23
2023-06-03 10:30:00,5,1081.47,2.12,22.96,237.46,53.88,94.06,111.09,13.05
2023-06-03 11:30:00,5,947.95,1.05,13.37,280.38,42.44,98.36,112.97,10.64
2023-06-03 12:30:00,5,774.38,0.77,8.91,254.63,28.37,77.87,87.71,7.66
2023-06-03 13:30:00,5,700.95,0.82,8.65,231.74,23.84,64.21,71.96,6.65
2023-06-03 14:30:00,5,694.27,0.89,9.51,226.02,24.32,61.5,68.87,6.84
2023-06-03 15:30:00,5,720.98,0.92,11.14,226.02,25.27,63.62,71.22,7.28
2023-06-03 16:30:00,5,787.73,1.02,14.57,223.16,27.42,68.96,77.22,8.23
2023-06-03 17:30:00,5,854.49,0.98,19.71,214.58,29.8,72.96,82.14,9.5
2023-06-03 18:30:00,5,1522.06,1.01,54.15,157.36,41.96,98.05,118.77,17.99
2023-06-03 19:30:00,5,2429.96,0.09,82.94,90.12,56.27,139.89,181.12,29.39
2023-06-03 20:30:00,5,2883.91,0,87.05,50.07,60.08,166.21,221.36,35.97
2023-06-03 21:30:00,5,3017.43,0,83.63,32.54,58.65,177.8,238.02,39.52
2023-06-03 22:30:00,5,2964.02,0.01,79.51,25.75,55.31,177.24,238.78,40.02
2023-06-03 23:30:00,5,2643.59,0.01,70.6,27.89,45.78,155.79,210.75,33.94
2023-06-04 00:30:00,5,2082.82,0,56.89,37.55,33.86,123.56,165.47,25.33
2023-06-04 01:30:00,5,1735.69,0,45.24,44.35,28.37,106.6,139.69,22.04
2023-06-04 02:30:00,5,1575.47,0,39.41,44.35,26.7,99.56,128,21.03
2023-06-04 03:30:00,5,1522.06,0,36.67,38.98,25.99,97.71,124.72,20.77
2023-06-04 04:30:00,5,1548.77,0.01,37.7,28.61,25.51,100.69,127.72,20.52
2023-06-04 05:30:00,5,1642.23,0.3,42.16,15.74,25.99,106.64,134.64,19.51
2023-06-04 06:30:00,5,1976.01,7.15,47.3,4.52,31.47,122.28,155.92,23.05
2023-06-04 07:30:00,5,2777.1,28.16,53.47,8.31,45.3,157.1,206.12,33.94
2023-06-04 08:30:00,5,3417.97,35.76,75.4,22.71,56.27,186.65,249.22,41.04
2023-06-04 09:30:00,5,1655.58,5.87,50.72,148.77,69.62,121.1,149.22,25.33
2023-06-04 10:30:00,5,1482.01,3.19,36.33,254.63,75.34,137.99,166.14,23.56
2023-06-04 11:30:00,5,1388.55,1.55,24.68,360.49,80.11,167.66,196.3,22.55
2023-06-04 12:30:00,5,794.41,0.71,13.71,263.21,41.01,91.09,104.66,10.64
2023-06-04 13:30:00,5,674.25,0.8,15.08,205.99,32.9,59.57,69.38,7.98
2023-06-04 14:30:00,4,667.57,0.8,17.65,178.81,32.9,48.74,58.26,7.73
2023-06-04 15:30:00,4,654.22,0.87,17.48,164.51,30.52,42.42,52.68,7.92
2023-06-04 16:30:00,4,654.22,1.08,17.31,164.51,28.61,40.66,51.53,8.23
2023-06-04 17:30:00,4,674.25,1.08,19.71,158.79,28.37,40.08,51.66,8.87
2023-06-04 18:30:00,4,1522.06,1.9,62.38,100.14,42.92,68.81,95.83,19.51
2023-06-04 19:30:00,5,2803.8,0.82,109.67,25.03,62.94,124.5,178.53,33.44
2023-06-04 20:30:00,5,3578.19,9.95,112.41,0.74,72.48,167.87,240.54,41.04
2023-06-04 21:30:00,5,3738.4,16.09,105.56,0.09,72.48,187.45,264.26,42.56
2023-06-04 22:30:00,5,3471.37,10.17,100.08,0.61,64.85,180.91,251.43,39.01
2023-06-04 23:30:00,5,2723.69,1.29,85,12.7,47.68,146.65,200.24,31.16
2023-06-05 00:30:00,5,1535.42,0,44.55,56.51,29.56,92.69,121.17,23.05
2023-06-05 01:30:00,5,1268.39,0,34.96,61.51,29.8,94.26,118.92,22.8
2023-06-05 02:30:00,5,1174.93,0,29.82,68.66,32.42,102.79,126.33,22.04
2023-06-05 03:30:00,5,1148.22,0,27.42,73.67,33.38,108.94,132.53,21.03
2023-06-05 04:30:00,5,1134.87,0,26.39,73.67,31.95,112.95,137.77,20.27
2023-06-05 05:30:00,5,1174.93,0,29.13,68.66,31.95,118.58,145.85,19
2023-06-05 06:30:00,5,1388.55,0.37,39.07,55.79,36.24,130.05,163.95,20.77
2023-06-05 07:30:00,5,1869.2,5.36,52.78,49.35,45.78,150.73,197.55,27.87
2023-06-05 08:30:00,5,2056.12,9.16,58.95,80.82,52.93,162.35,215.7,29.89
2023-06-05 09:30:00,5,1375.2,3.74,37.36,177.38,57.22,137.19,175.89,18.75
2023-06-05 10:30:00,5,1281.74,2.32,28.79,243.19,60.56,144.9,182.21,18.49
2023-06-05 11:30:00,5,1188.28,1.56,22.96,286.1,59.13,144.24,177.83,17.73
2023-06-05 12:30:00,5,714.3,0.83,10.54,223.16,28.13,79.01,95.59,8.99
2023-06-05 13:30:00,5,607.49,0.76,9.68,200.27,23.13,58.58,71.55,7.16
2023-06-05 14:30:00,5,594.14,0.73,10.8,197.41,24.08,54.26,67.05,6.97
2023-06-05 15:30:00,5,594.14,0.67,12.34,191.69,25.27,53,66.14,7.09
2023-06-05 16:30:00,5,634.19,0.62,15.59,188.83,27.89,54.18,68.03,8.04
2023-06-05 17:30:00,5,700.95,0.42,20.05,180.24,29.8,55.66,70.2,9.5
2023-06-05 18:30:00,5,1682.28,0.53,67.17,115.87,49.11,89.86,122.15,23.05
2023-06-05 19:30:00,5,3284.45,0.17,122.01,35.76,81.06,162.92,233.68,44.08
2023-06-05 20:30:00,5,4432.68,8.61,138.46,1.79,101.09,229.36,331.49,58.77
2023-06-05 21:30:00,5,5554.2,32.19,134.35,0.01,119.21,306.31,438,71.94
2023-06-05 22:30:00,5,6782.53,57.22,131.61,0,127.79,390.92,553.76,80.05
2023-06-05 23:30:00,5,6782.53,64.37,127.49,0,109.67,399.72,565.7,68.9
2023-06-06 00:30:00,5,5607.6,52.3,112.41,0,76.29,328.43,469.66,47.12
2023-06-06 01:30:00,5,4913.33,45.15,97.33,0,62.94,294.89,419.03,38.5
2023-06-06 02:30:00,5,4753.11,45.6,85,0,60.56,298.64,418.88,36.98
2023-06-06 03:30:00,5,4592.9,47.39,74.71,0,59.6,303.61,420.01,37.49
2023-06-06 04:30:00,5,4272.46,45.15,65.12,0,54.84,292.55,394.75,35.46
2023-06-06 05:30:00,5,3952.03,42.92,56.89,0,49.59,272.73,355.11,32.93
2023-06-06 06:30:00,5,3578.19,41.57,55.52,0.57,55.79,235.4,302.01,38
2023-06-06 07:30:00,5,4379.27,66.16,69.23,5.45,76.29,261.47,347.07,51.68
2023-06-06 08:30:00,5,5287.17,69.74,120.64,25.39,94.41,305.57,410.88,59.28
2023-06-06 09:30:00,5,2643.59,11.51,97.33,164.51,135.42,201.11,251,35.97
2023-06-06 10:30:00,5,2429.96,5.31,79.51,306.13,150.68,237.1,283.73,33.94
2023-06-06 11:30:00,5,2376.56,2.29,56.89,469.21,152.59,294.81,341.67,33.44
2023-06-06 12:30:00,5,947.95,0.83,15.77,288.96,48.16,98.43,116.66,15.33
2023-06-06 13:30:00,5,667.57,0.66,11.48,220.3,27.18,55.76,68.18,10.77
2023-06-06 14:30:00,5,614.17,0.56,11.48,191.69,22.41,44.96,56.09,10.26
2023-06-06 15:30:00,4,600.81,0.55,11.14,177.38,19.79,41.45,52.22,10.13
2023-06-06 16:30:00,4,620.84,0.71,12.34,173.09,19.55,41.12,52.01,10.39
2023-06-06 17:30:00,4,640.87,0.75,15.08,164.51,20.27,38.55,49.73,10.39
2023-06-06 18:30:00,4,1134.87,0.89,41.13,128.75,37.19,53.79,74.41,17.48
2023-06-06 19:30:00,5,1815.8,0.08,64.43,87.26,58.17,83.64,122.24,28.37
2023-06-06 20:30:00,5,2216.34,0,71.97,61.51,70.57,107.05,160.37,35.97
2023-06-06 21:30:00,5,2723.69,0.01,86.37,36.12,86.78,139.25,208.14,44.58
2023-06-06 22:30:00,5,3364.56,1.1,102.82,10.1,97.27,178.36,264.39,51.68
2023-06-06 23:30:00,5,3391.27,4.47,101.45,2.24,87.74,182.12,269.76,47.12
2023-06-07 00:30:00,5,3070.83,7.38,93.22,0.86,70.57,165.53,245.72,35.97
2023-06-07 01:30:00,5,3097.53,12.07,84.31,0.15,64.85,173.5,252.84,32.42
2023-06-07 02:30:00,5,3204.35,15.65,77.46,0.05,64.85,188.96,268.45,32.42
2023-06-07 03:30:00,5,3284.45,18.33,72.66,0.02,65.8,203.2,282.8,33.44
2023-06-07 04:30:00,5,3311.16,21.23,67.86,0.01,63.9,214.27,293.96,33.94
2023-06-07 05:30:00,5,3471.37,28.61,63.06,0,62.94,227.15,307.82,34.96
2023-06-07 06:30:00,5,4112.24,52.75,58.95,0.44,73.43,262.49,355.33,45.6
2023-06-07 07:30:00,5,6141.66,113.55,67.17,3.13,102.04,359.58,486.85,67.89
2023-06-07 08:30:00,5,8117.68,143.05,131.61,13.59,123.98,451.35,602.75,77.01
2023-06-07 09:30:00,5,1762.39,7.38,63.75,164.51,112.53,115.49,145.88,26.09
2023-06-07 10:30:00,5,1401.9,3.38,40.44,251.77,92.51,109.7,136.1,22.04
2023-06-07 11:30:00,5,1174.93,1.65,25.7,320.43,72.48,118.18,142.17,19
2023-06-07 12:30:00,5,680.92,0.86,10.97,240.33,31.47,66.57,82.46,9.37
2023-06-07 13:30:00,5,514.03,0.78,8.48,194.55,20.98,44.05,59.81,5.76
2023-06-07 14:30:00,4,460.62,0.77,8.05,170.23,18.12,36.27,54.48,5
2023-06-07 15:30:00,4,447.27,0.89,8.57,147.34,16.21,30.86,49.6,5.26
2023-06-07 16:30:00,4,500.68,1.15,11.48,140.19,18.12,31.58,49.65,6.4
2023-06-07 17:30:00,3,574.11,1.17,15.77,138.76,21.22,35.52,52.45,7.92
2023-06-07 18:30:00,4,1041.41,1.2,39.76,118.73,38.15,54.67,77.3,15.45
2023-06-07 19:30:00,5,1588.82,0.1,58.95,90.12,53.88,80.64,114.7,25.08
2023-06-07 20:30:00,5,1815.8,0,59.63,71.53,55.31,95.08,135.4,30.4
2023-06-07 21:30:00,5,2136.23,0,65.12,52.93,58.65,115.05,163.14,36.48
2023-06-07 22:30:00,5,2590.18,0,76.77,32.54,64.85,142.44,200.94,42.05
2023-06-07 23:30:00,5,2643.59,0.02,78.83,24.32,61.04,146.61,204.55,38.5
2023-06-08 00:30:00,5,2269.74,0.01,68.55,29.33,49.59,128.2,174.65,29.64
2023-06-08 01:30:00,5,2002.72,0,57.58,36.12,45.3,118.51,158.61,25.84
2023-06-08 02:30:00,5,1869.2,0,51.41,37.91,44.35,116.12,154.47,24.83
2023-06-08 03:30:00,5,1949.31,0.01,51.41,28.61,43.87,123.29,164.73,25.33
2023-06-08 04:30:00,5,2189.64,0.56,56.21,11.8,45.3,140.24,187.96,26.85
2023-06-08 05:30:00,5,2563.48,7.6,58.95,1.08,49.59,163.01,217.95,29.64
2023-06-08 06:30:00,5,3417.97,33.97,60.32,0.76,63.9,207.36,278.23,40.53
2023-06-08 07:30:00,5,5393.98,88.51,75.4,4.83,93.46,301,406.71,61.81
2023-06-08 08:30:00,5,6622.31,99.24,130.24,20.21,111.58,350.74,471.72,68.9
2023-06-08 09:30:00,5,2082.82,11.06,80.2,134.47,110.63,119.15,156.02,33.94
2023-06-08 10:30:00,5,1815.8,5.25,63.06,237.46,117.3,133.49,170.27,31.16
2023-06-08 11:30:00,5,1602.17,2.04,39.41,351.91,110.63,167.54,202.48,28.12
2023-06-08 12:30:00,5,700.95,0.84,12.68,237.46,37.19,72.53,92.24,10.64
2023-06-08 13:30:00,5,527.38,0.71,8.83,188.83,21.46,49.67,70.18,7.22
2023-06-08 14:30:00,4,500.68,0.66,8.31,175.95,18.84,46.14,67.14,6.84
2023-06-08 15:30:00,4,500.68,0.62,8.48,171.66,17.4,45.74,64.81,7.41
2023-06-08 16:30:00,4,534.06,0.67,10.62,167.37,17.64,44.67,61.36,8.61
2023-06-08 17:30:00,4,554.08,0.6,13.71,157.36,18.36,41.05,55.96,9.25
2023-06-08 18:30:00,3,807.76,0.57,31.19,123.02,31.47,42.41,60.07,13.3
2023-06-08 19:30:00,3,1094.82,0.05,42.5,90.12,43.87,48.04,72.64,19
2023-06-08 20:30:00,4,1228.33,0,42.5,78.68,48.64,53.92,83.46,23.31
2023-06-08 21:30:00,4,1441.96,0,46.61,71.53,54.36,67.36,102.94,28.37
2023-06-08 22:30:00,5,1762.39,0,54.84,60.8,59.13,85.41,128.56,32.93
2023-06-08 23:30:00,5,1815.8,0,58.26,52.21,56.27,91.08,134.29,31.92
2023-06-09 00:30:00,5,1588.82,0,52.78,50.07,46.73,80.86,115.86,26.85
2023-06-09 01:30:00,4,1348.5,0,43.18,52.21,41.01,72.02,99.88,25.08
2023-06-09 02:30:00,4,1188.28,0,36.33,55.07,38.15,66.48,90.09,24.83
2023-06-09 03:30:00,4,1201.63,0,34.62,50.07,36.24,68.32,91.94,25.33
2023-06-09 04:30:00,5,1335.14,0,38.04,37.19,38.15,77.24,103.39,26.09
2023-06-09 05:30:00,5,1548.77,0.08,45.93,22.71,42.92,89.74,119.56,27.87
2023-06-09 06:30:00,5,2002.72,5.48,58.26,8.4,52.93,112.08,150.86,33.44
2023-06-09 07:30:00,5,2910.61,29.5,67.17,11.62,67.71,149.8,207.7,44.58
2023-06-09 08:30:00,5,3417.97,40.23,86.37,28.25,72.48,167.73,235.27,49.65
2023-06-09 09:30:00,5,1308.44,5.14,40.1,141.62,49.59,77.81,102.74,24.57
2023-06-09 10:30:00,5,974.66,2.24,23.31,205.99,42.44,75.78,103.61,20.01
2023-06-09 11:30:00,5,854.49,1.29,16.79,257.49,40.53,83.76,113.74,18.49
2023-06-09 12:30:00,5,600.81,0.72,8.74,226.02,24.56,64.55,92.41,10.64
2023-06-09 13:30:00,5,520.71,0.68,7.8,203.13,19.79,52.94,78.01,8.04
2023-06-09 14:30:00,5,500.68,0.68,8.23,194.55,19.31,49.36,73.8,7.54
2023-06-09 15:30:00,5,494,0.65,8.74,183.11,18.6,47.89,73.2,7.41
2023-06-09 16:30:00,4,494,0.64,10.28,170.23,18.36,44.8,71.73,7.28
2023-06-09 17:30:00,4,494,0.51,12.34,154.5,18.36,42.21,71.3,7.41
2023-06-09 18:30:00,3,680.92,0.38,25.36,128.75,30.52,47.19,83.32,10.89
2023-06-09 19:30:00,4,854.49,0.03,32.9,104.43,38.15,52.81,97,15.45
2023-06-09 20:30:00,4,907.9,0,32.22,91.55,37.67,54.23,102.78,17.99
2023-06-09 21:30:00,4,1348.5,0,45.93,67.23,45.78,72.74,131.75,25.84
2023-06-09 22:30:00,5,2002.72,0,66.49,38.27,57.7,102.74,174.3,33.94
2023-06-09 23:30:00,5,2269.74,0.02,76.77,23.6,59.6,115.95,189.15,33.44
2023-06-10 00:30:00,5,2189.64,0.19,76.77,14.31,52.93,114.27,181.88,27.61
2023-06-10 01:30:00,5,2082.82,0.46,67.86,8.67,45.78,112.44,175.05,23.81
2023-06-10 02:30:00,5,2002.72,0.95,60.32,5.45,42.44,112.54,171.88,22.55
2023-06-10 03:30:00,5,1895.9,1.62,54.84,3.53,40.05,111.31,168.68,22.55
2023-06-10 04:30:00,5,1682.28,1.12,49.35,5.05,37.67,101.59,154.32,22.8
2023-06-10 05:30:00,5,1468.66,0.67,46.61,7.87,35.29,89.73,138.86,22.8
2023-06-10 06:30:00,5,1468.66,2.65,49.35,10.55,37.67,86.59,137.19,24.57
2023-06-10 07:30:00,5,1895.9,14.75,56.21,18.24,44.35,97.13,160.73,29.13
2023-06-10 08:30:00,5,2109.53,19.67,66.49,42.56,45.3,97.44,170.02,28.63
2023-06-10 09:30:00,4,814.44,2.68,25.02,150.2,33.38,54.96,97.78,11.65
2023-06-10 10:30:00,4,660.9,1.77,17.48,177.38,30.99,52.4,99.44,10.01
2023-06-10 11:30:00,5,567.44,1.24,13.19,197.41,29.33,52.2,107.41,9.75
2023-06-10 12:30:00,4,417.23,0.67,6.68,171.66,15.14,42.67,98.34,8.23
2023-06-10 13:30:00,4,373.84,0.61,5.83,155.93,11.8,38.19,90.29,6.97
2023-06-10 14:30:00,4,347.14,0.64,6,140.19,11.56,30.23,75.49,5.38
2023-06-10 15:30:00,3,333.79,0.68,6.43,121.59,11.44,23.32,61.05,4.56
2023-06-10 16:30:00,3,343.8,0.74,7.97,107.29,11.92,20.48,55.23,4.69
2023-06-10 17:30:00,3,360.49,0.65,9.94,95.84,12.4,19.41,51.21,4.88
2023-06-10 18:30:00,3,600.81,0.8,23.99,74.39,21.93,25.41,56.61,8.61
2023-06-10 19:30:00,3,947.95,0.12,38.39,51.5,33.38,37.55,73.24,15.07
2023-06-10 20:30:00,3,1174.93,0,43.18,38.27,40.53,47.78,88.13,20.27
2023-06-10 21:30:00,4,1495.36,0.02,51.41,25.39,48.64,63.26,111.62,26.09
2023-06-10 22:30:00,5,1895.9,0.78,62.38,9.21,54.84,82.47,140.71,31.41
2023-06-10 23:30:00,5,2002.72,4.02,63.75,1.48,51.5,87.85,147.47,30.15
2023-06-11 00:30:00,5,1762.39,6.82,57.58,0.23,38.62,75.54,126.45,25.08
2023-06-11 01:30:00,4,1508.71,7.82,49.35,0.08,29.56,64.61,109.86,22.8
2023-06-11 02:30:00,4,1335.14,7.71,43.18,0.09,25.75,58.16,101.55,22.04
2023-06-11 03:30:00,4,1241.68,7.71,38.39,0.09,25.03,55.84,99.47,21.79
2023-06-11 04:30:00,4,1161.58,6.93,34.96,0.16,25.27,54.58,98.29,21.79
2023-06-11 05:30:00,4,1134.87,6.31,33.93,0.33,26.46,54.55,98.44,22.04
2023-06-11 06:30:00,4,1214.98,7.82,36.67,2.5,30.99,57.56,103.27,24.07
2023-06-11 07:30:00,4,1615.52,20.79,39.07,10.55,38.15,71.36,124.73,29.89
2023-06-11 08:30:00,5,1815.8,23.92,50.72,29.68,38.15,75.43,130.45,30.91
2023-06-11 09:30:00,3,687.6,3.86,22.28,105.86,27.42,36.17,72.44,11.4
2023-06-11 10:30:00,4,554.08,1.62,13.02,155.93,23.84,39.16,75.1,9.75
2023-06-11 11:30:00,4,473.98,0.91,8.31,175.95,20.27,40.12,75.92,9.37
2023-06-11 12:30:00,4,360.49,0.66,5.23,147.34,12.52,31.33,69.77,6.4
2023-06-11 13:30:00,3,330.45,0.66,4.93,130.18,10.61,29.28,77.97,5.19
2023-06-11 14:30:00,3,330.45,0.69,5.27,124.45,10.73,30.14,89.84,5.07
2023-06-11 15:30:00,4,330.45,0.71,5.65,118.73,10.49,30.9,100.73,5.13
2023-06-11 16:30:00,4,337.12,0.78,6.77,111.58,10.73,31.39,111.51,5.26
2023-06-11 17:30:00,4,347.14,0.75,8.48,104.43,11.32,31.54,116.47,5.32
2023-06-11 18:30:00,4,527.38,0.75,19.54,87.98,20.98,36.55,123.89,8.36
2023-06-11 19:30:00,4,754.36,0.07,29.82,69.38,30.99,44.41,132.82,13.3
2023-06-11 20:30:00,4,881.2,0,32.22,58.65,35.76,50.1,136.77,16.97
2023-06-11 21:30:00,4,1054.76,0,36.33,49.35,40.05,57.67,140.89,21.03
2023-06-11 22:30:00,4,1295.09,0,42.84,39.34,42.92,68.11,151.13,24.83
2023-06-11 23:30:00,4,1321.79,0,44.55,32.9,40.05,69.7,148.54,24.32
2023-06-12 00:30:00,4,1161.58,0,42.16,28.61,33.38,63.69,135.27,21.53
2023-06-12 01:30:00,4,1161.58,0.04,42.84,20.03,34.33,65.89,136.44,22.8
2023-06-12 02:30:00,4,1201.63,0.23,43.87,12.34,36.24,70.59,144.02,24.07
2023-06-12 03:30:00,5,1255.04,0.83,44.55,6.17,37.67,75.83,155.03,25.33
2023-06-12 04:30:00,5,1295.09,2.07,44.55,2.73,39.1,80.22,164.59,26.35
2023-06-12 05:30:00,5,1388.55,5.53,43.87,0.66,41.01,86.08,174.9,27.61
2023-06-12 06:30:00,5,1708.98,16.09,43.53,1.08,47.68,100.91,196.73,32.42
2023-06-12 07:30:00,5,2323.15,34.42,46.61,7.06,57.22,124.8,234.13,41.04
2023-06-12 08:30:00,5,2429.96,30.85,61.69,28.61,56.74,128.68,244.69,42.56
2023-06-12 09:30:00,4,700.95,2.96,21.08,123.02,40.05,60.01,143.01,13.68
2023-06-12 10:30:00,4,514.03,1.36,11.48,148.77,30.04,56.98,143.48,10.01
2023-06-12 11:30:00,4,440.6,0.91,8.23,155.93,23.37,55.55,145.17,8.23
2023-06-12 12:30:00,4,367.16,0.73,5.83,135.9,15.5,43.97,132.82,5.76
2023-06-12 13:30:00,4,337.12,0.75,5.48,123.02,12.52,35.91,126.83,4.94
2023-06-12 14:30:00,4,327.11,0.8,5.57,115.87,11.68,30.93,120.66,4.75
2023-06-12 15:30:00,4,323.77,0.85,6.08,110.15,11.44,28.3,114.6,4.88
2023-06-12 16:30:00,4,340.46,0.94,7.71,104.43,12.04,26.86,108.48,5.19
2023-06-12 17:30:00,4,363.83,0.87,10.02,97.27,12.99,25.71,102.01,5.64
2023-06-12 18:30:00,4,520.71,0.73,20.39,82.97,23.37,29.7,104.56,8.87
2023-06-12 19:30:00,4,714.3,0.07,30.16,70.81,34.33,37.63,114.67,13.93
2023-06-12 20:30:00,4,834.47,0,32.22,70.81,39.58,46.21,127.68,17.73
2023-06-12 21:30:00,4,1041.41,0,37.7,68.66,46.73,59.76,146.57,22.55
2023-06-12 22:30:00,4,1335.14,0,45.93,57.94,52.93,74.76,164.68,27.61
2023-06-12 23:30:00,5,1388.55,0,48.67,51.5,51.98,78.27,164.38,27.36
2023-06-13 00:30:00,4,1174.93,0,43.53,51.5,44.35,69.32,145.13,23.56
2023-06-13 01:30:00,4,1001.36,0,37.36,50.78,39.1,61.73,130.49,22.29
2023-06-13 02:30:00,4,881.2,0,32.56,47.92,33.86,54.54,118.55,21.79
2023-06-13 03:30:00,4,794.41,0,29.13,42.56,29.09,47.63,105.14,21.53
2023-06-13 04:30:00,3,774.38,0,28.1,34.33,28.13,43.73,93.5,22.04
2023-06-13 05:30:00,3,814.44,0.01,30.5,26.11,29.8,42.81,87.68,23.31
2023-06-13 06:30:00,3,961.3,1.52,35.64,17.7,34.33,45.91,90.27,26.6
2023-06-13 07:30:00,4,1241.68,9.83,38.39,22.53,39.58,52.13,97.65,31.66
2023-06-13 08:30:00,3,1201.63,10.95,39.41,50.07,39.1,48.45,87.78,30.15
2023-06-13 09:30:00,3,507.35,2.35,13.71,101.57,20.98,25.42,61.98,12.79
2023-06-13 10:30:00,3,420.57,1.24,9,130.18,17.64,26.49,68.07,9.5
2023-06-13 11:30:00,4,373.84,0.88,6.85,143.05,15.74,27.34,71.05,7.92
2023-06-13 12:30:00,3,320.43,0.71,5.1,128.75,11.92,21.92,62.37,5.51
2023-06-13 13:30:00,3,303.75,0.75,4.88,113.01,10.25,17.53,53.18,4.24
2023-06-13 14:30:00,3,300.41,0.8,5.14,105.86,9.89,15.43,46.93,3.93
2023-06-13 15:30:00,3,303.75,0.87,5.74,100.14,10.01,13.94,41.69,3.8
2023-06-13 16:30:00,2,323.77,1.03,7.28,95.84,10.73,13.11,37.42,4.05
2023-06-13 17:30:00,2,347.14,1.05,9.6,90.12,11.56,12.59,34.33,4.56
2023-06-13 18:30:00,2,560.76,1.17,22.28,75.82,21.46,17.78,41.35,8.74
2023-06-13 19:30:00,3,827.79,0.16,35.3,57.94,31.47,26.64,55.65,15.2
2023-06-13 20:30:00,3,974.66,0,38.04,47.92,35.76,33.56,67.38,19.76
2023-06-13 21:30:00,3,1161.58,0,43.53,39.7,41.48,43.33,82.66,24.83
2023-06-13 22:30:00,4,1401.9,0,50.72,30.04,47.68,54.77,100.3,29.13
2023-06-13 23:30:00,4,1415.25,0.01,52.78,23.6,48.16,56.72,102.6,28.63
2023-06-14 00:30:00,3,1201.63,0.01,47.3,22.89,42.44,48.25,88.06,24.83
2023-06-14 01:30:00,3,1041.41,0.01,41.81,22.71,38.15,43.35,79.09,23.81
2023-06-14 02:30:00,3,947.95,0.02,38.04,21.1,34.81,40.46,73.63,23.81
2023-06-14 03:30:00,3,847.82,0.03,33.93,19.85,30.04,35.95,65.91,23.81
2023-06-14 04:30:00,3,727.65,0.03,28.1,20.21,24.56,28.87,53.56,23.56
2023-06-14 05:30:00,2,600.81,0.02,22.96,23.96,21.22,21.39,41.83,22.8
2023-06-14 06:30:00,2,423.91,0.14,14.91,58.65,18.36,18.46,41.59,14.44
2023-06-14 07:30:00,2,453.95,1.49,14.22,59.37,17.88,19.89,49.17,11.4
2023-06-14 08:30:00,2,453.95,2.77,12.85,60.8,16.93,16.58,43.45,9.75
2023-06-14 09:30:00,2,403.88,2.12,9.68,77.25,14.54,14.02,37.15,7.92
2023-06-14 10:30:00,2,370.5,1.41,7.63,97.27,13.47,14.04,34.71,6.9
2023-06-14 11:30:00,3,333.79,0.99,5.91,107.29,11.68,13.19,31.3,5.7
2023-06-14 12:30:00,3,303.75,0.79,4.8,107.29,9.78,11.89,27.95,4.37
2023-06-14 13:30:00,3,300.41,0.8,4.93,107.29,9.78,11.72,26.82,3.7
2023-06-14 14:30:00,3,303.75,0.85,5.44,105.86,10.13,11.88,27.63,3.67
2023-06-14 15:30:00,3,307.08,0.91,6.08,104.43,10.25,11.89,29.14,3.8
2023-06-14 16:30:00,3,327.11,1.03,7.54,100.14,11.09,12.05,31.04,4.18
2023-06-14 17:30:00,2,353.81,1.09,9.77,94.41,12.16,12.14,32.04,4.69
2023-06-14 18:30:00,3,761.03,1.98,31.87,68.66,26.94,23.26,50.81,11.15
2023-06-14 19:30:00,3,1348.5,0.4,57.58,36.84,43.87,44.68,86.75,21.53
2023-06-14 20:30:00,4,1789.09,0.06,69.92,19.49,56.27,66.19,121.64,30.4
2023-06-14 21:30:00,5,2109.53,0.49,78.14,10.55,67.71,85.17,150.51,36.48
2023-06-14 22:30:00,5,2162.93,0.91,78.83,7.15,68.66,89.49,154.99,36.98
2023-06-14 23:30:00,4,1762.39,0.83,68.55,7.06,53.88,70.47,123.09,31.66
2023-06-15 00:30:00,3,1068.12,0.19,47.3,13.23,31.47,36.9,69.15,23.56
2023-06-15 01:30:00,2,694.27,0.02,30.5,22.89,22.89,21.35,43.07,19.76
2023-06-15 02:30:00,2,514.03,0,20.91,36.48,21.22,16.06,34.29,16.97
2023-06-15 03:30:00,2,400.54,0,15.08,53.64,20.03,13.39,32.95,12.41
2023-06-15 04:30:00,2,377.18,0,14.05,58.65,20.74,12.72,31.41,10.64
2023-06-15 05:30:00,2,397.21,0,15.42,56.51,22.89,12.8,30.28,10.77
2023-06-15 06:30:00,2,480.65,0.37,19.54,49.35,26.7,14.8,32.38,12.79
2023-06-15 07:30:00,2,600.81,2.88,21.42,49.35,29.56,18.64,38.29,15.07
2023-06-15 08:30:00,2,594.14,4.08,18.68,62.94,26.7,19.33,40.05,14.19
2023-06-15 09:30:00,2,427.25,2.18,10.28,81.54,17.64,15.89,38.02,8.49
2023-06-15 10:30:00,2,390.53,1.52,8.31,97.27,17.17,16.82,40.75,6.84
2023-06-15 11:30:00,3,360.49,1.19,7.03,103,15.74,16.05,39.86,5.76
2023-06-15 12:30:00,2,330.45,1.03,5.91,97.27,12.99,13.35,33.53,4.37
2023-06-15 13:30:00,2,323.77,1.06,5.83,97.27,12.52,12.47,29.08,3.83
2023-06-15 14:30:00,3,330.45,1.09,6.34,104.43,13.35,13.36,28.8,3.93
2023-06-15 15:30:00,3,337.12,1.09,7.03,110.15,13.71,14.36,29.07,4.24
2023-06-15 16:30:00,3,357.15,1.17,8.65,113.01,14.42,15.32,29.29,4.69
2023-06-15 17:30:00,3,383.85,1.16,11.14,110.15,15.26,15.6,29.04,5
2023-06-15 18:30:00,2,540.73,1.19,22.28,94.41,26.23,20.15,36.04,8.04
2023-06-15 19:30:00,3,700.95,0.17,31.19,77.25,34.81,25.94,45.74,12.16
2023-06-15 20:30:00,3,761.03,0,31.19,67.23,35.76,28.29,50.21,14.44
2023-06-15 21:30:00,3,841.14,0,33.59,60.8,37.67,31.84,56.86,16.47
2023-06-15 22:30:00,3,867.84,0,33.59,56.51,35.76,33.41,60.53,17.23
2023-06-15 23:30:00,3,720.98,0,28.79,56.51,28.13,28.19,51.88,15.2
2023-06-16 00:30:00,2,527.38,0,21.25,55.07,19.79,20.41,35.78,13.43
2023-06-16 01:30:00,2,473.98,0,18.51,57.22,19.55,20.05,31.33,13.43
2023-06-16 02:30:00,2,453.95,0,17.31,65.09,21.46,21.7,31.32,12.41
2023-06-16 03:30:00,2,440.6,0,16.45,70.81,22.65,22.68,31.66,11.15
2023-06-16 04:30:00,2,453.95,0,17.65,70.1,25.27,23.73,32.48,10.64
2023-06-16 05:30:00,2,494,0,20.73,67.23,29.09,24.51,33.23,10.77
2023-06-16 06:30:00,3,614.17,0.4,27.76,62.23,36.24,27.78,38.34,12.41
2023-06-16 07:30:00,3,807.76,3.63,33.59,62.23,42.92,33.3,47.85,15.2
2023-06-16 08:30:00,3,867.84,5.92,33.24,79.39,44.82,35.93,52.95,15.96
2023-06-16 09:30:00,3,600.81,2.99,18.51,115.87,29.09,28.43,44.07,10.26
2023-06-16 10:30:00,4,514.03,1.62,12.17,145.91,24.56,31.3,48.02,8.74
2023-06-16 11:30:00,4,467.3,1.12,9.51,165.94,22.41,35.95,54.31,8.49
2023-06-16 12:30:00,4,417.23,0.85,8.23,154.5,18.12,33.12,49.22,6.9
2023-06-16 13:30:00,4,410.56,0.72,9.68,140.19,17.17,30.52,43.32,5.95
2023-06-16 14:30:00,3,407.22,0.37,11.48,125.89,16.45,27.54,37.13,5.32
2023-06-16 15:30:00,3,407.22,0.37,12.34,114.44,15.97,22.97,29.4,4.43
2023-06-16 16:30:00,3,447.27,0.91,14.74,114.44,17.88,22.01,27.81,4.5
2023-06-16 17:30:00,3,500.68,1.38,18.85,111.58,20.27,21.65,27.94,5.19
2023-06-16 18:30:00,3,814.44,1.84,38.04,91.55,30.99,30.95,43.21,10.13
2023-06-16 19:30:00,3,1241.68,0.31,59.63,62.94,42.92,48.19,70.63,17.99
2023-06-16 20:30:00,4,1468.66,0,65.12,44.35,46.73,60.41,90.01,23.56
2023-06-16 21:30:00,4,1682.28,0.01,70.6,28.25,48.16,71.81,107.93,28.12
2023-06-16 22:30:00,5,1869.2,0.29,76.09,13.77,46.25,79.31,119.54,30.65
2023-06-16 23:30:00,4,1668.93,0.52,69.92,10.28,38.15,69.35,104.37,26.35
2023-06-17 00:30:00,4,1428.6,0.64,61.69,8.76,28.61,56.78,83.73,20.27
2023-06-17 01:30:00,4,1348.5,0.92,54.15,5.81,24.56,55.56,79.9,18.24
2023-06-17 02:30:00,4,1401.9,1.93,50.72,2.75,25.99,61.43,87,18.24
2023-06-17 03:30:00,5,1642.23,5.59,50.72,0.53,30.52,78.07,109.37,19.76
2023-06-17 04:30:00,5,1949.31,11.96,50.04,0.05,33.38,98.63,136.55,21.28
2023-06-17 05:30:00,5,2216.34,20.34,47.98,0.01,36.24,115.78,158,22.8
2023-06-17 06:30:00,5,2830.51,40.23,47.3,0.32,44.82,145.67,194.78,28.63
2023-06-17 07:30:00,5,4005.43,78.68,54.84,2.84,56.74,191.22,255.86,39.01
2023-06-17 08:30:00,5,4592.9,90.3,90.48,13.41,56.74,198.24,268.18,39.52
2023-06-17 09:30:00,3,694.27,4.25,21.93,95.84,24.8,28.87,38.66,7.35
2023-06-17 10:30:00,4,560.76,1.77,13.71,143.05,21.46,31.53,39.81,7.16
2023-06-17 11:30:00,4,507.35,1.09,10.28,175.95,20.74,38.37,45.96,7.09
2023-06-17 12:30:00,4,397.21,0.78,6.85,151.63,14.31,27.79,32.9,4.94
2023-06-17 13:30:00,3,370.5,0.78,7.2,135.9,13.23,20.82,24.97,4.31
2023-06-17 14:30:00,3,380.52,0.8,8.83,130.18,14.9,18.75,22.9,4.62
2023-06-17 15:30:00,3,467.3,1.19,16.28,120.16,22.41,20.34,26.13,6.46
2023-06-17 16:30:00,2,567.44,1.27,23.65,94.41,25.99,19.91,27.37,8.36
2023-06-17 17:30:00,2,607.49,0.64,27.42,66.52,22.89,16.89,24.84,9.37
2023-06-17 18:30:00,2,700.95,0.16,31.87,50.78,24.08,18.28,28.25,11.65
2023-06-17 19:30:00,2,854.49,0.02,37.7,38.62,31.47,24.32,38.58,15.83
2023-06-17 20:30:00,3,947.95,0,38.39,32.54,36.72,28.52,45.7,18.24
2023-06-17 21:30:00,4,1588.82,2.12,55.52,10.19,49.59,56.57,88.68,27.87
2023-06-17 22:30:00,5,2510.07,17.66,61.69,0.04,63.9,101.14,153.33,38.5
2023-06-17 23:30:00,5,2964.02,31.29,58.95,0,65.8,123.58,184.22,38.5
2023-06-18 00:30:00,5,2937.32,37.55,55.52,0,59.6,121.3,181.56,31.92
2023-06-18 01:30:00,5,3070.83,42.92,54.15,0,59.6,132.25,194.02,29.64
2023-06-18 02:30:00,5,3364.56,49.62,55.52,0,60.56,152.43,215.23,29.64
2023-06-18 03:30:00,5,3417.97,49.17,57.58,0,57.7,159.38,213.77,27.11
2023-06-18 04:30:00,5,3097.53,39.79,58.95,0,50.54,144.6,183.51,23.05
2023-06-18 05:30:00,5,2429.96,25.93,57.58,0,41.96,111.22,137.06,19
2023-06-18 06:30:00,4,1668.93,12.52,53.47,0.75,39.58,73.06,91.01,16.47
2023-06-18 07:30:00,4,1735.69,17.66,53.47,5.1,48.64,71.03,92.54,20.01
2023-06-18 08:30:00,5,1922.61,25.03,58.95,11.62,61.99,75.77,100.23,23.31
2023-06-18 09:30:00,3,961.3,9.16,42.84,40.05,63.9,37.81,50.64,14.06
2023-06-18 10:30:00,3,741,7.04,37.01,65.09,68.66,32.7,43.42,11.27
2023-06-18 11:30:00,3,640.87,5.36,33.93,100.14,73.43,35.49,44.91,9.63
2023-06-18 12:30:00,3,527.38,2.82,23.99,138.76,59.13,36.5,43.88,7.54
2023-06-18 13:30:00,4,447.27,1.55,17.82,153.06,46.25,33.9,39.84,6.14
2023-06-18 14:30:00,4,417.23,1.26,17.14,151.63,41.96,28.31,33.48,5.83
2023-06-18 15:30:00,3,400.54,1.27,16.28,137.33,35.76,20.83,25.14,5.76
2023-06-18 16:30:00,3,383.85,1.27,13.88,114.44,25.51,14,17.5,5.51
2023-06-18 17:30:00,2,370.5,1.05,11.82,97.27,16.45,11.21,14.31,5.32
2023-06-18 18:30:00,2,467.3,0.74,17.82,85.12,18.6,15.44,20.52,7.41
2023-06-18 19:30:00,2,614.17,0.08,25.36,69.38,24.32,20.52,29.14,10.64
2023-06-18 20:30:00,2,694.27,0,27.42,56.51,25.51,22.07,33.49,12.03
2023-06-18 21:30:00,4,1468.66,1.31,53.47,18.06,37.67,53.71,83.31,24.32
2023-06-18 22:30:00,5,2456.67,19.45,61.01,0.11,51.5,99.95,151.9,36.48
2023-06-18 23:30:00,5,2937.32,38.89,56.89,0,56.27,122.97,184.3,38.5
2023-06-19 00:30:00,5,2883.91,45.15,54.15,0,53.88,119.75,177.9,32.93
2023-06-19 01:30:00,5,3284.45,54.09,54.15,0,60.56,147,208.54,33.44
2023-06-19 02:30:00,5,3364.56,49.62,63.06,0,70.57,165.11,220.81,31.41
2023-06-19 03:30:00,5,2643.59,30.4,76.77,0,90.6,137.66,180.53,26.35
2023-06-19 04:30:00,5,2189.64,23.25,82.25,0,102.04,123.12,164.69,24.07
2023-06-19 05:30:00,5,1895.9,18.55,82.94,0,103,115.33,156,23.05
2023-06-19 06:30:00,5,1668.93,16.99,75.4,1.81,105.86,112.96,148.45,21.28
2023-06-19 07:30:00,5,1869.2,28.16,65.12,7.51,107.77,126.33,160.63,20.77
2023-06-19 08:30:00,5,2136.23,37.55,70.6,6.97,119.21,130.09,162.74,18.49
2023-06-19 09:30:00,5,2162.93,42.92,78.14,5.1,135.42,119.64,150.26,16.21
2023-06-19 10:30:00,5,2536.77,48.28,89.11,6.79,148.77,136.37,171.55,17.99
2023-06-19 11:30:00,5,2670.29,43.36,105.56,10.1,165.94,152.02,187.12,17.48
2023-06-19 12:30:00,5,2616.88,33.08,117.9,17.52,169.75,163.15,196.84,16.72
2023-06-19 13:30:00,5,2429.96,21.46,120.64,37.55,162.12,160.96,192.8,16.47
2023-06-19 14:30:00,5,2082.82,11.96,104.19,70.81,144.96,141.21,169.56,16.97
2023-06-19 15:30:00,5,1201.63,6.31,67.17,86.55,115.39,82.76,102.53,11.15
2023-06-19 16:30:00,4,988.01,3.58,50.04,85.83,78.2,59.69,79.92,10.89
2023-06-19 17:30:00,3,934.6,2.57,45.24,70.81,60.08,45.31,65.74,11.4
2023-06-19 18:30:00,4,1348.5,2.26,62.38,37.19,57.7,53.85,82.39,17.99
2023-06-19 19:30:00,5,1976.01,2.26,78.83,7.42,62.94,79.85,123.74,28.37
2023-06-19 20:30:00,5,2296.45,6.37,76.09,0.93,62.94,99.56,154.17,35.46
2023-06-19 21:30:00,5,2456.67,10.51,71.97,0.21,62.94,114.06,174.28,40.02
2023-06-19 22:30:00,5,2536.77,13.3,68.55,0.07,61.99,121.72,185.68,42.05
2023-06-19 23:30:00,5,2296.45,12.41,63.75,0.09,53.88,108.72,168.52,37.49
2023-06-20 00:30:00,5,1815.8,7.1,56.89,0.46,42.44,82,129.74,28.88
2023-06-20 01:30:00,4,1482.01,2.77,50.04,2.12,37.67,66.84,105.33,25.08
2023-06-20 02:30:00,4,1281.74,0.89,44.55,5.81,36.72,59.61,92.08,23.56
2023-06-20 03:30:00,4,1281.74,0.91,42.16,6.26,36.24,61.32,91.73,23.56
2023-06-20 04:30:00,4,1495.36,3.63,43.87,1.79,39.58,74.57,108.07,25.08
2023-06-20 05:30:00,5,1842.5,12.85,44.55,0.09,47.21,94.3,133.02,27.36
2023-06-20 06:30:00,5,2483.37,33.97,45.93,0.32,61.04,128.46,177.5,32.17
2023-06-20 07:30:00,5,3124.24,59.01,52.78,2.21,68.66,154.26,211.37,32.17
2023-06-20 08:30:00,5,2616.88,42.92,69.92,8.14,55.31,124.03,167.07,22.04
2023-06-20 09:30:00,4,881.2,2.21,38.73,91.55,41.96,62.02,76.22,8.87
2023-06-20 10:30:00,5,881.2,2.79,35.3,128.75,62.94,75.66,89.82,10.26
2023-06-20 11:30:00,5,1094.82,3.24,39.76,185.97,97.27,110.54,127.81,13.68
2023-06-20 12:30:00,5,988.01,2.01,26.05,231.74,82.97,121.44,138.34,12.16
2023-06-20 13:30:00,5,761.03,1.52,18.51,226.02,63.9,94.41,108.26,9.88
2023-06-20 14:30:00,5,627.52,1.7,18.16,208.85,60.56,69.13,79.64,8.23
2023-06-20 15:30:00,5,580.79,1.84,19.71,197.41,60.56,57.33,65.79,7.28
2023-06-20 16:30:00,5,594.14,2.04,25.7,181.67,65.8,52.7,60.69,7.28
2023-06-20 17:30:00,4,634.19,1.96,34.62,158.79,75.34,50.02,58.34,7.73
2023-06-20 18:30:00,4,988.01,1.48,62.38,118.73,96.32,59.42,73.35,13.55
2023-06-20 19:30:00,4,1455.31,0.15,86.37,74.39,103,73.72,97.44,22.29
2023-06-20 20:30:00,5,1615.52,0,80.88,54.36,81.06,77.2,105.05,25.84
2023-06-20 21:30:00,5,1789.09,0,69.92,46.49,59.13,83.78,114.36,28.37
2023-06-20 22:30:00,5,2162.93,0.01,74.03,30.76,52.45,103.78,142.73,32.17
2023-06-20 23:30:00,5,2323.15,0.12,80.88,17.17,47.68,112.71,154.02,29.13
2023-06-21 00:30:00,5,2243.04,0.47,79.51,9.83,40.53,109.64,146.79,21.79
2023-06-21 01:30:00,5,2216.34,0.87,72.66,6.08,37.19,112.35,148.14,17.99
2023-06-21 02:30:00,5,2162.93,1.09,66.49,4.83,36.72,116.02,150.91,15.96
2023-06-21 03:30:00,5,2082.82,1.01,62.38,5.1,38.62,119.01,152.09,14.57
2023-06-21 04:30:00,5,1895.9,0.47,57.58,8.67,38.62,115.09,144.25,12.67
2023-06-21 05:30:00,5,1575.47,0.09,49.35,17.88,35.76,100.06,124.34,10.77
2023-06-21 06:30:00,5,1428.6,0.45,47.3,26.46,37.19,90.4,112.9,11.27
2023-06-21 07:30:00,5,1976.01,8.05,66.49,13.77,52.45,114.76,146.5,16.47
2023-06-21 08:30:00,5,2696.99,24.59,91.85,5.32,85.83,153.65,192.41,20.77
2023-06-21 09:30:00,5,2136.23,13.97,119.27,0.39,133.51,134.05,160.93,15.83
2023-06-21 10:30:00,5,2243.04,19.67,127.49,0.68,156.4,143.59,171.19,16.47
2023-06-21 11:30:00,5,2510.07,29.95,132.98,1.12,179.29,160.81,190.2,16.09
2023-06-21 12:30:00,5,2643.59,35.76,135.72,10.46,192.64,178.27,210.84,16.47
2023-06-21 13:30:00,5,2670.29,29.5,145.32,8.67,204.09,184.12,219.75,19
2023-06-21 14:30:00,5,2429.96,14.53,141.2,18.95,194.55,168.54,204.98,20.27
2023-06-21 15:30:00,5,1628.88,3.32,89.11,60.08,123.98,104.9,137.3,15.83
2023-06-21 16:30:00,5,1388.55,2.65,71.29,77.96,103,84.52,117.66,14.57
2023-06-21 17:30:00,5,1468.66,2.93,82.94,77.25,120.16,90.38,127.19,15.07
2023-06-21 18:30:00,5,1922.61,2.96,124.75,50.78,169.75,123.45,169.35,18.49
2023-06-21 19:30:00,5,2563.48,1.7,180.96,11.62,196.46,175.18,234.14,24.32
2023-06-21 20:30:00,5,2750.4,3.97,183.7,1.86,173.57,206.04,267.75,25.59
2023-06-21 21:30:00,5,2750.4,3.41,145.32,2.39,123.98,212.42,271.47,25.33
2023-06-21 22:30:00,5,2937.32,3.24,116.53,2.55,88.69,221.37,281.66,26.35
2023-06-21 23:30:00,5,2964.02,2.96,104.19,2.59,71.53,224.48,282.11,22.29
2023-06-22 00:30:00,5,2643.59,1.13,89.11,6.62,61.99,209.56,255.09,14.19
2023-06-22 01:30:00,5,2162.93,0.02,62.38,27.18,59.6,194.91,227.75,7.41
2023-06-22 02:30:00,5,1655.58,0,39.76,61.51,58.17,180.26,202.26,3.32
2023-06-22 03:30:00,5,1361.85,0,32.9,71.53,51.5,169.43,186.49,2.75
2023-06-22 04:30:00,5,1388.55,0,35.99,56.51,45.78,172.15,190.3,4.02
2023-06-22 05:30:00,5,1535.42,0,44.55,37.19,46.25,179.95,200.88,5.76
2023-06-22 06:30:00,5,2002.72,1.76,63.75,12.52,55.79,196.4,224.99,10.13
2023-06-22 07:30:00,5,2883.91,19.45,82.25,0.83,71.53,229.88,273.67,16.72
2023-06-22 08:30:00,5,3738.4,44.7,89.11,1.34,82.02,251.75,305.54,22.04
2023-06-22 09:30:00,5,2189.64,22.13,79.51,2.91,90.6,135.06,167.83,17.73
2023-06-22 10:30:00,5,2029.42,27.05,80.2,3,113.49,124.3,156.01,18.24
2023-06-22 11:30:00,5,2109.53,41.57,95.96,2.24,169.75,143.98,176.76,17.73
2023-06-22 12:30:00,5,1949.31,44.26,104.19,0.94,200.27,143.86,175.95,15.58
2023-06-22 13:30:00,5,1708.98,34.87,100.08,1.06,179.29,125.44,156.2,14.06
2023-06-22 14:30:00,5,1495.36,25.48,87.74,4.92,141.14,103.02,131.96,13.3
2023-06-22 15:30:00,4,1214.98,13.52,68.55,19.85,92.51,72.09,98.11,12.67
2023-06-22 16:30:00,4,1014.71,4.81,59.63,31.47,63.9,51.46,75.77,12.79
2023-06-22 17:30:00,3,894.55,1.2,52.09,43.27,45.3,38.89,62.29,12.54
2023-06-22 18:30:00,4,1348.5,0.71,74.03,23.96,43.87,50.2,82.34,18.49
2023-06-22 19:30:00,4,1922.61,3.3,91.85,3.58,48.64,71.82,116.48,26.09
2023-06-22 20:30:00,5,2189.64,6.76,90.48,0.75,47.21,84.44,135.73,29.39
2023-06-22 21:30:00,5,2323.15,11.4,82.94,0.18,45.3,95.25,150.73,30.15
2023-06-22 22:30:00,5,2456.67,18.78,76.09,0.02,45.3,107.65,168.77,29.39
2023-06-22 23:30:00,5,2403.26,23.47,69.92,0,40.53,105.45,165.9,23.31
2023-06-23 00:30:00,5,2082.82,23.69,62.38,0,32.9,90.52,143.49,15.2
2023-06-23 01:30:00,5,2082.82,25.26,54.15,0,31.47,92.33,144.26,13.05
2023-06-23 02:30:00,5,2136.23,25.7,47.3,0,32.9,99.44,151.93,13.05
2023-06-23 03:30:00,5,2189.64,25.48,43.53,0,35.29,106.1,155.47,12.41
2023-06-23 04:30:00,5,2136.23,24.59,40.78,0,36.24,108.24,149.48,10.13
2023-06-23 05:30:00,5,2082.82,24.59,40.1,0,39.1,108.58,142.83,8.87
2023-06-23 06:30:00,5,1762.39,21.46,45.24,0.03,54.84,95.86,124.44,10.13
2023-06-23 07:30:00,5,1895.9,33.08,51.41,0.26,75.34,108,141.19,13.05
2023-06-23 08:30:00,5,1976.01,44.7,56.21,0.49,95.37,114.51,148.35,14.06
2023-06-23 09:30:00,5,1762.39,41.13,61.01,0.84,113.49,106.48,135.76,13.3
2023-06-23 10:30:00,5,1668.93,35.32,72.66,2.91,131.61,107.04,136.66,14.19
2023-06-23 11:30:00,5,1562.12,32.19,87.74,15.38,160.22,114.24,145.55,13.81
2023-06-23 12:30:00,5,1281.74,23.69,89.11,83.68,181.2,122.22,153.32,9.37
2023-06-23 13:30:00,5,1241.68,10.84,89.11,191.69,198.36,159.22,189.33,7.03
2023-06-23 14:30:00,5,1281.74,5.36,77.46,320.43,217.44,226.24,254.76,4.37
2023-06-23 15:30:00,5,1268.39,0.01,65.8,291.82,215.53,231.01,257.89,3.96
2023-06-23 16:30:00,5,1228.33,0,61.69,214.58,185.01,195.92,221.83,5.32
2023-06-23 17:30:00,5,1214.98,0,61.01,175.95,156.4,178.31,203.3,6.21
2023-06-23 18:30:00,5,1895.9,0,94.59,114.44,131.61,196.75,228.33,15.07
2023-06-23 19:30:00,5,2803.8,0,117.9,57.94,103.95,236.11,279.85,26.6
2023-06-23 20:30:00,5,3150.94,0,108.3,37.55,76.29,243.79,294.58,28.12
2023-06-23 21:30:00,5,3097.53,0.02,95.96,24.32,59.6,228.46,282.54,24.83
2023-06-23 22:30:00,5,2937.32,0.3,89.11,12.34,51.02,212.2,267.22,22.29
2023-06-23 23:30:00,5,2510.07,0.66,80.88,8.05,41.48,177.14,226.71,16.97
2023-06-24 00:30:00,5,2376.56,5.42,75.4,1.41,31.47,155.79,201.97,10.13
2023-06-24 01:30:00,5,2483.37,9.83,67.86,0.14,26.94,156.27,203.92,7.85
2023-06-24 02:30:00,5,2777.1,14.53,65.12,0.03,29.8,179.11,232.84,9.37
2023-06-24 03:30:00,5,3177.64,17.88,66.49,0.01,35.76,215.82,273.08,10.26
2023-06-24 04:30:00,5,3417.97,18.1,65.12,0.01,34.81,243.61,296.03,7.41
2023-06-24 05:30:00,5,3284.45,16.76,58.95,0.02,34.33,239.44,280.75,5.76
2023-06-24 06:30:00,5,2136.23,5.98,55.52,1.16,56.27,158.42,178.34,6.46
2023-06-24 07:30:00,5,1949.31,12.63,51.41,5.5,65.8,128,146.05,8.36
2023-06-24 08:30:00,5,1895.9,14.98,56.21,20.92,79.15,112.03,130.06,9.63
2023-06-24 09:30:00,5,1682.28,9.5,56.89,69.38,89.65,106.22,124.46,10.01
2023-06-24 10:30:00,5,1535.42,4.97,47.98,158.79,98.23,118.42,137.56,10.89
2023-06-24 11:30:00,5,1455.31,2.63,38.04,280.38,115.39,162.13,181.3,10.13
2023-06-24 12:30:00,5,1335.14,1.52,28.45,411.99,133.51,223.95,241.76,6.14
2023-06-24 13:30:00,5,1321.79,1.05,25.02,532.15,150.68,281.64,299.86,2.91
2023-06-24 14:30:00,5,1308.44,0.94,26.39,600.81,160.22,303.67,322.18,0.4
2023-06-24 15:30:00,5,1348.5,0.98,31.87,600.81,156.4,306.55,325.75,0
2023-06-24 16:30:00,5,1548.77,1.12,48.67,589.37,162.12,332.54,355.33,0.21
2023-06-24 17:30:00,5,1815.8,1.01,75.4,549.32,169.75,347.91,374.85,2.47
2023-06-24 18:30:00,5,2643.59,0.45,120.64,406.27,173.57,390.45,430.42,9.5
2023-06-24 19:30:00,5,3845.21,0.03,142.57,211.72,152.59,455.49,516.25,18.24
2023-06-24 20:30:00,5,4539.49,0,145.32,88.69,120.16,449.33,523.82,23.05
2023-06-24 21:30:00,5,4325.87,0,128.87,40.05,82.02,350.51,422.78,23.05
2023-06-24 22:30:00,5,3578.19,0,97.33,30.4,51.98,244.34,303.76,22.04
2023-06-24 23:30:00,5,2696.99,0,69.23,37.55,33.38,174.04,215.61,17.23
2023-06-25 00:30:00,5,1588.82,0,35.64,67.95,20.5,117.8,139.29,11.27
2023-06-25 01:30:00,5,1281.74,0,26.05,73.67,17.88,108.72,126.21,8.99
2023-06-25 02:30:00,5,1228.33,0,23.31,75.1,17.88,115.55,132.57,7.92
2023-06-25 03:30:00,5,1268.39,0,23.65,72.96,19.55,125.56,142.03,7.09
2023-06-25 04:30:00,5,1281.74,0,23.99,69.38,20.98,130.75,145.51,6.4
2023-06-25 05:30:00,5,1281.74,0,25.02,65.8,22.89,129.28,142.5,6.33
2023-06-25 06:30:00,5,1455.31,0.04,32.9,41.84,28.13,121.57,135.24,7.79
2023-06-25 07:30:00,5,2002.72,5.59,52.78,7.96,42.44,130.64,151.93,12.67
2023-06-25 08:30:00,5,2696.99,24.14,67.17,3.08,62.94,168.21,200.41,18.49
2023-06-25 09:30:00,5,2910.61,24.59,82.94,5.68,77.25,196.13,232.24,20.52
2023-06-25 10:30:00,5,2750.4,21.46,89.11,11.62,90.6,186.28,220.21,19.51
2023-06-25 11:30:00,5,2590.18,21.46,101.45,21.28,122.07,180.33,210.4,17.48
2023-06-25 12:30:00,5,2136.23,17.43,104.19,31.83,144.96,152.14,176.53,12.92
2023-06-25 13:30:00,5,1762.39,15.42,106.93,38.98,165.94,134.09,155.85,9.25
2023-06-25 14:30:00,5,1642.23,17.21,120.64,41.13,213.62,142.24,163.08,6.65
2023-06-25 15:30:00,5,1428.6,13.86,116.53,49.35,213.62,135.49,154.34,4.75
2023-06-25 16:30:00,5,1255.04,5.42,115.16,37.19,200.27,120.66,137.41,3.89
2023-06-25 17:30:00,5,1228.33,2.18,113.79,22.89,196.46,110.34,125.77,3.86
2023-06-25 18:30:00,5,1428.6,1.61,104.19,10.73,169.75,100.16,118.16,8.87
2023-06-25 19:30:00,5,1735.69,1.84,91.85,4.78,125.89,97.42,122.4,15.58
2023-06-25 20:30:00,5,1922.61,2.07,79.51,3.58,94.41,99.4,130.03,16.97
2023-06-25 21:30:00,5,1922.61,1.98,67.86,3.4,73.43,97.11,129.53,14.69
2023-06-25 22:30:00,5,1976.01,3.24,58.26,1.54,54.84,97.34,132.99,13.17
2023-06-25 23:30:00,5,1976.01,5.2,50.72,0.37,41.48,93.39,128.11,10.26
2023-06-26 00:30:00,5,2029.42,9.5,47.98,0.05,32.42,93.62,127.44,7.6
2023-06-26 01:30:00,5,2349.85,17.88,46.61,0,35.76,115.29,155.22,9.88
2023-06-26 02:30:00,5,2723.69,25.7,43.87,0,44.35,143.43,189.96,14.44
2023-06-26 03:30:00,5,3044.13,32.63,41.13,0,56.27,170.38,218.82,16.47
2023-06-26 04:30:00,5,2990.72,32.63,35.3,0,54.84,169.55,209.02,10.01
2023-06-26 05:30:00,5,2483.37,24.14,30.5,0,50.54,134.03,157.98,6.08
2023-06-26 06:30:00,4,1335.14,9.16,40.44,0.18,71.53,72.02,81.24,4.88
2023-06-26 07:30:00,5,1441.96,14.19,48.67,0.17,82.97,78.13,92.85,8.61
2023-06-26 08:30:00,5,1762.39,28.16,60.32,0.36,111.58,97.1,118.76,12.79
2023-06-26 09:30:00,5,1895.9,37.55,76.77,1.92,150.68,109.83,135.07,13.81
2023-06-26 10:30:00,5,1789.09,35.76,94.59,5.36,185.01,116.54,142.06,12.41
2023-06-26 11:30:00,5,1695.63,20.79,116.53,21.1,204.09,127.33,151.93,11.91
2023-06-26 12:30:00,5,1401.9,5.42,98.71,87.26,167.85,119.21,137.47,8.49
2023-06-26 13:30:00,5,1188.28,2.18,69.23,164.51,131.61,112.69,126.02,6.78
2023-06-26 14:30:00,5,1121.52,1.62,61.69,214.58,133.51,117.19,129.11,6.14
2023-06-26 15:30:00,5,1201.63,1.62,76.77,211.72,162.12,123.69,135.98,6.97
2023-06-26 16:30:00,5,1348.5,1.73,111.04,147.34,209.81,121.85,135.27,8.36
2023-06-26 17:30:00,5,1348.5,1.17,117.9,65.8,215.53,94.97,107.86,8.61
2023-06-26 18:30:00,5,1575.47,2.04,101.45,20.92,146.87,77.18,96.21,13.43
2023-06-26 19:30:00,5,2082.82,7.26,90.48,2.37,96.32,90.65,122.98,20.27
2023-06-26 20:30:00,5,2536.77,17.43,82.94,0.03,82.02,113.04,157.98,23.05
2023-06-26 21:30:00,5,3070.83,29.06,78.83,0,74.39,145,202.07,23.56
2023-06-26 22:30:00,5,4005.43,50.51,76.09,0,73.43,203.56,276.53,24.32
2023-06-26 23:30:00,5,4806.52,75.1,76.09,0,71.53,254.94,332.67,19.51
2023-06-27 00:30:00,5,4486.08,74.21,76.09,0,61.99,241.69,301.78,11.4
2023-06-27 01:30:00,5,4165.65,66.16,74.71,0,59.13,229.8,278.78,9.5
2023-06-27 02:30:00,5,4058.84,64.37,76.77,0,74.39,240.97,282.12,8.99
2023-06-27 03:30:00,5,3311.16,46.94,104.19,0,123.98,241.89,269.78,5.89
2023-06-27 04:30:00,5,2964.02,36.21,130.24,0,143.05,244.76,268.37,4.43
2023-06-27 05:30:00,5,2563.48,27.49,135.72,0,148.77,228.27,248.51,3.23
2023-06-27 06:30:00,5,1895.9,15.87,128.87,0.13,165.94,182.51,198.92,2.15
2023-06-27 07:30:00,5,1976.01,23.25,119.27,0.53,175.48,178.26,198.86,5.89
2023-06-27 08:30:00,5,2403.26,41.13,122.01,0.76,196.46,200.31,226.8,9.88
2023-06-27 09:30:00,5,2750.4,58.11,132.98,0.4,225.07,228.19,259.46,10.89
2023-06-27 10:30:00,5,2803.8,65.27,146.69,0.45,255.58,242.92,275.67,8.99
2023-06-27 11:30:00,5,2590.18,59.9,161.77,1.04,270.84,245.79,275.74,6.46
2023-06-27 12:30:00,5,1949.31,23.69,152.17,3.62,209.81,192.99,212.56,3.36
2023-06-27 13:30:00,5,1468.66,2.01,109.67,21.99,123.98,126.11,137.97,3.83
2023-06-27 14:30:00,5,1201.63,0.25,68.55,47.92,78.2,77.64,85.69,5.07
2023-06-27 15:30:00,4,1241.68,1.01,61.01,45.06,70.57,60,68.5,8.23
2023-06-27 16:30:00,4,1562.12,3.8,85,23.25,93.46,66.13,78.5,12.54
2023-06-27 17:30:00,5,1949.31,14.98,115.16,8.05,139.24,80.17,96.98,14.95
2023-06-27 18:30:00,5,2162.93,25.7,127.49,3.4,183.11,98.3,122.54,16.47
2023-06-27 19:30:00,5,2269.74,23.25,113.79,0.44,160.22,116.27,150.52,18.75
2023-06-27 20:30:00,5,2269.74,17.66,93.22,0.02,122.07,128.2,169.9,19
2023-06-27 21:30:00,5,2269.74,12.85,77.46,0.07,89.65,132.41,178.75,17.48
2023-06-27 22:30:00,5,2376.56,12.96,68.55,0.04,68.66,136.47,187.46,16.21
2023-06-27 23:30:00,5,2323.15,14.31,63.06,0.02,54.36,127.71,176.85,12.67
2023-06-28 00:30:00,5,2136.23,14.75,57.58,0.01,42.92,110.89,151.18,7.98
2023-06-28 01:30:00,5,2056.12,14.98,51.41,0.02,38.62,106.34,140.58,7.28
2023-06-28 02:30:00,5,1976.01,13.52,46.61,0.04,38.15,104.72,134.55,8.23
2023-06-28 03:30:00,5,1895.9,11.06,45.93,0.14,40.53,106.91,133.27,8.87
2023-06-28 04:30:00,5,1682.28,5.2,47.98,1.12,43.39,100.9,121.44,7.6
2023-06-28 05:30:00,5,1415.25,1.45,47.3,5.23,48.16,90.13,105.05,6.71
2023-06-28 06:30:00,5,1335.14,1.93,48.67,7.15,59.6,84.96,98.33,8.11
2023-06-28 07:30:00,5,1815.8,13.97,58.26,6.44,80.11,106.82,127.53,12.54
2023-06-28 08:30:00,5,2269.74,25.7,77.46,21.46,116.35,138.51,164.16,14.69
2023-06-28 09:30:00,5,2109.53,24.59,91.85,53.64,154.5,155.79,179.36,11.91
2023-06-28 10:30:00,5,2002.72,20.79,95.96,82.25,173.57,166.17,190.18,10.51
2023-06-28 11:30:00,5,1695.63,13.08,82.25,135.9,165.94,167.22,189.31,9.25
2023-06-28 12:30:00,5,1054.76,3.74,39.41,223.16,103,141.7,153.03,5.32
2023-06-28 13:30:00,5,841.14,1.75,25.7,271.8,80.11,128.58,136.52,5.26
2023-06-28 14:30:00,5,767.71,1.76,26.39,263.21,80.11,102.97,110.15,6.14
2023-06-28 15:30:00,5,774.38,2.18,33.24,240.33,87.74,83.82,91.19,7.28
2023-06-28 16:30:00,5,834.47,2.93,46.61,200.27,103,72.21,80.28,8.23
2023-06-28 17:30:00,4,867.84,3.07,57.58,155.93,108.72,60.66,69.19,8.61
2023-06-28 18:30:00,4,1268.39,2.57,80.2,100.14,105.86,66.86,82.62,14.31
2023-06-28 19:30:00,5,1842.5,0.36,90.48,55.07,84.88,86.2,115.73,22.55
2023-06-28 20:30:00,5,2189.64,0,87.74,33.26,66.76,101.39,141.65,26.09
2023-06-28 21:30:00,5,2162.93,0.01,77.46,27.54,54.84,102.91,146.89,24.32
2023-06-28 22:30:00,5,2029.42,0.01,67.86,27.18,46.73,98.24,140.33,21.03
2023-06-28 23:30:00,5,1789.09,0.01,61.69,28.61,40.53,88.89,124.48,15.96
2023-06-29 00:30:00,5,1548.77,0,54.84,30.4,32.9,78.86,106.54,10.51
2023-06-29 01:30:00,5,1508.71,0.01,50.72,26.46,30.28,80.75,106.82,8.99
2023-06-29 02:30:00,5,1522.06,0.04,47.98,20.03,30.52,86.19,114.15,8.87
2023-06-29 03:30:00,5,1588.82,0.24,47.98,11.98,32.9,92.82,123.84,8.99
2023-06-29 04:30:00,5,1535.42,0.73,44.55,6.79,32.9,91.22,122.24,8.23
2023-06-29 05:30:00,5,1401.9,1.93,40.44,3.13,32.42,81.11,109.77,7.98
2023-06-29 06:30:00,4,1348.5,6.59,37.7,1.83,40.05,70.81,95.47,9.75
2023-06-29 07:30:00,5,1735.69,19.45,42.84,4.52,61.04,85.34,112.31,12.41
2023-06-29 08:30:00,5,1949.31,20.34,60.32,4.78,88.69,94,119.32,12.54
2023-06-29 09:30:00,4,1321.79,7.26,68.55,1.37,113.49,68.09,84.53,8.36
2023-06-29 10:30:00,4,1148.22,5.25,64.43,2.03,115.39,58.61,73.65,8.49
2023-06-29 11:30:00,3,1014.71,2.85,62.38,4.2,114.44,49.28,61.51,8.11
2023-06-29 12:30:00,3,814.44,3.32,52.09,26.46,104.9,36.59,44.85,6.4
2023-06-29 13:30:00,3,774.38,0.43,54.84,28.61,103.95,32.24,39.46,6.33
2023-06-29 14:30:00,3,747.68,0.16,54.15,26.82,102.04,27.56,34.19,6.46
2023-06-29 15:30:00,3,747.68,1.9,52.78,31.11,98.23,25.1,31.38,6.78
2023-06-29 16:30:00,3,801.09,3.19,57.58,43.99,104.9,27.81,34.74,7.28
2023-06-29 17:30:00,3,867.84,3.02,63.75,57.22,112.53,32.4,40.22,7.79
2023-06-29 18:30:00,4,1455.31,2.82,87.74,38.62,106.81,55.25,73.35,15.33
2023-06-29 19:30:00,5,2376.56,4.58,108.3,5.72,86.78,93.95,131.42,25.59
2023-06-29 20:30:00,5,2990.72,17.21,100.08,0.05,74.39,125.17,178.06,28.63
2023-06-29 21:30:00,5,3070.83,23.69,85.68,0,61.99,130.2,187.28,25.59
2023-06-29 22:30:00,5,2830.51,24.59,71.29,0,51.98,119.7,174.44,21.53
2023-06-29 23:30:00,5,2456.67,22.35,63.06,0,43.39,101.02,147.38,15.71
2023-06-30 00:30:00,5,2002.72,16.76,57.58,0.02,35.29,80.7,115.44,10.13
2023-06-30 01:30:00,5,1815.8,13.19,54.15,0.04,34.81,77.77,108.82,8.87
2023-06-30 02:30:00,5,1762.39,10.84,50.72,0.09,37.19,82.15,113.23,8.87
2023-06-30 03:30:00,5,1735.69,8.72,48.67,0.17,41.96,87.86,117.3,8.49
2023-06-30 04:30:00,5,1615.52,6.03,47.3,0.5,45.78,88.71,114.63,7.73
2023-06-30 05:30:00,5,1468.66,3.44,49.35,1.7,54.84,87.77,109.94,7.6
2023-06-30 06:30:00,5,1308.44,2.57,55.52,4.25,76.29,84.98,103.84,9.12
2023-06-30 07:30:00,5,1508.71,9.72,58.26,3.76,86.78,90.5,112.6,12.41
2023-06-30 08:30:00,5,1642.23,14.75,61.01,9.39,95.37,90.93,116.05,14.69
2023-06-30 09:30:00,4,1268.39,7.82,56.89,31.83,95.37,66.71,87.39,11.15
2023-06-30 10:30:00,4,1108.17,5.87,52.09,65.8,103.95,57.38,75.72,10.01
2023-06-30 11:30:00,4,1028.06,4.97,50.04,117.3,123.98,62.76,79.47,9.25
2023-06-30 12:30:00,5,1001.36,3.41,45.93,194.55,133.51,81.09,95.23,8.23
2023-06-30 13:30:00,5,1001.36,2.26,40.78,268.94,129.7,107.3,119.6,7.09
2023-06-30 14:30:00,5,1041.41,1.82,39.76,326.16,133.51,134.76,146.85,6.27
2023-06-30 15:30:00,5,1188.28,1.58,50.04,357.63,148.77,165.12,178.9,7.03
2023-06-30 16:30:00,5,1388.55,1.52,80.88,320.43,171.66,177.34,192.81,8.87
2023-06-30 17:30:00,5,1455.31,0.99,104.19,217.44,173.57,150.39,165.09,9.5
2023-06-30 18:30:00,5,1602.17,0.56,105.56,121.59,144.96,120.78,138.23,12.67
2023-06-30 19:30:00,5,1815.8,0.06,87.74,75.1,98.23,111.53,135.95,17.48
2023-06-30 20:30:00,5,1815.8,0,70.6,59.37,69.62,106.8,134.93,17.99
2023-06-30 21:30:00,5,1735.69,0,58.95,52.93,53.88,99.61,128.19,15.96
2023-06-30 22:30:00,5,1762.39,0,56.89,41.13,47.21,97.04,127.49,15.33
2023-06-30 23:30:00,5,1708.98,0.01,57.58,26.82,43.87,89.3,119.31,13.17
2023-07-01 00:30:00,4,1482.01,0.06,52.09,17.7,38.15,74.55,100.39,9.5
2023-07-01 01:30:00,4,1188.28,0.05,40.44,15.74,33.86,59.04,80.24,7.16
2023-07-01 02:30:00,3,947.95,0.11,33.24,12.34,36.72,45.51,62.27,6.33
2023-07-01 03:30:00,3,841.14,0.32,33.24,7.51,44.35,38.82,51.96,5.57
2023-07-01 04:30:00,3,921.25,0.92,35.3,3.58,45.78,43.24,56.41,5.51
2023-07-01 05:30:00,4,1054.76,2.93,38.73,0.89,49.59,52.39,67.36,6.4
2023-07-01 06:30:00,4,1281.74,7.71,42.16,1.24,56.27,65.18,83.88,8.61
2023-07-01 07:30:00,5,1628.88,12.29,50.04,12.16,62.94,82.05,106.76,12.16
2023-07-01 08:30:00,5,1735.69,8.49,57.58,43.63,66.76,89.38,115.2,13.93
2023-07-01 09:30:00,4,1108.17,3.55,41.81,90.84,77.25,64.31,80.09,8.74
2023-07-01 10:30:00,4,974.66,3.02,32.56,145.91,78.2,68.96,83.47,8.04
2023-07-01 11:30:00,5,934.6,2.04,23.65,220.3,78.2,90.5,103.87,7.16
2023-07-01 12:30:00,5,814.44,1.23,16.11,260.35,66.76,98.02,108.95,5.45
2023-07-01 13:30:00,5,734.33,1.2,17.82,260.35,74.39,95.13,104.06,4.02
2023-07-01 14:30:00,5,741,1.23,22.28,263.21,88.69,96.72,104.09,3.13
2023-07-01 15:30:00,5,794.41,1.36,26.39,251.77,90.6,95.51,101.88,3.55
2023-07-01 16:30:00,5,854.49,1.68,32.9,240.33,96.32,93.04,99.66,4.43
2023-07-01 17:30:00,5,894.55,1.68,40.44,214.58,99.18,84.23,91.5,5.32
2023-07-01 18:30:00,5,1281.74,1.29,61.01,157.36,95.37,87.02,101.07,11.4
2023-07-01 19:30:00,5,1895.9,0.14,76.09,97.27,81.06,106.2,133.44,20.52
2023-07-01 20:30:00,5,2296.45,0,79.51,58.65,68.66,123.27,161.71,23.31
2023-07-01 21:30:00,5,2269.74,0,72.66,43.99,54.36,119.42,162.52,20.27
2023-07-01 22:30:00,5,1949.31,0,58.95,43.27,43.39,101.11,140.45,16.21
2023-07-01 23:30:00,5,1495.36,0,46.61,42.92,37.67,77.44,106.52,11.65
2023-07-02 00:30:00,4,1068.12,0,36.67,32.19,34.81,50.99,68.19,7.6
2023-07-02 01:30:00,3,961.3,0.03,30.85,18.6,29.09,40.69,54.4,6.46
2023-07-02 02:30:00,3,947.95,0.19,27.08,9.83,25.03,36.42,49.2,6.02
2023-07-02 03:30:00,4,1201.63,2.82,28.45,1.83,21.7,50.96,69.36,5.19
2023-07-02 04:30:00,5,1628.88,10.73,27.76,0.02,22.41,78.77,105.84,6.4
2023-07-02 05:30:00,5,2082.82,23.02,26.05,0,28.85,108.6,142.98,10.01
2023-07-02 06:30:00,5,2883.91,46.04,26.73,0.16,43.87,153.94,199.57,18.24
2023-07-02 07:30:00,5,4753.11,94.77,40.44,1.94,61.99,255.4,328.57,25.84
2023-07-02 08:30:00,5,6942.75,123.38,101.45,11.8,72.48,380.59,478.93,27.36
2023-07-02 09:30:00,5,1869.2,14.53,101.45,45.06,156.4,129.88,153.24,7.28
2023-07-02 10:30:00,5,1575.47,8.49,77.46,113.01,137.33,126.26,148.47,7.92
2023-07-02 11:30:00,5,1468.66,3.19,47.3,257.49,110.63,164.51,188.27,8.36
2023-07-02 12:30:00,5,1148.22,0.95,18.34,329.02,68.66,169.55,191.6,6.78
2023-07-02 13:30:00,5,961.3,0.72,13.37,306.13,47.21,146.52,169.51,7.41
2023-07-02 14:30:00,5,907.9,0.75,13.88,294.69,41.48,133.48,157,8.61
2023-07-02 15:30:00,5,894.55,0.8,15.08,277.52,37.67,122.9,146.8,9.88
2023-07-02 16:30:00,5,934.6,0.89,19.19,260.35,37.19,118.28,142.99,11.27
2023-07-02 17:30:00,5,1001.36,0.86,26.05,237.46,39.58,115.6,141.33,12.92
2023-07-02 18:30:00,5,1815.8,0.92,69.92,165.94,55.79,147.4,185.4,23.05
2023-07-02 19:30:00,5,3204.35,0.14,119.27,81.54,78.2,214.97,274.39,37.49
2023-07-02 20:30:00,5,4112.24,0,146.69,35.05,86.78,268.93,344.88,44.08
2023-07-02 21:30:00,5,3685,0,124.75,38.62,75.34,258.85,331.48,39.01
2023-07-02 22:30:00,5,2937.32,0,87.74,52.21,58.17,231.66,291.24,32.93
2023-07-02 23:30:00,5,2403.26,0,63.75,60.8,41.96,208.16,253.07,26.09
2023-07-03 00:30:00,5,1615.52,0,35.99,95.84,30.99,168.9,195.3,17.23
2023-07-03 01:30:00,5,1361.85,0,28.79,85.83,28.13,149.07,170.07,14.31
2023-07-03 02:30:00,5,1255.04,0,27.08,63.66,26.46,129.72,148.86,12.67
2023-07-03 03:30:00,5,1241.68,0,28.45,45.06,27.18,116.48,135.09,11.02
2023-07-03 04:30:00,5,1255.04,0,30.5,31.47,27.42,107.49,126.09,9.63
2023-07-03 05:30:00,5,1295.09,0.06,33.59,20.21,27.18,99.81,119.1,8.87
2023-07-03 06:30:00,5,1482.01,2.29,40.44,8.76,31.47,97.37,120.6,10.39
2023-07-03 07:30:00,5,2109.53,18.1,50.04,8.14,47.21,118.9,153.59,16.72
2023-07-03 08:30:00,5,2803.8,35.32,70.6,16.81,78.2,153.84,198.98,23.81
2023-07-03 09:30:00,5,2269.74,21.9,86.37,52.93,122.07,152.52,189.69,23.05
2023-07-03 10:30:00,5,2189.64,13.52,93.22,124.45,141.14,198.64,239.62,22.55
2023-07-03 11:30:00,5,2269.74,6.03,80.88,274.66,150.68,307.67,353.42,19.51
2023-07-03 12:30:00,5,1869.2,1.77,38.04,411.99,112.53,332.63,377.31,16.21
2023-07-03 13:30:00,5,1482.01,0.92,21.08,423.43,82.97,271.91,313.69,16.97
2023-07-03 14:30:00,5,1335.14,0.91,20.05,406.27,73.43,235.37,275.74,16.47
2023-07-03 15:30:00,5,1134.87,0.94,20.05,351.91,59.6,184.87,223.53,15.58
2023-07-03 16:30:00,5,961.3,1.06,22.28,277.52,46.73,131.7,168.48,14.69
2023-07-03 17:30:00,5,841.14,1.1,26.39,203.13,40.53,91.77,126.41,14.19
2023-07-03 18:30:00,5,2803.8,10.62,117.9,61.51,67.71,149.09,214.25,35.46
2023-07-03 19:30:00,5,6248.47,78.68,156.28,0.97,111.58,311.68,435.8,67.89
2023-07-03 20:30:00,5,8865.36,139.47,160.4,0,137.33,466.55,636.32,92.21
2023-07-03 21:30:00,5,8651.73,104.61,186.44,0,131.61,498.03,668.41,94.23
2023-07-03 22:30:00,5,7370,58.11,180.96,0,102.04,475.91,619.85,79.04
2023-07-03 23:30:00,5,5821.23,28.39,154.91,0.1,73.43,426.89,530.72,57.76
2023-07-04 00:30:00,5,2536.77,0,59.63,98.71,51.5,302.46,354.89,25.08
2023-07-04 01:30:00,5,1869.2,0,36.67,101.57,38.15,249.25,293.26,22.8
2023-07-04 02:30:00,5,1575.47,0,29.82,85.12,29.8,208.67,248.92,21.03
2023-07-04 03:30:00,5,1455.31,0,28.79,67.23,27.18,180.98,218.63,17.73
2023-07-04 04:30:00,5,1401.9,0,28.1,60.8,27.66,175.91,209.42,13.05
2023-07-04 05:30:00,5,1361.85,0,28.45,60.08,30.04,176.24,203.6,9.5
2023-07-04 06:30:00,5,1348.5,0.13,33.93,58.65,39.1,161.77,182.35,9.12
2023-07-04 07:30:00,5,1655.58,3.58,46.61,49.35,51.5,156.73,179.33,12.67
2023-07-04 08:30:00,5,2002.72,11.18,57.58,57.94,64.85,160.78,187.06,16.21
2023-07-04 09:30:00,5,1949.31,11.18,61.69,101.57,82.97,165.41,191,15.96
2023-07-04 10:30:00,5,1842.5,6.37,56.21,188.83,91.55,189.27,213.75,15.71
2023-07-04 11:30:00,5,1815.8,2.77,40.1,323.3,94.41,248.96,272.33,15.33
2023-07-04 12:30:00,5,1188.28,1.52,26.73,334.74,89.65,200.87,223.74,8.11
2023-07-04 13:30:00,5,947.95,1.23,22.28,340.46,80.11,173.73,197.6,5.76
2023-07-04 14:30:00,5,907.9,1.22,23.31,360.49,84.88,173.32,197.9,4.75
2023-07-04 15:30:00,5,907.9,1.19,27.08,366.21,88.69,173.16,199.76,4.37
2023-07-04 16:30:00,5,961.3,1.27,37.36,346.18,94.41,166.17,194.82,5.45
2023-07-04 17:30:00,5,1041.41,1.12,52.09,291.82,103,153.1,183.87,7.09
2023-07-04 18:30:00,5,1468.66,0.7,84.31,197.41,118.26,150.4,189.1,14.44
2023-07-04 19:30:00,5,2029.42,0.07,95.96,108.72,105.86,151.56,201.7,24.83
2023-07-04 20:30:00,5,2243.04,0,83.63,67.23,75.34,148.47,203.33,31.16
2023-07-04 21:30:00,5,2056.12,0,63.06,63.66,50.54,141.17,186.8,28.63
2023-07-04 22:30:00,5,1869.2,0,49.35,65.09,40.05,141.78,174.49,19.25
2023-07-04 23:30:00,5,1588.82,0,39.41,64.37,34.33,127.73,148.81,10.39
2023-07-05 00:30:00,5,1161.58,0,27.76,87.98,34.33,106.68,117.12,5.95
2023-07-05 01:30:00,5,1068.12,0,23.99,100.14,36.24,105.58,113.73,5.07
2023-07-05 02:30:00,5,1054.76,0,22.62,92.98,37.19,105.84,113.81,5
2023-07-05 03:30:00,5,1068.12,0,24.68,75.1,40.53,99.53,107.37,5.07
2023-07-05 04:30:00,5,1081.47,0,27.42,51.5,42.44,83.47,90.66,4.88
2023-07-05 05:30:00,4,1094.82,0.01,30.16,30.76,42.44,66.94,73.47,4.88
2023-07-05 06:30:00,4,1201.63,0.52,36.67,15.74,48.64,61.99,69.1,5.45
2023-07-05 07:30:00,5,1588.82,8.49,50.04,3.76,68.66,79.66,92.97,8.49
2023-07-05 08:30:00,5,2162.93,27.94,60.32,1.25,101.09,107.54,128.47,12.79
2023-07-05 09:30:00,5,2483.37,40.23,67.17,0.84,125.89,126.38,151.99,16.09
2023-07-05 10:30:00,5,2269.74,38.89,69.92,1.7,143.05,115.94,141.08,14.95
2023-07-05 11:30:00,5,1869.2,35.32,67.17,3,162.12,91.7,111.91,12.67
2023-07-05 12:30:00,4,1308.44,22.35,61.01,17.7,152.59,59.55,72.31,7.09
2023-07-05 13:30:00,4,1174.93,11.96,54.84,67.23,131.61,58.8,69.35,6.21
2023-07-05 14:30:00,5,1148.22,6.03,47.3,155.93,123.98,87.97,97.82,5.64
2023-07-05 15:30:00,5,1134.87,3.19,39.76,231.74,116.35,121.45,131.21,5.26
2023-07-05 16:30:00,5,1108.17,2.57,42.5,228.88,111.58,117.79,127.79,5.76
2023-07-05 17:30:00,5,1094.82,2.43,49.35,173.09,106.81,89.82,99.89,7.03
2023-07-05 18:30:00,4,1188.28,1.49,58.26,114.44,103,71.09,82.99,10.51
2023-07-05 19:30:00,4,1295.09,0.18,65.8,62.94,104.9,60.94,76.46,14.44
2023-07-05 20:30:00,3,1295.09,0.01,64.43,29.68,95.37,49.12,66.49,15.2
2023-07-05 21:30:00,3,1228.33,0.03,52.09,22.89,68.66,41.1,57.29,13.43
2023-07-05 22:30:00,3,1241.68,0.07,45.24,19.67,56.74,44.95,60.67,11.91
2023-07-05 23:30:00,4,1241.68,0.3,46.61,11.98,55.31,50.38,64.36,8.99
2023-07-06 00:30:00,4,1161.58,0.42,43.87,9.21,51.02,51.39,61.88,6.52
2023-07-06 01:30:00,4,1094.82,0.37,39.76,9.12,48.16,53.66,62.06,5.51
2023-07-06 02:30:00,4,1068.12,0.41,37.7,8.49,46.25,52.56,59.27,4.62
2023-07-06 03:30:00,4,1068.12,0.87,38.73,5.36,48.64,50.12,55.73,4.05
2023-07-06 04:30:00,3,1094.82,2.51,40.44,1.72,52.45,48.71,53.97,3.89
2023-07-06 05:30:00,3,1121.52,5.64,41.13,0.32,56.27,45.81,51.3,4.12
2023-07-06 06:30:00,3,1201.63,10.73,41.81,0.17,63.9,43.65,50.53,5.19
2023-07-06 07:30:00,3,1375.2,18.78,42.5,1.77,72.48,46.27,56.75,7.47
2023-07-06 08:30:00,4,1522.06,25.93,45.24,4.69,82.02,50.03,63.32,8.74
2023-07-06 09:30:00,3,1415.25,28.39,49.35,10.1,105.86,49.07,61.68,8.23
2023-07-06 10:30:00,4,1308.44,26.82,54.15,19.49,123.98,51.42,63.57,8.04
2023-07-06 11:30:00,4,1255.04,20.79,62.38,41.48,133.51,58.84,70.31,7.6
2023-07-06 12:30:00,4,1161.58,11.06,59.63,90.84,122.07,72.93,82.41,5.89
2023-07-06 13:30:00,5,1108.17,5.09,50.04,148.77,108.72,94.78,102.98,4.81
2023-07-06 14:30:00,5,1081.47,3.44,45.24,177.38,104.9,101.65,109.14,4.56
2023-07-06 15:30:00,5,1054.76,2.6,47.98,165.94,104.9,90.83,97.96,4.81
2023-07-06 16:30:00,5,1094.82,1.93,61.01,127.32,115.39,76.17,83.48,5.64
2023-07-06 17:30:00,4,1121.52,0.71,74.71,88.69,125.89,64.87,72.58,6.59
2023-07-06 18:30:00,4,1522.06,0.06,94.59,47.21,127.79,74.93,90.23,13.68
2023-07-06 19:30:00,5,2136.23,0.47,105.56,15.02,107.77,98.91,128.91,24.57
2023-07-06 20:30:00,5,2510.07,5.64,95.96,1.37,85.83,112.78,154.44,30.15
2023-07-06 21:30:00,5,2429.96,10.28,73.34,0.14,63.9,100.56,144.07,27.36
2023-07-06 22:30:00,5,2082.82,10.39,58.26,0.13,48.16,78.93,116.36,22.8
2023-07-06 23:30:00,4,1668.93,7.26,51.41,0.39,38.62,58.43,85.39,16.97
2023-07-07 00:30:00,3,1295.09,3.19,44.55,1.4,31.95,42.41,59.84,11.65
2023-07-07 01:30:00,3,1201.63,2.29,40.44,1.79,30.04,42.49,57.52,9.25
2023-07-07 02:30:00,3,1174.93,2.32,37.7,1.5,30.52,48.2,62.67,7.79
2023-07-07 03:30:00,4,1201.63,3.44,37.01,0.68,34.33,58.23,72.59,6.9
2023-07-07 04:30:00,4,1201.63,4.41,36.67,0.4,37.67,66.77,79.6,6.14
2023-07-07 05:30:00,4,1174.93,5.31,37.36,0.36,41.01,70.81,81.29,5.89
2023-07-07 06:30:00,4,1188.28,7.93,40.1,0.78,50.07,70.91,80.42,6.65
2023-07-07 07:30:00,4,1415.25,16.09,45.24,4.25,61.99,74.67,87.65,9.12
2023-07-07 08:30:00,5,1628.88,23.92,54.15,8.23,78.2,75.4,90.95,10.89
2023-07-07 09:30:00,4,1602.17,21.23,67.86,1.79,99.18,68.42,83.74,9.88
2023-07-07 10:30:00,4,1415.25,20.56,68.55,0.28,117.3,63.65,77.2,8.49
2023-07-07 11:30:00,4,1214.98,17.43,66.49,0.14,120.16,61,71.87,7.22
2023-07-07 12:30:00,3,1014.71,6.71,60.32,1.94,93.46,45.06,52.17,5.26
2023-07-07 13:30:00,3,961.3,2.46,58.95,4.34,84.88,35.22,41.1,4.94
2023-07-07 14:30:00,3,934.6,1.63,61.01,5.45,93.46,29.98,35.74,4.94
2023-07-07 15:30:00,3,921.25,1.77,65.12,8.76,105.86,29.42,35.36,5.13
2023-07-07 16:30:00,3,947.95,1.2,71.97,8.4,115.39,33.28,39.63,5.45
2023-07-07 17:30:00,3,1001.36,0.85,72.66,9.75,114.44,36.05,42.74,5.89
2023-07-07 18:30:00,3,1174.93,0.95,74.03,8.85,106.81,42.64,52.78,9.37
2023-07-07 19:30:00,4,1321.79,0.48,71.97,12.16,88.69,52.63,68.37,13.93
2023-07-07 20:30:00,4,1308.44,0.03,63.75,26.11,72.48,57.88,75.95,15.2
2023-07-07 21:30:00,4,1228.33,0,51.41,45.42,56.27,59.11,76.7,14.19
2023-07-07 22:30:00,4,1241.68,0,45.24,50.07,47.21,62.41,81.17,13.55
2023-07-07 23:30:00,4,1228.33,0,43.87,40.41,41.96,60.65,79.19,11.53
2023-07-08 00:30:00,3,1081.47,0,38.73,30.04,35.29,49.12,63.12,8.36
2023-07-08 01:30:00,3,894.55,0,28.45,26.46,27.89,36.97,47.35,6.78
2023-07-08 02:30:00,3,781.06,0.01,22.96,23.25,25.75,30.34,39.08,6.21
2023-07-08 03:30:00,3,747.68,0.06,24.33,17.17,30.04,31.23,38.93,5.13
2023-07-08 04:30:00,3,801.09,0.39,29.13,8.94,37.19,37.64,45.37,4.5
2023-07-08 05:30:00,3,907.9,2.77,34.62,1.88,49.11,46.91,55.51,5.19
2023-07-08 06:30:00,4,1094.82,10.62,37.7,0.05,62.94,60.63,71.73,7.22
2023-07-08 07:30:00,4,1295.09,18.33,38.39,0.13,62.94,69.51,83.82,8.36
2023-07-08 08:30:00,4,1255.04,19.45,37.7,0.85,54.84,62.91,75.28,7.16
2023-07-08 09:30:00,3,974.66,11.4,38.73,2.7,53.41,48.28,55.77,4.94
2023-07-08 10:30:00,3,867.84,4.69,42.16,4.25,55.31,40.51,46.47,4.24
2023-07-08 11:30:00,3,814.44,1.22,41.81,11.62,57.22,35.26,40.22,3.7
2023-07-08 12:30:00,3,787.73,0.5,40.78,16.45,55.79,33.81,38.37,3.61
2023-07-08 13:30:00,3,814.44,0.46,43.53,18.24,55.79,35.68,40.47,3.89
2023-07-08 14:30:00,3,867.84,0.54,45.93,19.85,56.74,38.07,43.16,4.31
2023-07-08 15:30:00,3,921.25,2.74,46.61,26.46,60.08,41.32,46.67,4.62
2023-07-08 16:30:00,3,974.66,0.89,54.84,17.88,63.9,43.4,48.98,4.75
2023-07-08 17:30:00,3,1041.41,0.61,58.26,12.16,65.8,44.54,50.54,5
2023-07-08 18:30:00,3,1134.87,1.31,59.63,7.69,66.76,47.83,55.4,5.83
2023-07-08 19:30:00,4,1241.68,1.51,56.21,5.54,59.6,51.75,62,6.84
2023-07-08 20:30:00,4,1268.39,1.13,52.09,6.35,53.41,52.35,64.23,6.97
2023-07-08 21:30:00,3,1174.93,0.39,45.24,11.98,45.78,49.1,61.33,6.71
2023-07-08 22:30:00,3,1054.76,0.06,38.39,21.28,39.1,46.68,57.62,6.14
2023-07-08 23:30:00,3,921.25,0.01,32.9,30.76,34.81,45.85,53.88,4.88
2023-07-09 00:30:00,3,814.44,0,26.73,40.77,30.99,45.3,49.83,3.32
2023-07-09 01:30:00,3,774.38,0,22.96,45.06,29.09,46.51,49.87,2.88
2023-07-09 02:30:00,3,754.36,0,21.25,44.35,28.37,46.45,49.29,2.79
2023-07-09 03:30:00,3,761.03,0,21.25,38.98,29.33,43.28,45.92,2.75
2023-07-09 04:30:00,3,781.06,0,21.42,33.97,29.33,38.23,40.72,2.66
2023-07-09 05:30:00,3,814.44,0.01,22.62,29.68,29.33,33.27,35.86,2.75
2023-07-09 06:30:00,3,894.55,0.05,26.73,23.96,30.52,29.41,33.13,3.48
2023-07-09 07:30:00,3,1068.12,0.61,34.96,12.34,33.86,31.5,37.88,5
2023-07-09 08:30:00,3,1214.98,2.91,41.13,3.35,37.19,34.28,42.3,5.95
2023-07-09 09:30:00,3,1228.33,4.47,40.78,1.56,39.1,34.84,42.86,6.14
2023-07-09 10:30:00,3,1161.58,4.14,39.41,1.59,41.48,33.47,40.61,5.64
2023-07-09 11:30:00,3,1068.12,3.97,37.36,3.17,42.44,29.3,35.03,4.69
2023-07-09 12:30:00,3,988.01,4.58,34.27,11.98,41.01,25.86,30.73,4.24
2023-07-09 13:30:00,2,947.95,3.35,37.7,11.35,44.82,24.64,29.28,4.18
2023-07-09 14:30:00,2,921.25,2.93,41.81,9.75,53.88,23.62,28.1,4.18
2023-07-09 15:30:00,2,907.9,4.41,41.47,18.6,60.08,23.46,27.77,3.99
2023-07-09 16:30:00,3,947.95,3.86,48.67,18.6,66.76,26.82,31.6,4.24
2023-07-09 17:30:00,3,1014.71,3.97,54.84,14.13,72.48,31.34,36.89,4.81
2023-07-09 18:30:00,3,1228.33,4.81,65.12,5.1,77.25,43.12,53.07,7.79
2023-07-09 19:30:00,4,1495.36,5.53,65.8,1.2,66.76,59.61,76.57,11.27
2023-07-09 20:30:00,4,1615.52,3.86,61.01,1.79,53.88,70.92,92.3,12.03
2023-07-09 21:30:00,4,1548.77,1.75,52.09,4.34,41.96,69.8,90.93,11.02
2023-07-09 22:30:00,4,1441.96,1.72,44.55,3.98,32.9,63.37,83.33,10.01
2023-07-09 23:30:00,4,1295.09,2.65,39.41,1.88,27.42,55.08,71.79,8.04
2023-07-10 00:30:00,3,1108.17,2.79,34.96,1.41,24.8,46.48,58.54,6.02
2023-07-10 01:30:00,3,1041.41,3.32,32.56,0.97,28.13,45.74,55.71,5.83
2023-07-10 02:30:00,3,988.01,3.41,31.19,0.87,30.99,45.92,54.49,5.57
2023-07-10 03:30:00,3,961.3,4.41,30.85,0.5,36.72,46.95,54.17,5.13
2023-07-10 04:30:00,3,988.01,7.26,31.19,0.11,45.78,48.25,55,5.13
2023-07-10 05:30:00,3,1054.76,11.96,32.22,0.01,57.22,49.86,56.96,5.76
2023-07-10 06:30:00,4,1214.98,17.66,35.64,0,72.48,52.78,62.02,7.41
2023-07-10 07:30:00,4,1548.77,28.16,42.84,0,92.51,65.75,80.13,10.51
2023-07-10 08:30:00,5,1922.61,42.92,52.78,0,122.07,82.03,101.11,12.92
2023-07-10 09:30:00,5,2029.42,53.2,62.38,0,150.68,91.53,112.29,12.67
2023-07-10 10:30:00,5,1869.2,55.43,67.86,0,167.85,91.9,112.19,10.51
2023-07-10 11:30:00,5,1602.17,48.73,65.12,0,167.85,80.87,97.87,8.74
2023-07-10 12:30:00,4,1241.68,30.85,59.63,0.12,131.61,60.55,71.68,6.52
2023-07-10 13:30:00,4,1148.22,24.81,57.58,0.21,109.67,54.67,64.18,6.78
2023-07-10 14:30:00,4,1174.93,26.15,56.89,0.33,104.9,55.39,65.27,7.73
2023-07-10 15:30:00,4,1268.39,31.74,56.21,0.14,108.72,60.77,71.99,8.61
2023-07-10 16:30:00,4,1428.6,45.15,65.8,0.02,144.96,71.94,85.06,8.99
2023-07-10 17:30:00,5,1522.06,56.77,84.31,0,207.9,86.54,100.52,7.22
2023-07-10 18:30:00,5,2162.93,62.58,84.31,0.18,183.11,114.23,138.39,10.89
2023-07-10 19:30:00,5,3070.83,66.16,75.4,0.04,125.89,156.37,197.53,16.97
2023-07-10 20:30:00,5,3845.21,71.53,70.6,0,104.9,200.04,256.14,21.03
2023-07-10 21:30:00,5,4165.65,70.63,67.17,0,86.78,223.1,294.14,23.31
2023-07-10 22:30:00,5,4112.24,63.48,62.38,0,70.57,223.62,304.92,22.8
2023-07-10 23:30:00,5,3845.21,56.77,57.58,0,56.74,205.05,285.44,18.24
2023-07-11 00:30:00,5,3471.37,52.3,52.78,0,49.59,182.28,252.45,15.45
2023-07-11 01:30:00,5,3471.37,54.99,50.04,0,58.65,187.79,254.28,21.03
2023-07-11 02:30:00,5,3631.59,59.9,50.04,0,74.39,206.93,271.62,27.61
2023-07-11 03:30:00,5,3791.81,64.37,53.47,0,95.37,228,289.03,31.16
2023-07-11 04:30:00,5,3738.4,61.69,57.58,0,110.63,241.74,289.72,26.6
2023-07-11 05:30:00,5,3311.16,49.62,61.69,0,106.81,231.44,263.96,16.47
2023-07-11 06:30:00,5,2616.88,33.08,60.32,0.01,88.69,194.69,220.84,10.77
2023-07-11 07:30:00,5,2696.99,38,56.89,0.16,86.78,190.1,225.77,16.21
2023-07-11 08:30:00,5,2883.91,49.17,61.69,0.77,104.9,189.82,230.61,19.76
2023-07-11 09:30:00,5,2349.85,44.26,69.23,4.38,146.87,158.93,189.93,14.31
2023-07-11 10:30:00,5,2109.53,43.36,74.03,11.98,179.29,147.46,173.79,11.65
2023-07-11 11:30:00,5,1842.5,32.63,78.83,28.97,185.01,136.11,159.41,10.13
2023-07-11 12:30:00,5,1482.01,14.08,67.17,80.82,139.24,113.94,132.59,7.54
2023-07-11 13:30:00,5,1321.79,5.64,52.78,137.33,108.72,109.63,125.71,6.9
2023-07-11 14:30:00,5,1308.44,3.41,46.61,188.83,105.86,124.85,140.72,7.16
2023-07-11 15:30:00,5,1295.09,1.93,41.13,223.16,99.18,132.64,149,7.66
2023-07-11 16:30:00,5,1308.44,1.03,47.3,205.99,97.27,123.47,141.26,8.99
2023-07-11 17:30:00,5,1388.55,0.34,61.69,164.51,108.72,114.28,133.72,10.51
2023-07-11 18:30:00,5,1869.2,0.15,100.08,95.84,150.68,135.91,163.29,16.47
2023-07-11 19:30:00,5,2563.48,0.13,148.06,30.76,188.83,191.38,231.82,22.8
2023-07-11 20:30:00,5,2750.4,1.17,154.91,6.79,158.31,218.64,266.01,20.27
2023-07-11 21:30:00,5,2296.45,0.66,108.3,9.75,85.83,170.79,213.84,15.33
2023-07-11 22:30:00,5,1949.31,0.25,71.29,13.77,48.64,117.52,155.4,13.43
2023-07-11 23:30:00,5,1708.98,0.29,58.95,12.7,37.67,93.18,124.54,10.39
2023-07-12 00:30:00,5,1441.96,0.18,50.72,13.77,31.95,77.43,100.43,7.35
2023-07-12 01:30:00,4,1281.74,0.08,42.5,16.09,29.33,71.89,89.54,6.65
2023-07-12 02:30:00,4,1161.58,0.08,36.33,15.74,28.85,71.64,86.28,6.4
2023-07-12 03:30:00,5,1108.17,0.23,34.96,11.62,32.42,77.19,89.29,6.02
2023-07-12 04:30:00,5,1108.17,0.98,37.36,5.32,39.1,83.52,94.73,6.14
2023-07-12 05:30:00,5,1161.58,4.14,39.41,0.98,48.64,88.59,100.17,6.9
2023-07-12 06:30:00,5,1295.09,12.41,41.81,0.05,65.8,93.5,106.82,8.74
2023-07-12 07:30:00,5,1642.23,27.72,46.61,0,88.69,104.37,122.56,12.16
2023-07-12 08:30:00,5,2002.72,44.7,58.95,0.01,122.07,118.41,140.36,14.19
2023-07-12 09:30:00,5,2162.93,55.88,78.83,0.24,169.75,130.52,155.58,14.57
2023-07-12 10:30:00,5,2109.53,63.48,97.33,0.01,226.97,134.39,161.56,13.3
2023-07-12 11:30:00,5,1869.2,67.06,101.45,0,274.66,127.48,153.21,10.26
2023-07-12 12:30:00,5,1441.96,52.75,100.08,0.27,267.03,111.95,130.4,3.61
2023-07-12 13:30:00,5,1228.33,37.1,95.96,0.24,230.79,93.25,106.76,2.12
2023-07-12 14:30:00,4,1108.17,23.92,86.37,0.61,175.48,72.99,83.55,3.23
2023-07-12 15:30:00,4,1148.22,21.46,77.46,3.4,143.05,62.34,71.96,6.08
2023-07-12 16:30:00,4,1321.79,26.82,80.88,2.28,150.68,65.67,76.32,8.49
2023-07-12 17:30:00,4,1441.96,31.29,82.94,1.27,164.03,72.44,84.01,8.11
2023-07-12 18:30:00,5,1655.58,33.08,74.71,0.88,143.05,84.94,102.32,10.26
2023-07-12 19:30:00,5,1976.01,34.42,65.12,0.12,103.95,98.97,127.08,14.44
2023-07-12 20:30:00,5,2136.23,33.97,58.26,0,81.06,105.27,141.32,16.21
2023-07-12 21:30:00,5,2136.23,27.72,54.15,0,62.94,101.67,140.51,15.58
2023-07-12 22:30:00,5,2136.23,24.59,50.72,0,52.45,102.66,142.9,14.57
2023-07-12 23:30:00,5,2082.82,23.47,49.35,0,46.25,102.85,140.78,11.91
2023-07-13 00:30:00,5,1895.9,19,47.98,0,39.1,96.41,127.36,8.49
2023-07-13 01:30:00,5,1735.69,13.86,45.93,0.01,35.76,95.93,122.47,7.54
2023-07-13 02:30:00,5,1615.52,9.61,42.5,0.06,33.86,97.78,122.22,7.28
2023-07-13 03:30:00,5,1548.77,7.82,39.76,0.1,38.62,98.9,118.9,6.59
2023-07-13 04:30:00,5,1548.77,8.72,37.36,0.06,46.73,98.87,113.72,6.14
2023-07-13 05:30:00,5,1642.23,12.18,36.33,0.02,57.22,98.81,111.43,6.65
2023-07-13 06:30:00,5,1869.2,20.56,38.39,0.02,69.62,105.6,122.54,9.12
2023-07-13 07:30:00,5,2296.45,38,41.81,0.42,80.11,122.92,150.58,12.54
2023-07-13 08:30:00,5,2403.26,47.39,43.53,1.83,88.69,119.85,150.77,12.92
2023-07-13 09:30:00,5,1642.23,35.76,47.3,5.01,125.89,86.37,102.82,7.41
2023-07-13 10:30:00,5,1508.71,29.95,55.52,7.6,137.33,76.69,90.22,7.35
2023-07-13 11:30:00,4,1401.9,28.16,63.06,8.94,150.68,67.7,79.96,7.54
2023-07-13 12:30:00,4,1241.68,22.8,67.17,9.92,144.96,60.14,70.07,6.21
2023-07-13 13:30:00,4,1188.28,17.43,72.66,7.96,131.61,56.03,65.15,6.02
2023-07-13 14:30:00,4,1201.63,15.2,78.14,3.08,127.79,53.56,62.81,6.65
2023-07-13 15:30:00,4,1401.9,25.93,79.51,4.87,141.14,62.31,73.7,9.37
2023-07-13 16:30:00,5,1708.98,38.89,86.37,9.21,164.03,80.31,94.99,11.65
2023-07-13 17:30:00,5,1869.2,43.81,94.59,9.66,183.11,93,109.52,10.51
2023-07-13 18:30:00,5,2296.45,51.86,95.96,4.47,171.66,115.15,139.8,12.54
2023-07-13 19:30:00,5,2937.32,58.11,89.11,0.28,129.7,142.72,181.58,16.09
2023-07-13 20:30:00,5,3337.86,58.11,78.83,0,96.32,160.82,209.48,17.23
2023-07-13 21:30:00,5,3417.97,50.07,69.23,0,66.76,159.74,214.44,17.48
2023-07-13 22:30:00,5,3257.75,41.57,61.01,0,50.54,148.65,203.82,16.47
2023-07-13 23:30:00,5,2964.02,36.21,55.52,0,41.48,131.84,180.03,12.79
2023-07-14 00:30:00,5,2456.67,28.16,50.04,0,33.38,106.88,142.52,8.36
2023-07-14 01:30:00,5,2162.93,22.58,44.55,0,30.04,94.88,125.4,6.97
2023-07-14 02:30:00,5,1922.61,18.1,40.44,0,27.18,88.58,115.82,6.33
2023-07-14 03:30:00,5,1615.52,11.73,35.99,0.04,29.09,83.72,103.95,5.45
2023-07-14 04:30:00,5,1348.5,7.38,33.59,0.2,33.86,75.4,88.4,4.94
2023-07-14 05:30:00,4,1201.63,6.54,33.93,0.3,39.58,68.35,77.6,5.19
2023-07-14 06:30:00,4,1108.17,10.17,41.81,0.28,64.85,64.43,72.86,6.27
2023-07-14 07:30:00,5,1375.2,22.35,49.35,1.06,87.74,77.23,90.71,9.5
2023-07-14 08:30:00,5,1789.09,41.13,56.89,0.98,113.49,99.37,118.51,13.93
2023-07-14 09:30:00,5,1976.01,50.07,59.63,0.15,125.89,110.43,132.48,14.82
2023-07-14 10:30:00,5,1922.61,48.73,58.95,0.24,125.89,108.13,131.01,15.58
2023-07-14 11:30:00,5,1895.9,48.73,58.95,0.46,127.79,105.51,128.95,16.09
2023-07-14 12:30:00,5,1682.28,29.5,59.63,1.29,100.14,84.49,103.88,14.19
2023-07-14 13:30:00,4,1562.12,15.65,61.69,2.28,79.15,69.58,86.36,13.17
2023-07-14 14:30:00,4,1548.77,11.18,64.43,4.65,75.34,64.96,80.95,13.17
2023-07-14 15:30:00,4,1482.01,7.26,65.12,20.56,72.48,61.82,77.75,12.67
2023-07-14 16:30:00,4,1455.31,2.96,68.55,32.9,69.62,61.79,78.33,13.05
2023-07-14 17:30:00,4,1495.36,1.61,71.97,36.84,68.66,65,82.6,14.06
2023-07-14 18:30:00,5,3578.19,52.75,111.04,2.62,83.92,145.92,195.1,35.46
2023-07-14 19:30:00,5,6729.13,151.99,106.93,0.02,101.09,292.89,393.08,59.28
2023-07-14 20:30:00,5,8331.3,196.7,98.71,0,97.27,384.22,513.16,58.26
2023-07-14 21:30:00,5,8331.3,193.12,87.05,0,83.92,389.78,522.4,48.13
2023-07-14 22:30:00,5,7797.24,171.66,75.4,0,70.57,371.73,498.93,35.46
2023-07-14 23:30:00,5,6408.69,141.26,66.49,0,51.02,303.71,406.27,20.52
2023-07-15 00:30:00,5,3070.83,55.43,60.32,0,28.61,127.73,177.49,11.02
2023-07-15 01:30:00,5,2162.93,32.19,52.78,0,22.41,85.72,123.98,7.85
2023-07-15 02:30:00,5,1922.61,25.93,45.93,0,22.41,79.57,115.91,7.47
2023-07-15 03:30:00,5,1922.61,24.81,40.44,0,24.56,85.04,119.88,7.41
2023-07-15 04:30:00,5,1842.5,22.58,36.67,0,25.51,87.42,117.72,6.59
2023-07-15 05:30:00,5,1588.82,15.42,35.3,0.04,26.23,78.95,101.47,6.27
2023-07-15 06:30:00,4,1268.39,6.93,35.64,0.59,30.52,62.36,76.98,7.22
2023-07-15 07:30:00,4,1401.9,11.51,37.36,1.32,38.62,65.09,80.54,9.5
2023-07-15 08:30:00,4,1668.93,21.68,42.5,3.04,51.98,74.1,92.36,11.91
2023-07-15 09:30:00,4,1535.42,21.46,54.15,6.35,75.34,74.2,92.97,11.91
2023-07-15 10:30:00,5,1535.42,22.13,63.75,5.72,89.65,80.15,101.68,12.92
2023-07-15 11:30:00,5,1548.77,20.12,72.66,3.93,97.27,86.02,109.75,13.68
2023-07-15 12:30:00,4,1281.74,5.14,71.29,2.55,73.43,67.05,87.18,11.27
2023-07-15 13:30:00,3,1081.47,1.65,59.63,4.43,55.79,49.01,64.78,9.88
2023-07-15 14:30:00,3,988.01,2.04,53.47,4.34,49.59,39.79,53.1,9.5
2023-07-15 15:30:00,3,1081.47,7.6,52.09,2.21,54.36,40.15,53.47,10.89
2023-07-15 16:30:00,3,1281.74,18.78,50.04,1.48,61.04,46.73,61.56,12.29
2023-07-15 17:30:00,4,1441.96,26.6,48.67,1.59,59.6,51.33,66.88,12.41
2023-07-15 18:30:00,4,1535.42,28.16,50.72,1.29,57.22,56.32,72.76,12.54
2023-07-15 19:30:00,4,1562.12,23.25,52.78,0.13,54.36,60.63,77.52,11.65
2023-07-15 20:30:00,4,1535.42,17.88,48.67,0.02,48.16,60.24,76.33,10.13
2023-07-15 21:30:00,4,1375.2,11.85,41.81,0.09,40.05,54.41,71.03,9.25
2023-07-15 22:30:00,4,1228.33,8.72,35.3,0.17,33.86,50.01,66.92,9.12
2023-07-15 23:30:00,3,1121.52,8.27,30.85,0.15,29.56,44.81,59.87,8.23
2023-07-16 00:30:00,3,947.95,7.15,26.39,0.15,23.84,34.51,44.62,5.7
2023-07-16 01:30:00,3,814.44,5.7,23.65,0.25,21.22,27.56,34.19,4.62
2023-07-16 02:30:00,2,720.98,3.91,23.31,0.68,21.22,23.91,29.04,4.31
2023-07-16 03:30:00,3,747.68,3.91,23.65,0.6,21.7,26.47,32.24,4.56
2023-07-16 04:30:00,3,854.49,6.31,23.31,0.22,24.08,33.35,40.82,5.38
2023-07-16 05:30:00,3,988.01,10.39,23.99,0.06,28.61,41.6,51.06,6.71
2023-07-16 06:30:00,4,1295.09,20.12,25.7,0.02,38.15,56.63,71.08,9.63
2023-07-16 07:30:00,5,1895.9,39.79,28.79,0.24,52.45,82.5,107.06,13.55
2023-07-16 08:30:00,5,2349.85,59.01,32.9,0.67,68.66,100.06,129.99,14.95
2023-07-16 09:30:00,5,1815.8,51.86,42.84,1.99,110.63,86.37,108.17,11.53
2023-07-16 10:30:00,5,1762.39,58.11,54.15,3.58,146.87,100.67,122.54,11.4
2023-07-16 11:30:00,5,1869.2,61.69,67.17,6.08,169.75,118.65,141.8,12.29
2023-07-16 12:30:00,5,1441.96,29.95,71.97,16.09,122.07,93.41,110.96,7.92
2023-07-16 13:30:00,5,1255.04,10.39,74.03,21.64,92.51,76.87,91.47,7.28
2023-07-16 14:30:00,4,1268.39,3.44,76.77,19.13,88.69,71.5,85.04,7.98
2023-07-16 15:30:00,5,1735.69,11.51,78.83,14.84,82.97,84.82,104.96,13.68
2023-07-16 16:30:00,5,2670.29,33.97,94.59,6.17,92.51,121.06,154,25.33
2023-07-16 17:30:00,5,3791.81,71.53,116.53,3.26,120.16,164.27,209.82,40.02
2023-07-16 18:30:00,5,5554.2,132.32,135.72,0.82,162.12,246.03,318.65,68.9
2023-07-16 19:30:00,5,7797.24,203.85,138.46,0.02,204.09,379.07,496.47,106.39
2023-07-16 20:30:00,5,9613.04,250.34,127.49,0,211.72,510.78,673.89,122.61
2023-07-16 21:30:00,5,10574.34,278.95,106.93,0,160.22,593.78,777.34,86.13
2023-07-16 22:30:00,5,10787.96,278.95,87.74,0,103.95,624.35,805.97,45.09
2023-07-16 23:30:00,5,9933.47,253.92,73.34,0,63.9,573.48,719.69,20.52
2023-07-17 00:30:00,5,6462.1,151.99,65.8,0,40.05,350.03,425.53,10.51
2023-07-17 01:30:00,5,4325.87,91.2,56.21,0,31.47,216.05,264.19,8.23
2023-07-17 02:30:00,5,3097.53,59.9,47.3,0,29.56,146.69,182.47,7.28
2023-07-17 03:30:00,5,2082.82,35.32,41.13,0,33.38,97.07,122.99,6.9
2023-07-17 04:30:00,5,2029.42,35.76,37.36,0,40.53,99.88,125.37,8.11
2023-07-17 05:30:00,5,2456.67,49.62,36.33,0,51.5,130.47,158.65,10.89
2023-07-17 06:30:00,5,3524.78,78.68,41.81,0.01,69.62,199.11,237.79,16.21
2023-07-17 07:30:00,5,4913.33,116.23,50.72,0.18,87.74,281.28,339.35,21.79
2023-07-17 08:30:00,5,5554.2,139.47,61.01,0.88,102.04,318.02,385.32,23.31
2023-07-17 09:30:00,5,5180.36,123.38,80.2,2.19,129.7,304.13,366.7,22.29
2023-07-17 10:30:00,5,5767.82,134.11,90.48,1.99,135.42,338.18,411.86,25.33
2023-07-17 11:30:00,5,5928.04,139.47,89.11,0.79,135.42,340.09,413.71,27.11
2023-07-17 12:30:00,5,4913.33,118.02,74.71,0.21,119.21,266.73,324.42,23.31
2023-07-17 13:30:00,5,3738.4,89.41,65.12,0.28,98.23,193.94,235.7,18.24
2023-07-17 14:30:00,5,2937.32,67.95,64.43,0.6,99.18,152.62,183.14,16.97
2023-07-17 15:30:00,5,1415.25,9.83,67.86,18.24,73.43,80.56,93.89,7.92
2023-07-17 16:30:00,4,1174.93,2.57,61.69,32.9,60.08,58.18,70.02,7.85
2023-07-17 17:30:00,4,1188.28,1.73,64.43,29.68,61.04,51.81,64.27,9.37
2023-07-17 18:30:00,5,1895.9,10.39,95.96,3.67,82.97,78.96,101.06,17.99
2023-07-17 19:30:00,5,2964.02,36.21,106.93,0,109.67,133.91,172.2,28.37
2023-07-17 20:30:00,5,3471.37,42.02,102.82,0,103,169.91,218.76,28.88
2023-07-17 21:30:00,5,3150.94,24.36,85.68,0.01,67.71,157.98,204.81,22.55
2023-07-17 22:30:00,5,2696.99,11.51,71.97,0.17,45.3,131.67,172.83,17.73
2023-07-17 23:30:00,5,2323.15,4.81,65.12,1.63,36.24,111.08,144.31,12.54
2023-07-18 00:30:00,5,1842.5,0.32,53.47,13.59,30.99,95.82,116.95,7.73
2023-07-18 01:30:00,5,1562.12,0.01,38.73,27.54,29.09,95.42,109.57,5.83
2023-07-18 02:30:00,5,1388.55,0,30.5,32.54,29.33,97.4,107.46,4.94
2023-07-18 03:30:00,5,1281.74,0,27.76,34.69,32.9,94.28,101.53,4.18
2023-07-18 04:30:00,5,1188.28,0,27.42,37.91,35.76,84.32,89.97,3.86
2023-07-18 05:30:00,4,1108.17,0,28.79,41.84,40.05,72.91,77.97,3.96
2023-07-18 06:30:00,5,1054.76,0,34.96,43.27,48.64,77.36,83.63,4.88
2023-07-18 07:30:00,5,1214.98,0.3,50.04,23.25,62.94,97.69,108.04,7.03
2023-07-18 08:30:00,5,1375.2,5.42,61.69,3.44,76.29,105.55,118.36,8.61
2023-07-18 09:30:00,5,1268.39,11.18,60.32,1.92,86.78,90.18,101.72,8.11
2023-07-18 10:30:00,4,1121.52,10.39,55.52,1.29,82.97,71.23,80.66,7.47
2023-07-18 11:30:00,4,974.66,6.87,51.41,1.97,71.53,56.14,63.36,6.78
2023-07-18 12:30:00,3,847.82,1.62,45.93,7.96,54.36,42.32,47.48,5.7
2023-07-18 13:30:00,3,834.47,0.33,45.93,12.7,53.41,37.28,42.44,5.89
2023-07-18 14:30:00,3,841.14,0.13,49.35,17.7,60.56,35.52,41.27,6.4
2023-07-18 15:30:00,3,867.84,0.07,54.84,20.74,69.62,37.12,43.4,6.9
2023-07-18 16:30:00,3,921.25,0.16,62.38,18.6,79.15,40.92,47.66,7.09
2023-07-18 17:30:00,3,974.66,0.91,67.17,14.31,84.88,43.87,51.08,7.09
2023-07-18 18:30:00,3,1121.52,2.79,71.97,8.67,89.65,49.54,60.02,9.25
2023-07-18 19:30:00,4,1281.74,2.82,67.86,3.26,76.29,54.43,69.22,11.4
2023-07-18 20:30:00,4,1295.09,2.4,59.63,3.4,62.94,56.4,72.81,10.89
2023-07-18 21:30:00,4,1214.98,1.62,50.72,4.69,51.5,55.22,70.68,9.5
2023-07-18 22:30:00,4,1134.87,2.07,43.87,3.35,44.82,54.73,69.97,8.99
2023-07-18 23:30:00,4,1028.06,2.29,40.78,2.64,40.53,53.58,67.09,7.54
2023-07-19 00:30:00,4,921.25,0.95,38.04,5.68,35.76,52.99,63.72,5.89
2023-07-19 01:30:00,4,881.2,0.33,34.96,9.83,32.9,55.15,65.78,5.64
2023-07-19 02:30:00,4,881.2,0.21,31.87,11.62,31.95,54.57,65.91,5.89
2023-07-19 03:30:00,4,894.55,0.4,31.53,8.76,33.38,52.22,64.14,6.08
2023-07-19 04:30:00,3,894.55,1.15,32.22,4.43,37.19,49.36,61.05,6.08
2023-07-19 05:30:00,3,907.9,3.19,33.24,1.4,41.48,48.3,59.74,6.14
2023-07-20 06:30:00,5,1602.17,3.52,43.87,6.44,39.58,123.47,154.39,9.5
2023-07-20 07:30:00,5,2456.67,25.93,52.09,7.96,59.6,162.03,205.08,16.72
2023-07-20 08:30:00,5,3685,53.2,77.46,12.7,92.51,232.61,289.7,24.07
2023-07-20 09:30:00,5,4219.06,50.07,117.9,32.19,129.7,293.71,355.52,26.35
2023-07-20 10:30:00,5,4165.65,24.14,138.46,115.87,156.4,356.02,416.92,24.07
2023-07-20 11:30:00,5,3578.19,8.27,108.3,306.13,171.66,446.7,501.98,17.73
2023-07-20 12:30:00,5,1668.93,2.99,49.35,389.1,175.48,327.16,358.6,5.45
2023-07-20 13:30:00,5,1321.79,1.42,30.16,452.04,156.4,317.06,341.97,1.5
2023-07-20 14:30:00,5,1188.28,1.19,29.13,474.93,160.22,301.77,323.42,0
2023-07-20 15:30:00,5,1121.52,1.19,34.96,469.21,164.03,282.44,302.24,0
2023-07-20 16:30:00,5,1161.58,1.4,52.78,417.71,171.66,257.57,277.15,0.01
2023-07-20 17:30:00,5,1214.98,1.55,77.46,308.99,175.48,203.99,223.08,2.98
2023-07-20 18:30:00,5,3231.05,6.2,174.11,87.26,154.5,226.8,275.45,28.63
2023-07-20 19:30:00,5,6355.29,59.01,194.67,0.88,131.61,334.98,435.8,57.76
2023-07-20 20:30:00,5,8544.92,121.59,160.4,0,122.07,444.85,584.82,64.85
2023-07-20 21:30:00,5,9399.41,148.42,134.35,0,105.86,491.8,650.41,52.18
2023-07-20 22:30:00,5,9292.6,151.99,109.67,0,83.92,486,646.45,37.49
2023-07-20 23:30:00,5,7904.05,134.11,91.85,0,60.08,413.76,546.25,21.79
2023-07-21 00:30:00,5,4165.65,44.7,87.05,0,37.19,216.71,282.12,11.02
2023-07-21 01:30:00,5,3097.53,21.9,74.71,0,30.99,164.62,214.19,9.37
2023-07-21 02:30:00,5,2536.77,13.41,63.75,0.04,28.37,142.17,183.82,8.74
2023-07-21 03:30:00,5,2189.64,9.05,55.52,0.18,28.61,133.61,171.08,8.23
2023-07-21 04:30:00,5,1922.61,4.92,50.04,0.93,28.61,125.79,158.63,7.85
2023-07-21 05:30:00,5,1682.28,1.84,45.93,4.2,29.09,118.12,146.55,7.92
2023-07-21 06:30:00,5,1615.52,1.23,47.3,12.7,33.86,120.05,146.91,10.13
2023-07-21 07:30:00,5,2162.93,14.08,57.58,18.6,48.64,150.03,185.81,15.96
2023-07-21 08:30:00,5,2777.1,26.6,79.51,41.13,71.53,188.74,232.57,21.28
2023-07-21 09:30:00,5,2082.82,9.72,91.85,60.8,101.09,157.66,188.55,18.75
2023-07-21 10:30:00,5,1922.61,7.38,94.59,55.79,117.3,141.5,170.06,20.52
2023-07-21 11:30:00,5,1682.28,5.87,86.37,62.23,118.26,127.96,152.97,18.75
2023-07-21 12:30:00,5,974.66,2.12,47.3,91.55,71.53,76.41,89.49,10.89
2023-07-21 13:30:00,4,734.33,1.34,34.27,100.14,52.45,52.26,60.56,8.49
2023-07-21 14:30:00,3,660.9,1.36,31.19,108.72,50.54,43.41,50.15,8.04
2023-07-21 15:30:00,3,660.9,1.24,31.87,115.87,51.02,41.54,48.3,8.36
2023-07-21 16:30:00,3,727.65,0.94,38.73,113.01,55.79,46.84,54.92,9.25
2023-07-21 17:30:00,4,814.44,0.56,47.3,100.14,61.04,51.01,60.41,10.26
2023-07-21 18:30:00,4,1241.68,0.29,70.6,64.37,68.66,63.41,79.58,16.09
2023-07-21 19:30:00,5,1789.09,0.04,84.31,29.68,62.94,81.26,109.77,24.83
2023-07-21 20:30:00,5,2056.12,0.66,83.63,10.64,56.27,91.51,129.55,29.89
2023-07-21 21:30:00,5,1949.31,1.75,70.6,4.92,47.68,87.61,128.87,28.37
2023-07-21 22:30:00,5,1655.58,1.06,58.26,7.33,41.01,78.85,116.36,24.07
2023-07-21 23:30:00,4,1321.79,0.11,47.98,20.56,36.72,68.95,97.58,17.73
2023-07-22 00:30:00,4,921.25,0,34.62,43.63,36.72,60.8,77.78,11.91
2023-07-22 01:30:00,4,754.36,0,25.02,52.21,31.95,57.4,69.6,9.5
2023-07-22 02:30:00,4,687.6,0,21.08,47.21,27.18,52.33,62.54,8.23
2023-07-22 03:30:00,3,654.22,0,20.39,37.91,25.51,46.87,56.03,7.28
2023-07-22 04:30:00,3,647.54,0,21.59,29.68,26.46,44.71,53.3,6.59
2023-07-22 05:30:00,3,667.57,0.02,23.65,23.96,28.85,45.55,54.26,6.33
2023-07-22 06:30:00,3,741,0.17,28.45,17.34,33.86,47.97,56.78,6.84
2023-07-22 07:30:00,4,907.9,1.34,37.01,9.21,41.48,52.44,63.09,8.49
2023-07-22 08:30:00,4,988.01,2.1,42.84,11.98,49.59,53.94,65.4,9.5
2023-07-22 09:30:00,4,921.25,0.87,42.5,36.48,59.13,51.17,60.75,8.74
2023-07-22 10:30:00,3,907.9,1.09,45.93,42.2,68.66,48.05,56.33,7.66
2023-07-22 11:30:00,3,894.55,1.31,49.35,38.98,77.25,44.89,52.39,6.9
2023-07-22 12:30:00,3,867.84,1.79,51.41,38.98,82.02,42.66,49.93,6.9
2023-07-22 13:30:00,3,767.71,0.76,47.98,43.99,75.34,35.2,41.35,7.03
2023-07-22 14:30:00,3,647.54,0.32,39.76,52.93,64.85,26.1,30.89,6.84
2023-07-22 15:30:00,2,554.08,0.27,33.24,60.8,54.84,19.39,23.54,6.4
2023-07-22 16:30:00,2,580.79,0.24,36.33,61.51,55.79,20.8,25.82,7.47
2023-07-22 17:30:00,2,627.52,0.27,39.07,64.37,55.79,24.69,30.59,8.74
2023-07-22 18:30:00,3,761.03,0.23,43.18,61.51,53.88,30.6,39.42,11.65
2023-07-22 19:30:00,3,961.3,0.02,43.18,47.92,45.3,37.19,51.83,16.47
2023-07-22 20:30:00,3,1068.12,0,42.84,35.41,42.44,40.77,59.97,19.76
2023-07-22 21:30:00,3,1041.41,0.01,39.41,27.89,39.1,39.85,60.68,19.76
2023-07-22 22:30:00,3,974.66,0.02,35.3,23.96,35.29,37.04,57.17,17.99
2023-07-22 23:30:00,3,867.84,0.03,32.56,22.71,32.9,31.62,48.49,14.69
2023-07-23 00:30:00,2,707.63,0.01,28.79,25.75,32.42,24.96,36.7,11.27
2023-07-23 01:30:00,2,620.84,0,25.36,29.33,32.42,22.77,31.95,10.01
2023-07-23 02:30:00,2,594.14,0,22.96,30.04,31.47,22.85,31.09,9.25
2023-07-23 03:30:00,2,587.46,0,22.96,28.61,32.42,23.96,31.98,8.74
2023-07-23 04:30:00,3,580.79,0.01,22.96,27.18,33.38,25.04,32.7,8.49
2023-07-23 05:30:00,3,574.11,0.01,22.96,27.89,34.33,26.69,33.89,8.23
2023-07-23 06:30:00,3,600.81,0.14,25.36,31.11,38.15,30.65,38.01,8.74
2023-07-23 07:30:00,3,687.6,2.04,29.47,33.26,44.82,34.35,43.17,10.13
2023-07-23 08:30:00,3,727.65,3.24,33.93,39.7,52.45,34.66,43.7,10.77
2023-07-23 09:30:00,3,660.9,1.93,33.59,53.64,53.88,30.73,37.61,9.12
2023-07-23 10:30:00,2,600.81,2.54,30.5,62.23,52.45,24.76,30.06,7.66
2023-07-23 11:30:00,2,547.41,3.1,27.08,72.24,51.5,21.67,25.98,6.71
2023-07-23 12:30:00,2,494,2.63,23.65,77.96,45.78,18.12,21.61,5.57
2023-07-23 13:30:00,2,453.95,2.1,24.33,70.1,44.82,14.24,17.43,5.26
2023-07-23 14:30:00,2,440.6,1.75,26.73,60.8,47.68,12.05,15.21,5.38
2023-07-23 15:30:00,2,460.62,2.04,31.53,50.78,56.74,12.19,15.98,5.95
2023-07-23 16:30:00,2,514.03,2.65,38.39,40.41,68.66,13.93,18.6,6.9
2023-07-23 17:30:00,2,567.44,2.29,42.16,33.97,69.62,15.25,20.67,7.92
2023-07-23 18:30:00,2,754.36,1.17,46.61,25.39,61.04,20.79,29.59,11.27
2023-07-23 19:30:00,3,1001.36,0.23,46.61,16.81,47.68,30.49,46.18,15.96
2023-07-23 20:30:00,3,1148.22,0.37,45.93,11.62,42.92,39.13,60.89,18.49
2023-07-23 21:30:00,3,1148.22,0.43,42.5,10.55,39.1,41.03,64.65,18.24
2023-07-23 22:30:00,3,1014.71,0.31,37.36,11.62,33.86,36.19,56.54,15.96
2023-07-23 23:30:00,3,834.47,0.19,32.56,13.59,30.52,28.32,43.31,12.79
2023-07-24 00:30:00,2,647.54,0.09,28.79,16.99,30.52,21.24,30.64,10.39
2023-07-24 01:30:00,2,614.17,0.11,28.79,15.74,34.33,21.49,30.42,10.51
2023-07-24 02:30:00,2,600.81,0.13,27.76,14.84,34.81,22.22,31.16,10.26
2023-07-24 03:30:00,2,614.17,0.22,28.79,12.34,37.19,24.36,33.31,9.37
2023-07-24 04:30:00,3,634.19,0.48,30.16,8.76,40.05,27.25,35.85,8.04
2023-07-24 05:30:00,3,667.57,1.2,31.53,5.19,42.44,30.39,38.41,6.97
2023-07-24 06:30:00,3,787.73,4.53,33.93,2.19,46.73,36.7,46.47,7.66
2023-07-24 07:30:00,3,1041.41,14.08,35.99,7.87,58.17,47.59,62.02,10.39
2023-07-24 08:30:00,4,1148.22,18.78,42.84,25.75,72.48,53.29,69,11.65
2023-07-24 09:30:00,3,881.2,11.85,42.16,65.8,78.2,45.22,56.37,8.36
2023-07-24 10:30:00,4,781.06,7.82,39.07,108.72,82.97,50.94,60.7,7.09
2023-07-24 11:30:00,4,714.3,5.03,33.93,157.36,89.65,70.12,78.6,5.7
2023-07-24 12:30:00,5,640.87,2.96,26.39,194.55,81.06,82.95,89.91,4.18
2023-07-24 13:30:00,5,627.52,2.24,23.99,203.13,71.53,82.55,88.81,4.05
2023-07-24 14:30:00,5,640.87,2.1,25.7,194.55,68.66,78.05,84.14,4.75
2023-07-24 15:30:00,5,947.95,2.99,45.24,173.09,80.11,88.41,98.64,9.37
2023-07-24 16:30:00,5,1361.85,3.55,75.4,128.75,98.23,101.08,115.99,13.43
2023-07-24 17:30:00,5,1682.28,2.63,105.56,72.24,112.53,104.97,123.01,15.07
2023-07-24 18:30:00,5,1869.2,0.88,117.9,31.47,120.16,107.18,130.82,17.73
2023-07-24 19:30:00,5,1949.31,0.21,108.3,18.42,112.53,110.91,140.62,19.76
2023-07-24 20:30:00,5,1895.9,0.1,91.85,19.31,91.55,108.86,140.67,19.25
2023-07-24 21:30:00,5,1628.88,0,68.55,33.26,66.76,96.19,123.8,16.09
2023-07-24 22:30:00,5,1441.96,0,52.78,45.42,49.11,91.14,116.41,13.93
2023-07-24 23:30:00,5,1241.68,0,43.87,50.78,40.53,86.29,107.37,10.77
2023-07-25 00:30:00,5,1014.71,0,37.01,49.35,35.76,77.13,90.76,7.03
2023-07-25 01:30:00,4,894.55,0,31.87,44.7,34.33,71.08,80.16,5.19
2023-07-25 02:30:00,4,807.76,0,27.76,48.64,34.33,68.62,75.19,4.24
2023-07-25 03:30:00,4,741,0,26.39,65.09,40.05,71.55,76.54,3.58
2023-07-25 04:30:00,5,741,0,27.42,68.66,44.82,77.59,82.34,3.48
2023-07-25 05:30:00,5,781.06,0,30.85,60.8,50.07,79.21,84.18,3.64
2023-07-25 06:30:00,5,907.9,0.04,39.41,48.64,57.22,76.22,83.22,4.94
2023-07-25 07:30:00,5,1228.33,1.59,55.52,33.97,65.8,79.04,91.34,7.85
2023-07-25 08:30:00,5,1522.06,7.71,66.49,28.61,74.39,82.7,98.86,10.01
2023-07-25 09:30:00,5,1588.82,9.05,69.92,35.05,77.25,82.28,101.48,12.03
2023-07-25 10:30:00,5,1495.36,7.49,69.23,44.35,81.06,77.54,97.92,13.68
2023-07-25 11:30:00,4,1388.55,6.93,68.55,51.5,85.83,73.78,93.01,14.82
2023-07-25 12:30:00,4,1028.06,1.37,60.32,61.51,76.29,56.94,68.38,9.25
2023-07-25 13:30:00,3,894.55,0.35,54.15,60.8,70.57,47.38,55.56,7.35
2023-07-25 14:30:00,3,867.84,0.39,54.15,57.94,73.43,45.37,52.96,7.09
2023-07-25 15:30:00,3,894.55,2.24,52.09,68.66,74.39,46.92,54.99,7.47
2023-07-25 16:30:00,3,961.3,1.47,56.89,69.38,73.43,49.59,58.6,8.61
2023-07-25 17:30:00,4,1041.41,0.85,61.69,61.51,71.53,51.05,60.99,9.88
2023-07-25 18:30:00,4,1268.39,0.28,71.29,43.63,71.53,58.11,71.89,13.68
2023-07-25 19:30:00,4,1548.77,0.02,72.66,27.89,66.76,70.74,91.15,19.25
2023-07-25 20:30:00,5,1642.23,0.03,65.8,22.17,57.7,79.2,103.8,20.77
2023-07-25 21:30:00,5,1522.06,0.04,57.58,21.64,50.07,78.78,100.33,15.96
2023-07-25 22:30:00,5,1415.25,0.09,54.84,19.31,49.11,79.11,96.93,11.65
2023-07-25 23:30:00,5,1308.44,0.13,52.78,17.7,49.11,75.36,89.1,8.23
2023-07-26 00:30:00,4,1121.52,0.06,45.93,20.38,47.21,64.88,73.5,5.51
2023-07-26 01:30:00,4,1001.36,0.02,39.07,25.03,44.82,59.19,65.71,4.88
2023-07-26 02:30:00,4,947.95,0.01,34.96,27.89,42.92,57.63,63.22,4.75
2023-07-26 03:30:00,4,934.6,0.01,35.64,26.46,45.3,59.42,64.84,4.94
2023-07-26 04:30:00,4,988.01,0.08,40.78,19.31,52.93,64.94,71.43,5.64
2023-07-26 05:30:00,4,1068.12,0.83,49.35,8.58,66.76,72.34,80.53,6.52
2023-07-26 06:30:00,5,1281.74,8.61,53.47,0.58,85.83,84.8,96.13,8.61
2023-07-26 07:30:00,5,1602.17,25.48,48.67,0.01,99.18,96.64,112.36,11.02
2023-07-26 08:30:00,5,1762.39,38.89,43.53,0.02,103.95,94.75,111.62,10.89
2023-07-26 09:30:00,5,1588.82,36.66,43.18,0.04,103,81.86,96.04,8.87
2023-07-26 10:30:00,4,1415.25,28.61,46.61,0.11,97.27,70.98,83.06,7.79
2023-07-26 11:30:00,4,1281.74,22.58,46.61,0.54,84.88,60.19,70.07,7.03
2023-07-26 12:30:00,5,1161.58,16.99,38.73,-9999,64.85,52.6,60.74,6.65
2023-07-26 13:30:00,4,1134.87,8.49,45.93,39.7,61.99,54.94,62.85,6.78
2023-07-26 14:30:00,4,1121.52,5.98,53.47,44.7,73.43,57.01,64.92,6.78
2023-07-26 15:30:00,4,1108.17,4.64,61.01,46.49,83.92,58.64,67.5,7.22
2023-07-26 16:30:00,4,1148.22,3.52,68.55,48.64,86.78,64.31,74.59,8.11
2023-07-26 17:30:00,4,1228.33,2.93,76.09,46.49,84.88,69.39,80.97,9.37
2023-07-26 18:30:00,5,3204.35,46.49,115.16,6.35,88.69,148.69,190.33,27.11
2023-07-26 19:30:00,5,6195.07,128.75,116.53,0.09,102.04,296.14,386.72,44.58
2023-07-26 20:30:00,5,8651.73,187.75,112.41,0,117.3,450.93,579.75,53.2
2023-07-26 21:30:00,5,10040.28,212.79,113.79,0,122.07,563.59,712.93,51.68
2023-07-26 22:30:00,5,10681.15,216.36,109.67,0,103.95,619.96,778.6,35.97
2023-07-26 23:30:00,5,9826.66,200.27,97.33,0,78.2,585.27,730.84,18.49
2023-07-27 00:30:00,5,5607.6,101.03,93.22,0,80.11,357.91,432.68,5
2023-07-27 01:30:00,5,4646.3,76.89,83.63,0,75.34,312.26,368.88,4.43
2023-07-27 02:30:00,5,4112.24,69.74,72.66,0,72.48,289.82,333.45,3.86
2023-07-27 03:30:00,5,3631.59,61.69,65.8,0,63.9,267.55,298.62,5.19
2023-07-27 04:30:00,5,3845.21,67.95,59.63,0,57.22,284.22,313.68,8.61
2023-07-27 05:30:00,5,4379.27,84.94,54.84,0,62.94,328.63,360.19,12.54
2023-07-27 06:30:00,5,5287.17,107.29,53.47,0,74.39,396.63,437.94,18.49
2023-07-27 07:30:00,5,6622.31,146.63,52.09,0.12,86.78,468.01,535.39,25.59
2023-07-27 08:30:00,5,7797.24,189.54,54.15,0.54,94.41,506.08,590.24,27.87
2023-07-27 09:30:00,5,3417.97,68.84,84.31,4.38,152.59,267.52,296.67,9.5
2023-07-27 10:30:00,5,2590.18,42.02,84.31,5.72,139.24,198.01,219.67,9.25
2023-07-27 11:30:00,5,2323.15,33.97,79.51,4.74,123.98,161.39,180.01,9.75
2023-07-27 12:30:00,5,2029.42,21.9,71.97,16.81,96.32,129.73,145.35,9.5
2023-07-27 13:30:00,5,1842.5,12.96,73.34,12.87,84.88,109.34,123.46,10.01
2023-07-27 14:30:00,5,1789.09,14.31,77.46,8.31,94.41,100.92,114.36,10.13
2023-07-27 15:30:00,5,2296.45,34.87,82.25,3.26,110.63,122.17,141.79,14.44
2023-07-27 16:30:00,5,3257.75,77.78,86.37,1.11,129.7,164.64,196.61,22.04
2023-07-27 17:30:00,5,4058.84,125.17,90.48,0.37,158.31,197.95,238.74,27.87
2023-07-27 18:30:00,5,4806.52,168.09,98.71,0.08,202.18,242.17,296.44,35.97
2023-07-27 19:30:00,5,6408.69,218.15,98.71,0,202.18,343.5,426.68,43.57
2023-07-27 20:30:00,5,7904.05,243.19,100.08,0,173.57,459.9,564.58,38.5
2023-07-27 21:30:00,5,8438.11,232.46,97.33,0,135.42,522.95,638.89,29.89
2023-07-27 22:30:00,5,8438.11,209.21,93.22,0,108.72,544.59,668.06,25.84
2023-07-27 23:30:00,5,7583.62,171.66,85.68,0,82.97,501.63,614.9,18.75
2023-07-28 00:30:00,5,5714.42,111.76,78.14,0,60.08,372.08,453.71,10.89
2023-07-28 01:30:00,5,4486.08,78.68,69.92,0,50.07,293.27,357.22,9.12
2023-07-28 02:30:00,5,4219.06,72.42,64.43,0,49.11,284.34,344.61,9.37
2023-07-28 03:30:00,5,4325.87,76,59.63,0,51.98,299.19,352.89,9.5
2023-07-28 04:30:00,5,4432.68,81.36,54.84,0,55.79,308.39,356,9.37
2023-07-28 05:30:00,5,4379.27,84.94,50.72,0,57.22,299.32,339.88,9.5
2023-07-28 06:30:00,5,4486.08,92.98,50.72,0.01,63.9,299.86,338.94,11.65
2023-07-28 07:30:00,5,5020.14,116.23,51.41,0.09,77.25,314.14,361.6,16.72
2023-07-28 08:30:00,5,5180.36,135.9,51.41,0.13,89.65,295.68,347.35,19.25
2023-07-28 09:30:00,5,3284.45,94.77,69.23,0.85,133.51,226.02,255.39,9.12
2023-07-28 10:30:00,5,2857.21,82.25,72.66,2.77,135.42,198.85,226.6,10.51
2023-07-28 11:30:00,5,2696.99,65.27,83.63,7.33,135.42,175.99,203.03,12.29
2023-07-28 12:30:00,5,1588.82,16.32,71.29,32.54,78.2,97.99,113.73,7.28
2023-07-28 13:30:00,4,1081.47,2.54,49.35,52.21,48.16,55.37,65.56,7.35
2023-07-28 14:30:00,3,947.95,0.63,43.53,51.5,42.92,41.98,50.62,7.98
2023-07-28 15:30:00,3,947.95,0.18,47.98,35.41,46.25,37.28,46.16,8.99
2023-07-28 16:30:00,3,1108.17,2.15,59.63,17.88,55.31,40.5,51.38,10.39
2023-07-28 17:30:00,3,1268.39,6.37,67.17,10.73,59.6,45.77,58.53,11.02
2023-07-28 18:30:00,4,1895.9,21.9,76.09,4.25,62.94,71.07,93.52,15.45
2023-07-28 19:30:00,5,2696.99,41.57,76.77,0.16,65.8,111.27,149.82,20.77
2023-07-28 20:30:00,5,3070.83,48.28,70.6,0,63.9,136.91,186.25,22.04
2023-07-28 21:30:00,5,3204.35,48.28,67.17,0,60.08,150.34,203.46,21.03
2023-07-28 22:30:00,5,2964.02,42.02,61.69,0,52.93,141.75,191.67,17.48
2023-07-28 23:30:00,5,2296.45,29.5,55.52,0,41.01,105.6,142.53,11.78
2023-07-29 00:30:00,4,1441.96,12.41,48.67,0.16,29.56,60.74,80.9,6.46
2023-07-29 01:30:00,3,988.01,2.91,40.1,1.86,22.89,39.19,50.89,4.62
2023-07-29 02:30:00,3,781.06,0.61,32.22,6.79,22.41,30.27,38.4,4.12
2023-07-29 03:30:00,2,634.19,0.09,25.36,16.81,23.6,23.29,28.89,3.61
2023-07-29 04:30:00,2,554.08,0.02,21.25,23.6,23.13,18.79,23.24,3.2
2023-07-29 05:30:00,2,527.38,0.03,21.08,23.6,23.84,17.12,21.26,3.23
2023-07-29 06:30:00,2,574.11,0.24,24.68,18.6,25.99,19.11,24.39,4.12
2023-07-29 07:30:00,2,694.27,3.24,27.08,15.02,28.13,22.83,30.68,5.64
2023-07-29 08:30:00,2,754.36,6.65,25.36,23.96,26.46,23.67,32.47,6.14
2023-07-29 09:30:00,2,680.92,4.47,22.28,46.49,22.89,23.53,31.47,5.95
2023-07-29 10:30:00,3,640.87,2.32,21.76,68.66,24.08,27.22,34.97,6.4
2023-07-29 11:30:00,3,620.84,1.19,22.62,80.82,26.23,30.28,37.79,6.71
2023-07-29 12:30:00,2,567.44,0.92,20.39,77.96,24.32,24.69,30.86,5.45
2023-07-29 13:30:00,2,540.73,1.3,18.85,76.53,22.41,22.04,27.35,4.88
2023-07-29 14:30:00,2,520.71,1.42,17.65,82.25,21.22,21.77,26.75,4.5
2023-07-29 15:30:00,2,500.68,1.23,16.79,86.55,19.55,20.91,25.91,4.31
2023-07-29 16:30:00,2,520.71,1.01,19.02,87.26,19.79,21.56,26.83,4.88
2023-07-29 17:30:00,2,574.11,0.78,23.65,86.55,21.46,23.89,29.83,6.21
2023-07-29 18:30:00,3,907.9,0.55,43.53,62.23,28.13,34.96,46.43,10.64
2023-07-29 19:30:00,4,1375.2,0.07,61.69,28.61,36.24,53.03,73.82,15.07
2023-07-29 20:30:00,4,1602.17,0.94,63.06,9.12,39.1,63.35,90.14,15.83
2023-07-29 21:30:00,4,1789.09,6.37,57.58,1.04,40.05,72.91,105.75,15.45
2023-07-29 22:30:00,5,1949.31,14.98,49.35,0.03,38.62,81.7,121.16,14.44
2023-07-29 23:30:00,4,1842.5,19.45,42.5,0.01,32.42,74.37,112.58,10.64
2023-07-30 00:30:00,3,1388.55,14.19,37.01,0.04,22.41,49.15,77.14,6.21
2023-07-30 01:30:00,3,974.66,6.87,30.85,0.3,17.17,31.67,51.22,4.62
2023-07-30 02:30:00,2,727.65,3.16,25.02,1.04,15.5,22.87,37.54,4.18
2023-07-30 03:30:00,2,494,0.78,20.22,6.17,18.12,16.4,25.66,4.75
2023-07-30 04:30:00,2,420.57,0.12,17.48,15.91,18.6,15.12,21.83,4.43
2023-07-30 05:30:00,2,407.22,0.02,16.79,25.03,19.31,14.35,20.26,4.37
2023-07-30 06:30:00,2,460.62,0.19,19.54,25.75,22.65,15.89,22.88,5.13
2023-07-30 07:30:00,2,607.49,3.46,22.96,22.17,28.13,21.16,31.47,6.97
2023-07-30 08:30:00,3,720.98,7.6,24.68,23.6,32.9,25.56,38.4,8.49
2023-07-30 09:30:00,3,680.92,6.76,22.62,35.76,31.95,25.21,38.47,7.92
2023-07-30 10:30:00,3,660.9,5.25,21.08,61.51,33.86,29.43,43.35,8.04
2023-07-30 11:30:00,3,647.54,3.16,18.51,107.29,35.76,40.87,55.18,7.98
2023-07-30 12:30:00,4,560.76,1.59,12.34,143.05,29.09,44.41,56.67,6.65
2023-07-30 13:30:00,4,514.03,1.3,10.88,151.63,25.27,40.6,51.09,6.08
2023-07-30 14:30:00,4,520.71,1.34,11.65,155.93,25.51,38.33,48.05,6.08
2023-07-30 15:30:00,4,547.41,1.61,14.05,150.2,26.46,36.3,46.03,6.52
2023-07-30 16:30:00,3,620.84,2.15,19.19,133.04,27.66,34.09,44.42,7.54
2023-07-30 17:30:00,3,700.95,2.46,25.7,107.29,27.42,30.48,41.6,8.61
2023-07-30 18:30:00,3,834.47,1.68,33.93,78.68,30.28,31.28,45.03,11.02
2023-07-30 19:30:00,3,947.95,0.13,39.07,51.5,32.42,34.35,52.02,13.81
2023-07-30 20:30:00,3,881.2,0,34.27,41.13,26.94,32.47,51.04,13.05
2023-07-30 21:30:00,3,794.41,0,29.82,42.2,22.41,30.38,48.54,10.64
2023-07-30 22:30:00,3,754.36,0,27.08,42.56,21.22,29.77,47.71,9.12
2023-07-30 23:30:00,3,654.22,0,23.99,42.56,19.07,26.68,42.84,7.03
2023-07-31 00:30:00,2,520.71,0,19.36,44.7,16.69,22.67,37.11,5.38
2023-07-31 01:30:00,2,494,0,19.54,41.84,19.79,23.15,38.16,5.32
2023-07-31 02:30:00,2,487.33,0,20.05,36.84,22.17,22.72,37.37,5.13
2023-07-31 03:30:00,2,494,0,20.56,32.19,24.56,22.74,36.67,5
2023-07-31 04:30:00,2,514.03,0.01,21.93,27.89,27.18,23.58,37.4,5.07
2023-07-31 05:30:00,3,547.41,0.04,24.33,23.6,30.28,25.5,40.23,5.45
2023-07-31 06:30:00,3,667.57,0.52,30.5,16.63,37.19,31.56,48.43,6.71
2023-07-31 07:30:00,3,921.25,6.2,35.64,15.56,46.25,43.01,63.77,9.12
2023-07-31 08:30:00,4,1108.17,12.96,39.41,25.39,52.93,52.9,75.84,10.64
2023-07-31 09:30:00,4,1161.58,12.96,43.18,44.35,57.7,59.53,82.94,11.78
2023-07-31 10:30:00,4,1174.93,8.94,43.18,90.12,64.85,73.78,97.27,13.3
2023-07-31 11:30:00,5,1121.52,4.19,34.62,177.38,68.66,104.15,127.08,13.43
2023-07-31 12:30:00,5,707.63,1.61,15.42,188.83,41.01,77.81,95.59,7.85
2023-07-31 13:30:00,4,594.14,1.36,12.68,175.95,32.42,60.43,77.8,6.52
2023-07-31 14:30:00,4,587.46,1.4,13.71,170.23,31.95,55.41,75.26,6.9
2023-07-31 15:30:00,4,567.44,1.42,14.74,158.79,29.8,50.27,72.42,7.35
2023-07-31 16:30:00,3,574.11,1.56,17.65,137.33,26.94,43.24,66.38,7.98
2023-07-31 17:30:00,3,594.14,1.52,21.59,110.15,24.56,35.72,58.32,8.49
2023-07-31 18:30:00,3,727.65,1.05,30.85,80.11,29.09,36.36,61.68,11.15
2023-07-31 19:30:00,3,894.55,0.08,38.39,55.79,33.86,43.39,74.54,14.31
2023-07-31 20:30:00,3,907.9,0,36.33,47.21,31.47,46.63,80.75,13.68
2023-07-31 21:30:00,3,921.25,0,35.64,45.06,30.99,48.93,84.53,12.03
2023-07-31 22:30:00,4,947.95,0,36.67,44.7,31.47,52.48,89.78,11.27
2023-07-31 23:30:00,4,881.2,0,35.3,46.49,28.85,50.68,85.43,9.12
2023-08-01 00:30:00,3,700.95,0,29.13,48.64,23.6,43.32,72.75,6.65
2023-08-01 01:30:00,3,607.49,0,24.68,47.92,22.17,39.91,67.29,6.08
2023-08-01 02:30:00,3,567.44,0,22.28,47.92,22.65,39.27,68.12,5.95
2023-08-01 03:30:00,3,527.38,0,19.71,52.21,22.89,39.11,71.36,5.89
2023-08-01 04:30:00,3,500.68,0,19.02,49.35,23.37,37.47,69.72,5.83
2023-08-01 05:30:00,3,507.35,0,20.73,39.7,24.8,34.08,63.25,5.76
2023-08-01 06:30:00,3,580.79,0.18,25.7,26.82,28.37,32.9,60.79,6.9
2023-08-01 07:30:00,3,734.33,4.58,28.1,19.67,32.42,34.15,63.79,9.12
2023-08-01 08:30:00,3,781.06,9.5,25.7,28.25,32.9,33.01,64.03,10.01
2023-08-01 09:30:00,3,694.27,7.1,22.28,52.93,30.99,31.98,64.58,8.99
2023-08-01 10:30:00,3,654.22,4.14,19.19,94.41,31.95,39.37,73.66,9.12
2023-08-01 11:30:00,4,614.17,2.32,15.42,140.19,31.95,51.47,87.29,9.12
2023-08-01 12:30:00,4,527.38,1.51,11.31,153.06,26.46,50.09,84.78,7.41
2023-08-01 13:30:00,4,494,1.41,10.54,148.77,23.6,44.17,75.97,6.71
2023-08-01 14:30:00,4,487.33,1.42,10.97,145.91,23.37,40.21,68.95,6.65
2023-08-01 15:30:00,3,480.65,1.55,11.82,135.9,22.41,35.97,61.88,6.78
2023-08-01 16:30:00,3,514.03,1.96,15.25,120.16,22.89,33.57,59.16,7.22
2023-08-01 17:30:00,3,567.44,2.15,20.05,101.57,23.13,31.96,60,7.79
2023-08-01 18:30:00,3,774.38,1.51,32.56,72.96,29.09,37.65,70.99,11.15
2023-08-01 19:30:00,3,1028.06,0.1,44.55,45.42,35.76,49.04,88.79,16.21
2023-08-01 20:30:00,4,1094.82,0,45.24,33.97,35.29,54.53,98.06,18.24
2023-08-01 21:30:00,4,1068.12,0.01,44.55,30.4,33.86,55.62,100.39,17.48
2023-08-01 22:30:00,4,988.01,0,41.13,30.76,32.42,54.08,99.58,15.96
2023-08-01 23:30:00,3,807.76,0,33.59,37.19,27.18,48.95,92.96,12.92
2023-08-02 00:30:00,3,567.44,0,22.62,52.21,20.5,42.29,84.61,8.74
2023-08-02 01:30:00,3,487.33,0,17.99,65.09,19.31,41.46,79.73,6.84
2023-08-02 02:30:00,3,473.98,0,16.96,65.8,20.03,40.21,74.69,6.33
2023-08-02 03:30:00,3,467.3,0,17.14,54.36,20.5,36.81,66.44,6.33
2023-08-02 04:30:00,3,460.62,0,17.99,42.56,21.22,33.21,60.48,6.65
2023-08-02 05:30:00,3,473.98,0,19.54,36.84,23.13,30.96,57.57,7.03
2023-08-02 06:30:00,3,560.76,0.06,23.99,33.26,27.42,31.99,59.35,8.36
2023-08-02 07:30:00,3,720.98,1.75,30.5,29.68,32.42,36.35,68.17,11.15
2023-08-02 08:30:00,3,787.73,4.08,32.56,29.33,35.29,37.47,73.04,12.67
2023-08-02 09:30:00,3,694.27,4.64,26.05,38.62,31.95,34.54,70.52,11.4
2023-08-02 10:30:00,3,627.52,4.58,20.91,57.94,30.99,36.11,74.3,11.02
2023-08-02 11:30:00,3,574.11,3.38,17.14,91.55,29.56,42.42,83.68,10.13
2023-08-02 12:30:00,3,467.3,2.01,12.17,101.57,22.41,37.1,76.57,7.16
2023-08-02 13:30:00,3,447.27,1.65,13.88,87.98,21.7,29.92,65.63,6.27
2023-08-02 14:30:00,3,473.98,0.94,18.68,75.82,24.8,27.45,61.57,6.78
2023-08-02 15:30:00,3,527.38,0.03,25.02,62.23,30.04,27.34,57.19,7.54
2023-08-02 16:30:00,3,660.9,0.02,35.99,51.5,40.53,32.58,59.38,9.25
2023-08-02 17:30:00,3,894.55,0.01,54.84,35.05,57.7,42.03,69.14,11.65
2023-08-02 18:30:00,5,2990.72,56.77,89.11,0.18,86.78,117.05,173.23,28.37
2023-08-02 19:30:00,5,5874.63,146.63,85,0,106.81,256.84,360.45,45.09
2023-08-02 20:30:00,5,8331.3,214.58,83.63,0,137.33,418.4,567.99,70.93
2023-08-02 21:30:00,5,10574.34,268.22,84.31,0,169.75,582.63,760.95,97.27
2023-08-02 22:30:00,5,11749.27,300.41,77.46,0,137.33,687.43,872.67,68.9
2023-08-02 23:30:00,5,10040.28,253.92,73.34,0,80.11,584.35,728.61,26.09
2023-08-03 00:30:00,5,3952.03,76,78.14,0,45.78,202.16,261.48,8.36
2023-08-03 01:30:00,5,2136.23,29.95,58.95,0,30.04,105.01,143.98,5.89
2023-08-03 02:30:00,4,1375.2,12.85,43.53,0.09,25.75,71.22,100.62,5.38
2023-08-03 03:30:00,4,1028.06,2.93,37.01,2.77,26.46,55.3,78.74,5.32
2023-08-03 04:30:00,3,814.44,0.31,30.5,11.27,26.23,41.32,60.7,5.13
2023-08-03 05:30:00,3,694.27,0.1,27.08,17.7,26.94,32.05,50.23,5.32
2023-08-03 06:30:00,3,727.65,0.52,29.82,16.27,30.99,31.97,53.55,7.22
2023-08-03 07:30:00,3,921.25,6.48,31.53,13.77,35.76,39.11,68.6,10.39
2023-08-03 08:30:00,3,961.3,11.51,29.47,20.03,37.19,41.78,76.01,11.91
2023-08-03 09:30:00,3,694.27,4.25,25.36,32.54,31.47,35.93,68.48,9.25
2023-08-03 10:30:00,3,620.84,1.79,22.96,47.92,31.47,36.12,66.25,8.99
2023-08-03 11:30:00,3,580.79,1.01,22.28,56.51,32.42,35.66,63.52,8.99
2023-08-03 12:30:00,2,487.33,0.85,18.68,52.93,26.46,24.9,46.47,6.97
2023-08-03 13:30:00,2,447.27,1.26,17.65,50.78,23.84,18.07,35.58,6.14
2023-08-03 14:30:00,2,447.27,1.56,17.31,52.93,23.6,15.8,31.1,6.21
2023-08-03 15:30:00,2,647.54,2.91,27.42,41.48,30.52,20.82,36.77,8.87
2023-08-03 16:30:00,3,867.84,4.19,37.7,25.75,33.38,26.49,44.03,10.89
2023-08-03 17:30:00,3,1108.17,7.1,48.67,10.28,36.24,33.37,53.39,12.92
2023-08-03 18:30:00,3,1522.06,15.42,55.52,1.61,43.87,48.85,74.9,16.47
2023-08-03 19:30:00,5,2109.53,26.6,58.26,0.04,57.22,77.22,113.29,20.77
2023-08-03 20:30:00,5,2563.48,35.76,59.63,0,70.57,106.91,150.52,22.29
2023-08-03 21:30:00,5,3284.45,52.3,61.69,0,85.83,152.09,203.66,23.56
2023-08-03 22:30:00,5,4219.06,73.31,61.69,0,91.55,213.17,275.51,22.55
2023-08-03 23:30:00,5,4486.08,79.57,58.26,0,79.15,234.89,297.11,15.71
2023-08-04 00:30:00,5,3898.62,65.27,56.89,0,63.9,203.68,252.8,8.61
2023-08-04 01:30:00,5,3391.27,52.3,55.52,0,58.17,178.35,219.08,6.84
2023-08-04 02:30:00,5,3017.43,45.15,54.15,0,61.99,162.28,197.03,6.78
2023-08-04 03:30:00,5,2563.48,38.44,52.78,0,66.76,145.8,177.16,7.41
2023-08-04 04:30:00,5,2510.07,38.89,50.72,0,63.9,150.46,183.78,8.11
2023-08-04 05:30:00,5,2723.69,43.81,50.04,0,61.04,169.26,206.64,8.99
2023-08-04 06:30:00,5,3231.05,55.88,51.41,0,65.8,198.98,244.26,13.05
2023-08-04 07:30:00,5,4165.65,86.72,55.52,0.01,81.06,244.36,303.13,20.27
2023-08-04 08:30:00,5,4539.49,108.18,62.38,0.01,93.46,252.52,311.41,22.04
2023-08-04 09:30:00,5,3364.56,77.78,73.34,0.08,119.21,193.09,233.63,17.48
2023-08-04 10:30:00,5,3150.94,75.1,78.14,0.07,144.96,184.83,224.18,17.73
2023-08-04 11:30:00,5,3177.64,83.15,80.2,0.15,177.38,191.35,231.31,18.24
2023-08-04 12:30:00,5,2910.61,75.1,76.09,0.16,169.75,174.3,212.06,15.83
2023-08-04 13:30:00,5,2590.18,60.8,73.34,0.1,148.77,151.54,184.8,13.68
2023-08-04 14:30:00,5,2243.04,45.15,73.34,0.16,129.7,127.85,156.43,11.78
2023-08-04 15:30:00,5,1735.69,22.8,69.92,6.08,100.14,97.03,121.14,9.88
2023-08-04 16:30:00,5,1361.85,8.16,69.23,9.66,80.11,75.1,96.12,9.37
2023-08-04 17:30:00,4,1228.33,3.74,67.86,9.83,72.48,65.8,85.28,9.88
2023-08-04 18:30:00,5,1949.31,23.47,71.97,1.16,73.43,94.4,126.46,18.49
2023-08-04 19:30:00,5,3311.16,61.69,67.86,0.02,81.06,162.2,221.3,27.61
2023-08-04 20:30:00,5,4539.49,92.09,64.43,0,85.83,235.85,320.27,27.87
2023-08-04 21:30:00,5,6835.94,151.99,58.26,0,82.97,364.6,493.24,27.36
2023-08-04 22:30:00,5,9292.6,218.15,52.09,0,82.02,514.65,689.48,31.92
2023-08-04 23:30:00,5,10467.53,264.64,48.67,0,80.11,606.95,800.27,33.94
2023-08-05 00:30:00,5,9933.47,268.22,45.24,0,63.9,576.15,737.72,22.8
2023-08-05 01:30:00,5,7690.43,212.79,40.1,0,39.58,430.84,523.26,8.23
2023-08-05 02:30:00,5,4913.33,123.38,38.04,0,29.56,255.32,294.91,4.24
2023-08-05 03:30:00,5,2056.12,33.08,50.72,0,35.29,113.81,125.96,2.25
2023-08-05 04:30:00,5,1655.58,23.47,44.55,0,31.95,99.57,111.73,3.55
2023-08-05 05:30:00,5,1735.69,27.27,43.18,0,37.67,111.85,127.71,6.27
2023-08-05 06:30:00,5,2216.34,44.7,48.67,0,55.31,153.95,178.55,11.4
2023-08-05 07:30:00,5,3044.13,75.1,50.04,0,67.71,199.39,237.66,17.23
2023-08-05 08:30:00,5,3364.56,91.2,45.93,0.11,66.76,196.82,236.02,16.97
2023-08-05 09:30:00,5,2136.23,51.41,46.61,3.13,72.48,120.94,143.47,11.91
2023-08-05 10:30:00,5,1922.61,41.13,51.41,4.6,82.02,103.11,125.58,12.92
2023-08-05 11:30:00,5,1869.2,34.87,58.26,7.42,88.69,97.7,120.52,13.68
2023-08-05 12:30:00,4,1201.63,7.26,52.78,10.28,55.31,55.25,71.76,9.88
2023-08-05 13:30:00,3,854.49,0.86,38.04,19.85,37.67,33.61,47.23,8.61
2023-08-05 14:30:00,3,727.65,0.12,29.13,29.68,30.99,25.6,37.53,8.04
2023-08-05 15:30:00,2,634.19,0.16,22.62,41.84,25.51,20.91,31.52,7.6
2023-08-05 16:30:00,2,614.17,0.1,23.65,45.06,24.32,20.24,30.51,7.98
2023-08-05 17:30:00,2,647.54,0.08,27.76,41.84,25.27,21.09,32.48,8.61
2023-08-05 18:30:00,4,1869.2,23.25,58.95,3.44,37.67,60.94,93.17,21.53
2023-08-05 19:30:00,5,3578.19,73.31,56.21,0,52.45,133.95,200.51,34.45
2023-08-05 20:30:00,5,4379.27,91.2,56.89,0,56.74,182.18,272.97,35.46
2023-08-05 21:30:00,5,4753.11,98.35,55.52,0,55.79,210.62,311.67,31.92
2023-08-05 22:30:00,5,5340.58,114.44,49.35,0,54.84,252.03,359.22,26.85
2023-08-05 23:30:00,5,5393.98,121.59,44.55,0,45.78,258.5,354.17,17.73
2023-08-06 00:30:00,5,4219.06,94.77,42.16,0,32.9,189.76,255.02,10.51
2023-08-06 01:30:00,5,3417.97,75.1,38.39,0,27.89,150.16,203.44,8.74
2023-08-06 02:30:00,5,2830.51,58.11,35.3,0,25.75,124.95,172.47,8.04
2023-08-06 03:30:00,5,2136.23,39.34,32.22,0,23.84,94.87,137.16,7.92
2023-08-06 04:30:00,4,1361.85,19.22,29.82,0.03,21.93,62.57,97.02,8.23
2023-08-06 05:30:00,3,854.49,5.14,28.45,2.01,20.74,41.26,69.62,10.13
2023-08-06 06:30:00,3,580.79,0.17,23.31,16.81,22.89,26.53,49.82,13.68
2023-08-06 07:30:00,3,640.87,0.95,25.36,15.56,25.27,25.77,49.9,14.69
2023-08-06 08:30:00,3,647.54,2.96,25.02,15.38,25.51,26.57,54.01,13.68
2023-08-06 09:30:00,3,534.06,2.46,19.88,22.71,21.22,25.57,57.49,11.15
2023-08-06 10:30:00,3,480.65,1.87,16.96,32.9,20.03,26.28,63.02,10.26
2023-08-06 11:30:00,3,440.6,1.29,14.22,52.21,19.07,27.36,68.35,9.5
2023-08-06 12:30:00,3,370.5,0.96,9.34,70.81,14.42,23.71,61.08,7.03
2023-08-06 13:30:00,3,350.48,1.09,7.63,82.25,12.76,22.13,57,5.83
2023-08-06 14:30:00,3,353.81,1.19,7.28,95.84,12.99,24.89,63.16,5.95
2023-08-06 15:30:00,3,397.21,1.48,10.2,98.71,16.21,27.53,66.47,6.78
2023-08-06 16:30:00,3,453.95,1.45,15.25,80.82,17.64,25.93,60.9,7.54
2023-08-06 17:30:00,3,514.03,0.66,21.59,60.08,17.64,24.05,55.28,8.23
2023-08-06 18:30:00,4,1642.23,18.55,54.84,5.59,29.56,56.31,98.57,18.75
2023-08-06 19:30:00,5,3124.24,67.06,46.61,0,44.82,121.99,187.17,28.88
2023-08-06 20:30:00,5,4539.49,102.82,45.93,0,57.7,205.58,294.51,30.91
2023-08-06 21:30:00,5,6034.85,141.26,46.61,0,65.8,307.46,420.01,31.66
2023-08-06 22:30:00,5,6141.66,141.26,45.93,0,55.79,314.74,428.67,27.36
2023-08-06 23:30:00,5,3631.59,72.42,45.93,0,34.33,170.39,240.76,22.55
2023-08-07 00:30:00,2,527.38,0.02,20.91,37.55,13.95,17.29,31.6,10.51
2023-08-07 01:30:00,2,373.84,0,13.37,43.27,14.78,12.14,23.73,10.13
2023-08-07 02:30:00,2,353.81,0,12.85,37.55,14.78,13.48,25.28,9.88
2023-08-07 03:30:00,2,340.46,0,12.17,33.26,14.78,16.59,30.68,9.5
2023-08-07 04:30:00,2,333.79,0.01,12.17,30.76,15.02,18.44,36.85,9.12
2023-08-07 05:30:00,2,343.8,0.01,12.68,30.04,15.74,17.57,38.57,8.87
2023-08-07 06:30:00,2,403.88,0.07,15.77,26.46,17.88,18.33,42.46,9.37
2023-08-07 07:30:00,3,507.35,1.96,18.68,22.17,20.03,21.52,51.78,10.51
2023-08-07 08:30:00,3,540.73,5.81,16.11,27.89,20.74,23.39,60.22,10.39
2023-08-07 09:30:00,3,520.71,5.59,14.39,42.56,20.98,25.22,67.83,9.63
2023-08-07 10:30:00,3,494,3.86,13.19,66.52,21.93,28.08,74.6,9.12
2023-08-07 11:30:00,3,460.62,2.4,11.31,94.41,21.7,31.42,81.02,8.23
2023-08-07 12:30:00,3,393.87,1.61,8.65,104.43,17.17,30.54,87.19,6.46
2023-08-07 13:30:00,3,383.85,1.55,8.83,108.72,16.45,29.99,86.43,5.89
2023-08-07 14:30:00,3,390.53,1.58,9.68,113.01,16.69,28.61,77.11,6.02
2023-08-07 15:30:00,3,487.33,2.54,15.59,108.72,22.65,30.29,74.82,7.6
2023-08-07 16:30:00,3,607.49,3.58,22.28,92.98,25.03,30.66,74.71,8.99
2023-08-07 17:30:00,3,714.3,4.08,30.16,71.53,25.51,29.37,72.25,10.13
2023-08-07 18:30:00,3,807.76,2.04,37.7,52.21,28.37,30.13,72.48,12.16
2023-08-07 19:30:00,3,801.09,0.05,35.99,44.7,29.56,29.61,68.01,14.06
2023-08-07 20:30:00,3,687.6,0,28.79,48.64,25.03,24.03,51.78,13.81
2023-08-07 21:30:00,2,587.46,0,23.31,55.07,21.22,19.4,40.36,12.54
2023-08-07 22:30:00,2,520.71,0,19.54,57.22,18.12,17.99,39.93,11.53
2023-08-07 23:30:00,2,433.92,0,16.11,55.07,14.31,15.9,33.87,10.26
2023-08-08 00:30:00,2,353.81,0,12.51,50.78,11.21,14.24,27.59,9.12
2023-08-08 01:30:00,2,323.77,0,10.88,45.78,10.97,15.25,30.77,8.61
2023-08-08 02:30:00,2,313.76,0,10.02,43.27,11.21,16.45,38.04,8.23
2023-08-08 03:30:00,2,310.42,0,9.85,41.48,11.8,17.31,46.37,7.92
2023-08-08 04:30:00,3,310.42,0,10.2,37.91,12.52,18.41,53.91,7.92
2023-08-08 05:30:00,3,323.77,0.01,11.48,32.54,13.71,19.59,57.17,8.11
2023-08-08 06:30:00,3,380.52,0.07,14.74,26.11,15.97,21.69,61.11,8.87
2023-08-08 07:30:00,3,467.3,1.13,18.34,20.38,17.88,24.59,70.47,9.75
2023-08-08 08:30:00,3,500.68,3.86,17.14,22.53,18.12,25.58,77.68,9.37
2023-08-08 09:30:00,3,480.65,2.65,17.82,25.03,18.36,25.13,75.71,8.61
2023-08-08 10:30:00,3,460.62,1.68,16.79,34.69,19.31,24.84,71.87,8.36
2023-08-08 11:30:00,3,427.25,1.1,15.08,49.35,19.55,23.96,68.77,7.47
2023-08-08 12:30:00,3,380.52,0.49,13.19,63.66,16.45,21.31,72.73,5.76
2023-08-08 13:30:00,3,377.18,0.59,13.37,66.52,16.21,17.45,61.9,5.45
2023-08-08 14:30:00,2,390.53,0.85,14.57,66.52,17.88,14.79,49.23,5.76
2023-08-08 15:30:00,3,494,1.2,21.76,58.65,25.27,17.11,51.36,7.66
2023-08-08 16:30:00,3,607.49,1.1,29.13,46.49,28.37,20.73,61.73,9.25
2023-08-08 17:30:00,3,720.98,0.82,37.36,34.69,28.85,25.38,79.43,10.26
2023-08-08 18:30:00,4,1014.71,1.03,51.41,16.81,33.38,37.29,108.55,14.31
2023-08-08 19:30:00,4,1388.55,4.41,58.26,2.75,38.62,54.07,138.77,21.03
2023-08-08 20:30:00,4,1508.71,7.38,56.21,0.85,37.67,61.9,148.4,25.08
2023-08-08 21:30:00,4,1482.01,5.92,55.52,1.33,34.33,61.76,138.51,26.6
2023-08-08 22:30:00,4,1241.68,1.34,50.04,8.49,29.8,50.85,110.04,24.32
2023-08-08 23:30:00,3,814.44,0.03,34.27,28.61,22.41,32.8,70.27,17.99
2023-08-09 00:30:00,2,447.27,0,18.51,45.42,15.5,18.15,34.19,12.16
2023-08-09 01:30:00,2,380.52,0,14.39,45.78,14.66,14.75,25.13,10.51
2023-08-09 02:30:00,2,357.15,0,13.19,42.2,14.9,14.47,25.72,9.88
2023-08-09 03:30:00,2,350.48,0,13.02,35.41,15.74,15.83,29.23,9.63
2023-08-09 04:30:00,2,357.15,0.01,14.05,28.97,17.4,17.48,33.14,9.75
2023-08-09 05:30:00,2,383.85,0.03,16.11,24.68,19.79,19.52,39.5,9.88
2023-08-09 06:30:00,3,467.3,0.21,20.56,20.03,23.37,23.76,52.13,11.02
2023-08-09 07:30:00,3,600.81,2.96,23.65,17.88,25.99,28.67,67.41,12.79
2023-08-09 08:30:00,3,640.87,7.6,20.73,25.39,25.99,29.67,72.69,12.79
2023-08-09 09:30:00,3,600.81,2.37,26.39,20.21,25.27,28.11,71.95,12.03
2023-08-09 10:30:00,3,567.44,2.24,23.99,22.53,26.46,27.28,71.21,11.78
2023-08-09 11:30:00,3,520.71,2.15,22.28,28.25,26.7,25.92,69.58,11.15
2023-08-09 12:30:00,3,433.92,1.9,16.11,42.56,20.98,19.49,56.05,8.11
2023-08-09 13:30:00,2,427.25,2.65,13.71,60.08,20.98,17.6,49.56,7.09
2023-08-09 14:30:00,3,460.62,2.99,14.22,82.97,24.08,21.11,53.73,7.35
2023-08-09 15:30:00,3,507.35,2.88,16.96,94.41,27.18,25.09,60.6,7.92
2023-08-09 16:30:00,3,580.79,2.96,24.33,73.67,28.85,24.29,62.52,8.87
2023-08-09 17:30:00,3,654.22,2.12,33.59,45.78,28.61,22.13,60.45,9.88
2023-08-09 18:30:00,4,1628.88,19.45,61.69,7.15,40.53,50.16,103.67,21.03
2023-08-09 19:30:00,5,3150.94,62.58,66.49,0.07,58.65,112.18,196.41,38
2023-08-09 20:30:00,5,4112.24,84.04,63.06,0,66.76,166.07,275.77,48.13
2023-08-09 21:30:00,5,4379.27,87.62,58.26,0,66.76,193.17,313.7,50.16
2023-08-09 22:30:00,5,3845.21,71.53,54.84,0,56.27,171.74,283.96,44.58
2023-08-09 23:30:00,5,2376.56,33.08,54.84,0.07,36.72,101.68,178.29,30.4
2023-08-10 00:30:00,2,627.52,0.01,28.1,40.41,18.36,22.75,47.29,13.93
2023-08-10 01:30:00,2,420.57,0,16.28,51.5,16.93,14.51,27.74,11.27
2023-08-10 02:30:00,2,403.88,0,15.42,45.06,17.88,14.57,27.29,10.51
2023-08-10 03:30:00,2,413.89,0,16.28,37.19,20.03,15.55,29.1,10.64
2023-08-10 04:30:00,2,427.25,0.01,17.82,28.97,21.7,17.03,30.88,10.89
2023-08-10 05:30:00,2,467.3,0.07,20.39,20.92,24.08,19.41,33.5,11.4
2023-08-10 06:30:00,2,580.79,1.01,26.05,10.82,28.85,24.73,41.17,13.17
2023-08-10 07:30:00,3,774.38,8.61,26.39,8.58,33.38,32.02,53.61,16.47
2023-08-10 08:30:00,3,821.11,14.53,23.65,16.81,34.81,34.25,59.29,17.23
2023-08-10 09:30:00,3,694.27,8.49,22.96,30.4,30.99,32.02,61.51,14.82
2023-08-10 10:30:00,3,640.87,4.92,22.62,49.35,31.95,34.5,69.14,14.06
2023-08-10 11:30:00,3,614.17,2.54,21.59,76.53,33.86,39.47,78.43,13.43
2023-08-10 12:30:00,3,514.03,1.12,17.14,91.55,27.42,36.18,78.65,10.01
2023-08-10 13:30:00,3,500.68,0.78,19.19,85.83,27.42,32.89,77.1,8.74
2023-08-10 14:30:00,3,554.08,0.5,25.02,75.1,32.42,31.73,75.36,9.37
2023-08-10 15:30:00,3,781.06,1.22,40.44,52.93,41.96,35.91,80.42,12.54
2023-08-10 16:30:00,3,1041.41,2.32,54.84,28.25,45.78,40.56,86.41,15.33
2023-08-10 17:30:00,3,1188.28,4.53,63.06,10.82,42.92,41.58,87.31,16.21
2023-08-10 18:30:00,5,2857.21,67.06,67.17,0.41,56.74,93.57,162.97,32.93
2023-08-10 19:30:00,5,5020.14,135.9,69.92,0.01,75.34,184.99,293.29,53.2
2023-08-10 20:30:00,5,5981.45,157.36,65.8,0,79.15,240.01,370.85,60.8
2023-08-10 21:30:00,5,6301.88,164.51,57.58,0,76.29,268.94,404.9,57.76
2023-08-10 22:30:00,5,6408.69,169.87,50.72,0,68.66,279.03,410.03,53.2
2023-08-10 23:30:00,5,5447.39,150.2,45.24,0,50.54,226.74,327.94,40.02
2023-08-11 00:30:00,4,1976.01,40.23,45.93,0,24.32,69.73,113.57,17.48
2023-08-11 01:30:00,3,1214.98,14.53,42.16,0.05,19.79,41.01,71.27,15.45
2023-08-11 02:30:00,3,921.25,4.36,37.7,1.2,19.31,32.11,55.48,16.47
2023-08-11 03:30:00,2,700.95,0.54,30.85,8.05,21.22,24.55,42.67,18.24
2023-08-11 04:30:00,2,607.49,0.23,26.73,12.16,23.37,21.58,37.54,18.49
2023-08-11 05:30:00,2,587.46,0.25,26.39,13.23,26.46,21.47,36.48,17.73
2023-08-11 06:30:00,3,707.63,1.42,31.53,8.4,32.9,25.91,42.91,19.51
2023-08-11 07:30:00,3,974.66,10.17,33.59,7.42,39.58,34.35,56.6,23.05
2023-08-11 08:30:00,3,1094.82,16.99,32.9,13.05,42.44,37.42,61.96,23.81
2023-08-11 09:30:00,3,894.55,8.05,33.93,16.99,39.58,31.41,54.58,19.25
2023-08-11 10:30:00,3,774.38,7.38,27.76,36.12,39.1,30.75,56.28,17.48
2023-08-11 11:30:00,3,680.92,4.58,22.96,80.11,37.19,36.66,65.15,15.96
2023-08-11 12:30:00,3,507.35,1.75,13.54,118.73,25.27,36.82,62.95,10.13
2023-08-11 13:30:00,3,460.62,1.33,12.85,120.16,22.41,32.19,55.39,7.54
2023-08-11 14:30:00,3,473.98,1.24,15.08,114.44,23.84,29.53,50.99,7.16
2023-08-11 15:30:00,3,654.22,2.32,26.05,100.14,31.47,33.87,56.93,9.5
2023-08-11 16:30:00,3,867.84,4.02,37.01,83.68,35.76,38.38,63.97,11.78
2023-08-11 17:30:00,3,1054.76,5.81,49.35,60.08,36.72,39.76,66.87,13.43
2023-08-11 18:30:00,4,1655.58,11.29,72.66,17.88,43.39,55.92,93.83,20.77
2023-08-11 19:30:00,5,2483.37,32.19,76.09,0.16,53.41,88.21,147.11,31.92
2023-08-11 20:30:00,5,2803.8,39.79,74.03,0,54.84,106.9,179.3,37.49
2023-08-11 21:30:00,5,2777.1,36.21,72.66,0,51.5,110.14,183.46,38.5
2023-08-11 22:30:00,5,2456.67,29.06,67.86,0,45.3,100.22,166.76,35.97
2023-08-11 23:30:00,4,1789.09,15.87,59.63,0.27,33.86,69.95,117.52,27.87
2023-08-12 00:30:00,3,827.79,0.4,39.41,16.09,20.27,29.41,53.72,17.48
2023-08-12 01:30:00,2,514.03,0,20.39,37.19,14.42,18,36.91,14.44
2023-08-12 02:30:00,2,420.57,0,15.08,45.42,13.59,14.97,31.32,13.93
2023-08-12 03:30:00,2,373.84,0,12.51,50.07,13.35,12.64,24.94,12.79
2023-08-12 04:30:00,2,360.49,0,11.82,47.92,13.47,12.55,23.75,11.4
2023-08-12 05:30:00,2,367.16,0,12.51,42.2,14.19,13.34,25.45,11.15
2023-08-12 06:30:00,2,417.23,0.07,15.59,34.69,16.45,15.64,30.31,11.78
2023-08-12 07:30:00,2,520.71,2.54,18.34,29.33,19.07,19.47,37.95,13.3
2023-08-12 08:30:00,2,580.79,6.43,17.31,32.54,20.27,22.15,43.37,13.68
2023-08-12 09:30:00,3,567.44,6.09,15.94,49.35,21.22,25.02,49.13,13.17
2023-08-12 10:30:00,3,527.38,3.52,13.88,87.26,22.41,31.08,58.71,12.16
2023-08-12 11:30:00,3,473.98,1.9,10.8,124.45,21.93,37.48,68.06,10.64
2023-08-12 12:30:00,3,340.46,0.96,5.91,117.3,12.52,29.63,61.38,6.14
2023-08-12 13:30:00,3,327.11,0.92,6.51,107.29,11.68,25.99,58.48,4.94
2023-08-12 14:30:00,3,337.12,0.82,8.57,97.27,12.76,24.66,57.84,5.07
2023-08-12 15:30:00,3,447.27,0.78,17.14,76.53,18.36,26.07,60.34,6.9
2023-08-12 16:30:00,3,547.41,0.61,24.33,58.65,20.5,27.24,61.68,8.11
2023-08-12 17:30:00,3,640.87,0.34,31.19,45.78,20.74,28.05,61.99,8.99
2023-08-12 18:30:00,3,747.68,0.08,35.99,37.55,23.37,30.82,65.76,10.89
2023-08-12 19:30:00,3,774.38,0,33.59,38.27,24.32,33.18,69.6,13.17
2023-08-12 20:30:00,3,714.3,0,28.79,41.13,20.98,32.01,67.56,13.93
2023-08-12 21:30:00,3,640.87,0,24.68,40.41,18.6,28.83,62.07,13.81
2023-08-12 22:30:00,3,574.11,0,21.42,40.05,16.93,24.2,53.09,13.43
2023-08-12 23:30:00,2,467.3,0,17.48,42.56,13.95,17.33,37.65,11.53
2023-08-13 00:30:00,2,357.15,0,12.51,47.21,10.61,11.18,23.59,9.37
2023-08-13 01:30:00,2,327.11,0,10.62,46.49,10.25,10.2,20.81,9.12
2023-08-13 02:30:00,2,317.1,0,9.94,44.35,10.61,10.62,20.77,9.25
2023-08-13 03:30:00,2,310.42,0,9.51,42.56,10.85,10.79,20.54,9.12
2023-08-13 04:30:00,2,307.08,0,9.34,40.77,10.97,11.06,21.31,9.12
2023-08-13 05:30:00,2,310.42,0,9.85,37.55,11.44,12.25,24.34,9.5
2023-08-13 06:30:00,2,357.15,0.04,12.51,31.11,13.23,15.3,30.97,10.51
2023-08-13 07:30:00,2,440.6,1.3,15.59,25.39,15.26,19.09,40.2,11.53
2023-08-13 08:30:00,2,480.65,4.25,14.39,28.97,16.21,21.07,48.19,11.27
2023-08-13 09:30:00,3,467.3,1.72,17.65,28.25,17.17,22.11,56.13,10.64
2023-08-13 10:30:00,3,453.95,2.74,14.74,39.34,18.6,23.34,63.22,10.13
2023-08-13 11:30:00,3,427.25,2.37,12.68,64.37,19.31,25.7,70.14,9.5
2023-08-13 12:30:00,3,363.83,1.16,9,85.83,14.9,25.2,66.86,6.4
2023-08-13 13:30:00,3,353.81,0.81,9.85,83.68,14.42,22.84,57.69,5.38
2023-08-13 14:30:00,2,367.16,0.45,12.68,73.67,15.74,19.59,47.22,5.26
2023-08-13 15:30:00,2,387.19,0.18,15.59,60.08,16.93,15.7,36.2,5.57
2023-08-13 16:30:00,2,427.25,0.21,19.02,50.07,17.64,13.38,29.74,6.33
2023-08-13 17:30:00,2,473.98,0.21,22.96,41.84,18.12,12.98,27.05,7.09
2023-08-13 18:30:00,2,674.25,0.23,34.27,27.18,23.37,17.91,34.14,10.13
2023-08-13 19:30:00,3,894.55,0.4,42.5,12.52,27.42,25.08,44.9,14.31
2023-08-13 20:30:00,3,921.25,0.95,40.78,7.33,25.03,27.65,48.63,16.97
2023-08-13 21:30:00,3,827.79,0.76,34.27,8.05,21.46,27.37,49.71,18.24
2023-08-13 22:30:00,3,727.65,0.27,29.47,13.05,19.31,26.14,50.25,17.99
2023-08-13 23:30:00,2,600.81,0.06,25.02,19.85,16.21,21.13,42.59,15.58
2023-08-14 00:30:00,2,494,0.01,20.39,25.39,13.83,15.84,31.62,13.17
2023-08-14 01:30:00,2,520.71,0.02,20.73,23.96,16.69,16.41,30.17,13.55
2023-08-14 02:30:00,2,554.08,0.03,21.42,21.1,19.55,17.93,31.36,14.31
2023-08-14 03:30:00,2,620.84,0.1,23.99,16.27,23.13,21.39,35.92,15.45
2023-08-14 04:30:00,3,687.6,0.38,26.05,10.46,24.8,25.28,41.33,15.83
2023-08-14 05:30:00,3,787.73,1.93,28.45,4.16,26.46,29.65,47.54,15.83
2023-08-14 06:30:00,3,1108.17,11.85,29.13,0.3,32.9,42.73,66.95,19.25
2023-08-14 07:30:00,4,1789.09,35.76,29.82,0.15,44.82,68.34,105.36,28.12
2023-08-14 08:30:00,5,2109.53,52.3,31.87,0.73,51.98,75.39,116.47,31.92
2023-08-14 09:30:00,3,947.95,16.54,29.47,7.24,41.01,30.95,51.32,18.75
2023-08-14 10:30:00,3,781.06,9.61,29.47,16.45,42.44,26.19,44.94,16.21
2023-08-14 11:30:00,3,707.63,6.26,33.24,29.68,51.02,26.94,45.19,14.95
2023-08-14 12:30:00,3,594.14,2.6,32.9,42.92,51.02,25.46,41.2,12.16
2023-08-14 13:30:00,2,514.03,1.82,29.13,43.99,43.87,19.94,33.27,9.88
2023-08-14 14:30:00,2,487.33,1.93,27.08,40.05,40.05,15.69,27.64,9.25
2023-08-14 15:30:00,2,494,2.24,25.7,40.05,36.72,14.74,26.57,9.37
2023-08-14 16:30:00,2,554.08,2.85,28.1,40.05,36.24,16.3,28.97,10.01
2023-08-14 17:30:00,2,620.84,2.93,32.9,36.84,36.24,18.15,31.68,10.89
2023-08-14 18:30:00,3,841.14,1.84,46.61,22.71,42.44,25.28,42.13,14.44
2023-08-14 19:30:00,3,1148.22,1.26,55.52,7.87,45.78,38.27,62.03,20.77
2023-08-14 20:30:00,3,1308.44,1.84,53.47,5.05,43.87,49.42,78.92,25.33
2023-08-14 21:30:00,4,1295.09,1.01,50.04,7.78,38.62,55.17,87.18,26.6
2023-08-14 22:30:00,4,1241.68,0.54,46.61,10.37,35.29,59.05,90.49,24.57
2023-08-14 23:30:00,4,1121.52,0.37,43.53,11.98,31.47,58.64,86.37,19
2023-08-15 00:30:00,4,961.3,0.18,37.7,14.31,26.23,54.59,77.18,13.17
2023-08-15 01:30:00,4,907.9,0.15,33.93,13.95,23.6,55.11,76.04,10.64
2023-08-15 02:30:00,4,894.55,0.24,31.87,11.62,23.13,56.69,77.18,9.37
2023-08-15 03:30:00,4,934.6,0.64,32.22,6.97,24.56,60,80.87,8.87
2023-08-15 04:30:00,4,1001.36,2.1,32.9,2.37,25.75,63.84,85.6,8.36
2023-08-15 05:30:00,4,1068.12,6.03,31.19,0.34,27.18,66.81,89.21,8.36
2023-08-15 06:30:00,5,1295.09,15.42,29.13,0.08,31.95,75.48,101.28,10.64
2023-08-15 07:30:00,5,1895.9,37.55,28.79,1.65,43.39,97.94,133.66,16.97
2023-08-15 08:30:00,5,2536.77,61.69,35.64,4.38,56.74,120.02,163.99,23.05
2023-08-15 09:30:00,4,1562.12,31.29,42.84,17.52,67.71,72.56,98.67,18.49
2023-08-15 10:30:00,4,1441.96,21.23,53.47,45.42,80.11,74.23,100.09,19.76
2023-08-15 11:30:00,5,1535.42,13.3,65.12,113.01,103,115.81,144.23,19.76
2023-08-15 12:30:00,5,1201.63,4.47,39.41,203.13,80.11,130.66,154.23,14.69
2023-08-15 13:30:00,5,961.3,1.52,21.08,263.21,60.56,136.98,157,11.4
2023-08-15 14:30:00,5,921.25,1.13,19.54,288.96,59.13,139.34,158.75,10.89
2023-08-15 15:30:00,5,881.2,1.12,21.42,277.52,56.74,126.21,145.45,10.89
2023-08-15 16:30:00,5,881.2,1.23,27.08,243.19,54.36,108.74,128.54,11.78
2023-08-15 17:30:00,5,907.9,1.12,35.64,197.41,52.93,91.74,112.06,13.17
2023-08-15 18:30:00,5,2056.12,1.24,97.33,92.98,66.76,123.82,164.28,27.61
2023-08-15 19:30:00,5,4058.84,13.19,153.54,4.87,89.65,212.97,294.69,50.16
2023-08-15 20:30:00,5,5714.42,50.07,141.2,0,102.04,307.75,429.28,65.86
2023-08-15 21:30:00,5,7263.18,82.25,134.35,0,107.77,414.91,563.84,68.9
2023-08-15 22:30:00,5,8438.11,100.14,139.83,0,103.95,504.49,662.07,58.26
2023-08-15 23:30:00,5,8117.68,91.2,143.95,0,87.74,498.82,633.45,38
2023-08-16 00:30:00,5,7049.56,73.31,141.2,0,60.56,447.84,553.3,20.77
2023-08-16 01:30:00,5,6515.5,69.74,126.12,0,47.21,432.82,530.88,15.71
2023-08-16 02:30:00,5,6088.26,67.06,106.93,0,45.78,426.52,521.14,16.97
2023-08-16 03:30:00,5,6195.07,75.1,91.85,0,50.07,444.63,542.46,19.76
2023-08-16 04:30:00,5,6355.29,88.51,79.51,0,43.39,452.87,553.06,14.19
2023-08-16 05:30:00,5,5661.01,87.62,65.8,0,37.67,382.97,470.57,12.03
2023-08-16 06:30:00,5,3097.53,46.04,54.84,0.06,39.58,179.68,229.02,18.24
2023-08-16 07:30:00,5,2323.15,43.81,42.16,2.73,46.25,110.06,155.76,24.83
2023-08-16 08:30:00,5,1922.61,40.68,42.5,12.7,49.59,75.4,119.97,27.36
2023-08-16 09:30:00,3,1094.82,16.54,37.36,41.48,49.11,44.45,79.8,22.29
2023-08-16 10:30:00,4,1041.41,9.39,37.36,84.4,58.17,55.34,93.65,22.29
2023-08-16 11:30:00,5,974.66,4.19,30.5,153.06,62.94,76.18,116.88,21.03
2023-08-16 12:30:00,4,574.11,1.61,14.05,158.79,33.86,52.81,87.92,12.67
2023-08-16 13:30:00,4,473.98,1.33,11.48,148.77,25.51,40.1,70.86,9.5
2023-08-16 14:30:00,4,453.95,1.3,11.82,141.62,24.56,36.15,65.63,8.74
2023-08-16 15:30:00,3,453.95,1.38,12.85,133.04,23.84,34.18,63.6,8.61
2023-08-16 16:30:00,3,514.03,1.69,16.62,125.89,25.27,37.06,67.21,9.75
2023-08-16 17:30:00,3,594.14,1.66,22.62,114.44,26.94,40.92,71.48,10.64
2023-08-16 18:30:00,5,2323.15,19.45,87.74,24.68,51.5,98.22,154.76,29.39
2023-08-16 19:30:00,5,4646.3,77.78,90.48,0.08,81.06,200.68,299.72,52.69
2023-08-16 20:30:00,5,6195.07,114.44,83.63,0,97.27,292.77,425.74,67.89
2023-08-16 21:30:00,5,8010.86,159.14,84.31,0,112.53,412.77,575.28,82.08
2023-08-16 22:30:00,5,9506.23,202.06,85,0,108.72,517.11,696.12,81.06
2023-08-16 23:30:00,5,8758.54,194.91,85.68,0,80.11,477.53,634.24,56.24
2023-08-17 00:30:00,5,5447.39,109.08,87.74,0,47.68,273.09,371.87,29.64
2023-08-17 01:30:00,5,3578.19,58.11,78.14,0,34.81,168.31,240.6,22.04
2023-08-17 02:30:00,5,2590.18,34.87,61.69,0,31.47,125.08,185.97,20.27
2023-08-17 03:30:00,5,1895.9,20.34,47.3,0.01,30.04,98.33,152.92,21.28
2023-08-17 04:30:00,4,1241.68,8.16,37.7,0.45,26.7,69.17,119.42,23.05
2023-08-17 05:30:00,3,821.11,1.17,31.53,7.78,24.8,48.07,95.29,21.79
2023-08-17 06:30:00,3,574.11,0.05,24.68,28.25,26.94,32.03,74.67,18.75
2023-08-17 07:30:00,3,654.22,2.57,26.73,28.61,29.8,28.85,68.64,18.75
2023-08-17 08:30:00,3,694.27,7.38,23.99,35.05,30.99,26.95,64.95,17.99
2023-08-17 09:30:00,3,587.46,5.53,18.34,54.36,26.46,24.77,66.34,14.19
2023-08-17 10:30:00,3,527.38,3.1,15.77,82.25,25.99,28.38,76.33,12.16
2023-08-17 11:30:00,3,473.98,1.77,13.88,103,25.75,31.96,85.08,10.64
2023-08-17 12:30:00,3,387.19,1.1,10.11,105.86,19.79,29.98,89.79,7.73
2023-08-17 13:30:00,3,370.5,1.13,10.02,104.43,19.07,29.13,90.65,6.65
2023-08-17 14:30:00,3,377.18,1.24,10.97,104.43,20.27,29.06,90.88,6.46
2023-08-17 15:30:00,3,397.21,1.33,13.37,100.14,21.46,29.69,93.78,6.71
2023-08-17 16:30:00,4,460.62,1.19,19.19,87.26,24.08,32.46,104.2,7.73
2023-08-17 17:30:00,4,540.73,0.6,26.39,72.96,26.23,34.49,110.57,8.99
2023-08-17 18:30:00,5,2483.37,35.32,84.31,6.44,55.31,93.3,194.09,30.4
2023-08-17 19:30:00,5,5073.55,114.44,86.37,0.01,88.69,202.29,343.45,55.22
2023-08-17 20:30:00,5,6355.29,151.99,75.4,0,96.32,272.27,440.04,66.88
2023-08-17 21:30:00,5,6622.31,159.14,67.17,0,91.55,296.1,469.14,68.9
2023-08-17 22:30:00,5,6408.69,151.99,61.01,0,81.06,291.37,451.65,61.81
2023-08-17 23:30:00,5,5126.95,121.59,54.15,0,59.6,225.97,349.03,44.58
2023-08-18 00:30:00,4,1495.36,13.75,55.52,0.35,26.46,65.29,132.14,21.53
2023-08-18 01:30:00,4,947.95,1.42,45.24,5.05,23.6,47.01,100.33,19.51
2023-08-18 02:30:00,3,801.09,0.19,35.64,12.87,25.27,42.63,88.07,19.51
2023-08-18 03:30:00,3,741,0.05,30.5,18.78,27.18,40.04,79.48,19.51
2023-08-18 04:30:00,3,674.25,0.01,26.73,24.68,27.66,35.31,70.36,19.25
2023-08-18 05:30:00,3,634.19,0.01,26.39,27.89,29.33,32.22,66.4,19
2023-08-18 06:30:00,3,714.3,0.17,32.56,23.25,35.76,34.66,71.72,20.77
2023-08-18 07:30:00,3,974.66,5.98,38.39,17.52,43.39,42.56,86.67,24.32
2023-08-18 08:30:00,3,1081.47,14.53,35.3,26.46,45.78,45.43,99.23,24.32
2023-08-18 09:30:00,4,767.71,5.81,30.5,38.98,38.15,37.11,103.63,17.99
2023-08-18 10:30:00,4,700.95,3.05,27.08,61.51,40.05,40.83,113.89,16.72
2023-08-18 11:30:00,4,667.57,1.73,25.02,95.84,42.92,49.43,127.05,15.83
2023-08-18 12:30:00,4,534.06,1.13,17.65,117.3,33.38,49.61,132.52,11.27
2023-08-18 13:30:00,4,500.68,1.33,15.77,128.75,30.99,49.05,130.67,9.37
2023-08-18 14:30:00,4,514.03,1.56,16.45,138.76,33.38,50.9,129.2,9.25
2023-08-18 15:30:00,4,527.38,1.42,18.34,140.19,34.33,52.21,131.79,9.63
2023-08-18 16:30:00,4,574.11,1.06,24.68,120.16,36.72,51.99,138.26,10.64
2023-08-18 17:30:00,4,647.54,0.38,33.24,98.71,41.01,53.34,144.5,12.16
2023-08-18 18:30:00,5,2403.26,15.65,104.19,16.09,70.57,116.8,233.26,32.93
2023-08-18 19:30:00,5,5073.55,79.57,113.79,0.02,107.77,248.9,409.6,62.32
2023-08-18 20:30:00,5,7156.37,123.38,111.04,0,127.79,384.49,585.35,82.08
2023-08-18 21:30:00,5,8010.86,130.53,111.04,0,123.98,457.43,670.17,85.12
2023-08-18 22:30:00,5,7797.24,119.81,111.04,0,103.95,457.79,656.28,71.94
2023-08-18 23:30:00,5,6355.29,92.98,106.93,0,74.39,377.42,536.14,43.57
2023-08-19 00:30:00,5,3631.59,32.19,98.71,0,48.16,228.77,326.9,21.53
2023-08-19 01:30:00,5,2590.18,9.5,83.63,0.24,34.81,180.07,251.09,14.19
2023-08-19 02:30:00,5,2136.23,2.29,65.8,2.1,28.85,163.54,222.2,11.53
2023-08-19 03:30:00,5,1922.61,0.82,53.47,4.87,27.66,159.06,208.63,9.63
2023-08-19 04:30:00,5,1708.98,0.23,43.53,10.91,28.37,156.09,196.99,7.73
2023-08-19 05:30:00,5,1468.66,0.01,35.99,28.25,31.95,153.11,187.91,6.71
2023-08-19 06:30:00,5,1028.06,0.01,40.78,58.65,61.04,131.38,156.84,4.5
2023-08-19 07:30:00,5,1121.52,1.03,55.52,47.92,74.39,121.71,144.77,5.45
2023-08-19 08:30:00,5,1308.44,7.6,64.43,42.2,89.65,116.13,137.97,6.65
2023-08-19 09:30:00,5,1428.6,11.73,67.17,53.64,103.95,125.59,147.33,7.35
2023-08-19 10:30:00,5,1428.6,7.82,67.17,72.24,103.95,147.28,170.74,8.04
2023-08-19 11:30:00,5,1375.2,4.02,63.06,90.12,95.37,161.07,185.09,9.12
2023-08-19 12:30:00,5,1014.71,1.93,40.78,105.86,66.76,123.06,134.86,4.75
2023-08-19 13:30:00,5,907.9,2.29,26.73,134.47,51.98,100.65,107.38,3.64
2023-08-19 14:30:00,5,881.2,1.98,21.59,183.11,51.98,105.43,111.02,3.39
2023-08-19 15:30:00,5,894.55,1.73,22.96,223.16,57.7,115.92,122.01,3.8
2023-08-19 16:30:00,5,1001.36,1.9,34.62,223.16,69.62,119.18,126.87,5.07
2023-08-19 17:30:00,5,1108.17,1.72,51.41,183.11,82.97,112.18,121.34,6.78
2023-08-19 18:30:00,5,1922.61,0.85,95.96,94.41,88.69,131.28,153.46,17.23
2023-08-19 19:30:00,5,3311.16,2.65,137.09,13.59,83.92,189.53,239.89,32.42
2023-08-19 20:30:00,5,4539.49,23.69,131.61,0.03,80.11,262.4,340.72,36.48
2023-08-19 21:30:00,5,5126.95,36.66,111.04,0,71.53,305.18,399.33,31.41
2023-08-19 22:30:00,5,4646.3,34.87,86.37,0,56.27,286.99,379.26,24.57
2023-08-19 23:30:00,5,3471.37,20.79,70.6,0.15,40.53,223.36,294.2,17.23
2023-08-20 00:30:00,5,1949.31,0.14,52.78,21.99,27.89,139.27,174.71,11.53
2023-08-20 01:30:00,5,1482.01,0,33.59,44.35,24.08,113.67,136.3,9.5
2023-08-20 02:30:00,5,1308.44,0,24.68,55.79,22.41,105.88,122.69,8.49
2023-08-20 03:30:00,5,1241.68,0,22.28,60.08,23.13,107.11,121.95,7.73
2023-08-20 04:30:00,5,1228.33,0,22.62,57.94,24.56,111.72,126.09,7.03
2023-08-20 05:30:00,5,1228.33,0,25.36,48.64,26.46,114.95,129.91,6.78
2023-08-20 06:30:00,5,1348.5,0.06,32.9,31.83,29.8,116.87,134.86,8.11
2023-08-20 07:30:00,5,1628.88,4.14,43.53,14.84,35.76,119.11,143.15,11.78
2023-08-20 08:30:00,5,1695.63,11.62,45.24,20.38,42.44,109.02,133.99,13.55
2023-08-20 09:30:00,4,947.95,2.77,34.96,61.51,49.11,62.34,73.33,6.65
2023-08-20 10:30:00,3,767.71,1.4,28.79,92.98,47.21,45,52.43,6.08
2023-08-20 11:30:00,3,687.6,1.05,24.33,115.87,45.78,36.63,42.26,5.95
2023-08-20 12:30:00,3,607.49,0.8,18.51,131.61,38.15,29.31,33.19,5.13
2023-08-20 13:30:00,4,560.76,0.89,16.96,140.19,36.24,28,31.43,4.62
2023-08-20 14:30:00,4,547.41,1.06,17.82,148.77,39.1,30.52,34.04,4.5
2023-08-20 15:30:00,4,554.08,1.38,20.05,153.06,43.87,33.51,37.6,4.81
2023-08-20 16:30:00,4,587.46,1.77,24.68,154.5,50.54,37.16,42.01,5.38
2023-08-20 17:30:00,4,627.52,1.79,31.87,141.62,56.74,39.21,44.94,6.4
2023-08-20 18:30:00,3,961.3,0.95,53.47,104.43,65.8,49.7,61.09,11.78
2023-08-20 19:30:00,4,1388.55,0.01,62.38,67.23,57.22,65.46,86.75,19.51
2023-08-20 20:30:00,5,1628.88,0,61.01,48.64,46.73,77.15,106.12,24.83
2023-08-20 21:30:00,5,1668.93,0,56.21,38.62,38.62,81.24,113.93,27.36
2023-08-20 22:30:00,5,1642.23,0,54.15,31.11,34.81,83.32,117.41,27.61
2023-08-20 23:30:00,5,1562.12,0.01,52.78,26.11,30.99,81.83,113.13,23.05
2023-08-21 00:30:00,5,1388.55,0.01,47.98,25.39,26.7,75.33,101.04,16.97
2023-08-21 01:30:00,5,1308.44,0.01,43.87,22.89,26.7,75.49,98.42,13.93
2023-08-21 02:30:00,5,1241.68,0.02,38.73,20.92,26.23,77.81,99.57,11.65
2023-08-21 03:30:00,5,1228.33,0.07,37.01,16.99,27.18,82.78,104.78,10.13
2023-08-21 04:30:00,5,1281.74,0.3,38.04,11,28.61,88.83,111.77,9.25
2023-08-21 05:30:00,5,1361.85,1.61,40.1,4.52,30.52,95.04,119.15,9.25
2023-08-21 06:30:00,5,1628.88,8.72,41.81,0.67,35.76,107.06,135.83,11.91
2023-08-21 07:30:00,5,2269.74,29.06,43.18,4.11,47.68,132.78,172.52,19.25
2023-08-21 08:30:00,5,2883.91,45.6,56.89,14.48,61.04,158.38,206.99,27.11
2023-08-21 09:30:00,5,1388.55,6.09,52.09,100.14,61.04,95.95,114.12,14.31
2023-08-21 10:30:00,5,1188.28,3.63,41.81,143.05,59.13,85.79,99.63,12.29
2023-08-21 11:30:00,5,1214.98,2.93,43.18,183.11,70.57,98.82,113.02,12.29
2023-08-21 12:30:00,5,1214.98,1.79,39.07,223.16,73.43,110.08,124.04,11.4
2023-08-21 13:30:00,5,1214.98,1.1,39.41,237.46,75.34,114.91,128.51,10.64
2023-08-21 14:30:00,5,1295.09,0.77,49.35,237.46,89.65,118.95,132.78,10.26
2023-08-21 15:30:00,5,1401.9,0.47,56.89,228.88,100.14,122.06,137.05,10.64
2023-08-21 16:30:00,5,1482.01,0.2,61.69,211.72,103.95,122.95,139.7,11.53
2023-08-21 17:30:00,5,1562.12,0.04,64.43,185.97,107.77,123.41,141.79,12.67
2023-08-21 18:30:00,5,2349.85,0,106.93,115.87,129.7,157.72,189.62,22.55
2023-08-21 19:30:00,5,3578.19,0.01,165.88,38.98,148.77,215.14,268.47,38
2023-08-21 20:30:00,5,4112.24,1.29,178.22,6.88,131.61,235.47,300.89,46.1
2023-08-21 21:30:00,5,3685,2.93,131.61,2.53,90.6,195.97,257.61,45.09
2023-08-21 22:30:00,5,2964.02,3.8,89.11,1.74,59.6,148.97,201.73,40.53
2023-08-21 23:30:00,5,2323.15,3.8,66.49,1.56,42.44,112.52,154.56,33.44
2023-08-22 00:30:00,5,1695.63,0.96,52.09,6.79,30.99,83.22,112.23,23.56
2023-08-22 01:30:00,5,1375.2,0.07,43.18,17.17,29.33,75.54,97.09,16.97
2023-08-22 02:30:00,5,1268.39,0.01,38.73,23.96,31.95,83.11,100.71,12.54
2023-08-22 03:30:00,5,1228.33,0.01,36.33,25.03,36.24,99.87,113.61,8.99
2023-08-22 04:30:00,5,1161.58,0.02,32.9,23.6,35.76,103.07,112.84,6.59
2023-08-22 05:30:00,5,1094.82,0.03,30.85,23.25,33.38,92.95,100.84,5.95
2023-08-22 06:30:00,5,1174.93,0.15,36.33,20.74,36.24,84.58,93.98,7.16
2023-08-22 07:30:00,5,1575.47,4.69,53.47,9.03,52.45,92.78,108.95,10.89
2023-08-22 08:30:00,5,2029.42,22.13,63.06,10.55,82.02,108.04,129.86,14.82
2023-08-22 09:30:00,5,2269.74,30.85,82.94,11.27,125.89,128.8,155.83,18.24
2023-08-22 10:30:00,5,2429.96,34.42,104.19,15.02,167.85,154.91,187.87,21.28
2023-08-22 11:30:00,5,2456.67,26.6,127.49,32.9,198.36,182.55,218.11,21.79
2023-08-22 12:30:00,5,2136.23,5.03,139.83,42.2,186.92,179.65,212.21,18.75
2023-08-22 13:30:00,5,1869.2,0.6,138.46,55.79,198.36,183.14,213.63,14.95
2023-08-22 14:30:00,5,1708.98,0.11,128.87,83.68,228.88,202.31,230.35,10.89
2023-08-22 15:30:00,5,1789.09,0.02,122.01,94.41,244.14,224.25,250.05,10.77
2023-08-22 16:30:00,5,2216.34,0.05,142.57,65.8,230.79,259.87,289.1,13.05
2023-08-22 17:30:00,5,2323.15,0.03,130.24,50.78,143.05,219.63,246.27,14.69
2023-08-22 18:30:00,5,1842.5,0.01,90.48,34.69,64.85,114.9,134.24,12.54
2023-08-22 19:30:00,4,1415.25,0.27,65.8,16.27,39.58,63.32,81.32,10.89
2023-08-22 20:30:00,3,1174.93,0.68,52.09,10.19,33.38,45.88,63.72,10.01
2023-08-22 21:30:00,3,1201.63,1.1,50.04,8.05,33.38,46.03,65.28,10.13
2023-08-22 22:30:00,4,1535.42,6.26,54.15,1.15,38.15,60.69,84.99,11.02
2023-08-22 23:30:00,4,1668.93,12.63,50.72,0.06,37.19,66.63,89.31,9.12
2023-08-23 00:30:00,4,1348.5,9.05,43.87,0.21,29.09,53.32,66.71,6.21
2023-08-23 01:30:00,3,1001.36,3.41,34.62,1.52,24.08,41.6,50.27,5.38
2023-08-23 02:30:00,3,801.09,0.96,27.42,5.28,22.65,35.02,41.27,5.07
2023-08-23 03:30:00,3,720.98,0.53,25.36,7.87,23.84,31.98,37.55,5.07
2023-08-23 04:30:00,3,720.98,0.65,26.73,7.24,26.46,31.52,37.66,5.45
2023-08-23 05:30:00,3,774.38,1.66,30.5,4.02,31.47,34.06,41.51,6.33
2023-08-23 06:30:00,3,988.01,8.16,35.3,0.6,42.92,43.61,54.63,8.61
2023-08-23 07:30:00,4,1522.06,26.82,39.41,0.03,59.6,66.31,87.33,13.05
2023-08-23 08:30:00,5,1976.01,44.7,42.16,0.12,68.66,81.39,110.59,16.09
2023-08-23 09:30:00,5,1949.31,46.49,40.78,1.17,67.71,76.16,106.8,16.72
2023-08-23 10:30:00,5,2002.72,50.07,42.84,1.94,79.15,82.17,115.04,17.73
2023-08-23 11:30:00,5,2109.53,54.99,49.35,3.53,100.14,92.85,126.27,17.99
2023-08-23 12:30:00,5,2029.42,54.54,58.95,1.63,123.98,98.67,129.19,16.47
2023-08-23 13:30:00,5,1976.01,62.58,63.06,0.46,152.59,107.72,135.84,14.06
2023-08-23 14:30:00,5,1869.2,70.63,67.86,0.08,186.92,119.57,144.02,10.89
2023-08-23 15:30:00,5,1789.09,72.42,69.92,0.02,196.46,126.39,147.6,8.99
2023-08-23 16:30:00,5,1815.8,68.84,69.92,0.02,175.48,125.01,144.19,9.12
2023-08-23 17:30:00,5,1842.5,60.8,70.6,0.14,144.96,115.74,134.03,9.88
2023-08-23 18:30:00,5,2056.12,59.9,70.6,0.58,118.26,116.35,139.48,12.41
2023-08-23 19:30:00,5,2349.85,56.33,67.86,0.01,89.65,124.45,156.59,15.07
2023-08-23 20:30:00,5,2403.26,46.04,61.69,0,64.85,121.48,159.58,15.45
2023-08-23 21:30:00,5,2189.64,32.63,52.78,0,47.21,106.86,144.75,14.31
2023-08-23 22:30:00,5,1869.2,23.02,45.24,0,37.67,90.52,125.03,13.05
2023-08-23 23:30:00,4,1522.06,16.09,39.76,0.03,30.99,72.88,101.05,10.39
2023-08-24 00:30:00,4,1134.87,9.05,34.96,0.18,24.8,53.32,75.67,7.41
2023-08-24 01:30:00,3,907.9,4.69,32.56,0.82,23.13,41.62,62.49,6.78
2023-08-24 02:30:00,3,747.68,1.56,31.19,3.93,23.13,31.64,50.08,8.87
2023-08-24 03:30:00,3,634.19,0.38,27.42,9.92,23.84,25.1,41.07,11.78
2023-08-24 04:30:00,3,634.19,0.37,27.08,10.73,25.99,25.62,41.91,12.67
2023-08-24 05:30:00,3,761.03,1.59,30.16,5.41,30.04,31.79,51.07,13.05
2023-08-24 06:30:00,3,1081.47,9.72,32.56,0.62,37.67,46.5,73.79,16.09
2023-08-24 07:30:00,4,1455.31,25.03,31.19,0.95,43.39,58.53,97.03,21.79
2023-08-24 08:30:00,3,1348.5,26.6,31.87,4.47,41.01,49.29,92.27,22.04
2023-08-24 09:30:00,3,667.57,3.69,30.5,9.48,30.99,26.33,71.56,14.44
2023-08-24 10:30:00,3,574.11,1.27,26.05,16.99,29.56,25.94,81.52,12.92
2023-08-24 11:30:00,3,520.71,0.59,22.96,27.89,28.85,26.24,87.78,12.03
2023-08-24 12:30:00,3,453.95,0.21,19.54,40.77,24.56,25.17,88.04,9.88
2023-08-24 13:30:00,3,423.91,0.16,19.36,45.06,21.93,24.14,85.25,8.49
2023-08-24 14:30:00,3,417.23,0.2,19.54,46.49,20.5,22.82,79.53,7.79
2023-08-24 15:30:00,3,514.03,0.61,26.05,38.27,25.75,23.74,73.68,8.99
2023-08-24 16:30:00,3,634.19,0.85,31.87,28.25,27.42,24.11,66.26,10.13
2023-08-24 17:30:00,3,734.33,0.92,37.7,20.03,26.23,23.65,58.07,11.02
2023-08-24 18:30:00,3,1001.36,2.88,47.3,7.96,29.09,29.71,62.14,14.57
2023-08-24 19:30:00,3,1308.44,7.6,51.41,0.92,32.9,40.68,76.71,20.27
2023-08-24 20:30:00,3,1361.85,8.27,50.72,0.64,31.47,44.51,80.39,23.31
2023-08-24 21:30:00,3,1281.74,6.31,48.67,1.03,28.85,43.29,75.97,24.32
2023-08-24 22:30:00,3,1148.22,3.86,44.55,2.3,26.7,38.32,66.05,23.31
2023-08-24 23:30:00,3,854.49,0.99,38.04,9.48,22.41,26.08,44.97,19.25
2023-08-25 00:30:00,2,520.71,0.02,24.33,28.61,17.4,14,24.43,13.93
2023-08-25 01:30:00,2,433.92,0,18.85,34.69,16.69,12.32,21.28,12.79
2023-08-25 02:30:00,2,417.23,0,17.65,32.54,17.4,12.42,21.15,12.79
2023-08-25 03:30:00,2,413.89,0.01,17.99,27.89,18.84,12.95,21.87,13.17
2023-08-25 04:30:00,2,413.89,0.03,18.51,23.96,20.27,13.61,23.02,13.55
2023-08-25 05:30:00,2,433.92,0.07,20.22,20.92,22.17,14.66,25.38,13.93
2023-08-25 06:30:00,2,534.06,0.5,25.36,14.31,26.94,18.37,33.15,15.71
2023-08-25 07:30:00,2,727.65,5.87,28.45,9.3,32.42,24.4,46.36,18.49
2023-08-25 08:30:00,3,787.73,12.63,25.02,16.27,34.81,26.3,54.75,18.49
2023-08-25 09:30:00,3,654.22,8.72,21.42,29.68,30.52,24.01,60.34,15.58
2023-08-25 10:30:00,3,594.14,5.81,20.39,46.49,30.52,26.22,72.99,14.31
2023-08-25 11:30:00,3,534.06,3.58,18.68,66.52,30.28,29.59,86.9,12.79
2023-08-25 12:30:00,3,427.25,2.12,13.71,82.25,22.89,29.3,95.02,9.37
2023-08-25 13:30:00,3,413.89,2.1,13.02,92.98,21.7,30.97,98.75,7.98
2023-08-25 14:30:00,4,427.25,2.24,13.88,103,22.41,33.59,103.88,7.79
2023-08-25 15:30:00,4,527.38,3.21,19.71,101.57,27.18,37.3,111.74,9.12
2023-08-25 16:30:00,4,647.54,4.3,26.73,84.4,28.37,37.91,114.19,10.26
2023-08-25 17:30:00,4,747.68,4.47,33.93,60.8,26.7,36.47,111.71,10.89
2023-08-25 18:30:00,4,947.95,2.15,46.61,35.05,28.37,40.84,115.53,13.81
2023-08-25 19:30:00,4,1161.58,0.25,55.52,16.81,30.99,49.16,122.95,18.49
2023-08-25 20:30:00,4,1188.28,0.4,53.47,13.23,29.56,51.22,118.99,21.03
2023-08-25 21:30:00,4,1108.17,0.37,48.67,13.05,27.66,48.45,106.7,22.04
2023-08-25 22:30:00,3,1014.71,0.28,43.53,14.31,25.99,42.21,89.96,21.79
2023-08-25 23:30:00,3,774.38,0.07,35.64,21.82,22.17,29.12,60.55,18.49
2023-08-26 00:30:00,2,507.35,0,23.65,34.33,16.69,16.27,32.35,13.93
2023-08-26 01:30:00,2,417.23,0,17.31,37.91,13.11,12.7,24.15,12.79
2023-08-26 02:30:00,2,393.87,0,15.42,36.84,12.76,12.01,22.43,12.79
2023-08-26 03:30:00,2,427.25,0,15.94,33.97,13.59,13.62,24.68,13.17
2023-08-26 04:30:00,2,520.71,0.01,19.54,27.54,16.69,18.19,31.49,13.55
2023-08-26 05:30:00,3,674.25,0.14,26.73,18.06,21.93,25.92,42.82,13.81
2023-08-26 06:30:00,3,1014.71,3.1,37.36,5.59,30.52,40.95,64.81,16.97
2023-08-26 07:30:00,4,1415.25,17.43,36.33,5.72,36.24,54.4,87.2,23.56
2023-08-26 08:30:00,3,1214.98,20.34,29.47,17.7,31.47,42.72,73.53,22.04
2023-08-26 09:30:00,2,514.03,5.7,14.39,45.78,20.27,20.38,47,12.67
2023-08-26 10:30:00,3,447.27,3.3,11.82,72.96,20.03,24.16,60.34,10.51
2023-08-26 11:30:00,3,413.89,1.98,9.85,101.57,20.03,29.97,73.4,9.25
2023-08-26 12:30:00,3,357.15,1.29,7.45,113.01,16.21,29.47,76.53,7.16
2023-08-26 13:30:00,3,340.46,1.22,7.28,115.87,15.26,28.69,75.91,6.08
2023-08-26 14:30:00,3,343.8,1.27,7.97,117.3,15.97,28.54,74.54,5.89
2023-08-26 15:30:00,3,427.25,2.04,13.19,113.01,21.93,31.08,77.89,7.16
2023-08-26 16:30:00,3,514.03,2.68,18.85,98.71,23.84,31.43,78.64,8.23
2023-08-26 17:30:00,3,587.46,2.65,25.02,75.82,22.65,29.98,76.53,8.87
2023-08-26 18:30:00,3,747.68,1.08,35.3,50.78,24.8,33.14,80.27,11.27
2023-08-26 19:30:00,3,947.95,0.01,42.5,31.83,27.89,39.87,88.01,15.45
2023-08-26 20:30:00,3,1001.36,0.03,41.81,24.32,26.94,41.67,86.26,18.24
2023-08-26 21:30:00,3,961.3,0.04,38.39,22.53,25.03,38.2,74.94,19.51
2023-08-26 22:30:00,3,854.49,0.02,33.59,26.46,22.65,31.09,59.7,19
2023-08-26 23:30:00,2,660.9,0,26.73,36.12,18.6,21.12,42.19,16.09
2023-08-27 00:30:00,2,453.95,0,18.68,46.49,14.19,13.13,28.09,13.17
2023-08-27 01:30:00,2,400.54,0,15.59,48.64,14.07,11.81,25.48,12.92
2023-08-27 02:30:00,2,390.53,0,15.08,47.92,15.26,12.31,26.05,13.3
2023-08-27 03:30:00,2,393.87,0,15.25,45.78,16.93,12.96,26.44,13.81
2023-08-27 04:30:00,2,387.19,0,15.08,43.63,17.4,13.02,25.89,14.19
2023-08-27 05:30:00,2,390.53,0,15.77,40.41,17.88,13.13,25.61,14.69
2023-08-27 06:30:00,2,440.6,0.03,18.68,34.69,19.55,14.71,28.1,15.71
2023-08-27 07:30:00,2,547.41,2.24,21.25,29.68,21.46,17.5,33.55,16.47
2023-08-27 08:30:00,2,560.76,5.76,18.34,34.69,20.74,17.6,35.36,15.33
2023-08-27 09:30:00,2,494,5.09,14.57,49.35,19.79,17.37,37.7,13.3
2023-08-27 10:30:00,2,453.95,3.27,12.51,74.39,20.03,20.72,45.33,12.54
2023-08-27 11:30:00,3,400.54,1.87,9.68,100.14,18.36,24.59,54.05,11.27
2023-08-27 12:30:00,3,307.08,1.05,5.83,100.14,11.92,20.91,59.11,7.35
2023-08-27 13:30:00,3,297.07,1.05,5.83,97.27,11.32,19.96,63.74,6.27
2023-08-27 14:30:00,3,307.08,1.12,6.77,98.71,12.16,20.78,68.12,6.33
2023-08-27 15:30:00,3,347.14,1.38,9.68,95.84,14.9,22.22,71.54,6.9
2023-08-27 16:30:00,3,420.57,1.65,15.08,85.12,18.12,23.92,74.91,7.54
2023-08-27 17:30:00,3,500.68,1.34,21.76,68.66,19.79,24.93,75.51,8.04
2023-08-27 18:30:00,4,1214.98,4.36,54.84,20.92,30.04,46.07,106.47,16.09
2023-08-27 19:30:00,5,2323.15,27.72,64.43,0.04,43.87,89.51,169.99,28.37
2023-08-27 20:30:00,5,2910.61,44.26,59.63,0,48.64,122.46,217.41,35.46
2023-08-27 21:30:00,5,2990.72,47.39,54.15,0,47.21,132.79,231.78,37.49
2023-08-27 22:30:00,5,2696.99,41.13,49.35,0,42.44,122.62,214.54,34.45
2023-08-27 23:30:00,5,1949.31,25.03,45.93,0.03,31.47,86.1,156.36,26.35
2023-08-28 00:30:00,3,881.2,1.45,38.39,8.14,19.79,37.27,79.11,16.72
2023-08-28 01:30:00,3,554.08,0.01,23.99,29.33,18.84,24.16,57.15,14.82
2023-08-28 02:30:00,2,453.95,0,18.16,43.63,18.6,19.81,48.99,14.69
2023-08-28 03:30:00,2,410.56,0,16.96,45.78,18.6,17.72,41.9,15.2
2023-08-28 04:30:00,2,393.87,0,16.62,40.05,18.6,16.55,35.59,15.45
2023-08-28 05:30:00,2,383.85,0.01,17.14,32.54,18.6,15.77,31.87,15.45
2023-08-28 06:30:00,2,433.92,0.1,20.22,24.32,20.5,17.25,35.58,15.45
2023-08-28 07:30:00,2,560.76,3.05,22.96,18.95,24.08,20.97,46.01,16.09
2023-08-28 08:30:00,3,594.14,7.82,19.36,25.75,25.27,22.21,51.95,15.33
2023-08-28 09:30:00,3,500.68,5.98,14.74,43.63,22.17,21.67,55.69,12.92
2023-08-28 10:30:00,3,467.3,3.86,13.37,71.53,22.65,25.66,63.05,12.41
2023-08-28 11:30:00,3,433.92,2.29,11.31,103,22.65,31.71,72.7,11.65
2023-08-28 12:30:00,3,413.89,1.62,10.54,115.87,21.7,33.99,76.78,10.26
2023-08-28 13:30:00,3,460.62,1.62,14.22,117.3,25.51,36.87,77.04,10.13
2023-08-28 14:30:00,3,500.68,1.56,19.19,105.86,29.8,37.75,80.23,9.5
2023-08-28 15:30:00,3,567.44,2.29,23.31,97.27,33.86,40.96,93.96,10.01
2023-08-28 16:30:00,4,694.27,3.07,30.85,95.84,39.1,47.36,113.25,11.65
2023-08-28 17:30:00,4,847.82,3.35,41.47,85.12,43.39,51.69,122.55,13.43
2023-08-28 18:30:00,4,1401.9,2.01,74.03,45.06,52.45,70.76,149.36,20.52
2023-08-28 19:30:00,5,2056.12,2.96,102.82,5.99,59.6,99.72,191.76,28.63
2023-08-28 20:30:00,5,2269.74,9.83,94.59,0.33,51.98,108.56,204.32,28.37
2023-08-28 21:30:00,5,2082.82,13.08,76.77,0.1,41.01,101.81,191.99,24.07
2023-08-28 22:30:00,5,1922.61,16.99,59.63,0.03,36.72,96.84,182.72,22.29
2023-08-28 23:30:00,5,1695.63,18.78,48.67,0.02,31.95,86.87,164.93,17.73
2023-08-29 00:30:00,4,1335.14,14.53,42.5,0.05,24.08,68.42,135.1,12.41
2023-08-29 01:30:00,4,1148.22,10.51,38.39,0.1,21.46,61.16,120.39,11.02
2023-08-29 02:30:00,4,1081.47,8.94,34.96,0.12,21.93,60.63,115.7,10.77
2023-08-29 03:30:00,4,1068.12,8.72,32.56,0.1,23.84,62,114.51,11.02
2023-08-29 04:30:00,4,1028.06,7.93,31.19,0.14,25.27,60.04,108.97,12.41
2023-08-29 05:30:00,4,974.66,7.04,31.87,0.28,26.7,54.22,95.78,14.44
2023-08-29 06:30:00,4,1068.12,9.83,34.62,0.3,32.42,53.07,89.33,18.75
2023-08-29 07:30:00,4,1482.01,22.58,35.99,3.98,41.96,64.27,104.84,26.35
2023-08-29 08:30:00,4,1615.52,29.06,35.64,13.59,44.35,64.59,107.17,28.63
2023-08-29 09:30:00,3,667.57,7.71,19.88,45.78,29.8,30.54,70.4,16.21
2023-08-29 10:30:00,3,534.06,4.02,15.08,76.53,26.7,32.81,82.7,13.81
2023-08-29 11:30:00,3,460.62,2.18,11.48,107.29,24.08,38.54,97.12,12.16
2023-08-29 12:30:00,4,383.85,1.47,8.57,114.44,19.31,37.51,100.75,9.25
2023-08-29 13:30:00,4,380.52,1.49,9.08,120.16,19.79,37.23,100.76,7.98
2023-08-29 14:30:00,4,407.22,1.65,10.97,127.32,22.65,39.33,103.27,8.04
2023-08-29 15:30:00,4,440.6,1.84,13.54,127.32,24.8,40.66,105.76,8.36
2023-08-29 16:30:00,4,494,2.15,18.51,117.3,26.46,40.12,107.02,8.99
2023-08-29 17:30:00,4,554.08,1.9,25.36,98.71,27.42,39.19,108.9,9.75
2023-08-29 18:30:00,5,2403.26,30.85,89.11,14.66,53.41,96.24,192.31,29.64
2023-08-29 19:30:00,5,4859.92,102.82,91.85,0.01,81.06,199.3,339,52.18
2023-08-29 20:30:00,5,6248.47,135.9,82.25,0,90.6,279,451.27,64.34
2023-08-29 21:30:00,5,6942.75,153.78,69.92,0,90.6,334.35,527.26,70.93
2023-08-29 22:30:00,5,7263.18,164.51,59.63,0,85.83,369.7,573.02,69.92
2023-08-29 23:30:00,5,6622.31,153.78,52.09,0,68.66,341.04,523.78,55.22
2023-08-30 00:30:00,5,4486.08,97.45,50.04,0,44.35,223.99,352.42,35.97
2023-08-30 01:30:00,5,3017.43,54.99,47.98,0,33.86,151.99,250.56,28.37
2023-08-30 02:30:00,5,2136.23,30.4,43.87,0,29.56,112.34,196.83,24.57
2023-08-30 03:30:00,5,1548.77,17.66,38.73,0.01,27.89,88.24,164.08,22.8
2023-08-30 04:30:00,4,1134.87,9.61,33.24,0.17,25.99,69.39,135.4,22.55
2023-08-30 05:30:00,4,894.55,4.97,30.5,1.11,25.03,54.76,108.17,23.05
2023-08-30 06:30:00,3,727.65,0.78,33.24,10.01,30.52,40.82,84.66,23.31
2023-08-30 07:30:00,3,947.95,6.03,38.39,10.64,39.1,43.84,86.27,25.84
2023-08-30 08:30:00,3,1108.17,15.2,38.04,18.95,45.78,45.9,87.62,26.6
2023-08-30 09:30:00,3,761.03,7.38,28.1,54.36,38.15,41.48,86.59,19.76
2023-08-30 10:30:00,4,680.92,3.91,20.91,100.14,35.29,52.94,101.48,17.99
2023-08-30 11:30:00,4,627.52,1.87,14.39,153.06,31.95,72.26,122.15,16.47
2023-08-30 12:30:00,4,534.06,1.15,9.68,165.94,24.32,74.51,126.01,13.05
2023-08-30 13:30:00,4,494,1.12,9.42,160.22,22.89,70.83,127.05,10.89
2023-08-30 14:30:00,4,494,1.17,10.45,158.79,23.84,71.19,132.21,10.13
2023-08-30 15:30:00,4,514.03,1.34,13.02,153.06,25.27,71.25,136.36,10.26
2023-08-30 16:30:00,4,567.44,1.55,17.65,140.19,27.66,71.1,139.74,10.77
2023-08-30 17:30:00,4,620.84,1.24,23.99,120.16,29.33,68.94,140.31,11.53
2023-08-30 18:30:00,5,1869.2,3.63,87.74,37.19,50.07,108.49,197.35,25.08
2023-08-30 19:30:00,5,3578.19,33.08,108.3,0.05,74.39,181.5,302.41,43.06
2023-08-30 20:30:00,5,4539.49,60.8,90.48,0,82.97,239.04,384.22,53.2
2023-08-30 21:30:00,5,5714.42,94.77,77.46,0,92.51,316.26,488.27,65.86
2023-08-30 22:30:00,5,7156.37,134.11,69.92,0,102.04,415.08,619.05,77.01
2023-08-30 23:30:00,5,7690.43,159.14,63.06,0,99.18,451.78,665,76
2023-08-31 00:30:00,5,6782.53,151.99,54.84,0,78.2,396.61,586.09,56.74
2023-08-31 01:30:00,5,5500.79,128.75,45.24,0,52.93,321.46,474.5,35.46
2023-08-31 02:30:00,5,4272.46,99.24,38.04,0,37.67,250.48,370.37,22.55
2023-08-31 03:30:00,5,2696.99,50.96,39.41,0,30.52,161.62,252.02,19
2023-08-31 04:30:00,5,1895.9,25.26,39.76,0,26.94,113.58,186.02,17.99
2023-08-31 05:30:00,5,1468.66,14.19,38.04,0.02,25.75,84.41,142.04,18.75
2023-08-31 06:30:00,4,1108.17,7.1,39.41,0.8,29.8,58.55,102.86,22.55
2023-08-31 07:30:00,4,1428.6,21.23,40.44,3.58,43.87,66.51,116.07,29.13
2023-08-31 08:30:00,5,1708.98,34.42,45.24,13.23,60.08,75.89,131.39,33.44
2023-08-31 09:30:00,4,1174.93,16.54,43.18,43.99,63.9,58.99,110.99,26.6
2023-08-31 10:30:00,4,1028.06,8.49,38.04,86.55,60.56,64.55,119.5,24.32
2023-08-31 11:30:00,5,847.82,3.49,27.08,143.05,51.02,75.65,131.36,21.79
2023-08-31 12:30:00,4,527.38,1.38,12.85,153.06,28.61,63.72,130.65,13.68
2023-08-31 13:30:00,4,447.27,1.23,10.37,147.34,23.6,56.15,129.43,10.39
2023-08-31 14:30:00,4,433.92,1.3,11.14,145.91,24.32,53.23,126.8,9.5
2023-08-31 15:30:00,4,453.95,1.47,13.02,141.62,25.51,50.57,122.75,9.25
2023-08-31 16:30:00,4,500.68,1.72,17.65,131.61,27.66,48.9,118.23,9.5
2023-08-31 17:30:00,4,560.76,1.41,23.99,115.87,30.28,47.89,115.53,9.88
2023-08-31 18:30:00,5,2670.29,26.38,104.19,18.6,62.94,116.2,212.18,32.17
2023-08-31 19:30:00,5,5500.79,101.03,106.93,0.01,99.18,239.36,382.38,58.26
2023-08-31 20:30:00,5,7263.18,144.84,93.22,0,116.35,346.97,526.65,74.98
2023-08-31 21:30:00,5,8758.54,184.18,82.94,0,129.7,453.36,660.15,88.16
2023-08-31 22:30:00,5,9826.66,212.79,74.71,0,129.7,541.26,770.51,91.2
2023-08-31 23:30:00,5,9613.04,214.58,65.12,0,107.77,540.32,769.9,77.01
2023-09-01 00:30:00,5,7904.05,185.97,54.84,0,77.25,442.86,641.14,53.7
2023-09-01 01:30:00,5,6515.5,155.57,45.93,0,62.94,365.77,534.09,44.58
2023-09-01 02:30:00,5,5661.01,135.9,40.78,0,57.22,328,476.14,41.54
2023-09-01 03:30:00,5,4806.52,112.65,36.67,0,51.98,289.35,419.51,36.98
2023-09-01 04:30:00,5,3631.59,79.57,34.27,0,40.53,224.58,329.96,30.15
2023-09-01 05:30:00,5,2590.18,49.17,33.93,0,32.9,159.89,242.37,27.61
2023-09-01 06:30:00,5,1335.14,10.84,45.24,0.26,31.95,77.49,142.3,31.92
2023-09-01 07:30:00,5,1602.17,24.59,43.53,2.91,42.92,78.55,143.22,35.46
2023-09-01 08:30:00,5,1789.09,35.32,47.3,12.7,55.31,80.8,144.44,35.97
2023-09-01 09:30:00,4,988.01,11.4,37.36,55.79,48.64,54.05,116.46,22.29
2023-09-01 10:30:00,4,814.44,5.92,28.79,95.84,45.78,56,122.95,19.25
2023-09-01 11:30:00,4,680.92,2.91,20.91,143.05,41.01,63.68,133.06,16.97
2023-09-01 12:30:00,4,473.98,1.4,11.14,145.91,24.56,54.58,128.91,11.15
2023-09-01 13:30:00,4,407.22,1.29,9.42,135.9,19.55,45.89,117.2,8.61
2023-09-01 14:30:00,4,393.87,1.34,9.68,131.61,18.84,41.3,107.21,7.79
2023-09-01 15:30:00,3,413.89,1.59,11.82,124.45,20.27,38.61,99.8,7.54
2023-09-01 16:30:00,3,473.98,1.9,16.79,120.16,24.32,38.91,97.89,8.04
2023-09-01 17:30:00,4,534.06,1.59,23.31,111.58,28.37,40.12,100.02,8.61
2023-09-01 18:30:00,5,2429.96,21.9,101.45,21.28,60.56,99.31,185.57,28.88
2023-09-01 19:30:00,5,4913.33,87.62,109.67,0.01,95.37,205.43,334.41,52.69
2023-09-01 20:30:00,5,6301.88,121.59,93.22,0,107.77,287.24,447.25,65.86
2023-09-01 21:30:00,5,7049.56,143.05,79.51,0,111.58,345.33,522.81,72.96
2023-09-01 22:30:00,5,7156.37,146.63,70.6,0,103.95,366.34,544.63,69.92
2023-09-01 23:30:00,5,5981.45,121.59,63.06,0,79.15,304.19,454.1,51.68
2023-09-02 00:30:00,5,3631.59,64.37,57.58,0,46.73,177.61,276.42,29.39
2023-09-02 01:30:00,5,2216.34,25.93,54.84,0,30.28,110.03,181.6,21.79
2023-09-02 02:30:00,5,1455.31,7.1,51.41,0.78,23.6,78.12,137.67,20.27
2023-09-02 03:30:00,4,807.76,0,30.85,36.48,19.79,51.22,104.49,16.72
2023-09-02 04:30:00,3,680.92,0,23.99,36.12,19.31,44.96,92.64,17.99
2023-09-02 05:30:00,3,660.9,0.01,25.36,25.75,19.31,39.85,80,20.77
2023-09-02 06:30:00,3,674.25,0.07,28.45,22.89,23.37,37.48,72.99,22.8
2023-09-02 07:30:00,3,841.14,3.69,33.24,23.25,30.99,42.68,80.78,25.33
2023-09-02 08:30:00,3,974.66,10.62,33.24,33.62,37.19,46.64,88.46,25.84
2023-09-02 09:30:00,3,867.84,8.83,28.79,59.37,39.1,44.77,88.95,23.05
2023-09-02 10:30:00,4,747.68,5.03,22.96,100.14,37.19,50.24,94.06,21.28
2023-09-02 11:30:00,4,627.52,2.4,16.11,148.77,31.95,59.99,103.2,19.25
2023-09-02 12:30:00,3,337.12,0.91,5.91,134.47,14.9,32.98,80.13,7.73
2023-09-02 13:30:00,3,293.73,0.84,5.27,128.75,12.76,25.44,67.73,5.07
2023-09-02 14:30:00,3,293.73,0.87,5.57,125.89,12.28,23.43,61.72,4.75
2023-09-02 15:30:00,3,313.76,1.05,7.03,120.16,13.23,22.21,57.4,5.26
2023-09-02 16:30:00,3,357.15,1.34,10.28,111.58,15.5,21.52,55.13,6.27
2023-09-02 17:30:00,3,403.88,1.23,14.57,97.27,17.17,20.56,53.03,7.35
2023-09-02 18:30:00,4,1468.66,5.2,67.17,29.68,36.24,51.67,97.74,20.01
2023-09-02 19:30:00,5,2857.21,33.53,77.46,0.02,56.74,107.11,179.37,34.96
2023-09-02 20:30:00,5,3791.81,59.01,65.8,0,66.76,156.55,251.53,45.6
2023-09-02 21:30:00,5,4539.49,83.15,58.26,0,73.43,204.74,316.54,53.2
2023-09-02 22:30:00,5,4646.3,90.3,53.47,0,69.62,217.24,327.43,50.66
2023-09-02 23:30:00,5,3471.37,67.06,50.04,0,50.07,156.67,239.53,36.98
2023-09-03 00:30:00,4,1789.09,25.26,47.3,0.01,28.37,72.94,120.82,23.81
2023-09-03 01:30:00,3,1094.82,7.93,41.81,0.3,21.22,45.16,78.6,20.52
2023-09-03 02:30:00,3,801.09,1.9,34.27,3.49,19.31,34.86,61.92,20.27
2023-09-03 03:30:00,3,567.44,0.02,23.65,22.35,17.4,25.58,49.02,20.27
2023-09-03 04:30:00,2,500.68,0,20.05,30.4,17.88,22.84,44.84,20.27
2023-09-03 05:30:00,2,487.33,0,19.71,35.05,19.31,21.96,42.96,20.52
2023-09-03 06:30:00,2,534.06,0.01,22.96,37.55,23.37,24.36,45.95,21.28
2023-09-03 07:30:00,3,687.6,2.1,28.45,36.84,27.66,30.18,55.86,22.04
2023-09-03 08:30:00,3,767.71,6.98,27.76,42.2,28.85,32.35,60.43,21.79
2023-09-03 09:30:00,3,647.54,6.37,21.93,61.51,27.89,29.41,60.44,19
2023-09-03 10:30:00,3,600.81,4.36,18.51,91.55,29.09,33.7,70.96,17.48
2023-09-03 11:30:00,3,514.03,2.35,13.37,128.75,26.23,39.34,85.53,14.44
2023-09-03 12:30:00,3,330.45,1.06,6.43,127.32,15.14,29.05,82.8,7.28
2023-09-03 13:30:00,3,300.41,0.94,5.65,124.45,12.87,24.72,71.35,5.57
2023-09-03 14:30:00,3,293.73,0.95,5.83,120.16,11.92,22.12,64.56,5.26
2023-09-03 15:30:00,3,310.42,1.16,7.28,111.58,12.76,20.21,59.94,5.38
2023-09-03 16:30:00,3,353.81,1.44,10.71,103,15.14,19.71,56.01,6.33
2023-09-03 17:30:00,3,403.88,1.22,15.42,92.98,17.17,19.47,53.67,7.54
2023-09-03 18:30:00,3,1094.82,0.95,54.15,45.06,32.42,40.11,82.61,16.97
2023-09-03 19:30:00,5,2109.53,6.98,82.94,2.91,50.07,80.97,142.85,29.89
2023-09-03 20:30:00,5,2803.8,21.68,76.09,0.03,59.6,118.49,197.01,38.5
2023-09-03 21:30:00,5,3284.45,32.19,71.29,0,66.76,152.21,242.8,44.58
2023-09-03 22:30:00,5,3631.59,42.02,67.17,0,67.71,175.73,272.45,45.09
2023-09-03 23:30:00,5,3391.27,44.7,61.01,0,56.27,163.2,248.61,36.98
2023-09-04 00:30:00,5,2510.07,34.87,55.52,0,37.19,114.2,176.17,25.59
2023-09-04 01:30:00,5,1922.61,24.36,50.72,0,30.99,83.67,132.79,23.56
2023-09-04 02:30:00,4,1548.77,16.54,45.93,0.01,29.56,68.98,111.75,23.31
2023-09-04 03:30:00,4,1281.74,10.28,42.16,0.06,29.56,58.64,96.6,23.56
2023-09-04 04:30:00,4,1121.52,8.38,36.67,0.1,29.33,52.14,85.73,24.32
2023-09-04 05:30:00,3,1054.76,9.5,32.56,0.08,30.04,48.25,78.9,25.33
2023-09-04 06:30:00,4,1214.98,16.54,32.22,0.04,35.76,53.66,87.28,29.39
2023-09-04 07:30:00,4,1762.39,35.32,33.59,2.01,46.25,72.43,117,36.98
2023-09-04 08:30:00,5,2162.93,50.96,38.39,8.05,51.98,82.92,134.88,40.53
2023-09-04 09:30:00,3,1228.33,19.67,39.41,37.55,53.88,49.6,86.41,29.39
2023-09-04 10:30:00,4,1054.76,10.73,37.01,78.68,58.17,54.25,90.93,27.61
2023-09-04 11:30:00,4,921.25,5.25,30.5,143.05,57.7,70.46,108.84,24.83
2023-09-04 12:30:00,4,460.62,1.66,11.14,150.2,26.7,39.9,71.05,10.77
2023-09-04 13:30:00,4,380.52,1.36,9.08,147.34,22.65,32.53,64.17,7.35
2023-09-04 14:30:00,4,367.16,1.37,9.51,144.48,22.89,31.27,66.43,6.65
2023-09-04 15:30:00,3,387.19,1.55,11.65,138.76,23.84,31.61,71.61,6.97
2023-09-04 16:30:00,3,460.62,1.84,16.96,128.75,27.18,34.46,80.84,8.36
2023-09-04 17:30:00,3,527.38,1.48,23.65,113.01,29.8,35.65,85.87,9.75
2023-09-04 18:30:00,4,1335.14,0.8,67.86,57.22,49.11,62.37,125.65,21.03
2023-09-04 19:30:00,5,2349.85,2.51,100.08,8.31,67.71,105.63,190.29,35.46
2023-09-04 20:30:00,5,2990.72,14.75,91.85,0.16,76.29,141.88,244.45,44.58
2023-09-04 21:30:00,5,3417.97,25.93,82.94,0,82.97,172.6,286.41,51.68
2023-09-04 22:30:00,5,3685,32.19,78.83,0,85.83,196.43,313.88,54.72
2023-09-04 23:30:00,5,3311.16,28.61,71.97,0,72.48,185.57,295.67,47.62
2023-09-05 00:30:00,5,2510.07,16.99,62.38,0.03,52.93,148.38,239.08,34.45
2023-09-05 01:30:00,5,1976.01,5.53,55.52,1.21,42.92,131.7,206.19,27.11
2023-09-05 02:30:00,5,1708.98,0.36,45.93,12.16,38.62,136.58,199.11,21.28
2023-09-05 03:30:00,5,1615.52,0,38.04,27.89,38.15,154.45,207.77,16.09
2023-09-05 04:30:00,5,1668.93,0,38.04,28.25,38.62,175.04,224.29,12.03
2023-09-05 05:30:00,5,1735.69,0.06,42.5,20.21,40.05,190.67,238.24,9.63
2023-09-05 06:30:00,5,1949.31,1.36,52.09,9.12,47.68,212.18,262.88,11.15
2023-09-05 07:30:00,5,2590.18,14.31,64.43,4.83,66.76,255.06,316.97,19.76
2023-09-05 08:30:00,5,3204.35,32.19,77.46,16.81,97.27,300.6,371.78,28.63
2023-09-05 09:30:00,5,1815.8,14.75,73.34,70.1,148.77,220.62,262.57,16.97
2023-09-05 10:30:00,5,1415.25,9.5,60.32,114.44,144.96,192.2,227.3,13.68
2023-09-05 11:30:00,5,1228.33,5.2,46.61,173.09,131.61,190.21,221.68,11.02
2023-09-05 12:30:00,5,1001.36,2.32,30.16,205.99,91.55,153.97,177.03,8.11
2023-09-05 13:30:00,5,894.55,1.36,27.08,200.27,76.29,119.35,136.61,6.97
2023-09-05 14:30:00,5,867.84,0.71,30.16,185.97,80.11,105.43,120.79,6.65
2023-09-05 15:30:00,5,1028.06,1.17,43.53,165.94,97.27,106.29,121.84,9.37
2023-09-05 16:30:00,5,1428.6,3.13,70.6,151.63,135.42,130.31,150.33,14.19
2023-09-05 17:30:00,5,1842.5,3.97,112.41,121.59,179.29,163.74,189.25,17.48
2023-09-05 18:30:00,5,3044.13,4.75,197.41,37.19,194.55,237.41,282.62,26.6
2023-09-05 19:30:00,5,4913.33,40.23,227.57,0.02,183.11,348.21,428.23,40.02
2023-09-05 20:30:00,5,6568.91,80.47,222.09,0,165.94,456.66,569.15,44.58
2023-09-05 21:30:00,5,7690.43,104.61,202.89,0,141.14,525.19,660.74,44.58
2023-09-05 22:30:00,5,8117.68,118.02,169.99,0,116.35,543.73,693.93,42.05
2023-09-05 23:30:00,5,7797.24,123.38,139.83,0,91.55,516.24,660.66,33.44
2023-09-06 00:30:00,5,7263.18,126.96,111.04,0,68.66,481.18,612.43,24.57
2023-09-06 01:30:00,5,7583.62,143.05,90.48,0,66.76,507.44,642.36,26.85
2023-09-06 02:30:00,5,8117.68,162.72,78.83,0,80.11,575.58,719.8,35.46
2023-09-06 03:30:00,5,9078.98,177.03,74.03,0,100.14,681.48,836.9,45.6
2023-09-06 04:30:00,5,9613.04,184.18,67.17,0,98.23,772.14,931.31,42.05
2023-09-06 05:30:00,5,9719.85,182.39,63.06,0,86.78,806.73,956.6,30.15
2023-09-06 06:30:00,5,8544.92,148.42,74.03,0.01,91.55,718.1,837.19,22.8
2023-09-06 07:30:00,5,8651.73,157.36,80.88,0.7,108.72,717.94,839.77,26.09
2023-09-06 08:30:00,5,9185.79,171.66,119.27,6.17,133.51,773.17,898.71,27.11
2023-09-06 09:30:00,5,4486.08,87.62,186.44,36.48,331.88,500.14,557.44,3.89
2023-09-06 10:30:00,5,3738.4,54.54,202.89,85.83,362.4,443.85,494.13,5.83
2023-09-06 11:30:00,5,3417.97,26.38,194.67,191.69,377.66,444.18,494.5,7.6
2023-09-06 12:30:00,5,1548.77,10.17,85.68,211.72,226.97,192.58,215.95,3.89
2023-09-06 13:30:00,5,1001.36,4.75,47.98,237.46,152.59,131.39,146.18,2.63
2023-09-06 14:30:00,5,867.84,2.79,37.36,260.35,123.98,116.02,127.86,2.37
2023-09-06 15:30:00,5,847.82,2.1,36.67,263.21,109.67,104.66,115.09,3.2
2023-09-06 16:30:00,5,934.6,1.93,47.98,246.05,113.49,100.21,111.1,5.13
2023-09-06 17:30:00,5,1041.41,1.26,66.49,208.85,125.89,95.3,107.48,7.47
2023-09-06 18:30:00,5,3337.86,7.15,186.44,50.78,150.68,174.23,224.48,37.49
2023-09-06 19:30:00,5,6835.94,79.57,233.05,0,202.18,349.28,470.79,93.22
2023-09-06 20:30:00,5,9933.47,148.42,233.05,0,259.4,547.08,743.12,149.97
2023-09-06 21:30:00,5,12069.7,191.33,233.05,0,305.18,707.62,961.42,196.58
2023-09-06 22:30:00,5,13885.5,232.46,227.57,0,343.32,842.98,1126.57,237.11
2023-09-06 23:30:00,5,14526.37,261.07,208.38,0,339.51,886.75,1151.68,241.16
2023-09-07 00:30:00,5,12710.57,228.88,175.48,0,240.33,761.57,959.38,172.26
2023-09-07 01:30:00,5,9933.47,175.24,139.83,0,127.79,595.4,731.67,90.18
2023-09-07 02:30:00,5,7263.18,118.02,112.41,0,66.76,437.4,527.05,44.08
2023-09-07 03:30:00,5,4646.3,60.8,95.96,0,44.82,284.49,340.61,24.32
2023-09-07 04:30:00,5,3631.59,38,87.05,0,39.1,226.43,273.27,17.73
2023-09-07 05:30:00,5,3364.56,33.97,76.77,0,39.58,210.08,255.58,15.83
2023-09-07 06:30:00,5,4005.43,50.51,75.4,0.01,51.5,249.46,306.19,22.29
2023-09-07 07:30:00,5,6141.66,107.29,83.63,0.98,79.15,374.27,463.17,43.06
2023-09-07 08:30:00,5,8758.54,159.14,123.38,5.81,106.81,543.7,667.1,57.76
2023-09-07 09:30:00,5,3685,26.82,159.03,79.39,259.4,345.53,396.47,16.97
2023-09-07 10:30:00,5,3284.45,17.66,165.88,171.66,320.43,369.29,420.22,13.05
2023-09-07 11:30:00,5,3070.83,11.4,153.54,291.82,343.32,396.65,445.21,11.27
2023-09-07 12:30:00,5,1869.2,5.03,80.2,331.88,223.16,267.3,294.53,7.16
2023-09-07 13:30:00,5,1295.09,2.21,45.24,346.18,152.59,209.23,227.04,4.02
2023-09-07 14:30:00,5,1094.82,1.41,39.41,346.18,135.42,183.32,198.31,2.94
2023-09-07 15:30:00,5,1068.12,1.03,40.78,346.18,131.61,173.94,189.4,3.36
2023-09-07 16:30:00,5,1161.58,0.76,48.67,351.91,135.42,179.4,197.94,5
2023-09-07 17:30:00,5,1281.74,0.34,56.21,331.88,131.61,180.81,202.92,7.16
2023-09-07 18:30:00,5,2536.77,0.07,115.16,197.41,137.33,223.11,266.96,24.32
2023-09-07 19:30:00,5,4699.71,0.02,200.15,53.64,162.12,321.36,404.84,51.17
2023-09-07 20:30:00,5,6729.13,11.18,249.51,0.93,186.92,437.97,559.65,73.97
2023-09-07 21:30:00,5,7797.24,25.7,257.73,0,183.11,492.92,635.01,86.13
2023-09-07 22:30:00,5,7476.81,34.87,230.31,0,154.5,450.28,582.94,85.12
2023-09-07 23:30:00,5,5767.82,30.85,175.48,0,109.67,334.72,430.04,69.92
2023-09-08 00:30:00,5,3231.05,5.42,116.53,1.79,61.99,186.63,235.79,43.06
2023-09-08 01:30:00,5,2296.45,1.51,79.51,4.25,41.48,138.35,175.84,32.17
2023-09-08 02:30:00,5,1976.01,1.75,63.06,3.4,34.81,123.6,159.23,27.36
2023-09-08 03:30:00,5,2029.42,6.71,55.52,0.53,34.33,128.46,168.29,25.84
2023-09-08 04:30:00,5,2216.34,16.09,45.93,0.02,35.29,139.69,184.66,24.57
2023-09-08 05:30:00,5,2403.26,27.49,38.39,0,38.62,150.62,199.33,23.81
2023-09-08 06:30:00,5,3257.75,56.33,36.67,0,51.02,193.67,253.57,30.15
2023-09-08 07:30:00,5,5767.82,139.47,42.84,0.41,78.2,320.23,415.51,49.14
2023-09-08 08:30:00,5,8758.54,236.03,71.29,2.48,99.18,469.91,596.87,61.3
2023-09-08 09:30:00,5,2590.18,27.05,111.04,63.66,144.96,204.59,238.38,19.25
2023-09-08 10:30:00,5,2349.85,18.78,111.04,113.01,177.38,213.18,248.31,16.97
2023-09-08 11:30:00,5,1922.61,10.06,91.85,185.97,181.2,206.39,238.7,12.92
2023-09-08 12:30:00,5,988.01,3.41,41.81,231.74,115.39,147.46,163.6,4.94
2023-09-08 13:30:00,5,787.73,2.15,30.16,251.77,94.41,134.91,146.72,2.25
2023-09-08 14:30:00,5,774.38,1.98,30.16,248.91,93.46,136.7,147.41,1.19
2023-09-08 15:30:00,5,814.44,2.26,36.67,220.3,96.32,125.71,135.9,2.63
2023-09-08 16:30:00,5,907.9,3.07,55.52,171.66,121.12,111.57,122.21,5.19
2023-09-08 17:30:00,5,1001.36,2.57,76.09,120.16,143.05,99.91,110.94,7.09
2023-09-08 18:30:00,5,1268.39,0.57,98.71,68.66,154.5,99.89,115.08,11.65
2023-09-08 19:30:00,5,1588.82,0,108.3,36.12,150.68,110.52,133.86,17.99
2023-09-08 20:30:00,5,1762.39,0.02,106.93,24.68,143.05,122.07,151.71,21.79
2023-09-08 21:30:00,5,2349.85,0.91,106.93,11.18,103.95,153.54,200.17,30.91
2023-09-08 22:30:00,5,3017.43,6.03,102.82,1.24,73.43,190.24,253.64,37.49
2023-09-08 23:30:00,5,3150.94,9.16,98.71,0.31,59.6,203.51,265.05,31.66
2023-09-09 00:30:00,5,2803.8,4.3,90.48,1.97,46.73,189.92,237.51,20.52
2023-09-09 01:30:00,5,2429.96,0.3,74.03,11,37.19,177.23,215.03,14.19
2023-09-09 02:30:00,5,2216.34,0.04,61.01,17.52,30.99,171.34,205.88,11.4
2023-09-09 03:30:00,5,2109.53,0.05,54.84,16.45,29.09,171.5,206.03,10.26
2023-09-09 04:30:00,5,2029.42,0.13,51.41,13.23,29.09,173.01,206.15,9.25
2023-09-09 05:30:00,5,1976.01,0.32,50.04,10.55,30.04,175.69,206.5,8.61
2023-09-09 06:30:00,5,2029.42,1.37,52.09,7.24,33.38,180.34,210.67,9.75
2023-09-09 07:30:00,5,2296.45,10.06,56.89,3.08,39.1,178.99,212.11,12.29
2023-09-09 08:30:00,5,2323.15,22.13,56.89,4.34,43.39,147.99,178.3,12.54
2023-09-09 09:30:00,3,947.95,11.4,42.16,14.48,70.57,45.55,55.47,5.38
2023-09-09 10:30:00,3,741,12.85,36.33,24.68,83.92,31.38,38.85,5
2023-09-09 11:30:00,3,687.6,12.07,31.53,35.41,84.88,28.67,35.1,5.32
2023-09-09 12:30:00,2,607.49,7.15,23.65,51.5,61.99,23.71,28.62,4.75
2023-09-09 13:30:00,2,567.44,5.36,20.73,61.51,53.88,21.78,25.75,3.89
2023-09-09 14:30:00,2,520.71,4.81,19.88,65.09,49.11,20.56,23.86,3.1
2023-09-09 15:30:00,2,507.35,4.3,20.39,68.66,45.78,19.52,22.91,3.13
2023-09-09 16:30:00,2,527.38,4.08,24.33,67.23,49.59,20.42,24.51,3.64
2023-09-09 17:30:00,2,574.11,3.19,30.5,58.65,53.88,21.3,26.15,4.31
2023-09-09 18:30:00,3,654.22,0.74,39.76,43.63,61.99,25.65,32.19,5.7
2023-09-09 19:30:00,3,761.03,0.01,46.61,31.11,72.48,34.85,44.19,7.6
2023-09-09 20:30:00,3,847.82,0.17,52.78,17.52,80.11,41.33,53,8.36
2023-09-09 21:30:00,3,867.84,0.69,52.09,8.67,70.57,39.24,52.3,7.92
2023-09-09 22:30:00,3,854.49,0.88,43.53,7.06,51.98,34,47.3,7.92
2023-09-09 23:30:00,3,801.09,0.52,36.33,9.39,38.62,27.33,38.07,6.59
2023-09-10 00:30:00,2,727.65,0.2,30.16,13.05,29.33,22.31,29.91,5.26
2023-09-10 01:30:00,2,727.65,0.2,28.79,12.16,28.13,23.54,31.14,5.32
2023-09-10 02:30:00,3,754.36,0.4,29.47,8.58,30.52,26.92,35.81,5.7
2023-09-10 03:30:00,3,801.09,1.1,30.85,4.07,35.76,32.59,43.23,6.02
2023-09-10 04:30:00,3,827.79,2.82,30.5,1.3,41.48,37.15,48.02,5.7
2023-09-10 05:30:00,3,834.47,5.64,30.16,0.32,49.11,41.55,51.61,5.26
2023-09-10 06:30:00,3,854.49,7.82,32.9,0.18,61.99,46.03,54.67,4.75
2023-09-10 07:30:00,4,1028.06,12.96,34.27,0.34,67.71,52.79,63.07,5.83
2023-09-10 08:30:00,4,1161.58,18.1,35.99,0.56,74.39,55.17,66.49,6.46
2023-09-10 09:30:00,3,1081.47,17.43,38.04,3.84,79.15,47.77,58.15,6.08
2023-09-10 10:30:00,3,907.9,16.09,36.67,13.23,85.83,36.5,45.14,5.51
2023-09-10 11:30:00,3,781.06,15.42,34.62,23.96,89.65,29.19,36.08,4.69
2023-09-10 12:30:00,3,734.33,13.19,37.01,32.9,91.55,27.36,33.14,3.99
2023-09-10 13:30:00,3,761.03,8.49,40.44,37.91,86.78,30.92,36.47,3.77
2023-09-10 14:30:00,3,787.73,3.8,38.73,45.42,74.39,33.84,39.21,3.83
2023-09-10 15:30:00,3,801.09,2.18,36.33,44.7,64.85,31.94,37.37,4.12
2023-09-10 16:30:00,3,834.47,2.51,41.13,36.48,70.57,30.48,36.15,4.37
2023-09-10 17:30:00,3,881.2,3.32,49.35,19.67,79.15,30.31,36.15,4.56
2023-09-10 18:30:00,3,1054.76,7.49,52.09,3.04,76.29,37.09,46.77,6.78
2023-09-10 19:30:00,4,1348.5,15.42,45.24,0.03,66.76,52.23,69.26,9.88
2023-09-10 20:30:00,4,1602.17,21.01,42.16,0,65.8,70.05,94.54,11.53
2023-09-10 21:30:00,5,1695.63,21.68,41.47,0,64.85,79.68,108.6,11.78
2023-09-10 22:30:00,5,1562.12,16.99,37.36,0.01,55.79,75.35,104.5,10.64
2023-09-10 23:30:00,4,1321.79,10.95,32.9,0.09,42.44,61.45,85.94,8.23
2023-09-11 00:30:00,4,1094.82,6.82,30.16,0.23,34.33,50.29,68.49,6.27
2023-09-11 01:30:00,4,1081.47,7.6,29.13,0.14,35.76,52.23,67.4,6.59
2023-09-11 02:30:00,4,1068.12,8.61,28.1,0.07,36.72,55.29,69.77,6.84
2023-09-11 03:30:00,4,1121.52,10.73,27.08,0.03,37.19,61.36,76.54,7.28
2023-09-11 04:30:00,4,1255.04,14.53,26.39,0.01,39.1,71.66,88.48,7.98
2023-09-11 05:30:00,5,1455.31,20.79,25.7,0,42.92,85.05,103.97,9.5
2023-09-11 06:30:00,5,1842.5,32.19,26.39,0,49.59,105.66,131.56,13.3
2023-09-11 07:30:00,5,2563.48,55.43,28.45,0.51,62.94,139.32,181.75,19.51
2023-09-11 08:30:00,5,2937.32,69.74,38.04,4.87,82.97,154.38,204.74,22.55
2023-09-11 09:30:00,5,1789.09,40.23,56.89,25.39,137.33,104.02,133.88,14.82
2023-09-11 10:30:00,5,1321.79,21.01,60.32,62.23,139.24,89.72,113.75,11.65
2023-09-11 11:30:00,5,1028.06,8.94,47.3,117.3,117.3,90.24,109.82,9.75
2023-09-11 12:30:00,5,774.38,3.97,30.85,154.5,86.78,85.74,98.92,6.52
2023-09-11 13:30:00,5,680.92,3.07,28.45,163.08,82.02,82.31,92.1,4.88
2023-09-11 14:30:00,5,660.9,2.68,29.82,164.51,82.02,78.56,86.73,4.62
2023-09-11 15:30:00,4,707.63,2.82,34.27,154.5,83.92,73.63,81.56,5.64
2023-09-11 16:30:00,4,807.76,3.07,40.44,135.9,83.92,68.9,77.77,7.09
2023-09-11 17:30:00,4,907.9,2.26,47.3,110.15,79.15,62.68,72.6,8.49
2023-09-11 18:30:00,4,1108.17,0.38,52.78,81.54,72.48,64.86,79.2,12.03
2023-09-11 19:30:00,5,1401.9,0,55.52,57.22,67.71,79.41,102.72,16.97
2023-09-11 20:30:00,5,1615.52,0,60.32,38.27,69.62,88.65,118.49,18.49
2023-09-11 21:30:00,5,1735.69,0.11,63.75,21.28,66.76,90.03,124.53,17.23
2023-09-11 22:30:00,5,1815.8,1.31,64.43,7.33,58.65,90.37,129.06,15.45
2023-09-11 23:30:00,5,1735.69,3.46,61.01,2.19,48.64,83.64,120.94,11.65
2023-09-12 00:30:00,4,1495.36,2.46,55.52,2.95,39.1,70.39,100.01,7.92
2023-09-12 01:30:00,4,1335.14,0.86,47.3,6.53,34.81,65.5,89.07,7.09
2023-09-12 02:30:00,4,1241.68,0.4,40.1,9.57,32.42,65.05,85.36,7.03
2023-09-12 03:30:00,5,1482.01,3.41,38.39,2.79,30.28,83.5,108.7,7.66
2023-09-12 04:30:00,5,2002.72,14.75,34.27,0.03,32.9,118.59,154.52,9.75
2023-09-12 05:30:00,5,2643.59,33.08,30.85,0,42.44,162.74,210.33,14.95
2023-09-12 06:30:00,5,3791.81,67.95,29.82,0,60.08,234.57,302.66,25.84
2023-09-12 07:30:00,5,6301.88,146.63,32.56,0.26,82.97,371.99,481.07,36.48
2023-09-12 08:30:00,5,8438.11,221.73,53.47,2.12,98.23,485.38,617.77,35.97
2023-09-12 09:30:00,5,2857.21,62.58,89.11,22.89,175.48,197.18,236.43,16.97
2023-09-12 10:30:00,5,2750.4,42.47,119.27,54.36,217.44,208.98,249.13,17.73
2023-09-12 11:30:00,5,2403.26,22.58,119.27,108.72,238.42,215.71,254.89,14.44
2023-09-12 12:30:00,5,1348.5,7.6,66.49,175.95,164.03,153.99,177.41,8.11
2023-09-12 13:30:00,5,1041.41,3.35,40.1,237.46,117.3,147.08,165.57,6.08
2023-09-12 14:30:00,5,988.01,2.35,34.62,274.66,110.63,154.04,172.2,5.76
2023-09-12 15:30:00,5,1014.71,2.01,37.01,280.38,110.63,155.98,174.94,6.65
2023-09-12 16:30:00,5,1134.87,1.9,50.72,260.35,121.12,158.17,178.82,8.49
2023-09-12 17:30:00,5,1281.74,1.2,76.09,217.44,144.96,159.02,181.79,10.51
2023-09-12 18:30:00,5,2456.67,0.28,154.91,100.14,167.85,202.52,243.17,24.32
2023-09-12 19:30:00,5,4112.24,7.6,222.09,6.44,160.22,280.5,348.97,41.04
2023-09-12 20:30:00,5,4966.74,25.26,216.6,0,131.61,326.3,408.61,45.6
2023-09-12 21:30:00,5,4646.3,25.03,165.88,0,95.37,301.22,376.87,37.49
2023-09-12 22:30:00,5,4058.84,18.33,119.27,0.02,70.57,251.3,316.62,32.42
2023-09-12 23:30:00,5,3417.97,11.85,93.22,0.25,50.54,201.75,254.93,25.59
2023-09-13 00:30:00,5,2296.45,0.67,67.86,14.84,33.38,138.99,171.18,15.2
2023-09-13 01:30:00,5,1655.58,0,42.5,31.83,25.51,106.47,129.81,11.15
2023-09-13 02:30:00,5,1361.85,0,31.53,37.19,22.89,98.5,119.28,9.63
2023-09-13 03:30:00,5,1268.39,0,28.45,39.7,23.6,104.51,124.14,8.61
2023-09-13 04:30:00,5,1228.33,0,27.42,40.77,24.08,113.84,132.79,7.66
2023-09-13 05:30:00,5,1214.98,0,28.1,40.77,23.84,119.08,137.35,7.28
2023-09-13 06:30:00,5,1415.25,0.06,38.73,31.11,29.09,129.28,150.63,9.37
2023-09-13 07:30:00,5,2189.64,9.16,63.06,9.03,47.21,167.24,201.92,15.83
2023-09-13 08:30:00,5,3284.45,36.66,81.57,13.05,76.29,225.23,276.23,23.05
2023-09-13 09:30:00,5,2189.64,20.34,101.45,57.22,148.77,191.95,223.78,13.55
2023-09-13 10:30:00,5,1949.31,24.14,116.53,73.67,215.53,204.96,236.29,9.75
2023-09-13 11:30:00,5,1869.2,23.25,126.12,90.84,259.4,230.21,261.98,7.41
2023-09-13 12:30:00,5,1575.47,13.97,112.41,118.73,240.33,220.47,246.18,4.69
2023-09-13 13:30:00,5,1321.79,6.48,95.96,137.33,196.46,191.69,211.34,3.77
2023-09-13 14:30:00,5,1188.28,3.02,90.48,135.9,179.29,168.27,184.42,3.8
2023-09-13 15:30:00,5,1188.28,1.2,97.33,123.02,181.2,156.65,172.34,4.69
2023-09-13 16:30:00,5,1321.79,0.27,115.16,98.71,198.36,158.69,176.49,6.27
2023-09-13 17:30:00,5,1508.71,0.04,132.98,72.24,219.35,165.6,186.21,7.85
2023-09-13 18:30:00,5,2723.69,8.61,194.67,12.34,225.07,220.83,261.47,22.04
2023-09-13 19:30:00,5,4699.71,53.2,211.12,0,202.18,313.62,390.11,44.08
2023-09-13 20:30:00,5,5928.04,79.57,191.93,0,158.31,370.41,472.03,46.61
2023-09-13 21:30:00,5,5981.45,71.53,154.91,0,104.9,361.57,466.88,35.97
2023-09-13 22:30:00,5,5661.01,60.8,119.27,0,75.34,339.61,443.04,29.13
2023-09-13 23:30:00,5,5180.36,55.43,98.71,0,56.27,308.99,402.18,20.77
2023-09-14 00:30:00,5,4325.87,41.13,83.63,0,40.05,259.61,330.46,12.16
2023-09-14 01:30:00,5,3471.37,20.79,71.97,0.02,31.95,217.3,268.59,9.12
2023-09-14 02:30:00,5,2750.4,5.87,62.38,1.32,27.89,188.2,226.44,7.73
2023-09-14 03:30:00,5,2590.18,4.3,54.84,1.5,27.66,193.69,231,7.09
2023-09-14 04:30:00,5,3070.83,15.65,50.72,0.02,33.38,234.38,281.5,8.87
2023-09-14 05:30:00,5,3791.81,33.53,50.04,0,44.35,288.07,347.78,13.43
2023-09-14 06:30:00,5,4859.92,61.69,53.47,0,61.99,355.82,435.11,22.55
2023-09-14 07:30:00,5,6835.94,123.38,55.52,0.29,78.2,461.45,573.31,28.12
2023-09-14 08:30:00,5,7904.05,166.3,63.75,2.21,81.06,488.62,617.21,26.85
2023-09-14 09:30:00,5,2162.93,12.96,90.48,15.2,135.42,210.57,247.87,8.23
2023-09-14 10:30:00,5,1735.69,6.59,86.37,18.24,139.24,179.24,207.45,9.5
2023-09-14 11:30:00,5,1548.77,5.2,91.85,20.21,158.31,153.99,176.39,9.25
2023-09-14 12:30:00,5,1228.33,1.47,85.68,37.91,141.14,98.36,111.56,5.57
2023-09-14 13:30:00,5,1174.93,0.54,81.57,45.78,125.89,75.51,85.8,5.51
2023-09-14 14:30:00,4,1188.28,0.22,79.51,45.42,123.98,67.62,77.2,5.95
2023-09-14 15:30:00,4,1468.66,0.68,93.22,23.96,127.79,74.78,87.16,10.26
2023-09-14 16:30:00,5,2029.42,11.73,108.3,2.12,129.7,94.92,113.37,16.21
2023-09-14 17:30:00,5,2590.18,36.66,106.93,0.29,129.7,115.93,140.43,19.51
2023-09-14 18:30:00,5,3898.62,81.36,108.3,0.06,127.79,167.52,213.22,29.13
2023-09-14 19:30:00,5,5554.2,128.75,101.45,0,114.44,247.72,326.96,38
2023-09-14 20:30:00,5,6515.5,150.2,89.11,0,103.95,313.44,413.19,36.98
2023-09-14 21:30:00,5,6568.91,143.05,78.14,0,88.69,331.57,433.18,30.15
2023-09-14 22:30:00,5,6034.85,121.59,70.6,0,75.34,313.57,403.99,23.05
2023-09-14 23:30:00,5,5073.55,98.35,65.12,0,59.13,273.29,343.21,14.44
2023-09-15 00:30:00,5,4005.43,71.53,58.26,0,42.44,222.32,271.28,8.04
2023-09-15 01:30:00,5,3631.59,61.69,50.72,0,35.29,203.96,248.73,8.23
2023-09-15 02:30:00,5,3524.78,59.01,43.53,0,34.33,201.83,248,9.63
2023-09-15 03:30:00,5,3738.4,67.95,36.67,0,38.15,225.05,279.62,12.16
2023-09-15 04:30:00,5,4165.65,84.04,30.16,0,41.96,266.17,331.46,14.06
2023-09-15 05:30:00,5,4699.71,101.92,26.05,0,46.73,311.28,384.03,16.47
2023-09-15 06:30:00,5,5607.6,130.53,25.7,0,58.65,370.29,447.68,22.29
2023-09-15 07:30:00,5,7690.43,200.27,30.5,0.02,78.2,486.77,568.81,31.16
2023-09-15 08:30:00,5,9613.04,275.37,38.04,0.11,88.69,574.42,658.32,30.15
2023-09-15 09:30:00,5,3845.21,92.98,61.01,0.65,123.98,277.32,306.26,11.27
2023-09-15 10:30:00,5,3417.97,76,74.71,1.1,148.77,259.51,289.38,11.78
2023-09-15 11:30:00,5,3070.83,64.37,97.33,3.22,198.36,254.54,283.69,9.75
2023-09-15 12:30:00,5,2563.48,47.83,119.27,6.08,244.14,240.38,267.21,7.16
2023-09-15 13:30:00,5,2243.04,35.76,124.75,6.71,244.14,218.9,244.58,6.97
2023-09-15 14:30:00,5,1949.31,27.94,119.27,10.01,232.7,189.03,212.14,7.16
2023-09-15 15:30:00,5,1575.47,17.66,102.82,33.62,188.83,156.77,174.99,5.26
2023-09-15 16:30:00,5,1468.66,9.28,105.56,35.41,167.85,134.39,150.97,6.08
2023-09-15 17:30:00,5,1508.71,6.15,116.53,21.1,175.48,123.29,140.58,7.73
2023-09-15 18:30:00,5,2189.64,16.99,126.12,1.99,162.12,143.86,173.01,16.47
2023-09-15 19:30:00,5,3257.75,38,112.41,0,119.21,188.17,238.98,25.33
2023-09-15 20:30:00,5,3952.03,49.17,98.71,0,89.65,227.67,296.65,25.08
2023-09-15 21:30:00,5,3898.62,44.26,84.31,0,65.8,229.92,305.41,20.01
2023-09-15 22:30:00,5,3337.86,31.74,67.86,0,51.5,203.83,274.66,15.71
2023-09-15 23:30:00,5,2670.29,20.79,57.58,0.01,41.48,166.61,223.92,11.15
2023-09-16 00:30:00,5,2002.72,8.38,52.78,0.3,32.9,127.9,167.99,6.78
2023-09-16 01:30:00,5,1615.52,2.01,44.55,2.5,27.18,107.39,137.7,5.19
2023-09-16 02:30:00,5,1415.25,0.57,35.64,6.17,25.51,99.8,125.22,5
2023-09-16 03:30:00,5,1361.85,0.47,31.87,6.79,27.66,101.91,125.71,5.07
2023-09-16 04:30:00,5,1348.5,0.89,31.53,4.43,30.52,110.03,133.37,4.88
2023-09-16 05:30:00,5,1375.2,2.91,33.24,1.24,33.38,121.78,145.35,4.88
2023-09-16 06:30:00,5,1522.06,10.06,35.3,0.08,37.67,140.82,167.18,6.4
2023-09-16 07:30:00,5,1922.61,26.38,38.73,2.1,46.25,166.16,199.73,10.01
2023-09-16 08:30:00,5,2136.23,35.32,47.3,9.48,58.17,166.89,202.79,12.67
2023-09-16 09:30:00,5,1255.04,13.08,52.78,23.6,81.06,89.39,106.42,8.23
2023-09-16 10:30:00,4,961.3,7.49,42.16,38.62,75.34,56.43,67.05,7.03
2023-09-16 11:30:00,3,754.36,4.81,32.22,55.07,65.8,33,39.48,5.57
2023-09-16 12:30:00,2,574.11,3.32,25.36,67.95,55.79,20.62,24.54,3.99
2023-09-16 13:30:00,2,534.06,2.71,25.36,69.38,53.88,17.75,21.11,3.7
2023-09-16 14:30:00,2,520.71,2.6,27.08,67.23,55.79,16.4,19.76,3.96
2023-09-16 15:30:00,2,574.11,3.46,32.22,62.94,61.99,18.78,23.11,5.26
2023-09-16 16:30:00,2,660.9,2.43,40.44,47.21,64.85,21.27,27.05,6.71
2023-09-16 17:30:00,2,734.33,1.12,44.55,35.05,59.13,22.84,29.79,7.54
2023-09-16 18:30:00,3,794.41,0.12,42.84,30.4,51.02,25.65,35.22,8.99
2023-09-16 19:30:00,3,867.84,0.01,38.73,30.04,45.78,31.05,44.35,10.64
2023-09-16 20:30:00,3,907.9,0.01,37.36,29.68,44.82,36,52.08,11.15
2023-09-16 21:30:00,3,894.55,0.01,35.3,28.61,43.87,37.85,54.87,10.39
2023-09-16 22:30:00,3,881.2,0.03,34.62,23.96,42.92,37.4,53.72,9.75
2023-09-16 23:30:00,3,801.09,0.09,33.93,18.06,41.01,31.75,45.51,8.11
2023-09-17 00:30:00,2,674.25,0.07,30.16,18.78,36.24,24.09,33.66,6.14
2023-09-17 01:30:00,2,600.81,0.02,25.7,23.96,33.38,21.46,28.65,5.32
2023-09-17 02:30:00,2,567.44,0.01,22.96,26.46,31.95,21.61,27.75,5.07
2023-09-17 03:30:00,2,560.76,0.02,23.65,24.32,34.33,23.36,29.28,4.94
2023-09-17 04:30:00,3,567.44,0.04,25.02,21.82,37.19,25.39,31.25,4.81
2023-09-17 05:30:00,3,587.46,0.07,26.73,19.49,39.58,27.91,33.89,4.75
2023-09-17 06:30:00,3,654.22,0.23,30.16,15.74,42.92,31.74,38.53,5.26
2023-09-17 07:30:00,3,781.06,2.57,34.27,11.62,48.64,37.7,46.23,6.33
2023-09-17 08:30:00,3,847.82,5.03,38.39,9.83,56.74,41.98,50.64,6.4
2023-09-17 09:30:00,3,801.09,3.38,40.78,7.24,62.94,41.83,48.68,5.38
2023-09-17 10:30:00,3,774.38,4.75,37.36,11.18,64.85,39.07,44.52,4.75
2023-09-17 11:30:00,3,747.68,5.7,35.3,15.38,65.8,36.94,41.34,4.18
2023-09-17 12:30:00,3,787.73,5.59,36.33,18.06,61.99,38.19,42.48,4.56
2023-09-17 13:30:00,3,881.2,4.81,41.13,13.59,60.56,43.18,48.22,5.13
2023-09-17 14:30:00,3,961.3,4.47,45.24,7.15,59.6,46.17,52.02,5.45
2023-09-17 15:30:00,3,1028.06,5.76,48.67,1.92,62.94,49.12,55.73,5.76
2023-09-17 16:30:00,4,1041.41,6.87,50.04,0.84,66.76,50.89,57.33,5.57
2023-09-17 17:30:00,4,1001.36,4.92,50.72,1.74,64.85,50.41,56.33,5.38
2023-09-17 18:30:00,4,961.3,1.2,49.35,7.78,57.7,51.78,58.22,5.83
2023-09-17 19:30:00,4,1028.06,0.28,45.24,14.66,49.11,58.1,66.98,7.03
2023-09-17 20:30:00,4,1068.12,0.07,42.5,20.92,45.3,64.09,74.49,7.35
2023-09-17 21:30:00,4,1041.41,0.01,37.01,28.97,39.58,66.24,77.69,7.22
2023-09-17 22:30:00,4,974.66,0,32.22,36.12,35.76,66.38,77.83,6.84
2023-09-17 23:30:00,4,881.2,0,28.79,40.41,33.38,65.09,74.91,5.83
2023-09-18 00:30:00,4,774.38,0,26.05,41.48,31.47,65.04,72.77,4.88
2023-09-18 01:30:00,4,741,0,26.39,35.76,34.33,69.86,77.59,5
2023-09-18 02:30:00,4,707.63,0.01,25.36,30.4,33.86,70.87,78.49,5.13
2023-09-18 03:30:00,4,687.6,0.03,25.7,23.6,33.38,65.18,72.93,5.51
2023-09-18 04:30:00,4,680.92,0.14,26.73,16.45,32.9,56.21,64.33,5.95
2023-09-18 05:30:00,3,680.92,0.56,27.76,9.66,32.42,47.29,56.24,6.59
2023-09-18 06:30:00,3,747.68,2.82,29.47,3.58,35.29,42.68,53.75,8.11
2023-09-18 07:30:00,3,867.84,11.62,26.73,5.72,41.96,41.99,56.22,10.77
2023-09-18 08:30:00,3,907.9,18.33,24.68,15.74,48.64,38.49,53.23,11.91
2023-09-18 09:30:00,3,634.19,11.18,21.93,36.84,45.3,25.13,34.75,8.61
2023-09-18 10:30:00,2,500.68,6.2,19.02,62.23,40.53,23.01,30.29,7.28
2023-09-18 11:30:00,3,427.25,3.55,16.11,88.69,36.72,27.02,33.07,6.52
2023-09-18 12:30:00,3,393.87,2.4,13.19,101.57,30.04,27.5,32.54,5.76
2023-09-18 13:30:00,3,397.21,2.43,13.02,104.43,28.13,25.9,30.75,5.64
2023-09-18 14:30:00,3,417.23,2.63,14.57,104.43,29.56,26.05,31.07,6.02
2023-09-18 15:30:00,3,594.14,4.08,24.68,97.27,38.15,32.94,40.35,8.87
2023-09-18 16:30:00,3,807.76,5.09,38.39,80.11,45.78,39.27,49.3,11.4
2023-09-18 17:30:00,3,1014.71,4.14,55.52,55.07,52.45,43.76,56.23,13.55
2023-09-18 18:30:00,4,1308.44,0.78,75.4,27.54,60.56,54.27,71.39,16.47
2023-09-18 19:30:00,4,1682.28,0.61,76.77,12.52,56.27,70.55,94.65,19
2023-09-18 20:30:00,5,1842.5,1.52,70.6,6.79,51.02,80.75,106.94,16.97
2023-09-18 21:30:00,5,1789.09,1.19,63.06,7.6,45.78,80.45,106.64,14.06
2023-09-18 22:30:00,5,1789.09,1.84,61.69,5.32,41.96,81.1,109.85,13.05
2023-09-18 23:30:00,4,1682.28,4.02,57.58,1.72,36.72,74.93,102.74,10.39
2023-09-19 00:30:00,4,1401.9,4.53,50.04,0.99,31.47,60.39,81.91,7.22
2023-09-19 01:30:00,4,1201.63,4.02,44.55,0.92,32.9,54.71,72.04,6.4
2023-09-19 02:30:00,4,1108.17,4.14,40.44,0.76,39.1,57.32,72.31,6.21
2023-09-19 03:30:00,4,1028.06,4.58,38.39,0.63,46.73,61.77,74.43,5.83
2023-09-19 04:30:00,4,947.95,4.86,34.96,0.61,46.25,59.79,70.11,5.13
2023-09-19 05:30:00,4,854.49,3.58,33.59,1.52,42.44,53.67,61.41,4.81
2023-09-19 06:30:00,4,827.79,2.77,35.64,3.26,41.96,51.52,60.91,6.08
2023-09-19 07:30:00,4,1041.41,9.95,39.07,4.6,51.5,58.23,73.69,9.12
2023-09-19 08:30:00,4,1308.44,24.14,39.41,14.13,66.76,67.28,87.65,12.54
2023-09-19 09:30:00,4,1388.55,26.6,44.55,28.61,81.06,74.97,97.43,14.82
2023-09-19 10:30:00,5,1295.09,18.1,48.67,57.94,82.97,78.94,100.25,15.83
2023-09-19 11:30:00,5,1134.87,9.72,45.24,111.58,79.15,87.94,105.75,14.95
2023-09-19 12:30:00,4,674.25,4.14,25.02,137.33,51.5,62.4,71.81,8.11
2023-09-19 13:30:00,4,560.76,3.02,20.56,144.48,42.44,51.97,59.04,6.46
2023-09-19 14:30:00,4,554.08,3.13,22.96,141.62,45.3,48.45,55.28,6.52
2023-09-19 15:30:00,3,607.49,3.58,29.13,133.04,51.02,48.44,56.1,7.73
2023-09-19 16:30:00,4,747.68,4.25,41.13,117.3,57.7,51.58,61.1,9.88
2023-09-19 17:30:00,4,907.9,3.3,57.58,91.55,62.94,54.55,66.07,12.16
2023-09-19 18:30:00,5,3017.43,38,120.64,9.03,81.06,128.58,171.54,33.94
2023-09-19 19:30:00,5,6462.1,137.69,115.16,0,100.14,284.9,380.96,56.24
2023-09-19 20:30:00,5,9506.23,216.36,104.19,0,108.72,461.7,603.4,58.26
2023-09-19 21:30:00,5,11215.21,253.92,89.11,0,103.95,569.29,744.51,51.17
2023-09-19 22:30:00,5,10894.78,246.76,70.6,0,88.69,564.89,751.27,40.53
2023-09-19 23:30:00,5,8972.17,202.06,56.89,0,62.94,461.07,617.65,24.57
2023-09-20 00:30:00,5,4913.33,92.98,56.21,0,39.58,240.28,320.5,14.19
2023-09-20 01:30:00,5,3685,59.9,51.41,0,31.95,184.02,246.55,11.4
2023-09-20 02:30:00,5,3097.53,44.7,45.24,0,30.28,165.71,222.19,11.02
2023-09-20 03:30:00,5,2937.32,40.68,40.1,0,32.42,168.43,223.98,11.15
2023-09-20 04:30:00,5,2990.72,42.92,36.33,0,35.29,181.8,236.89,10.64
2023-09-20 05:30:00,5,3177.64,49.17,34.62,0,40.05,204.05,259.16,10.64
2023-09-20 06:30:00,5,3631.59,60.8,36.67,0,50.07,237.28,297.98,14.06
2023-09-20 07:30:00,5,4753.11,94.77,43.87,0.61,69.62,293.18,372.53,23.56
2023-09-20 08:30:00,5,5821.23,126.96,63.75,4.47,86.78,336.6,429.01,32.93
2023-09-20 09:30:00,5,1815.8,23.92,76.77,50.07,111.58,125.99,152.33,15.45
2023-09-20 10:30:00,5,1468.66,13.52,72.66,81.54,107.77,112.45,134.39,15.07
2023-09-20 11:30:00,5,1508.71,8.72,78.83,110.15,117.3,129.5,151.94,15.83
2023-09-20 12:30:00,5,1268.39,4.14,62.38,128.75,93.46,110.66,129.34,13.3
2023-09-20 13:30:00,5,1214.98,3.32,57.58,135.9,86.78,108.13,125.62,12.03
2023-09-20 14:30:00,5,1401.9,2.71,63.06,157.36,99.18,139.85,159.44,12.54
2023-09-20 15:30:00,5,1548.77,1.9,60.32,203.13,102.04,184.94,207.32,12.54
2023-09-20 16:30:00,5,1655.58,1.45,60.32,234.6,98.23,208.96,233.68,13.43
2023-09-20 17:30:00,5,1789.09,0.78,69.92,217.44,96.32,210.08,236.68,15.2
2023-09-20 18:30:00,5,3952.03,3.49,178.22,58.65,109.67,308.55,369.39,38.5
2023-09-20 19:30:00,5,7263.18,60.8,222.09,0,131.61,496.26,614.87,67.89
2023-09-20 20:30:00,5,9399.41,116.23,208.38,0,144.96,636.02,792.86,80.05
2023-09-20 21:30:00,5,10360.72,135.9,202.89,0,143.05,729.92,897.97,74.98
2023-09-20 22:30:00,5,10787.96,137.69,189.19,0,119.21,802.6,968.8,52.18
2023-09-20 23:30:00,5,10253.91,125.17,165.88,0,85.83,787.52,931.36,27.11
2023-09-21 00:30:00,5,8117.68,85.83,135.72,0,58.17,655.94,756.91,12.29
2023-09-21 01:30:00,5,7049.56,67.06,105.56,0,44.35,572.91,658.02,11.65
2023-09-21 02:30:00,5,6301.88,55.88,80.88,0,41.48,517.69,596.25,12.79
2023-09-21 03:30:00,5,5928.04,52.75,65.12,0,43.87,502.89,579.57,13.93
2023-09-21 04:30:00,5,5928.04,59.01,54.84,0,42.92,518.85,596.44,11.91
2023-09-21 05:30:00,5,5981.45,63.48,49.35,0,43.87,542.57,621.07,9.75
2023-09-21 06:30:00,5,4913.33,33.53,67.86,0,65.8,525.66,592.94,7.54
2023-09-21 07:30:00,5,5233.76,39.79,85.68,0.35,87.74,590.9,673.97,14.57
2023-09-21 08:30:00,5,5874.63,64.37,98.71,1.21,96.32,623.24,723.98,24.07
2023-09-21 09:30:00,5,3177.64,9.95,104.19,21.46,154.5,475.61,530.24,4.88
2023-09-21 10:30:00,5,2777.1,8.16,105.56,51.5,167.85,431.74,478.46,6.33
2023-09-21 11:30:00,5,2830.51,7.82,109.67,90.84,179.29,441.03,487.31,7.66
2023-09-21 12:30:00,5,2643.59,5.14,91.85,180.24,164.03,422.92,463.67,6.71
2023-09-21 13:30:00,5,2243.04,2.51,57.58,286.1,125.89,365.09,397,6.52
2023-09-21 14:30:00,5,1922.61,1.36,34.96,349.04,99.18,315.83,341.2,7.16
2023-09-21 15:30:00,5,1922.61,1.44,40.1,337.6,90.6,291.44,316.8,11.27
2023-09-21 16:30:00,5,2136.23,1.58,56.89,280.38,90.6,286.98,315.37,16.21
2023-09-21 17:30:00,5,2216.34,0.96,73.34,197.41,83.92,260.71,290.26,19.25
2023-09-21 18:30:00,5,3845.21,6.26,148.06,37.55,79.15,301.42,356.57,31.92
2023-09-21 19:30:00,5,6141.66,61.69,143.95,0,86.78,410.6,507.67,42.05
2023-09-21 20:30:00,5,7583.62,105.5,126.12,0,95.37,502.47,633.1,45.6
2023-09-21 21:30:00,5,8758.54,137.69,122.01,0,102.04,589.36,744.25,49.14
2023-09-21 22:30:00,5,9613.04,162.72,122.01,0,106.81,662.39,832.24,52.18
2023-09-21 23:30:00,5,9399.41,169.87,122.01,0,100.14,659.11,823.42,48.64
2023-09-22 00:30:00,5,8117.68,146.63,123.38,0,85.83,571.27,705.82,40.02
2023-09-22 01:30:00,5,7156.37,123.38,120.64,0,81.06,508.89,622.06,39.52
2023-09-22 02:30:00,5,6729.13,112.65,113.79,0,83.92,491.58,594.55,42.56
2023-09-22 03:30:00,5,6782.53,113.55,101.45,0,80.11,512.83,613.04,39.01
2023-09-22 04:30:00,5,7797.24,139.47,82.94,0,61.99,611.32,715.23,19.76
2023-09-22 05:30:00,5,9292.6,180.6,69.92,0,51.02,772.88,877.62,11.27
2023-09-22 06:30:00,5,6195.07,73.31,100.08,0,84.88,607.23,663.35,9.5
2023-09-22 07:30:00,5,5126.95,44.7,95.96,1.06,75.34,553.9,610.86,14.31
2023-09-22 08:30:00,5,4859.92,51.41,91.85,5.5,75.34,493.2,554.79,21.03
2023-09-22 09:30:00,5,2937.32,23.92,101.45,24.68,131.61,335.07,370.1,12.92
2023-09-22 10:30:00,5,2243.04,22.35,111.04,41.13,183.11,268.74,295.38,10.26
2023-09-22 11:30:00,5,1949.31,22.13,120.64,55.07,228.88,243.43,267.27,9.63
2023-09-22 12:30:00,5,1548.77,13.97,100.08,87.98,205.99,201.73,221.15,7.16
2023-09-22 13:30:00,5,1348.5,8.72,77.46,131.61,167.85,177.19,194.28,6.4
2023-09-22 14:30:00,5,1308.44,5.59,64.43,178.81,146.87,179.47,196.8,6.46
2023-09-22 15:30:00,5,1522.06,3.91,65.12,208.85,133.51,201.79,223.78,10.51
2023-09-22 16:30:00,5,2029.42,3.35,87.05,194.55,133.51,238.29,268.21,16.47
2023-09-22 17:30:00,5,2590.18,1.93,120.64,143.05,144.96,268.14,306,21.28
2023-09-22 18:30:00,5,4058.84,2.49,186.44,39.34,152.59,332.34,392.09,33.44
2023-09-22 19:30:00,5,6248.47,40.23,208.38,0,148.77,451.51,547.59,41.54
2023-09-22 20:30:00,5,7690.43,72.42,216.6,0,135.42,558.97,682.07,35.46
2023-09-22 21:30:00,5,7904.05,82.25,197.41,0,114.44,600.37,732.76,25.59
2023-09-22 22:30:00,5,6942.75,74.21,159.03,0,101.09,574.41,699.31,18.49
2023-09-22 23:30:00,5,5661.01,56.77,124.75,0,85.83,506.44,608.04,11.27
2023-09-23 00:30:00,5,4325.87,29.06,104.19,0,64.85,416.15,487.01,6.4
2023-09-23 01:30:00,5,3337.86,8.38,82.94,0.4,43.87,335.23,385.13,5.57
2023-09-23 02:30:00,5,2536.77,1.15,56.89,5.14,27.66,258.78,293.77,5.57
2023-09-23 03:30:00,5,1842.5,0.02,34.96,19.49,21.22,196.33,220.37,5.76
2023-09-23 04:30:00,5,1602.17,0.08,29.82,15.38,20.5,172.56,193.58,6.02
2023-09-23 05:30:00,5,1508.71,0.52,29.82,8.14,22.17,154.43,173.13,6.4
2023-09-23 06:30:00,5,1575.47,4.02,33.24,1.9,27.66,139.55,158.01,7.98
2023-09-23 07:30:00,5,1976.01,18.1,38.04,0.95,41.01,144.98,170.91,11.65
2023-09-23 08:30:00,5,2429.96,36.21,46.61,3.8,64.85,162.66,194.9,14.95
2023-09-23 09:30:00,5,1976.01,26.82,65.12,18.78,103.95,151.17,175.33,11.15
2023-09-23 10:30:00,5,1842.5,27.05,79.51,40.77,141.14,157.32,181.26,9.37
2023-09-23 11:30:00,5,1789.09,27.72,91.85,65.8,186.92,175.89,200.98,6.9
2023-09-23 12:30:00,5,1548.77,14.98,82.25,125.89,177.38,195.36,217.19,3.58
2023-09-23 13:30:00,5,1428.6,7.49,71.29,183.11,162.12,213.13,232.24,2.12
2023-09-23 14:30:00,5,1441.96,4.81,69.23,220.3,167.85,236.52,255.72,1.16
2023-09-23 15:30:00,5,1588.82,2.85,67.86,257.49,167.85,272.45,294.03,1.5
2023-09-23 16:30:00,5,1762.39,1.48,65.8,280.38,143.05,302.09,327.45,3.89
2023-09-23 17:30:00,5,1762.39,0.47,59.63,254.63,100.14,281.34,307.08,6.46
2023-09-23 18:30:00,5,2830.51,0.05,108.3,105.86,71.53,293.7,336.81,20.01
2023-09-23 19:30:00,5,4539.49,12.18,143.95,4.78,67.71,358.85,435.12,32.42
2023-09-23 20:30:00,5,5661.01,44.7,117.9,0,68.66,419.62,523,34.96
2023-09-23 21:30:00,5,6568.91,74.21,101.45,0,74.39,492.33,618.17,39.01
2023-09-23 22:30:00,5,7476.81,103.71,93.22,0,82.97,565.29,708.07,47.62
2023-09-23 23:30:00,5,7370,112.65,91.85,0,83.92,569.92,705.57,49.65
2023-09-24 00:30:00,5,6141.66,94.77,89.11,0,68.66,494.23,602.52,38.5
2023-09-24 01:30:00,5,5233.76,79.57,77.46,0,47.68,439.31,526.88,23.81
2023-09-24 02:30:00,5,4806.52,73.31,62.38,0,34.33,412.12,489.17,13.3
2023-09-24 03:30:00,5,4592.9,70.63,50.04,0,28.85,398.29,471.39,8.99
2023-09-24 04:30:00,5,4699.71,75.1,42.16,0,32.42,414.47,488.16,11.02
2023-09-24 05:30:00,5,5447.39,96.56,38.39,0,44.35,483.43,564.74,17.99
2023-09-24 06:30:00,5,6942.75,130.53,40.78,0,62.94,610.58,706.38,29.13
2023-09-24 07:30:00,5,8224.49,173.45,40.78,0.1,67.71,683.29,802.44,28.88
2023-09-24 08:30:00,5,7583.62,177.03,43.87,0.63,55.79,553.12,666.26,19.76
2023-09-24 09:30:00,5,1789.09,13.75,56.89,35.05,51.5,131.56,158.43,10.13
2023-09-24 10:30:00,5,1188.28,7.26,39.76,82.25,46.73,84.44,103.24,9.63
2023-09-24 11:30:00,5,1041.41,5.59,32.9,130.18,50.54,81.19,97.74,9.88
2023-09-24 12:30:00,4,814.44,2.54,20.05,171.66,38.62,74.26,87.89,7.66
2023-09-24 13:30:00,4,727.65,1.55,15.77,174.52,32.9,71.95,85.55,7.09
2023-09-24 14:30:00,5,720.98,1.26,16.62,167.37,32.9,75.85,91.6,7.73
2023-09-24 15:30:00,5,934.6,2.07,27.08,143.05,34.33,85.1,107.42,11.4
2023-09-24 16:30:00,5,1268.39,3.38,42.16,113.01,36.72,92.33,122.38,15.07
2023-09-24 17:30:00,5,1588.82,3.3,61.01,72.96,38.62,92.06,127.61,17.99
2023-09-24 18:30:00,5,2990.72,25.26,97.33,6.17,51.02,139.48,197.85,31.16
2023-09-24 19:30:00,5,4859.92,84.04,81.57,0,66.76,229.15,326.53,45.09
2023-09-24 20:30:00,5,6088.26,119.81,69.92,0,78.2,301.83,434.58,52.69
2023-09-24 21:30:00,5,6835.94,141.26,66.49,0,103.95,352.88,507.51,76
2023-09-24 22:30:00,5,7476.81,159.14,69.23,0,133.51,398.93,561.01,103.35
2023-09-24 23:30:00,5,7583.62,166.3,72.66,0,143.05,400.72,546.39,110.45
2023-09-25 00:30:00,5,6515.5,144.84,71.29,0,122.07,329.06,441.8,93.22
2023-09-25 01:30:00,5,5661.01,123.38,68.55,0,113.49,280.53,372.45,84.1
2023-09-25 02:30:00,5,5180.36,109.08,65.8,0,114.44,262.81,344.84,87.14
2023-09-25 03:30:00,5,4966.74,101.92,64.43,0,122.07,262.68,342.28,96.26
2023-09-25 04:30:00,5,4753.11,95.67,63.06,0,127.79,258.82,338.91,102.34
2023-09-25 05:30:00,5,4539.49,91.2,61.01,0,127.79,253.23,334.63,106.39
2023-09-25 06:30:00,5,5180.36,111.76,61.69,0,152.59,294.18,388.87,125.65
2023-09-25 07:30:00,5,8117.68,200.27,72.66,0.47,221.25,476.86,616.25,178.34
2023-09-25 08:30:00,5,11856.08,307.56,104.19,2.79,251.77,714.1,894.22,186.44
2023-09-25 09:30:00,5,3337.86,85.83,122.01,16.45,267.03,268.7,323.55,25.84
2023-09-25 10:30:00,5,2830.51,64.37,135.72,33.62,293.73,279.97,331.87,14.31
2023-09-25 11:30:00,5,2616.88,41.13,148.06,67.23,289.92,288.52,338.65,11.27
2023-09-25 12:30:00,5,1708.98,14.75,98.71,131.61,186.92,203.68,240.19,8.11
2023-09-25 13:30:00,5,1415.25,6.87,70.6,188.83,141.14,181.52,213.49,7.92
2023-09-25 14:30:00,5,1495.36,4.3,66.49,243.19,154.5,228.3,261.81,7.03
2023-09-25 15:30:00,5,2029.42,3.41,79.51,260.35,156.4,308.68,352.68,11.4
2023-09-25 16:30:00,5,2750.4,2.74,102.82,240.33,135.42,360.32,417.93,18.49
2023-09-25 17:30:00,5,3311.16,1.36,130.24,175.95,113.49,360.99,429.88,25.33
2023-09-25 18:30:00,5,5287.17,8.27,202.89,31.47,104.9,421.97,523.43,45.6
2023-09-25 19:30:00,5,8117.68,69.74,194.67,0,112.53,564.55,716.4,68.9
2023-09-25 20:30:00,5,10360.72,130.53,161.77,0,122.07,709.29,903.97,74.98
2023-09-25 21:30:00,5,11749.27,160.93,135.72,0,122.07,811.48,1030.72,68.9
2023-09-25 22:30:00,5,11749.27,164.51,112.41,0,113.49,821.15,1050.16,59.78
2023-09-25 23:30:00,5,10467.53,148.42,93.22,0,92.51,729.39,947.57,44.08
2023-09-26 00:30:00,5,8544.92,123.38,76.77,0,66.76,594.68,783.17,26.6
2023-09-26 01:30:00,5,7049.56,101.03,64.43,0,52.93,509.94,675.95,18.24
2023-09-26 02:30:00,5,5767.82,78.68,54.15,0,45.3,442.29,587.56,13.17
2023-09-26 03:30:00,5,4539.49,53.64,49.35,0,42.44,377.68,499.53,10.89
2023-09-26 04:30:00,5,4379.27,54.99,41.81,0,41.48,383.14,498.68,11.4
2023-09-26 05:30:00,5,4699.71,69.74,35.99,0,45.78,415.24,530.4,13.81
2023-09-26 06:30:00,5,5714.42,104.61,33.24,0,58.17,484.89,611.97,21.28
2023-09-26 07:30:00,5,8438.11,191.33,36.67,0.14,82.02,644.83,807.18,34.45
2023-09-26 08:30:00,5,11108.4,286.1,59.63,1.23,99.18,795.29,983.89,40.02
2023-09-26 09:30:00,5,3070.83,36.66,123.38,45.78,205.99,376.19,432.8,9.37
2023-09-26 10:30:00,5,3017.43,25.03,142.57,101.57,238.42,401.27,458.01,10.89
2023-09-26 11:30:00,5,3311.16,18.55,159.03,174.52,282.29,479.79,542.43,11.15
2023-09-26 12:30:00,5,2136.23,9.16,101.45,228.88,228.88,371.49,419.77,6.14
2023-09-26 13:30:00,5,1522.06,3.13,49.35,297.55,137.33,289.95,329.95,7.03
2023-09-26 14:30:00,5,1255.04,1.55,32.22,317.57,98.23,232.47,269.32,9.25
2023-09-26 15:30:00,5,1508.71,2.29,46.61,260.35,83.92,199.36,239.81,16.21
2023-09-26 16:30:00,5,2082.82,3.58,76.09,178.81,82.97,190.33,239.16,23.81
2023-09-26 17:30:00,5,2590.18,2.77,108.3,100.14,84.88,188.02,245.26,27.87
2023-09-26 18:30:00,5,3070.83,0.33,132.98,33.62,89.65,202.26,270.81,33.94
2023-09-26 19:30:00,5,3417.97,3.63,130.24,4.74,89.65,221.6,304.14,41.04
2023-09-26 20:30:00,5,3524.78,11.96,109.67,0.31,79.15,223.77,314.47,45.09
2023-09-26 21:30:00,5,3524.78,19.22,91.85,0.04,69.62,220.05,311.81,45.09
2023-09-26 22:30:00,5,3524.78,25.48,79.51,0,63.9,220.25,312.02,40.02
2023-09-26 23:30:00,5,3257.75,26.6,70.6,0,52.93,201.49,285.25,28.63
2023-09-27 00:30:00,5,2696.99,21.68,62.38,0,40.05,168.01,236.67,16.97
2023-09-27 01:30:00,5,2429.96,19.22,54.15,0.01,35.76,154.48,215.12,13.17
2023-09-27 02:30:00,5,2296.45,18.78,47.3,0,35.29,151.46,208.33,11.78
2023-09-27 03:30:00,5,2216.34,19.45,41.81,0,35.29,151.85,207.75,11.15
2023-09-27 04:30:00,5,2162.93,20.12,38.04,0,35.29,152.69,207.43,10.64
2023-09-27 05:30:00,5,2243.04,24.59,36.33,0,36.72,159.53,214.9,11.02
2023-09-27 06:30:00,5,2723.69,40.23,37.7,0,45.78,187.06,249.85,15.58
2023-09-27 07:30:00,5,3898.62,75.1,42.5,0.57,61.99,243.02,325.75,25.59
2023-09-27 08:30:00,5,4539.49,92.98,57.58,5.1,72.48,269.74,362.27,31.92
2023-09-27 09:30:00,5,2323.15,16.09,76.09,77.25,91.55,182.51,229.92,23.31
2023-09-27 10:30:00,5,1895.9,7.82,58.95,154.5,94.41,179.54,222.57,21.53
2023-09-27 11:30:00,5,1602.17,3.91,41.81,240.33,89.65,190.9,231.47,19.51
2023-09-27 12:30:00,5,934.6,1.73,18.51,231.74,50.54,115.4,146.84,12.16
2023-09-27 13:30:00,5,747.68,1.54,15.08,208.85,38.15,89.43,121.34,10.01
2023-09-27 14:30:00,5,720.98,1.59,16.11,197.41,36.24,81.62,113.99,9.88
2023-09-27 15:30:00,5,1068.12,3.27,33.24,173.09,45.3,92.75,130.22,14.69
2023-09-27 16:30:00,5,1602.17,4.97,58.95,134.47,55.31,112.08,158.14,20.52
2023-09-27 17:30:00,5,2082.82,4.19,89.11,79.39,59.6,124.01,177.05,25.08
2023-09-27 18:30:00,5,2536.77,0.86,113.79,22.53,63.9,139.09,200.5,31.41
2023-09-27 19:30:00,5,2857.21,5.03,106.93,2.68,65.8,156.73,228.11,38
2023-09-27 20:30:00,5,2857.21,7.49,90.48,1.03,61.04,165.82,241.58,41.54
2023-09-27 21:30:00,5,2857.21,7.49,82.25,0.95,59.13,175.54,251.95,43.06
2023-09-27 22:30:00,5,2990.72,10.17,78.14,0.4,58.17,189.53,268.35,43.57
2023-09-27 23:30:00,5,2830.51,10.28,73.34,0.37,49.59,182.83,256.05,33.94
2023-09-28 00:30:00,5,2376.56,7.49,65.8,0.65,37.19,159.21,219.95,20.27
2023-09-28 01:30:00,5,2136.23,6.26,56.89,0.84,31.95,150.85,203.91,14.19
2023-09-28 02:30:00,5,2082.82,6.09,50.72,0.79,30.52,153.18,203.67,11.27
2023-09-28 03:30:00,5,2056.12,6.71,45.93,0.63,30.28,157.7,207.61,9.88
2023-09-28 04:30:00,5,2029.42,7.93,42.5,0.42,30.04,160.81,209.67,9.25
2023-09-28 05:30:00,5,2136.23,13.08,39.76,0.11,30.52,166.41,215.62,9.25
2023-09-28 06:30:00,5,2563.48,28.61,40.1,0.01,38.15,188.94,245.84,13.43
2023-09-28 07:30:00,5,3685,65.27,43.53,0.78,54.84,240.97,319.18,24.57
2023-09-28 08:30:00,5,4539.49,92.09,59.63,5.9,68.66,279.68,371.99,34.45
2023-09-28 09:30:00,5,3738.4,36.66,102.82,50.07,84.88,256.12,335.29,33.94
2023-09-28 10:30:00,5,3578.19,15.42,104.19,150.2,102.04,296.72,378.68,33.94
2023-09-28 11:30:00,5,3204.35,6.2,78.14,294.69,112.53,349.36,434.58,30.15
2023-09-28 12:30:00,5,1335.14,1.96,26.73,297.55,73.43,168.83,242.52,15.2
2023-09-28 13:30:00,5,894.55,1.52,18.16,257.49,51.02,116.1,181.19,11.65
2023-09-28 14:30:00,5,774.38,1.58,17.82,226.02,43.87,95.3,155.26,10.64
2023-09-28 15:30:00,5,1134.87,3.49,36.67,183.11,50.54,102.42,165.39,15.71
2023-09-28 16:30:00,5,1842.5,5.81,69.23,137.33,61.99,128.46,200.97,22.8
2023-09-28 17:30:00,5,2510.07,5.31,108.3,77.25,68.66,149.36,230.24,28.37
2023-09-28 18:30:00,5,3524.78,10.73,143.95,8.94,78.2,189.61,285.37,39.01
2023-09-28 19:30:00,5,4539.49,41.13,127.49,0,83.92,244.37,362.47,50.66
2023-09-28 20:30:00,5,4806.52,49.62,111.04,0,78.2,271.34,402.48,55.73
2023-09-28 21:30:00,5,4646.3,46.49,97.33,0,72.48,277.09,407.76,54.72
2023-09-28 22:30:00,5,4219.06,37.1,89.11,0,66.76,264.78,388.47,52.69
2023-09-28 23:30:00,5,3471.37,22.8,81.57,0.05,54.84,220.54,324.21,42.05
2023-09-29 00:30:00,5,2696.99,12.85,71.29,0.2,40.53,174.65,255.73,29.39
2023-09-29 01:30:00,5,2483.37,12.18,61.69,0.2,36.24,166.11,238.32,26.09
2023-09-29 02:30:00,5,2429.96,12.74,54.84,0.14,36.72,169.53,239.18,23.81
2023-09-29 03:30:00,5,2483.37,15.42,49.35,0.06,38.15,177.73,249,21.28
2023-09-29 04:30:00,5,2643.59,22.13,43.53,0.01,40.05,193.56,269.71,19.76
2023-09-29 05:30:00,5,2990.72,35.76,38.73,0,45.3,220.63,304.46,21.28
2023-09-29 06:30:00,5,4005.43,69.74,36.33,0,59.6,281.63,385.01,30.91
2023-09-29 07:30:00,5,6462.1,153.78,38.73,0.27,83.92,415.5,561.03,51.17
2023-09-29 08:30:00,5,8865.36,243.19,58.26,2.03,98.23,524.05,701.02,64.34
2023-09-29 09:30:00,5,3578.19,45.15,108.3,43.63,115.39,249.28,356.3,36.98
2023-09-29 10:30:00,5,3337.86,20.34,115.16,123.02,137.33,280.83,391.16,35.97
2023-09-29 11:30:00,5,3284.45,9.05,100.08,263.21,148.77,354.77,469.81,32.93
2023-09-29 12:30:00,5,1375.2,2.63,32.9,277.52,81.06,176.09,261.55,17.23
2023-09-29 13:30:00,5,974.66,1.79,21.76,263.21,57.7,130.5,198.91,13.3
2023-09-29 14:30:00,5,907.9,1.79,23.65,257.49,58.17,120.83,184.1,12.67
2023-09-29 15:30:00,5,1588.82,4.19,55.52,220.3,71.53,147.53,219.41,20.77
2023-09-29 16:30:00,5,2777.1,7.15,106.93,158.79,85.83,199.34,288,31.16
2023-09-29 17:30:00,5,3845.21,7.1,161.77,75.82,95.37,238.41,340.58,38
2023-09-29 18:30:00,5,5928.04,45.15,200.15,2.39,112.53,328.42,460.38,55.73
2023-09-29 19:30:00,5,8224.49,112.65,186.44,0,133.51,455.86,626,76
2023-09-29 20:30:00,5,9399.41,139.47,175.48,0,141.14,538.07,730.09,82.08
2023-09-29 21:30:00,5,9719.85,143.05,171.36,0,143.05,581.31,778.91,81.06
2023-09-29 22:30:00,5,9933.47,148.42,167.25,0,152.59,631.27,837.26,89.17
2023-09-29 23:30:00,5,9826.66,151.99,160.4,0,160.22,639.92,844.05,93.22
2023-09-30 00:30:00,5,8758.54,135.9,152.17,0,146.87,581.74,762.11,80.05
2023-09-30 01:30:00,5,8010.86,118.02,137.09,0,131.61,551.56,708.64,67.89
2023-09-30 02:30:00,5,8010.86,112.65,119.27,0,119.21,574.48,724.57,58.26
2023-09-30 03:30:00,5,7583.62,101.92,98.71,0,88.69,573.18,717.24,40.02
2023-09-30 04:30:00,5,6729.13,84.94,81.57,0,52.93,525.84,657.33,19.25
2023-09-30 05:30:00,5,6141.66,76,67.17,0,34.81,487.94,604.03,10.01
2023-10-02 06:30:00,5,2670.29,20.56,56.21,0.15,53.41,235.19,320.24,35.97
2023-10-02 07:30:00,5,4005.43,61.69,56.89,0.76,73.43,303.22,411.99,50.66
2023-10-02 08:30:00,5,4592.9,81.36,67.86,6.71,81.06,323.2,440.31,54.21
2023-10-02 09:30:00,5,3337.86,29.95,89.11,50.07,83.92,261.26,353.14,42.56
2023-10-02 10:30:00,5,2830.51,11.96,78.14,138.76,88.69,258.91,343.94,36.98
2023-10-02 11:30:00,5,2243.04,4.75,52.78,251.77,87.74,264.66,341.94,31.41
2023-10-02 12:30:00,5,1001.36,1.61,20.91,280.38,64.85,132.15,173.68,14.31
2023-10-02 13:30:00,5,747.68,1.26,15.08,251.77,44.35,99.22,132.63,10.77
2023-10-02 14:30:00,5,660.9,1.16,13.71,223.16,34.33,84.34,115.4,9.88
2023-10-02 15:30:00,5,794.41,2.15,23.99,185.97,39.58,77.94,109.06,12.16
2023-10-02 16:30:00,5,1028.06,3.02,38.73,144.48,46.73,76.38,108.85,15.33
2023-10-02 17:30:00,5,1214.98,2.01,54.15,104.43,48.64,75.78,109.04,18.24
2023-10-02 18:30:00,5,1615.52,0.1,74.03,59.37,53.41,87.62,126.44,24.57
2023-10-02 19:30:00,5,2109.53,0.03,84.31,28.61,58.65,109.54,158.69,32.93
2023-10-02 20:30:00,5,2296.45,0.23,80.88,17.52,59.6,123.11,178.86,38
2023-10-02 21:30:00,5,2376.56,0.5,78.14,13.59,60.56,132.3,191.06,40.02
2023-10-02 22:30:00,5,2456.67,0.82,76.77,10.55,60.08,138.44,199,40.02
2023-10-02 23:30:00,5,2189.64,0.52,69.92,13.23,51.98,122.81,176.68,33.94
2023-10-03 00:30:00,5,1655.58,0.05,55.52,25.39,39.1,91.79,131.35,24.32
2023-10-03 01:30:00,5,1308.44,0,42.84,38.98,34.33,76.01,107.55,20.52
2023-10-03 02:30:00,4,1148.22,0,35.99,45.78,33.86,70.51,98.45,19.51
2023-10-03 03:30:00,4,1068.12,0,32.9,48.64,33.38,67.67,94.22,19.51
2023-10-03 04:30:00,4,1068.12,0,32.9,44.35,32.9,68.43,94.68,20.27
2023-10-03 05:30:00,4,1148.22,0.01,37.01,36.48,34.81,73.92,101.46,22.29
2023-10-03 06:30:00,5,1468.66,0.42,51.41,21.82,41.96,92.69,127.34,27.87
2023-10-03 07:30:00,5,2243.04,14.08,67.86,6.44,55.79,129.24,180.14,38
2023-10-03 08:30:00,5,2803.8,39.34,66.49,15.2,61.99,149.33,210.13,43.06
2023-10-03 09:30:00,5,2750.4,38,69.92,31.83,63.9,150.9,210.75,42.56
2023-10-03 10:30:00,5,2590.18,21.9,71.29,72.96,65.8,165.18,223.17,40.02
2023-10-03 11:30:00,5,2082.82,8.61,54.15,150.2,63.9,174.68,225.12,33.44
2023-10-03 12:30:00,5,694.27,1.36,12.68,203.13,32.42,81.35,107.22,11.15
2023-10-03 13:30:00,5,547.41,1.09,9.6,185.97,23.37,62.08,83.57,8.23
2023-10-03 14:30:00,4,500.68,1.08,9.6,175.95,20.98,52.82,72.19,7.47
2023-10-03 15:30:00,4,694.27,2.18,20.73,160.22,31.95,59.56,81.41,10.77
2023-10-03 16:30:00,5,961.3,2.63,34.27,144.48,41.96,75.4,101.56,14.95
2023-10-03 17:30:00,5,1188.28,1.37,49.35,118.73,46.73,88.72,118.72,18.75
2023-10-03 18:30:00,5,1695.63,0.04,71.97,73.67,53.88,109.51,148.01,25.59
2023-10-03 19:30:00,5,2296.45,0.01,87.74,36.12,60.08,138.27,190.71,34.96
2023-10-03 20:30:00,5,2590.18,0.29,90.48,17.34,61.04,158.45,220.78,40.53
2023-10-03 21:30:00,5,2750.4,1.55,87.05,7.78,61.04,170.71,238.5,44.08
2023-10-03 22:30:00,5,2750.4,3.13,80.88,3.8,58.17,173.5,242.91,44.08
2023-10-03 23:30:00,5,2429.96,2.65,72.66,4.38,48.16,156.38,218.22,38
2023-10-04 00:30:00,5,1869.2,0.56,60.32,11.62,35.76,127.62,176.53,29.13
2023-10-04 01:30:00,5,1575.47,0.07,48.67,21.1,31.95,117.46,160.32,26.09
2023-10-04 02:30:00,5,1468.66,0.02,42.84,26.46,31.95,119.95,161.89,25.08
2023-10-04 03:30:00,5,1455.31,0.02,40.1,27.18,31.47,127.04,169.92,24.57
2023-10-04 04:30:00,5,1508.71,0.06,40.44,22.89,30.99,136.84,181.59,22.55
2023-10-04 05:30:00,5,1668.93,0.52,45.93,13.95,32.9,151.49,199.04,19.51
2023-10-04 06:30:00,5,2162.93,7.82,56.21,2.86,41.01,180.62,237.96,23.05
2023-10-04 07:30:00,5,3097.53,33.08,65.12,1.86,56.74,231.37,308.98,35.97
2023-10-04 08:30:00,5,3524.78,43.36,78.83,16.63,66.76,250.73,337.45,39.52
2023-10-04 09:30:00,5,2403.26,12.96,75.4,94.41,74.39,210.24,282.38,28.88
2023-10-04 10:30:00,5,2056.12,7.6,56.21,155.93,75.34,207.73,276.63,27.36
2023-10-04 11:30:00,5,1682.28,3.8,37.7,223.16,67.71,205.14,268.69,25.08
2023-10-04 12:30:00,5,727.65,1.23,12.51,214.58,34.33,99.67,136.3,10.77
2023-10-04 13:30:00,5,607.49,1.06,10.45,203.13,27.42,79.62,108.18,8.74
2023-10-04 14:30:00,5,594.14,1.03,10.97,203.13,27.42,78.66,105.82,8.74
2023-10-04 15:30:00,5,794.41,1.93,22.96,188.83,40.05,89.27,119.7,12.29
2023-10-04 16:30:00,5,1068.12,2.43,38.73,160.22,49.59,99.27,134.59,16.21
2023-10-04 17:30:00,5,1281.74,1.34,54.84,120.16,51.98,99.96,138.06,19.25
2023-10-04 18:30:00,5,1588.82,0.04,67.86,80.82,55.31,106.25,149.67,24.07
2023-10-04 19:30:00,5,1922.61,0,74.03,57.94,57.22,121.8,174.75,30.4
2023-10-04 20:30:00,5,2109.53,0,71.97,48.64,56.74,137.2,197.36,34.45
2023-10-04 21:30:00,5,2403.26,0.01,75.4,34.69,57.7,158,224.9,39.52
2023-10-04 22:30:00,5,2803.8,0.94,84.31,11.8,58.65,185.6,260.17,43.57
2023-10-04 23:30:00,5,2803.8,5.42,80.2,1.65,49.59,185.51,256.8,39.52
2023-10-05 00:30:00,5,2403.26,7.93,67.86,0.5,36.24,162.06,220.64,31.16
2023-10-05 01:30:00,5,2136.23,7.71,58.26,0.43,31.47,152.23,204.74,27.36
2023-10-05 02:30:00,5,2029.42,7.49,52.09,0.43,30.99,154.37,206.29,24.57
2023-10-05 03:30:00,5,2109.53,9.95,47.3,0.19,31.47,167.25,221.96,21.03
2023-10-05 04:30:00,5,2296.45,15.87,42.84,0.03,31.95,184.84,243.74,19.25
2023-10-05 05:30:00,5,2510.07,25.03,40.1,0.01,34.33,204.35,268.59,19.76
2023-10-05 06:30:00,5,3257.75,50.51,40.1,0,44.82,247.65,326.57,28.63
2023-10-05 07:30:00,5,5073.55,113.55,44.55,0.33,66.76,338.31,450.99,50.66
2023-10-05 08:30:00,5,6195.07,157.36,59.63,3.08,77.25,379.91,509.59,57.25
2023-10-05 09:30:00,5,2937.32,32.19,84.31,43.99,69.62,221.47,302.78,35.97
2023-10-05 10:30:00,5,2429.96,13.52,69.92,110.15,73.43,214.6,289.85,32.42
2023-10-05 11:30:00,5,1949.31,5.76,49.35,197.41,76.29,219.72,287.98,28.12
2023-10-05 12:30:00,5,854.49,1.61,16.96,226.02,48.16,123.61,175.6,12.92
2023-10-05 13:30:00,5,687.6,1.34,13.54,211.72,38.15,102.04,148.2,10.39
2023-10-05 14:30:00,5,640.87,1.37,14.05,194.55,35.76,92.62,136.08,10.01
2023-10-05 15:30:00,5,921.25,2.79,29.13,168.8,44.82,98.54,143.26,13.93
2023-10-05 16:30:00,5,1335.14,4.08,51.41,133.04,53.88,111.56,160.46,19
2023-10-05 17:30:00,5,1708.98,2.71,77.46,86.55,56.74,118.53,170.2,23.05
2023-10-05 18:30:00,5,2563.48,1.98,116.53,21.28,66.76,148.28,211.34,32.42
2023-10-05 19:30:00,5,3578.19,22.58,116.53,0.09,77.25,202.59,285.9,46.1
2023-10-05 20:30:00,5,4058.84,33.08,102.82,0,78.2,243.59,342.02,53.7
2023-10-05 21:30:00,5,4539.49,42.02,94.59,0,79.15,285.59,395.88,59.28
2023-10-05 22:30:00,5,5287.17,57.22,90.48,0,80.11,338.73,463.92,63.84
2023-10-05 23:30:00,5,5287.17,62.58,85.68,0,68.66,341.31,465.32,55.22
2023-10-06 00:30:00,5,4432.68,52.75,78.14,0,49.59,287.37,392.05,38
2023-10-06 01:30:00,5,3791.81,42.02,69.23,0,41.48,257.59,346.66,30.4
2023-10-06 02:30:00,5,3471.37,37.55,61.01,0,38.62,250.44,329.96,28.12
2023-10-06 03:30:00,5,3231.05,35.76,53.47,0,36.72,243.22,316.22,27.36
2023-10-06 04:30:00,5,2857.21,32.19,47.3,0,33.38,223.6,289.84,26.85
2023-10-06 05:30:00,5,2376.56,24.14,45.93,0.05,30.99,191.28,249.14,27.87
2023-10-06 06:30:00,5,1655.58,1.66,56.89,8.31,33.38,149.63,199.11,29.13
2023-10-06 07:30:00,5,2162.93,14.53,65.12,4.16,45.3,164.1,222.89,34.96
2023-10-06 08:30:00,5,2883.91,43.81,67.86,11.8,57.7,186.74,258.58,41.54
2023-10-06 09:30:00,5,3417.97,52.3,85,26.11,70.57,214.21,297.98,46.1
2023-10-06 10:30:00,5,3631.59,33.97,109.67,70.81,80.11,252.31,343.88,46.61
2023-10-06 11:30:00,5,3417.97,14.53,104.19,168.8,85.83,295.26,384.74,42.05
2023-10-06 12:30:00,5,1081.47,3.46,31.19,197.41,55.31,117.48,184.05,19.76
2023-10-06 13:30:00,5,727.65,1.96,19.54,208.85,41.48,95.25,163.15,14.82
2023-10-06 14:30:00,5,654.22,1.68,18.51,205.99,37.19,86.08,156.99,13.55
2023-10-06 15:30:00,5,1508.71,5.59,57.58,164.51,51.5,118.87,199.89,22.55
2023-10-06 16:30:00,5,3017.43,12.18,119.27,98.71,71.53,182.51,280.81,33.44
2023-10-06 17:30:00,5,4486.08,26.6,175.48,23.6,86.78,241.06,357.87,43.06
2023-10-06 18:30:00,5,6835.94,94.77,178.22,0.2,112.53,350.78,501.92,63.84
2023-10-06 19:30:00,5,9292.6,162.72,159.03,0,137.33,510.26,706.93,90.18
2023-10-06 20:30:00,5,10787.96,187.75,143.95,0,144.96,636.77,870.14,108.42
2023-10-06 21:30:00,5,11215.21,184.18,134.35,0,141.14,706.89,960.19,114.5
2023-10-06 22:30:00,5,11428.83,180.6,127.49,0,131.61,749.21,1007.13,107.41
2023-10-06 23:30:00,5,11322.02,184.18,123.38,0,116.35,757.12,994.53,86.13
2023-10-07 00:30:00,5,10681.15,182.39,123.38,0,89.65,727.42,924.3,55.22
2023-10-07 01:30:00,5,10253.91,184.18,120.64,0,62.94,720.12,887.66,35.97
2023-10-07 02:30:00,5,10040.28,196.7,113.79,0,44.82,727.6,878.8,25.84
2023-10-07 03:30:00,5,9185.79,185.97,97.33,0,32.9,664.64,795.33,20.01
2023-10-07 04:30:00,5,6835.94,118.02,82.25,0,26.46,483.03,586.27,19
2023-10-07 05:30:00,5,3898.62,46.49,69.92,0.01,23.84,273.35,350.3,20.52
2023-10-07 06:30:00,5,1522.06,1.16,55.52,9.39,25.03,111.45,164.15,24.07
2023-10-07 07:30:00,5,1428.6,5.42,52.09,9.03,33.86,88.76,138.97,28.88
2023-10-07 08:30:00,5,1562.12,16.76,49.35,22.17,41.01,83.44,137.12,30.4
2023-10-07 09:30:00,5,1455.31,16.76,48.67,45.78,47.68,78.81,133.32,29.39
2023-10-07 10:30:00,5,1455.31,12.18,48.67,83.68,55.79,89.26,145.61,29.39
2023-10-07 11:30:00,5,1401.9,6.26,42.5,154.5,61.04,115.11,171.68,28.63
2023-10-07 12:30:00,4,607.49,1.84,14.74,164.51,33.38,67.39,128.18,12.92
2023-10-07 13:30:00,4,473.98,1.3,10.71,160.22,25.03,56.1,119.51,9.5
2023-10-07 14:30:00,4,460.62,1.26,11.31,157.36,23.84,52.71,116.03,8.99
2023-10-07 15:30:00,4,687.6,2.46,23.31,143.05,30.99,59.34,123.36,11.91
2023-10-07 16:30:00,4,1108.17,3.63,44.55,115.87,39.58,72.59,139.63,16.21
2023-10-07 17:30:00,5,1508.71,2.24,71.29,73.67,44.82,82.85,152.75,20.27
2023-10-07 18:30:00,5,2883.91,17.43,117.9,6.79,60.56,131.86,219.13,33.44
2023-10-07 19:30:00,5,4699.71,69.74,108.3,0,78.2,222.58,338.75,51.17
2023-10-07 20:30:00,5,5981.45,99.24,97.33,0,84.88,308.79,450.4,60.29
2023-10-07 21:30:00,5,6942.75,114.44,91.85,0,87.74,390.02,550.15,57.25
2023-10-07 22:30:00,5,8010.86,137.69,89.11,0,92.51,471,650.1,58.26
2023-10-07 23:30:00,5,8651.73,164.51,84.31,0,91.55,514.46,705,56.24
2023-10-08 00:30:00,5,8224.49,175.24,74.03,0,75.34,485.54,662.38,46.61
2023-10-08 01:30:00,5,6568.91,148.42,58.26,0,46.25,390.61,524.43,30.4
2023-10-08 02:30:00,5,4325.87,92.09,45.24,0,27.66,255.92,343.18,20.77
2023-10-08 03:30:00,5,1348.5,4.41,47.3,7.06,18.84,84.29,132.45,20.27
2023-10-08 04:30:00,4,774.38,0.01,28.79,28.97,16.93,51.65,86.64,19.76
2023-10-08 05:30:00,3,594.14,0,21.42,45.42,17.4,44.39,77.21,19
2023-10-08 06:30:00,3,594.14,0,22.96,52.21,21.93,45.61,83.06,19.25
2023-10-08 07:30:00,4,807.76,0.92,34.27,42.2,28.85,53.11,97.96,22.04
2023-10-08 08:30:00,4,974.66,6.71,37.36,40.41,34.33,57.54,107.13,23.31
2023-10-08 09:30:00,4,1001.36,9.95,35.3,52.21,39.1,59.74,111.13,23.31
2023-10-08 10:30:00,4,974.66,7.93,32.56,81.54,44.35,64.56,116.74,23.31
2023-10-08 11:30:00,4,867.84,4.53,27.76,131.61,47.68,73.91,125.77,21.79
2023-10-08 12:30:00,4,453.95,1.55,10.88,140.19,24.8,52.49,120.47,9.5
2023-10-08 13:30:00,4,380.52,1.2,8.74,138.76,20.27,48.3,121.7,6.52
2023-10-08 14:30:00,4,380.52,1.2,9.6,137.33,20.98,48.5,124.18,6.14
2023-10-08 15:30:00,4,674.25,2.82,23.99,123.02,29.56,58.53,138.79,9.88
2023-10-08 16:30:00,4,1148.22,4.3,47.3,95.84,38.62,74.55,159.17,15.07
2023-10-08 17:30:00,5,1602.17,2.88,76.77,52.21,44.35,86.58,175.19,19.51
2023-10-08 18:30:00,5,3231.05,35.76,111.04,1.45,62.94,144.44,251.88,34.45
2023-10-08 19:30:00,5,5500.79,102.82,102.82,0,84.88,251.38,394.18,52.69
2023-10-08 20:30:00,5,7263.18,150.2,91.85,0,96.32,362.85,539.07,64.34
2023-10-08 21:30:00,5,8865.36,189.54,83.63,0,103.95,481.91,688.02,73.97
2023-10-08 22:30:00,5,10147.09,221.73,78.14,0,121.12,579.88,809.04,91.2
2023-10-08 23:30:00,5,10147.09,232.46,73.34,0,133.51,593.48,823.45,102.34
2023-10-09 00:30:00,5,8224.49,196.7,63.75,0,113.49,471.2,662.76,88.16
2023-10-09 01:30:00,5,5554.2,132.32,48.67,0,68.66,311.65,448.53,56.24
2023-10-09 02:30:00,5,3257.75,70.63,37.7,0,38.15,184.18,269.95,33.94
2023-10-09 03:30:00,4,1041.41,4.19,40.78,3.22,23.13,64,107.94,25.08
2023-10-09 04:30:00,3,707.63,0.16,29.47,15.91,20.98,46.85,80.3,22.29
2023-10-09 05:30:00,3,614.17,0.01,24.33,31.11,20.98,40.78,68.83,21.53
2023-10-09 06:30:00,3,660.9,0,28.1,39.7,26.23,40.28,69.08,22.29
2023-10-09 07:30:00,3,961.3,1.87,42.5,27.18,33.86,49.57,85.51,26.09
2023-10-09 08:30:00,4,1255.04,12.96,45.93,25.75,40.05,58.64,101.17,28.37
2023-10-09 09:30:00,4,1348.5,17.88,45.24,38.27,44.35,63.43,109.07,28.88
2023-10-09 10:30:00,4,1295.09,13.63,45.24,66.52,49.59,67.79,114.46,28.37
2023-10-09 11:30:00,5,1201.63,8.16,43.53,118.73,55.31,79.31,126.36,27.36
2023-10-09 12:30:00,4,460.62,2.07,12.85,125.89,23.6,44.79,112.34,9.12
2023-10-09 13:30:00,4,383.85,1.48,10.02,125.89,18.6,43.08,120.56,6.21
2023-10-09 14:30:00,4,387.19,1.45,11.14,124.45,19.31,43.24,121.79,6.08
2023-10-09 15:30:00,4,814.44,4.3,32.56,104.43,33.38,57.56,140.03,12.16
2023-10-09 16:30:00,5,1441.96,7.93,65.12,70.81,47.68,77.99,165.5,19.25
2023-10-09 17:30:00,5,1976.01,10.51,98.71,22.35,54.36,90.61,179.92,24.83
2023-10-09 18:30:00,5,3150.94,49.17,105.56,0.19,70.57,130.69,232.67,37.49
2023-10-09 19:30:00,5,4806.52,99.24,100.08,0,93.46,208.7,340.1,55.22
2023-10-09 20:30:00,5,5981.45,123.38,95.96,0,103.95,282.06,437.94,66.88
2023-10-09 21:30:00,5,6835.94,139.47,87.74,0,108.72,345.65,518.15,73.97
2023-10-09 22:30:00,5,7690.43,162.72,81.57,0,116.35,410.61,601.79,83.09
2023-10-09 23:30:00,5,7904.05,177.03,76.09,0,116.35,429.08,621.14,84.1
2023-10-10 00:30:00,5,6462.1,151.99,68.55,0,88.69,340.22,499.09,61.81
2023-10-10 01:30:00,5,4165.65,91.2,56.89,0,49.11,212.99,322.01,33.94
2023-10-10 02:30:00,5,2269.74,34.87,48.67,0.03,31.47,120.62,185.82,23.05
2023-10-10 03:30:00,3,680.92,0,28.45,40.41,21.22,44.94,76.66,19.51
2023-10-10 04:30:00,3,587.46,0,22.28,49.35,20.98,37.94,62.09,19.51
2023-10-10 05:30:00,3,600.81,0,23.31,48.64,21.93,36.35,58.83,19.51
2023-10-10 06:30:00,3,774.38,0.01,32.56,38.27,27.89,41.73,67.69,21.79
2023-10-10 07:30:00,4,1201.63,3.46,50.72,19.85,41.01,57.54,93.63,27.61
2023-10-10 08:30:00,4,1428.6,14.53,51.41,27.18,52.45,65.65,107.74,29.13
2023-10-10 09:30:00,4,1148.22,11.96,42.16,54.36,57.22,57.19,97.69,25.08
2023-10-10 10:30:00,4,1108.17,9.83,40.78,83.68,66.76,63.77,107.52,24.83
2023-10-10 11:30:00,5,1094.82,7.04,40.44,127.32,76.29,78.16,125.1,24.32
2023-10-10 12:30:00,4,640.87,2.77,19.88,141.62,42.44,55.74,112.9,12.92
2023-10-10 13:30:00,4,527.38,1.75,16.62,138.76,32.42,48.85,109.71,9.63
2023-10-10 14:30:00,4,520.71,1.36,19.02,128.75,31.47,45.1,101.74,9.25
2023-10-10 15:30:00,4,988.01,3.38,43.87,97.27,41.01,59.71,122.69,15.45
2023-10-10 16:30:00,5,1735.69,8.16,81.57,60.08,54.36,86.11,158.02,22.8
2023-10-10 17:30:00,5,2429.96,13.97,120.64,17.88,61.99,105.77,184.44,27.61
2023-10-10 18:30:00,5,4432.68,85.83,131.61,0.11,83.92,179.66,287.05,46.1
2023-10-10 19:30:00,5,7049.56,175.24,124.75,0,112.53,306.07,459.85,72.96
2023-10-10 20:30:00,5,8865.36,228.88,113.79,0,139.24,423.68,620.07,99.3
2023-10-10 21:30:00,5,10253.91,261.07,104.19,0,162.12,527.24,751.93,123.62
2023-10-10 22:30:00,5,10787.96,271.8,91.85,0,143.05,595.98,831.29,112.47
2023-10-10 23:30:00,5,9613.04,232.46,78.14,0,94.41,555.64,761.64,76
2023-10-11 00:30:00,5,5821.23,119.81,67.86,0,49.11,343.19,479.25,34.96
2023-10-11 01:30:00,5,3631.59,51.86,61.69,0,33.86,225.47,326.49,18.49
2023-10-11 02:30:00,5,2536.77,19.45,57.58,0.03,29.56,167.61,251.52,11.02
2023-10-11 03:30:00,5,1976.01,5.09,51.41,1.17,28.13,139.01,212.64,7.92
2023-10-11 04:30:00,5,1815.8,2.96,45.24,2.21,27.66,134.74,203.22,7.16
2023-10-11 05:30:00,5,1922.61,6.37,43.53,0.79,29.33,145.11,211.31,7.6
2023-10-11 06:30:00,5,2349.85,19.22,44.55,0.05,37.19,174.25,243.79,11.53
2023-10-11 07:30:00,5,3257.75,46.49,50.04,0.78,51.5,223.89,307.59,20.77
2023-10-11 08:30:00,5,3738.4,60.8,62.38,7.6,60.56,247.52,337.27,28.37
2023-10-11 09:30:00,5,2296.45,18.78,69.92,55.07,74.39,182.21,246.16,25.59
2023-10-11 10:30:00,5,2029.42,11.51,60.32,104.43,79.15,184.33,245.61,26.09
2023-10-11 11:30:00,5,1695.63,5.92,46.61,171.66,78.2,183.72,239.98,24.32
2023-10-11 12:30:00,5,774.38,1.93,17.31,188.83,39.1,102.98,146.4,11.65
2023-10-11 13:30:00,5,634.19,1.45,13.19,181.67,29.33,89.43,129.11,9.25
2023-10-11 14:30:00,5,620.84,1.38,13.54,175.95,27.89,86.09,124.6,9.12
2023-10-11 15:30:00,5,934.6,2.91,30.5,153.06,40.53,98.18,140.32,13.68
2023-10-11 16:30:00,5,1415.25,3.97,55.52,118.73,51.5,116.07,163.64,19.25
2023-10-11 17:30:00,5,1815.8,1.98,81.57,72.96,55.31,126.72,178.05,23.56
2023-10-11 18:30:00,5,2349.85,0.13,105.56,28.61,61.99,147.99,206.26,30.91
2023-10-11 19:30:00,5,2910.61,3.02,112.41,5.32,69.62,181.64,252.42,40.53
2023-10-11 20:30:00,5,3204.35,6.82,102.82,1.34,70.57,205.46,286.07,46.1
2023-10-11 21:30:00,5,3417.97,11.62,94.59,0.46,70.57,227.08,314.44,50.16
2023-10-11 22:30:00,5,3738.4,19.67,89.11,0.05,69.62,249.99,344.36,52.18
2023-10-11 23:30:00,5,3578.19,21.9,83.63,0.03,58.65,238.17,327.93,44.58
2023-10-12 00:30:00,5,2883.91,14.31,76.77,0.2,42.44,197.7,271.19,31.66
2023-10-12 01:30:00,5,2456.67,7.38,69.23,0.84,36.24,178.31,238.26,27.11
2023-10-12 02:30:00,5,2269.74,4.58,62.38,1.54,34.81,173.5,226.34,25.59
2023-10-12 03:30:00,5,2189.64,4.75,56.89,1.27,33.86,175.62,224.28,24.83
2023-10-12 04:30:00,5,2136.23,7.15,51.41,0.51,32.9,177.03,221.83,23.56
2023-10-12 05:30:00,5,2056.12,9.95,47.98,0.22,31.47,173.95,214.2,22.29
2023-10-12 06:30:00,5,2243.04,17.88,50.04,0.06,36.24,180.76,223.52,26.35
2023-10-12 07:30:00,5,3124.24,43.36,62.38,0.89,52.45,223.16,284.19,38
2023-10-12 08:30:00,5,4165.65,76,76.77,6.88,68.66,268.94,348.43,46.1
2023-10-12 09:30:00,5,3471.37,37.55,104.19,41.84,84.88,241.39,307.01,38.5
2023-10-12 10:30:00,5,3311.16,22.35,106.93,98.71,100.14,257.38,322.34,36.98
2023-10-12 11:30:00,5,2857.21,10.51,87.74,191.69,110.63,267.73,324.58,31.16
2023-10-12 12:30:00,5,1028.06,2.49,25.02,214.58,56.74,110.02,134.09,13.3
2023-10-12 13:30:00,5,741,1.54,15.42,205.99,39.1,84.95,104.41,9.75
2023-10-12 14:30:00,5,687.6,1.38,14.91,194.55,35.29,77.65,97.3,9.25
2023-10-12 15:30:00,5,1028.06,2.85,32.9,167.37,46.25,89.8,115.28,13.93
2023-10-12 16:30:00,5,1575.47,4.02,61.69,127.32,58.65,111.52,145.59,20.27
2023-10-12 17:30:00,5,2082.82,2.1,94.59,74.39,64.85,127.03,168.39,25.59
2023-10-12 18:30:00,5,2830.51,1.44,126.12,18.24,73.43,155.6,209.76,34.96
2023-10-12 19:30:00,5,3685,16.54,123.38,0.24,80.11,201.57,276.1,46.1
2023-10-12 20:30:00,5,4112.24,25.48,112.41,0.01,78.2,241.33,332.11,52.69
2023-10-12 21:30:00,5,5287.17,48.73,105.56,0,82.97,329.57,447.72,63.84
2023-10-12 22:30:00,5,6729.13,80.47,100.08,0,86.78,441.07,585.97,70.93
2023-10-12 23:30:00,5,7049.56,92.98,94.59,0,75.34,473.26,620.25,60.29
2023-10-13 00:30:00,5,6301.88,87.62,89.11,0,55.31,428.3,556.89,40.02
2023-10-13 01:30:00,5,5981.45,85.83,83.63,0,50.07,411.78,532.28,30.4
2023-10-13 02:30:00,5,6195.07,92.98,78.83,0,54.84,437.2,556.13,29.64
2023-10-13 03:30:00,5,6408.69,97.45,76.09,0,62.94,464.52,581.94,33.94
2023-10-13 04:30:00,5,6141.66,90.3,73.34,0,59.6,461.35,567.01,31.41
2023-10-13 05:30:00,5,5607.6,75.1,70.6,0,51.02,432.48,521.68,24.83
2023-10-13 06:30:00,5,5607.6,79.57,68.55,0,52.45,431.19,518.65,25.59
2023-10-13 07:30:00,5,7263.18,141.26,69.23,0.25,71.53,508.31,624.63,43.57
2023-10-13 08:30:00,5,9078.98,221.73,82.94,2.12,90.6,581.94,725.46,60.29
2023-10-13 09:30:00,5,4219.06,46.04,119.27,36.12,102.04,305.13,376.36,32.93
2023-10-13 10:30:00,5,3738.4,22.58,123.38,104.43,116.35,298.35,366.92,33.44
2023-10-13 11:30:00,5,3364.56,10.51,106.93,217.44,125.89,319.64,384.27,30.4
2023-10-13 12:30:00,5,1014.71,2.43,26.05,211.72,53.41,110.01,148.98,11.78
2023-10-13 13:30:00,5,674.25,1.41,14.91,200.27,36.24,87.68,130.99,7.85
2023-10-13 14:30:00,5,620.84,1.31,14.91,191.69,34.81,82.46,126.73,7.54
2023-10-13 15:30:00,5,1468.66,5.53,55.52,140.19,51.98,112.56,166.6,17.73
2023-10-13 16:30:00,5,3017.43,14.31,122.01,66.52,74.39,172.73,246.66,30.65
2023-10-13 17:30:00,5,4592.9,41.13,168.62,8.94,91.55,229.28,323.79,41.04
2023-10-13 18:30:00,5,6141.66,92.98,163.14,0.05,110.63,300.88,419.95,55.73
2023-10-13 19:30:00,5,7049.56,118.02,142.57,0,122.07,377.91,521.76,68.9
2023-10-13 20:30:00,5,7263.18,113.55,119.27,0,117.3,425.5,583.16,73.97
2023-10-13 21:30:00,5,7797.24,116.23,104.19,0,109.67,490.36,668.56,78.02
2023-10-13 22:30:00,5,9078.98,141.26,95.96,0,108.72,589.69,792.69,83.09
2023-10-13 23:30:00,5,9933.47,169.87,93.22,0,100.14,653.37,858.18,74.98
2023-10-14 00:30:00,5,10147.09,189.54,90.48,0,80.11,670.18,853.07,56.74
2023-10-14 01:30:00,5,9506.23,178.81,83.63,0,59.6,629.36,790.12,43.57
2023-10-14 02:30:00,5,8117.68,150.2,71.97,0,48.16,545.4,687.75,38.5
2023-10-14 03:30:00,5,6942.75,123.38,61.69,0,48.64,475.63,603.31,42.56
2023-10-14 04:30:00,5,6622.31,118.02,58.95,0,63.9,471.74,590.57,51.68
2023-10-14 05:30:00,5,7049.56,128.75,62.38,0,84.88,513.21,628.09,59.78
2023-10-14 06:30:00,5,8010.86,157.36,68.55,0,113.49,596.46,718.58,72.96
2023-10-14 07:30:00,5,9826.66,214.58,75.4,0.17,143.05,715.22,862.26,92.21
2023-10-14 08:30:00,5,11215.21,268.22,94.59,2.01,131.61,794.91,959.68,84.1
2023-10-14 09:30:00,5,5233.76,60.8,146.69,33.97,150.68,437.11,534.17,32.93
2023-10-14 10:30:00,5,4539.49,23.47,157.65,118.73,169.75,433.37,527.5,27.61
2023-10-14 11:30:00,5,3898.62,8.27,120.64,268.94,177.38,459.04,545.81,21.53
2023-10-14 12:30:00,5,934.6,1.42,20.22,211.72,57.22,111.88,162.27,9.37
2023-10-14 13:30:00,5,554.08,0.77,10.02,180.24,27.18,65.35,106.81,6.14
2023-10-14 14:30:00,4,473.98,0.75,10.02,161.65,20.74,51.81,91.01,6.08
2023-10-14 15:30:00,4,814.44,2.43,28.79,125.89,29.33,57.49,101.55,11.27
2023-10-14 16:30:00,4,1388.55,4.58,57.58,85.83,41.48,74.56,126.99,17.48
2023-10-14 17:30:00,5,1895.9,3.32,91.85,42.92,51.02,88.62,147.06,22.29
2023-10-14 18:30:00,5,3044.13,21.23,120.64,1.92,68.66,132.44,206.87,33.44
2023-10-14 19:30:00,5,4753.11,64.37,115.16,0,88.69,219.5,322.22,49.65
2023-10-14 20:30:00,5,6141.66,93.88,106.93,0,95.37,316.27,447.03,62.32
2023-10-14 21:30:00,5,6835.94,106.39,94.59,0,89.65,394.84,548.47,65.86
2023-10-14 22:30:00,5,7049.56,110.86,81.57,0,80.11,431.94,596.59,63.33
2023-10-14 23:30:00,5,6462.1,98.35,75.4,0,65.8,412.93,568.17,50.66
2023-10-15 00:30:00,5,6088.26,98.35,71.97,0,51.5,397.16,536.48,36.48
2023-10-15 01:30:00,5,6355.29,109.97,65.8,0,46.25,427.16,560.08,29.89
2023-10-15 02:30:00,5,6408.69,109.97,64.43,0,47.21,442.57,565.68,28.63
2023-10-15 03:30:00,5,6034.85,97.45,67.86,0,51.02,429.15,538.8,28.63
2023-10-15 04:30:00,5,6034.85,99.24,68.55,0,52.93,440.6,544.47,28.63
2023-10-15 05:30:00,5,6675.72,121.59,68.55,0,61.99,493.39,604.44,35.46
2023-10-15 06:30:00,5,7690.43,159.14,71.29,0,83.92,570.39,699.06,55.22
2023-10-15 07:30:00,5,9399.41,218.15,71.97,0.18,99.18,671.21,833.15,72.96
2023-10-15 08:30:00,5,10894.78,271.8,85.68,1.9,101.09,738.02,924.9,73.97
2023-10-15 09:30:00,5,6675.72,105.5,143.95,15.91,103.95,481.6,596.76,48.13
2023-10-15 10:30:00,5,6462.1,43.36,189.19,69.38,105.86,516.09,635.39,44.58
2023-10-15 11:30:00,5,5714.42,12.74,159.03,205.99,107.77,552.15,670.41,36.98
2023-10-15 12:30:00,5,1188.28,2.51,33.24,188.83,65.8,135.4,181.69,11.15
2023-10-15 13:30:00,5,714.3,1.41,17.31,185.97,41.48,88.17,122.77,7.47
2023-10-15 14:30:00,5,607.49,1.23,14.74,183.11,33.38,75.61,105.51,6.59
2023-10-15 15:30:00,5,1068.12,3.13,40.44,155.93,42.92,92.56,128.7,12.79
2023-10-15 16:30:00,5,1949.31,4.69,87.05,105.86,61.99,130.21,179.46,21.53
2023-10-15 17:30:00,5,2857.21,3.3,138.46,36.48,78.2,160.09,220.77,28.63
2023-10-15 18:30:00,5,3578.19,12.18,159.03,0.82,91.55,189.68,260.5,35.46
2023-10-15 19:30:00,5,4005.43,23.47,154.91,0.02,97.27,219.31,293.03,39.52
2023-10-15 20:30:00,5,4005.43,23.92,156.28,0.01,91.55,234.2,300.25,35.97
2023-10-15 21:30:00,5,3471.37,15.42,134.35,0.08,68.66,218.89,272.39,31.66
2023-10-15 22:30:00,5,2910.61,12.18,101.45,0.16,47.68,187.02,235.82,31.92
2023-10-15 23:30:00,5,2323.15,9.95,76.77,0.31,33.86,141.79,183.48,27.87
2023-10-16 00:30:00,5,1708.98,4.75,59.63,1.54,23.6,96,128.29,20.27
2023-10-16 01:30:00,4,1375.2,1.68,49.35,4.96,23.13,74.56,102.7,18.49
2023-10-16 02:30:00,4,1201.63,0.37,40.44,11.98,22.65,64.42,90.11,16.97
2023-10-16 03:30:00,4,1068.12,0.06,33.93,21.82,22.41,57.79,81.11,15.07
2023-10-16 04:30:00,4,947.95,0.01,29.47,29.33,22.89,51.37,72.14,13.55
2023-10-16 05:30:00,3,841.14,0,28.1,36.12,23.6,45.71,63.89,12.41
2023-10-16 06:30:00,3,921.25,0.02,34.27,35.41,28.37,49.31,69.1,13.93
2023-10-16 07:30:00,4,1375.2,2.26,53.47,15.2,40.53,69.61,98.82,21.28
2023-10-16 08:30:00,5,1762.39,15.87,57.58,11.62,51.98,86.5,123.15,25.59
2023-10-16 09:30:00,5,1949.31,22.58,59.63,21.64,62.94,93.45,131.1,26.35
2023-10-16 10:30:00,5,2243.04,26.15,71.97,22.89,79.15,108.93,147.95,28.12
2023-10-16 11:30:00,5,1895.9,13.75,74.71,36.48,92.51,111.97,141.33,22.8
2023-10-16 12:30:00,3,754.36,5.14,56.21,57.22,109.67,48.92,61.97,8.23
2023-10-16 13:30:00,3,594.14,7.15,46.61,64.37,105.86,35.94,48.16,6.97
2023-10-16 14:30:00,3,540.73,8.61,43.53,65.8,106.81,30.03,42.9,6.71
2023-10-16 15:30:00,3,974.66,11.06,57.58,52.93,94.41,43.47,61.73,12.41
2023-10-16 16:30:00,4,1602.17,12.96,82.25,26.11,79.15,65.68,89.72,17.99
2023-10-16 17:30:00,5,2136.23,26.38,100.08,2.64,77.25,84.92,111.35,18.49
2023-10-16 18:30:00,5,2269.74,41.13,89.11,0.01,70.57,92.47,119.18,14.95
2023-10-16 19:30:00,5,2269.74,33.97,77.46,0,58.65,98.41,127.13,14.57
2023-10-16 20:30:00,5,2296.45,21.68,75.4,0.04,56.27,102.72,133.26,13.68
2023-10-16 21:30:00,5,2162.93,10.73,70.6,0.42,49.11,96.69,128.7,12.79
2023-10-16 22:30:00,5,2056.12,8.16,65.8,0.73,41.48,95.91,127.89,13.43
2023-10-16 23:30:00,5,1895.9,5.31,64.43,1.68,36.24,98.14,124.93,12.03
2023-10-17 00:30:00,5,1575.47,1.45,58.95,5.9,30.99,97.44,119.19,9.37
2023-10-17 01:30:00,5,1548.77,0.81,54.15,7.69,28.85,104.36,128.12,8.61
2023-10-17 02:30:00,5,1628.88,1.47,52.78,4.43,26.94,112.63,140.48,8.36
2023-10-17 03:30:00,5,1695.63,4.19,50.04,0.95,26.7,119.89,150.93,7.85
2023-10-17 04:30:00,5,1735.69,8.49,44.55,0.13,28.13,126.63,159.48,7.28
2023-10-17 05:30:00,5,1842.5,14.31,39.07,0.02,30.52,135.48,170.41,7.54
2023-10-17 06:30:00,5,2189.64,26.6,34.96,0,36.72,155.07,197.74,10.39
2023-10-17 07:30:00,5,3204.35,59.01,35.3,0.16,52.45,206.92,269.52,18.49
2023-10-17 08:30:00,5,4325.87,100.14,41.81,1.61,71.53,268.68,351.79,27.61
2023-10-17 09:30:00,5,3845.21,77.78,67.86,8.76,101.09,261.12,330.73,28.88
2023-10-17 10:30:00,5,3791.81,55.43,106.93,27.18,137.33,290.96,357.95,32.17
2023-10-17 11:30:00,5,3791.81,38,137.09,67.95,183.11,336.41,406.95,31.16
2023-10-17 12:30:00,5,2429.96,20.12,131.61,77.25,228.88,261.08,308.15,15.45
2023-10-17 13:30:00,5,1762.39,12.41,123.38,63.66,226.97,194.59,229.61,10.77
2023-10-17 14:30:00,5,1548.77,5.03,132.98,43.63,232.7,165.88,198.91,10.77
2023-10-17 15:30:00,5,3070.83,39.34,150.8,6.17,202.18,228.02,284.5,28.88
2023-10-17 16:30:00,5,5874.63,132.32,153.54,2.28,173.57,363.69,458.1,52.18
2023-10-17 17:30:00,5,8865.36,250.34,168.62,0.41,192.64,515.09,641.13,81.06
2023-10-17 18:30:00,5,11962.89,371.93,186.44,0.01,240.33,698.8,862.15,120.58
2023-10-17 19:30:00,5,14099.12,414.85,197.41,0,219.35,861.81,1062.5,116.53
2023-10-17 20:30:00,5,13244.63,339.75,189.19,0,148.77,875.26,1087.2,68.9
2023-10-17 21:30:00,5,9506.23,185.97,157.65,0,92.51,678.54,842.14,32.42
2023-10-17 22:30:00,5,7156.37,114.44,117.9,0,64.85,543.04,671.2,21.79
2023-10-17 23:30:00,5,5126.95,68.84,89.11,0,44.82,405.56,496.39,13.55
2023-10-18 00:30:00,5,3204.35,26.38,73.34,0.02,29.8,265.23,318.34,7.28
2023-10-18 01:30:00,5,2323.15,6.48,63.75,1.16,24.56,200.11,236.99,5.64
2023-10-18 02:30:00,5,1949.31,0.68,52.09,9.83,23.84,177.53,207.52,5.07
2023-10-18 03:30:00,5,1815.8,0.03,41.47,23.96,23.84,181.89,209.09,4.94
2023-10-18 04:30:00,5,1695.63,0.01,35.99,30.04,24.32,197.51,223.94,5.07
2023-10-18 05:30:00,5,1588.82,0.01,35.64,32.9,26.7,209.07,234.98,5.57
2023-10-18 06:30:00,5,1655.58,0.12,45.24,26.82,33.86,210.65,239.03,7.92
2023-10-18 07:30:00,5,2082.82,5.76,61.01,10.28,45.3,209.86,247.57,13.93
2023-10-18 08:30:00,5,2296.45,21.46,58.26,19.13,54.36,189.4,231.57,19.51
2023-10-18 09:30:00,5,1789.09,17.21,50.04,45.06,60.56,138.77,173.39,19.51
2023-10-18 10:30:00,5,1455.31,11.4,42.84,79.39,62.94,113.5,142.7,18.75
2023-10-18 11:30:00,5,1188.28,6.65,36.33,127.32,63.9,103.1,127.38,16.97
2023-10-18 12:30:00,4,607.49,2.57,15.77,140.19,31.95,49.27,62.09,8.49
2023-10-18 13:30:00,3,494,2.1,12.85,134.47,25.27,37.59,47.87,6.52
2023-10-18 14:30:00,3,500.68,2.12,14.22,134.47,26.23,37.1,47.47,6.84
2023-10-18 15:30:00,4,794.41,4.02,29.82,120.16,39.58,50.11,65.25,11.53
2023-10-18 16:30:00,4,1214.98,5.36,52.78,94.41,51.02,68.4,90.51,17.23
2023-10-18 17:30:00,5,1562.12,2.54,77.46,58.65,53.41,80.56,107.6,21.79
2023-10-18 18:30:00,5,1869.2,0.04,90.48,30.4,55.31,95.08,128.17,27.36
2023-10-18 19:30:00,5,2029.42,0.06,84.31,25.75,54.36,110.93,150.62,32.93
2023-10-18 20:30:00,5,2002.72,0.02,71.97,30.04,50.07,118.81,161.04,35.97
2023-10-18 21:30:00,5,1949.31,0.01,65.12,31.83,46.25,122.15,164.7,36.98
2023-10-18 22:30:00,5,1976.01,0.05,63.06,26.11,44.82,124.77,168.69,37.49
2023-10-18 23:30:00,5,1815.8,0.12,59.63,21.28,38.62,113.15,153.83,33.94
2023-10-19 00:30:00,5,1468.66,0.07,51.41,23.25,30.52,92.63,124.51,25.59
2023-10-19 01:30:00,5,1281.74,0.02,43.87,28.97,28.37,87.98,114.3,20.52
2023-10-19 02:30:00,5,1228.33,0.01,39.41,33.26,29.09,95.14,119.38,16.72
2023-10-19 03:30:00,5,1228.33,0,36.67,36.48,29.8,107.56,131.13,13.68
2023-10-19 04:30:00,5,1241.68,0,35.64,37.19,30.28,120.27,143.41,11.4
2023-10-19 05:30:00,5,1295.09,0.02,38.04,33.26,30.99,134.03,157.45,9.88
2023-10-19 06:30:00,5,1575.47,0.61,49.35,18.95,35.76,155.46,183.59,12.03
2023-10-19 07:30:00,5,2216.34,11.51,63.75,3.93,47.68,191.54,233,20.01
2023-10-19 08:30:00,5,2723.69,29.5,67.17,15.02,60.08,212.98,263.37,26.85
2023-10-19 09:30:00,5,2429.96,21.01,70.6,49.35,77.25,204.56,249.93,27.36
2023-10-19 10:30:00,5,2376.56,15.2,69.23,94.41,88.69,221.25,268,26.85
2023-10-19 11:30:00,5,2082.82,8.27,58.95,165.94,95.37,227.7,269.79,22.04
2023-10-19 12:30:00,5,1134.87,2.88,27.42,214.58,59.13,128.3,149.56,11.02
2023-10-19 13:30:00,5,854.49,1.96,18.68,205.99,42.44,85.07,99.98,9.37
2023-10-19 14:30:00,5,774.38,1.76,17.82,194.55,37.67,72.89,86.38,8.49
2023-10-19 15:30:00,5,1081.47,3.24,34.62,161.65,45.3,81.51,99.98,13.05
2023-10-19 16:30:00,5,1615.52,4.47,63.75,121.59,55.79,104.57,131.68,19.51
2023-10-19 17:30:00,5,2082.82,2.1,95.96,66.52,59.13,117.98,152.13,24.57
2023-10-19 18:30:00,5,2536.77,0.32,117.9,21.28,62.94,134.82,177.82,31.66
2023-10-19 19:30:00,5,2830.51,2.24,112.41,6.62,64.85,156.6,210.68,39.01
2023-10-19 20:30:00,5,2883.91,2.37,100.08,5.99,61.99,171.73,231.23,42.56
2023-10-19 21:30:00,5,2777.1,0.85,89.11,11.44,57.7,178.71,238.03,43.06
2023-10-19 22:30:00,5,2590.18,0.15,78.83,20.74,53.41,176.54,233.45,41.04
2023-10-19 23:30:00,5,2216.34,0.02,66.49,32.19,44.35,157.03,205.08,33.44
2023-10-20 00:30:00,5,1762.39,0,54.15,39.7,33.86,132.34,168.7,23.81
2023-10-20 01:30:00,5,1602.17,0,47.98,37.19,30.04,127.42,159.06,17.99
2023-10-20 02:30:00,5,1588.82,0.01,45.24,32.54,29.8,130.84,161.28,13.81
2023-10-20 03:30:00,5,1628.88,0.04,44.55,25.75,29.56,137.7,169.29,10.89
2023-10-20 04:30:00,5,1762.39,0.31,47.3,15.74,29.56,149.96,184.36,9.5
2023-10-20 05:30:00,5,2002.72,3.07,52.78,4.83,31.95,168.75,206.94,9.88
2023-10-20 06:30:00,5,2643.59,20.56,56.21,0.19,41.48,209.12,259.08,15.2
2023-10-20 07:30:00,5,3952.03,62.58,61.01,0.46,60.08,280.17,354.48,27.36
2023-10-20 08:30:00,5,4806.52,94.77,72.66,5.01,74.39,318.32,404.97,36.48
2023-10-20 09:30:00,5,3311.16,36.66,101.45,41.48,102.04,245.87,302.19,30.91
2023-10-20 10:30:00,5,3337.86,24.59,112.41,91.55,122.07,277.29,335.57,32.42
2023-10-20 11:30:00,5,3417.97,14.53,112.41,174.52,139.24,337.14,399.14,32.17
2023-10-20 12:30:00,5,1482.01,4.25,42.5,223.16,83.92,161.79,189.86,13.93
2023-10-20 13:30:00,5,1028.06,2.32,25.02,226.02,56.74,111.36,131.69,11.27
2023-10-20 14:30:00,5,921.25,1.98,23.65,220.3,50.54,93.94,112.47,11.27
2023-10-20 15:30:00,5,1495.36,4.53,52.78,173.09,57.7,110.91,138.75,18.24
2023-10-20 16:30:00,5,2590.18,8.38,105.56,101.57,69.62,154.2,199.38,27.87
2023-10-20 17:30:00,5,3631.59,12.52,159.03,23.96,75.34,189.18,249.3,35.97
2023-10-20 18:30:00,5,4432.68,33.97,160.4,0.06,80.11,224.87,299.54,44.58
2023-10-20 19:30:00,5,4486.08,36.21,137.09,0,77.25,245.49,329.15,50.66
2023-10-20 20:30:00,5,3898.62,18.1,120.64,0.34,67.71,234.74,314.41,49.14
2023-10-20 21:30:00,5,3337.86,2.68,106.93,5.81,59.13,221.45,292.57,45.6
2023-10-20 22:30:00,5,3177.64,0.42,94.59,15.56,54.36,222.5,290.73,43.06
2023-10-20 23:30:00,5,2777.1,0.04,80.88,28.25,44.82,204.31,262.71,33.44
2023-10-21 00:30:00,5,2189.64,0,62.38,41.84,31.95,168.7,211.2,20.01
2023-10-21 01:30:00,5,1789.09,0,46.61,47.21,24.08,148.07,181.17,12.16
2023-10-21 02:30:00,5,1655.58,0,39.76,42.2,21.7,139.6,169.16,8.87
2023-10-21 03:30:00,5,1615.52,0.01,37.7,31.83,20.74,138.53,167.62,7.28
2023-10-21 04:30:00,5,1668.93,0.14,38.73,19.13,20.74,140.74,170.76,6.71
2023-10-21 05:30:00,5,1815.8,1.93,42.5,6.26,21.93,149.19,181.8,6.9
2023-10-21 06:30:00,5,2243.04,14.98,43.53,0.31,27.89,171.7,212.32,10.26
2023-10-21 07:30:00,5,3177.64,47.39,43.53,0.37,40.53,216.81,274.85,18.24
2023-10-21 08:30:00,5,3791.81,73.31,48.67,3.89,50.07,240.82,308.5,25.08
2023-10-21 09:30:00,5,2803.8,34.87,71.29,29.33,61.99,194.69,242.44,25.59
2023-10-21 10:30:00,5,2723.69,21.68,83.63,74.39,80.11,215.46,262.4,27.61
2023-10-21 11:30:00,5,2937.32,13.52,91.85,150.2,103,273.82,323.99,28.37
2023-10-21 12:30:00,5,1401.9,3.49,38.39,240.33,80.11,168.37,193.22,13.55
2023-10-21 13:30:00,5,1054.76,1.79,23.65,260.35,62.94,136.91,156.11,11.15
2023-10-21 14:30:00,5,1014.71,1.41,22.96,271.8,63.9,132.78,151.9,11.4
2023-10-21 15:30:00,5,1562.12,2.74,49.35,228.88,69.62,152.2,180.83,17.73
2023-10-21 16:30:00,5,2536.77,4.25,97.33,145.91,73.43,187.25,232.3,25.84
2023-10-21 17:30:00,5,3471.37,2.54,149.43,55.07,73.43,213.54,272,31.41
2023-10-21 18:30:00,5,4966.74,33.97,171.36,0.73,81.06,274.09,356.16,43.57
2023-10-21 19:30:00,5,6835.94,90.3,150.8,0,94.41,380.83,497.27,61.3
2023-10-21 20:30:00,5,8117.68,118.02,138.46,0,101.09,476.7,621.17,73.97
2023-10-21 21:30:00,5,8972.17,128.75,134.35,0,108.72,557.41,720.65,85.12
2023-10-21 22:30:00,5,9719.85,139.47,131.61,0,127.79,628.73,807.02,103.35
2023-10-21 23:30:00,5,9613.04,143.05,128.87,0,141.14,635.95,821.72,115.51
2023-10-22 00:30:00,5,8544.92,130.53,124.75,0,133.51,573.24,747.86,108.42
2023-10-22 01:30:00,5,7476.81,113.55,115.16,0,122.07,517.12,671.31,96.26
2023-10-22 02:30:00,5,6568.91,95.67,105.56,0,108.72,475.57,611.19,83.09
2023-10-22 03:30:00,5,5661.01,77.78,93.22,0,91.55,424.39,539.51,64.85
2023-10-22 04:30:00,5,5073.55,66.16,82.94,0,88.69,387.64,485.08,59.28
2023-10-22 05:30:00,5,4859.92,66.16,76.77,0,95.37,382.39,470.48,59.78
2023-10-22 06:30:00,5,5340.58,84.04,72.66,0,111.58,417.44,508.3,70.93
2023-10-22 07:30:00,5,6942.75,139.47,68.55,0.34,131.61,511.56,626.54,87.14
2023-10-22 08:30:00,5,8544.92,202.06,75.4,2.44,114.44,599.37,736.52,76
2023-10-22 09:30:00,5,4859.92,55.88,122.01,27.89,93.46,362.48,434.44,42.56
2023-10-22 10:30:00,5,5607.6,35.32,163.14,86.55,109.67,457.19,541.08,46.61
2023-10-22 11:30:00,5,6088.26,15.65,168.62,226.02,125.89,585,676.2,43.57
2023-10-22 12:30:00,5,2002.72,6.15,70.6,246.05,171.66,258.52,290.93,15.07
2023-10-22 13:30:00,5,1428.6,2.65,39.41,288.96,123.98,215.25,239.88,11.4
2023-10-22 14:30:00,5,1255.04,1.36,27.08,308.99,95.37,199.06,223.11,11.91
2023-10-22 15:30:00,5,1401.9,0.98,37.01,263.21,82.02,187.42,216.31,16.21
2023-10-22 16:30:00,5,1762.39,0.92,57.58,194.55,78.2,186.48,222.88,20.77
2023-10-22 17:30:00,5,2029.42,0.24,76.09,137.33,74.39,183.28,223.93,23.05
2023-10-22 18:30:00,5,2403.26,0,90.48,89.41,73.43,198.45,245.96,26.85
2023-10-22 19:30:00,5,2910.61,0,102.82,55.79,78.2,233.07,292.93,33.44
2023-10-22 20:30:00,5,3204.35,0,104.19,37.19,80.11,258.82,330.55,37.49
2023-10-22 21:30:00,5,3257.75,0.03,100.08,25.75,73.43,264.64,340.93,40.02
2023-10-22 22:30:00,5,3070.83,0.08,89.11,21.28,61.99,250.4,323.32,39.01
2023-10-22 23:30:00,5,2563.48,0.07,72.66,21.28,46.73,210.36,272.48,31.92
2023-10-23 00:30:00,5,2109.53,0.54,62.38,13.59,34.33,176.23,229.22,23.31
2023-10-23 01:30:00,5,2189.64,5.53,58.95,1.22,34.81,179.01,232.64,21.28
2023-10-23 02:30:00,5,2323.15,12.63,52.09,0.05,36.72,189.21,244.53,20.27
2023-10-23 03:30:00,5,2456.67,17.88,48.67,0,38.15,198.5,255.86,18.24
2023-10-23 04:30:00,5,2483.37,21.01,45.93,0,36.24,200.5,257.74,14.06
2023-10-23 05:30:00,5,2536.77,25.7,43.18,0,34.81,203.4,257.91,10.89
2023-10-23 06:30:00,5,2883.91,38.44,41.13,0,40.05,221.49,277.57,14.19
2023-10-23 07:30:00,5,3845.21,69.74,42.84,0.22,54.36,271.79,343.17,25.33
2023-10-23 08:30:00,5,4646.3,97.45,52.09,2.73,65.8,315.29,399.94,33.94
2023-10-23 09:30:00,5,3044.13,28.39,87.05,43.27,89.65,255.22,309.6,28.37
2023-10-23 10:30:00,5,2830.51,14.75,82.25,101.57,98.23,271.44,325.07,29.39
2023-10-23 11:30:00,5,2590.18,7.93,67.17,177.38,97.27,290.01,343.99,27.87
2023-10-23 12:30:00,5,1041.41,2.35,21.59,191.69,45.3,117.62,140.72,11.65
2023-10-23 13:30:00,5,747.68,1.82,15.77,174.52,33.38,75.1,92.03,8.11
2023-10-23 14:30:00,4,694.27,1.82,16.96,167.37,33.38,63.02,78.15,7.73
2023-10-23 15:30:00,5,1441.96,6.31,51.41,121.59,48.16,87.5,114.84,17.23
2023-10-23 16:30:00,5,2830.51,16.32,108.3,56.51,67.71,141.33,192.13,29.64
2023-10-23 17:30:00,5,4165.65,41.57,146.69,7.33,80.11,190.35,261.74,39.52
2023-10-23 18:30:00,5,5393.98,82.25,143.95,0.01,92.51,247.97,340.72,51.68
2023-10-23 19:30:00,5,6141.66,98.35,126.12,0,95.37,303,414.53,61.81
2023-10-23 20:30:00,5,6034.85,89.41,106.93,0,86.78,326.39,443.74,63.84
2023-10-23 21:30:00,5,5447.39,67.06,94.59,0,74.39,314.44,422.79,59.78
2023-10-23 22:30:00,5,4646.3,44.7,86.37,0,62.94,282.33,376.02,53.2
2023-10-23 23:30:00,5,3578.19,21.9,81.57,0.18,47.21,217.67,288.31,40.53
2023-10-24 00:30:00,5,2136.23,0.84,65.12,13.41,30.52,136.6,178.07,25.33
2023-10-24 01:30:00,5,1655.58,0.03,46.61,25.03,26.7,115.69,146.86,21.03
2023-10-24 02:30:00,5,1482.01,0.02,40.1,27.18,27.42,112.5,139.39,19.51
2023-10-24 03:30:00,5,1428.6,0.05,38.73,24.32,27.89,114.91,141.3,16.97
2023-10-24 04:30:00,5,1535.42,0.31,41.81,15.38,28.37,123.13,152.2,13.43
2023-10-24 05:30:00,5,1762.39,2.88,46.61,4.83,30.99,137.04,171.29,11.78
2023-10-24 06:30:00,5,2216.34,21.46,45.93,0.07,41.01,144.76,191.94,17.48
2023-10-24 07:30:00,5,3364.56,51.86,52.78,0.36,55.79,224.14,291.07,26.09
2023-10-24 08:30:00,5,3845.21,77.78,56.89,3.31,69.62,218.21,296.25,36.48
2023-10-24 09:30:00,5,3524.78,62.58,74.03,13.59,82.02,207.38,278.73,39.52
2023-10-24 10:30:00,5,3391.27,38.89,93.22,41.13,95.37,219.39,288.12,40.02
2023-10-24 11:30:00,5,2777.1,11.06,82.25,155.93,110.63,261.97,316.15,32.42
2023-10-24 12:30:00,4,847.82,2.77,23.31,158.79,45.3,69.89,91.02,10.77
2023-10-24 13:30:00,4,587.46,1.47,13.88,158.79,26.46,47.54,63.56,6.9
2023-10-24 14:30:00,4,560.76,1.37,14.74,153.06,25.99,43.35,59.07,6.52
2023-10-24 15:30:00,4,1028.06,3.58,39.41,121.59,42.44,59.49,82.96,13.3
2023-10-24 16:30:00,5,1815.8,6.15,79.51,70.81,59.6,89.19,126.75,22.29
2023-10-24 17:30:00,5,2536.77,7.93,119.27,16.09,67.71,112.12,162.3,29.13
2023-10-24 18:30:00,5,3524.78,29.95,124.75,0.03,74.39,160.83,231.55,40.02
2023-10-24 19:30:00,5,3791.81,37.55,112.41,0,76.29,186.25,268.91,47.62
2023-10-24 20:30:00,5,3738.4,30.85,100.08,0,70.57,198.52,284.84,50.16
2023-10-24 21:30:00,5,3284.45,21.68,87.05,0.03,62.94,179.18,257.52,49.14
2023-10-24 22:30:00,5,2857.21,12.74,78.14,0.34,54.36,160.14,229.28,45.6
2023-10-24 23:30:00,5,2136.23,3.07,67.86,6.08,41.01,118.94,169.85,36.48
2023-10-25 00:30:00,5,1495.36,0.02,46.61,29.68,29.56,100.87,133.79,27.11
2023-10-25 01:30:00,5,1255.04,0,37.01,40.05,28.13,91.97,116.62,23.56
2023-10-25 02:30:00,5,1214.98,0,33.24,44.35,29.8,95.49,117.75,22.04
2023-10-25 03:30:00,5,1241.68,0,31.87,45.06,30.52,102.9,125.1,20.01
2023-10-25 04:30:00,5,1308.44,0,32.9,41.48,30.52,111.92,134.88,17.73
2023-10-25 05:30:00,5,1428.6,0.02,37.36,32.9,31.47,123.31,148.12,15.45
2023-10-25 06:30:00,5,1762.39,0.96,50.72,16.09,38.15,143.97,175.22,17.73
2023-10-25 07:30:00,5,2323.15,21.23,56.89,0.71,50.07,140.63,186.72,28.37
2023-10-25 08:30:00,5,2990.72,31.29,69.92,11.98,64.85,207.19,261.99,34.96
2023-10-25 09:30:00,5,2830.51,23.47,76.09,43.27,81.06,212.78,264.26,41.54
2023-10-25 10:30:00,5,3311.16,34.42,87.74,43.27,88.69,211.25,278.8,42.05
2023-10-25 11:30:00,5,2777.1,15.42,81.57,103,93.46,211.08,273.39,35.97
2023-10-25 12:30:00,5,1068.12,1.93,19.54,211.72,46.25,106.26,127.83,11.78
2023-10-25 13:30:00,4,647.54,1.26,12.68,170.23,25.99,47.39,60.12,7.09
2023-10-25 14:30:00,5,821.11,1.22,13.88,200.27,31.95,73.78,89,8.36
2023-10-25 15:30:00,5,1094.82,2.68,33.24,133.04,38.15,54.5,72.4,12.03
2023-10-25 16:30:00,5,1548.77,2.85,55.52,133.04,53.41,103.78,132.1,18.49
2023-10-25 17:30:00,5,2189.64,1.69,102.82,39.34,60.08,98.07,136.46,25.33
2023-10-25 18:30:00,5,2323.15,0,97.33,46.49,61.99,135.74,176.93,29.64
2023-10-25 19:30:00,5,2536.77,0.01,94.59,33.97,62.94,154.93,203.39,35.46
2023-10-25 20:30:00,5,2510.07,0,80.88,37.91,58.65,165.45,215.18,38
2023-10-25 21:30:00,5,2376.56,0,68.55,50.78,54.84,171.81,219.22,37.49
2023-10-25 22:30:00,5,2296.45,0,61.69,62.23,52.45,181.27,247.14,45.6
2023-10-25 23:30:00,5,2536.77,3.44,76.77,5.63,44.82,149.63,201.58,36.48
2023-10-26 00:30:00,5,1682.28,0,41.81,75.82,34.33,148.68,179.14,23.81
2023-10-26 01:30:00,5,1455.31,0,33.59,78.68,30.99,139.08,164.37,21.53
2023-10-26 02:30:00,5,1428.6,0.01,41.13,29.68,27.66,100.06,127.33,23.05
2023-10-26 03:30:00,5,1415.25,0.02,39.07,28.97,27.66,104.4,131.06,20.52
2023-10-26 04:30:00,5,1388.55,0.02,37.7,28.61,27.66,106.97,132.38,18.49
2023-10-26 05:30:00,5,1361.85,0,33.24,54.36,30.99,142.34,165.53,15.83
2023-10-26 06:30:00,5,1615.52,0.02,46.61,38.98,36.72,157.36,185.79,17.73
2023-10-26 07:30:00,5,2189.64,2.77,69.92,18.42,48.64,186.31,226.56,25.84
2023-10-26 08:30:00,5,2483.37,13.63,73.34,31.11,58.17,203.59,249.08,29.89
2023-10-26 09:30:00,5,2296.45,12.41,65.8,74.39,66.76,206.86,249.84,28.12
2023-10-26 10:30:00,5,2189.64,8.94,58.26,123.02,74.39,217.85,260.66,27.36
2023-10-26 11:30:00,5,1976.01,5.31,47.3,188.83,79.15,226.71,267.03,24.83
2023-10-26 12:30:00,5,1028.06,2.1,20.56,208.85,52.45,119.8,144.19,13.17
2023-10-26 13:30:00,5,781.06,1.66,15.94,194.55,40.53,82.72,103.51,11.15
2023-10-26 14:30:00,5,720.98,1.48,15.59,188.83,38.15,76.12,96.11,10.51
2023-10-26 15:30:00,5,1014.71,2.65,31.53,164.51,47.68,85.41,109.82,14.19
2023-10-26 16:30:00,5,1495.36,3.35,57.58,127.32,56.74,102.34,134.2,19.25
2023-10-26 17:30:00,5,1922.61,1.15,85.68,80.11,60.08,114.94,152.15,23.81
2023-10-26 18:30:00,5,2376.56,0,104.19,44.35,65.8,134.67,179.44,30.4
2023-10-26 19:30:00,5,2696.99,0.01,105.56,31.47,68.66,159.32,213.29,37.49
2023-10-26 20:30:00,5,2750.4,0.01,93.22,35.05,65.8,175.29,233.38,40.53
2023-10-26 21:30:00,5,2696.99,0,83.63,41.84,61.04,183.99,241.72,41.04
2023-10-26 22:30:00,5,2696.99,0,78.83,43.63,58.65,191.3,249.67,41.04
2023-10-26 23:30:00,5,2456.67,0,71.29,45.42,49.59,179.27,231.41,35.46
2023-10-27 00:30:00,5,1949.31,0,56.89,51.5,37.67,152.41,192.73,27.11
2023-10-27 01:30:00,5,1655.58,0,45.93,55.07,33.38,141.96,175.59,23.81
2023-10-27 02:30:00,5,1548.77,0,40.78,53.64,32.42,143.91,175.21,23.05
2023-10-27 03:30:00,5,1522.06,0,38.73,50.07,31.95,148.87,179.47,22.29
2023-10-27 04:30:00,5,1535.42,0,39.41,43.63,31.47,155.4,186.12,21.79
2023-10-27 05:30:00,5,1628.88,0.02,44.55,32.54,31.95,162.94,194.52,20.52
2023-10-27 06:30:00,5,2243.04,20.79,49.35,0.09,41.48,149.73,192.67,33.94
2023-10-27 07:30:00,5,3337.86,55.88,54.84,0.31,58.17,204.52,267.66,46.61
2023-10-27 08:30:00,5,3952.03,80.47,66.49,4.56,68.66,229.08,301.88,50.16
2023-10-27 09:30:00,5,3631.59,58.11,85.68,19.85,72.48,214.11,279.87,44.08
2023-10-27 10:30:00,5,3738.4,38.44,106.93,52.21,83.92,241.86,311.35,44.08
2023-10-27 11:30:00,5,3631.59,18.78,111.04,124.45,94.41,278.52,348.06,40.02
2023-10-27 12:30:00,4,947.95,2.99,26.39,171.66,45.78,71.11,90.59,11.78
2023-10-27 13:30:00,4,654.22,1.93,17.31,167.37,32.42,47.61,61.61,8.23
2023-10-27 14:30:00,4,640.87,1.87,19.02,164.51,33.86,45.3,59.13,8.23
2023-10-27 15:30:00,5,1508.71,6.76,60.32,114.44,53.41,78.81,107.25,19.25
2023-10-27 16:30:00,5,3017.43,19.22,124.75,44.35,78.2,140.23,194.69,33.94
2023-10-27 17:30:00,5,4539.49,57.22,157.65,3.62,96.32,196.83,276.32,48.64
2023-10-27 18:30:00,5,5928.04,105.5,154.91,0,119.21,263.18,370.38,68.9
2023-10-27 19:30:00,5,6675.72,119.81,146.69,0,127.79,322.02,455,84.1
2023-10-27 20:30:00,5,6675.72,108.18,134.35,0,121.12,349.23,495.08,88.16
2023-10-27 21:30:00,5,6355.29,92.09,122.01,0,111.58,356.08,501.87,87.14
2023-10-27 22:30:00,5,5928.04,78.68,111.04,0,104.9,349.24,487.69,84.1
2023-10-27 23:30:00,5,5073.55,60.8,102.82,0,88.69,302.82,420.03,69.92
2023-10-28 00:30:00,5,3791.81,36.21,89.11,0,63.9,225.75,310.59,48.13
2023-10-28 01:30:00,5,2830.51,16.54,74.71,0.05,45.3,175.33,237.59,34.45
2023-10-28 02:30:00,5,2376.56,8.61,64.43,0.29,37.67,154.01,205.85,29.64
2023-10-28 03:30:00,5,2136.23,5.98,57.58,0.6,34.81,145.77,194.23,29.89
2023-10-28 04:30:00,5,2029.42,5.81,54.15,0.59,34.81,143.16,190.22,33.44
2023-10-28 05:30:00,5,2002.72,8.16,53.47,0.32,35.76,143.48,189.74,38
2023-10-28 06:30:00,5,2269.74,18.55,55.52,0.05,41.48,157.21,208.24,44.58
2023-10-28 07:30:00,5,3124.24,45.6,63.75,0.33,54.84,198.17,265.61,55.73
2023-10-28 08:30:00,5,3952.03,77.78,71.29,3.76,64.85,233.34,315.21,62.82
2023-10-28 09:30:00,5,3738.4,61.69,89.11,15.74,65.8,222.52,296.6,54.21
2023-10-28 10:30:00,5,4005.43,47.83,115.16,37.91,74.39,249.96,327.65,51.17
2023-10-28 11:30:00,5,4165.65,27.94,141.2,91.55,85.83,295.71,376.07,47.12
2023-10-28 12:30:00,5,1575.47,5.81,61.01,175.95,80.11,138.54,170.13,17.48
2023-10-28 13:30:00,5,1148.22,2.49,39.76,200.27,60.56,104.22,128.24,13.81
2023-10-28 14:30:00,5,1134.87,1.82,41.13,208.85,64.85,105.15,129.28,14.69
2023-10-28 15:30:00,5,1842.5,2.91,75.4,168.8,80.11,142.47,177.79,22.55
2023-10-28 16:30:00,5,2990.72,3.52,134.35,97.27,94.41,203.08,255.39,32.93
2023-10-28 17:30:00,5,4219.06,7.93,197.41,18.78,109.67,260.86,329.24,43.57
2023-10-28 18:30:00,5,5714.42,39.34,230.31,0.01,144.96,351.09,439.84,66.88
2023-10-28 19:30:00,5,7156.37,60.8,257.73,0,192.64,460.55,573.22,96.26
2023-10-28 20:30:00,5,8331.3,70.63,293.37,0,236.51,560.09,692.15,122.61
2023-10-28 21:30:00,5,8972.17,66.16,329.02,0,251.77,624.37,767.43,133.75
2023-10-28 22:30:00,5,8972.17,54.99,334.5,0,244.14,641.64,786.33,127.67
2023-10-28 23:30:00,5,8117.68,43.36,304.34,0,211.72,608.36,737.97,105.38
2023-10-29 00:30:00,5,6675.72,27.94,244.02,0,156.4,534.6,634.12,67.89
2023-10-29 01:30:00,5,5340.58,16.09,178.22,0.02,113.49,468.08,544.07,43.06
2023-10-29 02:30:00,5,4379.27,8.72,130.24,0.21,81.06,410.02,470.76,31.92
2023-10-29 03:30:00,5,3791.81,5.53,102.82,0.46,60.08,365.3,419.82,29.13
2023-10-29 04:30:00,5,3337.86,5.25,85.68,0.5,48.64,321.4,373.64,30.4
2023-10-29 05:30:00,5,2937.32,7.6,73.34,0.27,43.39,277.28,328.83,32.42
2023-10-29 06:30:00,5,3044.13,18.55,69.92,0.03,47.68,264.57,322.12,38
2023-10-29 07:30:00,5,3952.03,49.62,74.03,0.25,61.04,305,380.7,49.14
2023-10-29 08:30:00,5,5126.95,91.2,81.57,2.91,75.34,360.25,452.37,56.24
2023-10-29 09:30:00,5,5714.42,87.62,108.3,12.34,84.88,400.24,494.57,53.7
2023-10-29 10:30:00,5,6088.26,48.28,154.91,49.35,93.46,459.77,557.3,49.65
2023-10-29 11:30:00,5,6408.69,18.1,172.73,163.08,103,568.55,670.21,43.57
2023-10-29 12:30:00,5,1468.66,5.31,56.89,171.66,98.23,147.4,200.38,11.91
2023-10-29 13:30:00,5,907.9,2.79,33.59,177.38,64.85,95.76,149.27,8.49
2023-10-29 14:30:00,5,834.47,1.82,29.47,191.69,58.17,98.04,152.5,7.41
2023-10-29 15:30:00,5,1575.47,3.32,65.12,153.06,71.53,138.36,203.53,16.72
2023-10-29 16:30:00,5,2937.32,5.14,130.24,80.82,91.55,209.27,293.76,30.4
2023-10-29 17:30:00,5,4325.87,15.2,189.19,10.1,109.67,278.67,383.64,44.58
2023-10-29 18:30:00,5,5661.01,44.26,202.89,0,139.24,348.85,478.96,66.88
2023-10-29 19:30:00,5,6515.5,56.77,200.15,0,162.12,420.87,577.06,90.18
2023-10-29 20:30:00,5,6942.75,61.69,183.7,0,173.57,482.8,661.79,107.41
2023-10-29 21:30:00,5,6729.13,52.3,165.88,0,169.75,517.15,706.84,113.49
2023-10-29 22:30:00,5,5981.45,37.55,145.32,0,146.87,517.58,704.47,105.38
2023-10-29 23:30:00,5,4966.74,25.48,120.64,0.01,112.53,479.45,647.24,83.09
2023-10-30 00:30:00,5,3952.03,15.65,98.71,0.07,79.15,426.12,565.73,55.22
2023-10-30 01:30:00,5,3364.56,11.18,82.94,0.2,59.6,394.02,512.43,36.48
2023-10-30 02:30:00,5,2910.61,7.82,68.55,0.45,45.3,363.8,466.38,24.07
2023-10-30 03:30:00,5,2670.29,7.93,58.95,0.34,39.58,344.56,436.66,18.75
2023-10-30 04:30:00,5,2616.88,10.39,54.84,0.13,41.01,336.53,424.43,18.75
2023-10-30 05:30:00,5,2670.29,15.2,54.15,0.03,46.25,333.96,419.53,21.53
2023-10-30 06:30:00,5,3097.53,29.5,56.21,0,57.7,350.72,441.41,28.63
2023-10-30 07:30:00,5,4379.27,67.06,67.17,0.13,76.29,415.05,526.46,39.52
2023-10-30 08:30:00,5,5821.23,113.55,80.88,1.7,92.51,483.25,613.98,47.12
2023-10-30 09:30:00,5,4859.92,62.58,116.53,15.02,99.18,409.39,520.8,39.01
2023-10-30 10:30:00,5,4486.08,35.76,132.98,47.21,107.77,391.93,500.08,38.5
2023-10-30 11:30:00,5,4058.84,17.88,130.24,110.15,121.12,385.1,485.8,34.45
2023-10-30 12:30:00,5,1348.5,6.82,67.17,144.48,125.89,164.42,222.11,10.51
2023-10-30 13:30:00,5,988.01,3.97,49.35,157.36,98.23,115.66,164.06,9.37
2023-10-30 14:30:00,5,988.01,2.57,47.3,170.23,96.32,114.96,161.27,9.75
2023-10-30 15:30:00,5,1735.69,3.38,81.57,135.9,104.9,153.06,210.77,19.51
2023-10-30 16:30:00,5,3124.24,5.59,143.95,61.51,114.44,219.32,298.91,33.44
2023-10-30 17:30:00,5,4432.68,22.8,183.7,5.14,115.39,273.08,372.69,43.57
2023-10-30 18:30:00,5,5554.2,59.01,172.73,0,115.39,324.66,446.38,55.22
2023-10-30 19:30:00,5,6141.66,72.42,146.69,0,111.58,371.01,516.93,66.88
2023-10-30 20:30:00,5,6301.88,73.31,126.12,0,105.86,406.18,573.52,72.96
2023-10-30 21:30:00,5,6301.88,69.74,111.04,0,97.27,429.77,612.47,72.96
2023-10-30 22:30:00,5,6141.66,67.95,95.96,0,88.69,440.52,632.99,63.84
2023-10-30 23:30:00,5,5393.98,59.9,83.63,0,72.48,404.56,586.77,43.06
2023-10-31 00:30:00,5,4379.27,45.6,75.4,0,55.79,341.33,495.14,26.35
2023-10-31 01:30:00,5,3738.4,34.42,69.92,0,49.59,308.48,440.63,21.79
2023-10-31 02:30:00,5,3471.37,27.49,65.12,0,46.73,296.6,413.38,21.28
2023-10-31 03:30:00,5,3417.97,25.48,61.69,0,48.16,298.61,406.3,21.28
2023-10-31 04:30:00,5,3524.78,27.94,61.69,0,55.31,316.15,419.19,23.31
2023-10-31 05:30:00,5,3791.81,33.97,63.75,0,68.66,343.5,445.83,29.64
2023-10-31 06:30:00,5,4272.46,48.28,66.49,0,85.83,378.92,484.51,42.05
2023-10-31 07:30:00,5,5554.2,89.41,70.6,0.1,98.23,452.9,576.65,51.68
2023-10-31 08:30:00,5,7049.56,141.26,80.2,1.43,103.95,529.16,670.14,52.69
2023-10-31 09:30:00,5,5714.42,87.62,112.41,10.64,103,438.46,553.84,42.56
2023-10-31 10:30:00,5,5180.36,47.83,142.57,38.98,108.72,408.21,519.17,41.04
2023-10-31 11:30:00,5,4592.9,21.01,146.69,104.43,122.07,398.98,502.49,36.48
2023-10-31 12:30:00,5,1869.2,10.73,101.45,134.47,173.57,217.02,272.13,12.41
2023-10-31 13:30:00,5,1361.85,8.05,94.59,138.76,181.2,174.86,220.42,9.25
2023-10-31 14:30:00,5,1308.44,6.65,109.67,135.9,211.72,175.11,219.97,8.87
2023-10-31 15:30:00,5,2216.34,9.39,157.65,82.97,232.7,224.21,282.57,19.51
2023-10-31 16:30:00,5,3898.62,24.81,211.12,17.52,223.16,302.73,386.92,36.48
2023-10-31 17:30:00,5,5607.6,69.74,222.09,0.73,200.27,370.06,480.56,50.66
2023-10-31 18:30:00,5,6942.75,103.71,211.12,0,181.2,425.77,565.59,67.89
2023-10-31 19:30:00,5,7476.81,106.39,183.7,0,160.22,471.98,642.3,82.08
2023-10-31 20:30:00,5,7583.62,98.35,159.03,0,141.14,509.36,704.7,91.2
2023-10-31 21:30:00,5,7370,84.94,138.46,0,121.12,520.14,731.42,90.18
2023-10-31 22:30:00,5,7049.56,76,120.64,0,104.9,518.51,736.54,83.09
2023-10-31 23:30:00,5,6355.29,67.06,105.56,0,85.83,486.38,688.92,66.88
2023-11-01 00:30:00,5,5500.79,54.54,95.96,0,67.71,435.32,611.43,46.1
2023-11-01 01:30:00,5,4806.52,40.23,90.48,0,60.08,404.52,554.43,33.94
2023-11-01 02:30:00,5,4219.06,27.05,85,0,56.74,375.9,496.01,27.61
2023-11-01 03:30:00,5,3738.4,19.89,78.83,0.01,60.08,352.64,450.27,27.36
2023-11-01 04:30:00,5,3524.78,18.33,76.09,0.01,71.53,346.53,432.75,31.41
2023-11-01 05:30:00,5,3578.19,21.9,79.51,0,87.74,355.96,439.27,38
2023-11-01 06:30:00,5,4165.65,38.44,85.68,0,108.72,395.21,485.86,51.17
2023-11-01 07:30:00,5,5874.63,89.41,93.22,0.12,129.7,498.43,615.04,66.88
2023-11-01 08:30:00,5,7690.43,150.2,104.19,1.54,141.14,610.54,752.53,68.9
2023-11-01 09:30:00,5,7263.18,125.17,132.98,7.69,150.68,587.84,715.5,60.29
2023-11-01 10:30:00,5,7904.05,87.62,191.93,26.11,164.03,654.94,791.45,63.84
2023-11-01 11:30:00,5,8010.86,34.87,233.05,100.14,173.57,727.28,870.54,59.78
2023-11-01 12:30:00,5,1789.09,10.39,91.85,131.61,186.92,203.99,247.38,13.81
2023-11-01 13:30:00,5,1001.36,3.44,40.44,163.08,87.74,110.51,140.52,10.89
2023-11-01 14:30:00,5,841.14,1.84,28.79,174.52,60.08,89.65,116.75,10.77
2023-11-01 15:30:00,5,1361.85,3.02,54.15,137.33,63.9,107.57,142.81,18.49
2023-11-01 16:30:00,5,2349.85,4.3,101.45,73.67,77.25,148.26,199.56,28.63
2023-11-01 17:30:00,5,3204.35,7.26,143.95,13.05,85.83,179.96,246.05,34.96
2023-11-01 18:30:00,5,4165.65,38,141.2,0.01,96.32,225.84,310.08,45.09
2023-11-01 19:30:00,5,5126.95,63.48,128.87,0,105.86,293.09,403.87,58.77
2023-11-01 20:30:00,5,5661.01,72.42,122.01,0,106.81,349.45,482.47,67.89
2023-11-01 21:30:00,5,5928.04,74.21,116.53,0,102.04,389.04,536.83,67.89
2023-11-01 22:30:00,5,5874.63,73.31,108.3,0,93.46,402.02,555.28,59.78
2023-11-01 23:30:00,5,5287.17,67.95,95.96,0,75.34,363.2,508.9,43.06
2023-11-02 00:30:00,5,4219.06,54.09,82.94,0,54.36,290.73,416.75,26.09
2023-11-02 01:30:00,5,3524.78,41.13,71.97,0,45.3,246.13,355.27,19.51
2023-11-02 02:30:00,5,3070.83,31.74,62.38,0,41.48,222.81,316.93,16.72
2023-11-02 03:30:00,5,2723.69,25.26,54.84,0,38.15,206.35,285.5,14.69
2023-11-02 04:30:00,5,2483.37,21.23,47.98,0,35.76,196.54,262.65,12.92
2023-11-02 05:30:00,5,2456.67,22.58,44.55,0,35.29,198.41,257.6,12.16
2023-11-02 06:30:00,5,2910.61,37.55,44.55,0,43.39,226.15,291.63,16.72
2023-11-02 07:30:00,5,4272.46,79.57,50.72,0.08,62.94,297.06,387.22,29.13
2023-11-02 08:30:00,5,5500.79,125.17,60.32,1.2,79.15,353.13,464.47,41.04
2023-11-02 09:30:00,5,5340.58,104.61,89.11,6.88,85.83,341.37,446.43,44.58
2023-11-02 10:30:00,5,5500.79,76,127.49,21.99,96.32,366.92,475.83,48.64
2023-11-02 11:30:00,5,5447.39,38,160.4,67.95,107.77,407.75,517.47,47.12
2023-11-02 12:30:00,5,1401.9,3.27,40.1,185.97,62.94,131.01,163.68,15.71
2023-11-02 13:30:00,5,881.2,1.42,19.71,188.83,37.67,79.79,101.99,11.4
2023-11-02 14:30:00,4,787.73,1.24,19.19,177.38,34.81,69.29,88.92,10.13
2023-11-02 15:30:00,5,1575.47,4.47,59.63,117.3,51.5,95.55,127.63,20.01
2023-11-02 16:30:00,5,3070.83,15.65,124.75,36.12,74.39,153.82,211.51,34.45
2023-11-02 17:30:00,5,4592.9,58.11,149.43,1.63,91.55,210.17,293.76,47.62
2023-11-02 18:30:00,5,5981.45,106.39,148.06,0,108.72,279.48,391.58,63.84
2023-11-02 19:30:00,5,6355.29,107.29,138.46,0,107.77,324.46,457.64,70.93
2023-11-02 20:30:00,5,5661.01,74.21,130.24,0,91.55,312.09,444.98,66.88
2023-11-02 21:30:00,5,4966.74,50.51,122.01,0,78.2,296.45,421.59,60.8
2023-11-02 22:30:00,5,4966.74,49.62,112.41,0,72.48,312.24,438.89,55.22
2023-11-02 23:30:00,5,4592.9,46.04,100.08,0,60.56,291.75,409.73,40.53
2023-11-03 00:30:00,5,3631.59,32.63,85,0,44.35,235.5,326.12,25.59
2023-11-03 01:30:00,5,2857.21,19.22,69.92,0.02,36.72,193.71,261.56,19
2023-11-03 02:30:00,5,2376.56,11.51,58.95,0.14,32.9,169.42,221.62,15.58
2023-11-03 03:30:00,5,2082.82,7.26,51.41,0.51,30.99,153.46,197.56,13.43
2023-11-03 04:30:00,5,2002.72,7.15,47.3,0.49,30.52,148.92,190.11,11.91
2023-11-03 05:30:00,5,2082.82,12.29,45.24,0.11,31.95,153.94,196.41,11.53
2023-11-03 06:30:00,5,2590.18,29.5,44.55,0,39.58,181.64,234.26,15.45
2023-11-03 07:30:00,5,3791.81,68.84,47.3,0.09,56.74,242.77,318.29,25.33
2023-11-03 08:30:00,5,4699.71,105.5,52.78,1.54,69.62,279.02,368.81,32.17
2023-11-03 09:30:00,5,4112.24,80.47,70.6,8.31,82.97,253.3,329.87,35.97
2023-11-03 10:30:00,5,3845.21,52.3,95.96,27.18,98.23,257.73,330.76,39.52
2023-11-03 11:30:00,5,3204.35,24.14,98.71,72.24,104.9,248.68,310.18,35.46
2023-11-03 12:30:00,5,974.66,3.27,26.39,140.19,40.53,81.47,103.11,11.4
2023-11-03 13:30:00,4,647.54,1.84,15.25,140.19,24.8,48.41,66.5,6.78
2023-11-03 14:30:00,3,607.49,1.87,16.62,133.04,25.51,40.77,59.68,6.21
2023-11-03 15:30:00,4,1468.66,8.38,58.95,82.25,45.78,72.56,106.84,17.23
2023-11-03 16:30:00,5,3044.13,33.53,115.16,20.21,69.62,133.79,192.87,32.17
2023-11-03 17:30:00,5,4539.49,91.2,134.35,1.06,82.97,187.2,267.12,43.06
2023-11-03 18:30:00,5,5874.63,148.42,137.09,0,96.32,248.36,349.82,57.25
2023-11-03 19:30:00,5,6835.94,162.72,131.61,0,103,317.49,442.71,69.92
2023-11-03 20:30:00,5,6942.75,144.84,119.27,0,96.32,356.92,499.83,72.96
2023-11-03 21:30:00,5,6675.72,119.81,106.93,0,84.88,366.12,519.5,65.86
2023-11-03 22:30:00,5,6248.47,102.82,97.33,0,77.25,361.06,513.96,57.76
2023-11-03 23:30:00,5,5287.17,81.36,89.11,0,61.99,307.68,443,42.56
2023-11-04 00:30:00,5,3898.62,54.09,78.83,0,44.35,226.67,333.58,26.35
2023-11-04 01:30:00,5,3070.83,33.53,69.92,0,36.24,184.95,271.02,20.27
2023-11-04 02:30:00,5,2670.29,22.35,63.06,0.01,34.33,171.07,243.17,19
2023-11-04 03:30:00,5,2456.67,16.54,58.26,0.02,36.24,166.31,229.44,20.01
2023-11-04 04:30:00,5,2483.37,17.21,57.58,0.01,45.3,175.81,235.86,23.31
2023-11-04 05:30:00,5,2777.1,23.47,65.12,0,61.99,200.55,265.2,31.16
2023-11-04 06:30:00,5,3417.97,39.34,77.46,0,83.92,242.52,319.15,45.6
2023-11-04 07:30:00,5,4646.3,76,85,0.14,100.14,309.17,408.1,59.28
2023-11-04 08:30:00,5,5500.79,109.08,87.74,2.62,97.27,351.13,461.23,58.26
2023-11-04 09:30:00,5,4432.68,63.48,106.93,17.7,99.18,294.52,374.23,43.57
2023-11-04 10:30:00,5,4112.24,31.74,124.75,60.8,109.67,305.66,377.98,39.01
2023-11-04 11:30:00,5,3738.4,14.19,115.16,138.76,119.21,323.63,391.47,32.93
2023-11-04 12:30:00,5,1214.98,2.57,30.5,188.83,59.13,111.06,147.46,10.64
2023-11-04 13:30:00,5,767.71,1.23,14.91,185.97,34.81,72.05,108,7.66
2023-11-04 14:30:00,5,714.3,1.01,14.39,180.24,30.52,67.11,101.19,7.54
2023-11-04 15:30:00,5,1134.87,1.9,35.99,157.36,39.1,84.16,118.46,14.06
2023-11-04 16:30:00,5,1815.8,2.15,74.03,103,48.16,109.14,149.94,21.53
2023-11-04 17:30:00,5,2403.26,0.75,112.41,37.19,50.07,123.48,172.55,26.85
2023-11-04 18:30:00,5,2990.72,9.5,126.12,1.86,54.36,143.03,201.18,33.44
2023-11-04 19:30:00,5,3391.27,22.58,106.93,0.03,58.17,169.88,238.75,41.04
2023-11-04 20:30:00,5,3417.97,23.02,91.85,0.02,57.22,184.78,257.71,44.58
2023-11-04 21:30:00,5,3257.75,15.2,84.31,0.18,53.41,185.64,254.84,43.57
2023-11-04 22:30:00,5,3044.13,6.26,82.25,1.92,49.59,179.23,243.89,40.02
2023-11-04 23:30:00,5,2590.18,1.09,72.66,10.37,39.58,154.17,209.17,32.17
2023-11-05 00:30:00,5,2029.42,0.09,58.26,20.56,28.37,121.58,164.34,24.07
2023-11-05 01:30:00,5,1815.8,0.09,50.72,20.03,24.56,114.25,151.54,22.04
2023-11-05 02:30:00,5,1762.39,0.19,47.98,15.56,23.6,117.49,153.21,21.79
2023-11-05 03:30:00,5,1735.69,0.54,46.61,9.92,23.13,121.11,156.65,20.77
2023-11-05 04:30:00,5,1695.63,1.47,43.87,5.14,22.17,119.82,153.85,18.75
2023-11-05 05:30:00,5,1642.23,4.19,40.78,1.5,21.7,115.2,147.54,16.97
2023-11-05 06:30:00,5,1842.5,13.63,39.76,0.13,25.75,124.26,161.03,17.73
2023-11-05 07:30:00,5,2696.99,41.13,42.84,0.14,38.15,168.22,221.92,23.05
2023-11-05 08:30:00,5,3845.21,78.68,47.98,2.12,51.98,223.29,296.31,28.12
2023-11-05 09:30:00,5,4539.49,92.09,65.8,7.6,66.76,270.14,353.88,34.45
2023-11-05 10:30:00,5,4699.71,62.58,101.45,26.82,76.29,302.14,388.44,38.5
2023-11-05 11:30:00,5,4379.27,25.03,119.27,91.55,83.92,326.54,406.67,34.45
2023-11-05 12:30:00,5,1028.06,2.63,26.05,171.66,44.35,85.19,104.03,11.78
2023-11-05 13:30:00,4,654.22,1.42,14.39,168.8,28.13,53.82,65.67,8.23
2023-11-05 14:30:00,4,600.81,1.34,14.91,160.22,27.18,47.27,58.07,7.73
2023-11-05 15:30:00,4,1281.74,4.69,47.3,113.01,41.48,71.88,94.3,16.47
2023-11-05 16:30:00,5,2429.96,11.29,97.33,46.49,59.6,118.29,160.58,27.87
2023-11-05 17:30:00,5,3524.78,35.32,126.12,3.44,74.39,160.55,220.95,39.52
2023-11-05 18:30:00,5,4592.9,72.42,123.38,0,94.41,211.8,292.24,56.24
2023-11-05 19:30:00,5,5126.95,79.57,116.53,0,103,257.72,355.89,68.9
2023-11-05 20:30:00,5,5073.55,67.06,112.41,0,98.23,280.38,389.78,72.96
2023-11-05 21:30:00,5,4806.52,53.2,108.3,0,89.65,287.39,398.72,71.94
2023-11-05 22:30:00,5,4859.92,52.75,104.19,0,82.97,302.68,417.78,68.9
2023-11-05 23:30:00,5,4859.92,54.54,105.56,0,70.57,306.61,421.75,59.28
2023-11-06 00:30:00,5,4699.71,49.62,112.41,0,68.66,297.23,406.84,53.2
2023-11-06 01:30:00,5,4753.11,46.04,119.27,0,82.97,303.9,410.77,58.26
2023-11-06 02:30:00,5,4699.71,42.02,123.38,0,93.46,309.19,408.69,60.8
2023-11-06 03:30:00,5,4592.9,37.55,124.75,0,100.14,306.26,395.6,63.84
2023-11-06 04:30:00,5,4379.27,35.32,117.9,0,103.95,302.15,384.13,65.86
2023-11-06 05:30:00,5,4165.65,37.1,104.19,0,102.04,299.17,374.75,63.84
2023-11-06 06:30:00,5,4325.87,50.51,86.37,0,77.25,315.73,392.24,38.5
2023-11-06 07:30:00,5,5393.98,89.41,79.51,0.09,82.02,376.65,470.85,41.04
2023-11-06 08:30:00,5,6675.72,134.11,85,1.63,96.32,439.35,550.26,51.17
2023-11-06 09:30:00,5,7263.18,128.75,116.53,7.87,110.63,477.03,593.38,57.76
2023-11-06 10:30:00,5,7263.18,73.31,175.48,35.05,122.07,512.73,634.38,57.76
2023-11-06 11:30:00,5,6835.94,24.14,189.19,131.61,125.89,555.34,681.44,51.17
2023-11-06 12:30:00,5,1708.98,4.53,59.63,200.27,122.07,167.38,201.69,14.69
2023-11-06 13:30:00,5,1094.82,2.63,37.01,200.27,82.02,107.07,133.06,11.27
2023-11-06 14:30:00,5,1001.36,2.04,34.62,203.13,72.48,94.68,120.44,11.65
2023-11-06 15:30:00,5,1949.31,4.92,81.57,140.19,87.74,137.56,179.15,23.56
2023-11-06 16:30:00,5,3685,13.19,159.03,47.92,115.39,220.35,290.81,43.57
2023-11-06 17:30:00,5,5447.39,53.2,197.41,2.08,146.87,294.5,393.13,67.89
2023-11-06 18:30:00,5,7049.56,103.71,200.15,0,186.92,373.9,502.45,99.3
2023-11-06 19:30:00,5,8117.68,128.75,183.7,0,205.99,449.72,607.43,123.62
2023-11-06 20:30:00,5,8331.3,126.96,159.03,0,192.64,498.5,679.9,125.65
2023-11-06 21:30:00,5,8010.86,114.44,134.35,0,154.5,506.21,703.79,111.46
2023-11-06 22:30:00,5,7583.62,103.71,112.41,0,123.98,494.68,708.43,98.29
2023-11-06 23:30:00,5,6675.72,93.88,91.85,0,91.55,443.69,651.33,79.04
2023-11-07 00:30:00,5,5661.01,81.36,78.83,0,65.8,376.96,563.7,58.26
2023-11-07 01:30:00,5,4913.33,67.95,69.23,0,57.22,337.43,499.66,48.13
2023-11-07 02:30:00,5,4272.46,54.54,63.06,0,56.74,306,440.19,42.05
2023-11-07 03:30:00,5,3845.21,43.36,61.69,0,61.04,288.71,399.02,38.5
2023-11-07 04:30:00,5,3578.19,37.1,65.12,0,65.8,284.11,379.18,36.48
2023-11-07 05:30:00,5,3524.78,37.1,69.92,0,73.43,291.2,379.51,36.48
2023-11-07 06:30:00,5,3898.62,50.96,74.03,0,87.74,320.82,412.51,42.56
2023-11-07 07:30:00,5,5233.76,95.67,79.51,0.08,105.86,400.17,512.82,54.21
2023-11-07 08:30:00,5,6782.53,155.57,86.37,1.31,116.35,484.21,617.75,57.76
2023-11-07 09:30:00,5,7156.37,160.93,108.3,5.59,123.98,507.58,637.69,52.69
2023-11-07 10:30:00,5,6942.75,114.44,159.03,18.78,131.61,515.26,639.55,49.65
2023-11-07 11:30:00,5,6729.13,53.2,211.12,67.23,137.33,550.37,668.78,43.57
2023-11-07 12:30:00,5,1508.71,6.37,59.63,154.5,95.37,137.31,171.44,11.91
2023-11-07 13:30:00,5,921.25,2.46,28.45,173.09,52.93,78.78,106.07,9.75
2023-11-07 14:30:00,4,827.79,1.79,25.02,175.95,46.73,73.98,100.22,9.25
2023-11-07 15:30:00,5,1735.69,5.48,69.92,118.73,62.94,110.18,151.45,21.28
2023-11-07 16:30:00,5,3284.45,16.76,135.72,37.55,84.88,175.73,242.37,36.48
2023-11-07 17:30:00,5,4699.71,58.11,157.65,1.61,103,232.24,320.65,51.68
2023-11-07 18:30:00,5,5928.04,99.24,157.65,0,123.98,293.04,404.96,69.92
2023-11-07 19:30:00,5,6568.91,104.61,148.06,0,119.21,343,478.08,78.02
2023-11-07 20:30:00,5,6408.69,92.98,132.98,0,100.14,355.75,502.7,76
2023-11-07 21:30:00,5,5874.63,76.89,116.53,0,82.97,347.22,493.01,69.92
2023-11-07 22:30:00,5,5500.79,68.84,101.45,0,75.34,339.89,481.02,64.34
2023-11-07 23:30:00,5,4859.92,61.69,87.74,0,61.99,307.44,435.18,51.17
2023-11-08 00:30:00,5,4005.43,49.62,77.46,0,48.16,254.24,360.56,35.46
2023-11-08 01:30:00,5,3524.78,42.47,69.23,0,45.3,231.7,325.91,30.4
2023-11-08 02:30:00,5,3337.86,40.23,64.43,0,46.73,228.89,316.81,29.13
2023-11-08 03:30:00,5,3311.16,39.34,61.69,0,53.41,232.01,317.72,29.89
2023-11-08 04:30:00,5,3284.45,38.44,63.75,0,67.71,236.1,322.16,33.94
2023-11-08 05:30:00,5,3364.56,38.89,69.92,0,87.74,245.94,333.51,41.54
2023-11-08 06:30:00,5,3791.81,50.07,80.2,0,119.21,275.41,368.34,57.76
2023-11-08 07:30:00,5,5073.55,87.62,89.11,0.08,152.59,349.87,464.34,83.09
2023-11-08 08:30:00,5,6462.1,135.9,95.96,1.3,152.59,426.53,564.41,88.16
2023-11-08 09:30:00,5,7156.37,148.42,112.41,5.05,139.24,469.9,616.97,77.01
2023-11-08 10:30:00,5,7049.56,109.97,146.69,15.74,131.61,481.78,628.15,71.94
2023-11-08 11:30:00,5,6355.29,50.96,178.22,54.36,127.79,475.29,611.76,61.81
2023-11-08 12:30:00,5,1335.14,5.42,46.61,133.04,73.43,121.03,167.88,14.06
2023-11-08 13:30:00,5,781.06,2.1,22.28,153.06,40.05,77.43,121.05,9.5
2023-11-08 14:30:00,4,687.6,1.63,20.05,151.63,34.33,71.52,115.14,8.49
2023-11-08 15:30:00,5,1562.12,6.43,63.75,92.98,50.07,103.06,159.72,19.51
2023-11-08 16:30:00,5,2990.72,26.38,117.9,21.46,68.66,157.09,234.95,32.42
2023-11-08 17:30:00,5,4112.24,73.31,131.61,0.86,72.48,192.41,284.23,41.54
2023-11-08 18:30:00,5,5073.55,113.55,128.87,0,77.25,228.62,334.41,52.18
2023-11-08 19:30:00,5,5447.39,118.02,116.53,0,78.2,272.57,391.39,60.8
2023-11-08 20:30:00,5,5126.95,92.09,101.45,0,72.48,288.04,407.78,62.32
2023-11-08 21:30:00,5,4699.71,67.06,91.85,0,65.8,289.36,403.52,60.29
2023-11-08 22:30:00,5,4806.52,61.69,87.74,0,63.9,305.67,423.08,58.26
2023-11-08 23:30:00,5,4432.68,51.41,84.31,0,53.41,280.71,390.68,45.09
2023-11-09 00:30:00,5,3337.86,31.74,78.14,0,38.15,212.06,302.46,27.87
2023-11-09 01:30:00,5,2536.77,14.53,70.6,0.17,33.38,170.58,243.52,21.03
2023-11-09 02:30:00,5,2109.53,4.25,64.43,2.48,32.9,154.04,214.18,18.24
2023-11-09 03:30:00,5,1976.01,1.61,57.58,5.01,33.38,153.05,206.68,17.23
2023-11-09 04:30:00,5,2136.23,4.75,54.84,1.35,33.86,167.31,221.75,16.09
2023-11-09 05:30:00,5,2376.56,12.07,53.47,0.13,36.24,186.17,244.45,16.21
2023-11-09 06:30:00,5,3017.43,30.85,54.84,0,45.78,224.61,293.25,22.29
2023-11-09 07:30:00,5,4379.27,76.89,59.63,0.06,63.9,300.14,393.11,35.46
2023-11-09 08:30:00,5,5661.01,128.75,65.8,1.03,77.25,357.38,469.32,44.58
2023-11-09 09:30:00,5,5928.04,135.9,80.2,4.38,83.92,366.35,477.83,48.64
2023-11-09 10:30:00,5,5714.42,101.03,116.53,14.13,86.78,364.63,472.5,49.65
2023-11-09 11:30:00,5,5340.58,54.54,153.54,43.63,89.65,367.66,468.55,45.09
2023-11-09 12:30:00,5,1482.01,3.8,42.84,164.51,56.27,131.88,170.85,15.58
2023-11-09 13:30:00,5,1054.76,1.79,24.68,178.81,38.15,98.03,131.53,12.92
2023-11-09 14:30:00,5,961.3,1.54,25.02,171.66,38.15,83.45,114.4,13.17
2023-11-09 15:30:00,5,1762.39,4.86,69.23,110.15,54.36,110.57,153.5,22.29
2023-11-09 16:30:00,5,3150.94,18.33,128.87,27.89,72.48,161.01,224.9,34.45
2023-11-09 17:30:00,5,4379.27,64.37,138.46,0.89,82.97,201.71,282.82,45.09
2023-11-09 18:30:00,5,5661.01,109.97,132.98,0,98.23,265.25,366.97,60.29
2023-11-09 19:30:00,5,6782.53,128.75,127.49,0,109.67,348.36,479.76,74.98
2023-11-09 20:30:00,5,7476.81,130.53,124.75,0,107.77,418.86,582.62,83.09
2023-11-09 21:30:00,5,7797.24,126.96,122.01,0,100.14,463.4,650.21,81.06
2023-11-09 22:30:00,5,7690.43,119.81,116.53,0,98.23,480.44,681.57,79.04
2023-11-09 23:30:00,5,6942.75,105.5,111.04,0,91.55,439.77,633.22,70.93
2023-11-10 00:30:00,5,5607.6,77.78,105.56,0,76.29,352.59,508.78,55.22
2023-11-10 01:30:00,5,4859.92,62.58,97.33,0,71.53,313.65,440.39,46.61
2023-11-10 02:30:00,5,4806.52,61.69,95.96,0,75.34,321.49,437.29,44.08
2023-11-10 03:30:00,5,5020.14,67.06,97.33,0,79.15,348.93,458.44,42.05
2023-11-10 04:30:00,5,5340.58,72.42,102.82,0,78.2,384.37,487.48,36.98
2023-11-10 05:30:00,5,5767.82,80.47,112.41,0,79.15,429.52,526.92,36.98
2023-11-10 06:30:00,5,6462.1,97.45,119.27,0,84.88,488.43,589.45,42.56
2023-11-10 07:30:00,5,7583.62,137.69,113.79,0.06,94.41,554.26,674.71,48.64
2023-11-10 08:30:00,5,8972.17,191.33,109.67,1.03,100.14,620.72,762.59,51.68
2023-11-10 09:30:00,5,7583.62,143.05,112.41,3.98,95.37,514.13,642.26,43.57
2023-11-10 10:30:00,5,6301.88,87.62,123.38,8.85,87.74,427.18,546.93,43.57
2023-11-10 11:30:00,5,4806.52,43.81,120.64,13.41,82.02,339.73,438.98,39.52
2023-11-10 12:30:00,5,1468.66,4.3,69.92,69.38,94.41,124.62,156.83,13.55
2023-11-10 13:30:00,5,988.01,3.35,55.52,83.68,90.6,82.99,104.59,10.13
2023-11-10 14:30:00,5,907.9,3.16,53.47,86.55,91.55,75.29,94.55,9.88
2023-11-10 15:30:00,5,1241.68,3.24,63.06,72.96,92.51,101.03,126.17,15.07
2023-11-10 16:30:00,5,1682.28,2.32,78.14,47.21,84.88,133.12,165.48,20.52
2023-11-10 17:30:00,5,2029.42,1.56,95.96,16.63,79.15,149.24,185.9,23.81
2023-11-10 18:30:00,5,2243.04,4.97,97.33,3.22,73.43,154.88,195.02,24.07
2023-11-10 19:30:00,5,2429.96,8.38,87.74,1.13,68.66,163.28,210.26,24.32
2023-11-10 20:30:00,5,2590.18,10.84,80.88,0.5,66.76,176.1,230.5,23.31
2023-11-10 21:30:00,5,2723.69,13.86,76.77,0.19,63.9,189.77,251.84,21.53
2023-11-10 22:30:00,5,2910.61,19.45,73.34,0.03,57.7,203.81,272.32,19.25
2023-11-10 23:30:00,5,2750.4,20.56,69.92,0.01,46.73,190.55,254.29,14.19
2023-11-11 00:30:00,5,2536.77,21.9,65.12,0.01,34.81,170.62,227.19,10.51
2023-11-11 01:30:00,5,2563.48,24.36,59.63,0,34.33,175.62,232.54,12.67
2023-11-11 02:30:00,5,2723.69,27.27,55.52,0,43.39,193.26,254.34,17.99
2023-11-11 03:30:00,5,2937.32,31.29,53.47,0,55.31,219.46,287.52,22.8
2023-11-11 04:30:00,5,2964.02,32.63,47.98,0,51.5,231.07,304.65,19.76
2023-11-11 05:30:00,5,2830.51,33.08,41.47,0,40.53,223.17,294.77,13.68
2023-11-11 06:30:00,5,2750.4,37.55,34.96,0,35.29,210.29,276.14,11.15
2023-11-11 07:30:00,5,3150.94,55.88,31.87,0.06,40.53,221.4,288.97,14.69
2023-11-11 08:30:00,5,3417.97,69.74,32.56,1.61,44.35,222.5,290.01,15.96
2023-11-11 09:30:00,5,2323.15,31.29,47.98,17.34,55.79,156.73,197.9,13.68
2023-11-11 10:30:00,5,2082.82,20.79,52.09,40.77,66.76,151.59,189.52,15.58
2023-11-11 11:30:00,5,1842.5,14.53,52.78,70.81,76.29,146.3,181.99,15.83
2023-11-11 12:30:00,4,781.06,4.3,25.02,115.87,57.7,69.71,86.61,4.75
2023-11-11 13:30:00,4,634.19,2.1,16.11,137.33,39.1,58.47,73.92,4.56
2023-11-11 14:30:00,4,647.54,1.58,15.94,144.48,35.76,59.69,75.49,5.45
2023-11-11 15:30:00,5,1228.33,4.02,42.5,107.29,42.44,87.41,112.82,12.79
2023-11-11 16:30:00,5,2243.04,8.27,89.11,45.06,50.54,131.85,174.72,22.29
2023-11-11 17:30:00,5,3177.64,26.6,117.9,3.08,54.84,167.65,225.53,30.65
2023-11-11 18:30:00,5,4058.84,58.11,113.79,0,61.04,213.55,288.32,41.04
2023-11-11 19:30:00,5,4539.49,66.16,104.19,0,61.99,256.8,346.36,45.6
2023-11-11 20:30:00,5,4539.49,57.22,93.22,0,57.22,277.18,373.78,41.54
2023-11-11 21:30:00,5,4325.87,47.83,82.25,0,51.02,283.87,377.38,33.94
2023-11-11 22:30:00,5,3952.03,38.44,74.71,0,44.82,275.32,361.14,26.85
2023-11-11 23:30:00,5,3257.75,25.7,68.55,0.01,34.33,233.27,303.03,17.48
2023-11-12 00:30:00,5,2403.26,12.41,60.32,0.19,23.6,177.05,226.43,9.63
2023-11-12 01:30:00,5,1949.31,5.81,52.78,0.97,19.79,148.61,186.81,7.03
2023-11-12 02:30:00,5,1762.39,3.27,47.3,2.1,19.07,137,170.43,6.02
2023-11-12 03:30:00,5,1642.23,2.26,42.84,3.31,18.84,129.95,160.76,5.57
2023-11-12 04:30:00,5,1562.12,1.72,39.76,4.43,18.84,123.36,151.23,5.45
2023-11-12 05:30:00,5,1522.06,2.04,39.07,4.25,19.79,119.44,144.82,5.64
2023-11-12 06:30:00,5,1682.28,6.09,42.16,1.9,24.32,127.65,154.96,7.54
2023-11-12 07:30:00,5,2243.04,21.9,45.93,0.25,33.86,156.07,193.96,12.41
2023-11-12 08:30:00,5,2643.59,37.55,49.35,4.65,41.01,174.43,219.13,16.47
2023-11-12 09:30:00,5,2643.59,36.66,55.52,16.99,49.11,178.1,222.7,19.76
2023-11-12 10:30:00,5,2510.07,26.15,60.32,39.34,55.79,182.38,225.51,23.05
2023-11-12 11:30:00,5,2136.23,13.97,55.52,79.39,61.04,180.22,216.76,21.79
2023-11-12 12:30:00,5,1068.12,3.24,24.33,148.77,40.05,99.85,116.46,10.64
2023-11-12 13:30:00,5,867.84,2.01,17.82,163.08,32.42,80.09,92.75,9.12
2023-11-12 14:30:00,5,854.49,1.82,19.36,165.94,34.33,78.87,91.44,9.75
2023-11-12 15:30:00,5,1388.55,3.97,44.55,128.75,41.01,101.23,122.75,15.96
2023-11-12 16:30:00,5,2323.15,7.1,90.48,62.23,47.21,140.25,176.69,23.81
2023-11-12 17:30:00,5,3150.94,17.88,127.49,6.53,49.11,170.09,217.28,30.4
2023-11-12 18:30:00,5,3898.62,46.94,122.01,0,51.98,206.36,265.27,38.5
2023-11-12 19:30:00,5,4112.24,49.17,109.67,0,51.98,236.08,304.34,39.52
2023-11-12 20:30:00,5,3898.62,38,94.59,0,46.73,242.41,312.6,32.42
2023-11-12 21:30:00,5,3578.19,28.61,84.31,0,41.96,240.51,307.07,25.08
2023-11-12 22:30:00,5,3471.37,24.14,79.51,0.01,39.1,242.79,308.54,20.52
2023-11-12 23:30:00,5,3150.94,17.21,74.03,0.09,31.95,222.61,280.1,14.19
2023-11-13 00:30:00,5,2536.77,8.05,65.8,0.82,24.56,183,226.61,8.87
2023-11-13 01:30:00,5,2216.34,4.02,58.95,2.3,25.27,167.09,205.16,8.11
2023-11-13 02:30:00,5,2082.82,2.6,53.47,3.4,25.99,163.54,200.2,7.79
2023-11-13 03:30:00,5,2056.12,3.55,49.35,2.19,26.46,166.2,203.22,7.73
2023-11-13 04:30:00,5,2136.23,7.93,44.55,0.43,27.18,174.49,213.24,8.11
2023-11-13 05:30:00,5,2323.15,16.09,41.81,0.03,30.04,188.61,231,9.5
2023-11-13 06:30:00,5,2990.72,35.76,42.5,0,39.58,228.88,282.83,14.69
2023-11-13 07:30:00,5,4379.27,76.89,47.98,0.14,57.7,310.01,389.54,24.32
2023-11-13 08:30:00,5,5447.39,114.44,57.58,2.01,71.53,365.39,462.64,31.16
2023-11-13 09:30:00,5,5287.17,91.2,85,8.85,82.02,359.88,451.74,35.46
2023-11-13 10:30:00,5,5767.82,66.16,126.12,28.97,97.27,417.18,521.29,44.58
2023-11-13 11:30:00,5,5767.82,32.19,154.91,87.26,112.53,472.66,583.49,45.6
2023-11-13 12:30:00,5,2082.82,6.26,65.12,181.67,110.63,205.16,244.13,17.48
2023-11-13 13:30:00,5,1588.82,3.3,47.3,211.72,94.41,167.99,197.35,13.68
2023-11-13 14:30:00,5,1562.12,2.35,47.98,223.16,100.14,166.27,194.76,13.81
2023-11-13 15:30:00,5,2483.37,3.27,91.85,158.79,106.81,207.67,251.71,25.33
2023-11-13 16:30:00,5,4058.84,6.59,163.14,54.36,111.58,278.39,348.39,40.53
2023-11-13 17:30:00,5,5447.39,40.23,191.93,1.7,116.35,334.97,427.29,52.69
2023-11-13 18:30:00,5,6675.72,82.25,194.67,0,131.61,400.08,514.75,68.9
2023-11-13 19:30:00,5,7370,88.51,197.41,0,143.05,454.91,591.03,85.12
2023-11-13 20:30:00,5,7263.18,76.89,186.44,0,148.77,481.39,630.58,96.26
2023-11-13 21:30:00,5,6942.75,67.06,163.14,0,141.14,487.45,638.5,96.26
2023-11-13 22:30:00,5,6675.72,62.58,139.83,0,116.35,481.26,632.25,81.06
2023-11-13 23:30:00,5,5821.23,52.75,119.27,0,82.02,427.22,565.06,54.21
2023-11-14 00:30:00,5,4432.68,34.42,98.71,0,50.54,332.48,440.43,28.88
2023-11-14 01:30:00,5,3524.78,20.56,81.57,0.02,37.19,274.81,360.35,17.23
2023-11-14 02:30:00,5,2990.72,12.74,69.92,0.16,32.42,250.12,319.74,12.29
2023-11-14 03:30:00,5,2670.29,8.49,61.01,0.51,30.52,238.71,298.01,10.51
2023-11-14 04:30:00,5,2510.07,6.82,56.21,0.84,30.28,236.2,287.99,9.88
2023-11-14 05:30:00,5,2563.48,8.94,56.89,0.61,31.95,242.19,291.62,10.26
2023-11-14 06:30:00,5,3070.83,21.01,62.38,0.13,40.53,272.6,329.03,15.2
2023-11-14 07:30:00,5,4325.87,53.2,76.77,0.09,58.17,344.25,422.16,26.35
2023-11-14 08:30:00,5,5340.58,78.68,94.59,2.15,71.53,387.66,480.61,33.94
2023-11-14 09:30:00,5,5233.76,60.8,119.27,12.7,79.15,385.13,474.49,37.49
2023-11-14 10:30:00,5,5661.01,47.39,143.95,35.76,92.51,433.67,533.31,44.58
2023-11-14 11:30:00,5,5821.23,26.82,160.4,90.84,104.9,489.64,594.82,45.09
2023-11-14 12:30:00,5,2162.93,5.09,63.06,194.55,94.41,249.79,285.84,14.06
2023-11-14 13:30:00,5,1522.06,2.63,38.04,214.58,66.76,178.49,201.91,11.27
2023-11-14 14:30:00,5,1388.55,2.01,34.62,217.44,61.04,157.93,178.54,12.16
2023-11-14 15:30:00,5,2162.93,4.3,71.97,158.79,66.76,187.47,221.07,22.29
2023-11-14 16:30:00,5,3524.78,8.49,138.46,65.09,74.39,244.55,300.95,34.96
2023-11-14 17:30:00,5,4753.11,32.63,174.11,3.62,77.25,285.74,360.76,45.6
2023-11-14 18:30:00,5,5821.23,74.21,161.77,0,83.92,335.66,431.17,58.77
2023-11-14 19:30:00,5,6301.88,83.15,145.32,0,83.92,382.07,496.21,65.86
2023-11-14 20:30:00,5,6195.07,72.42,127.49,0,75.34,401.53,524.05,59.28
2023-11-14 21:30:00,5,5821.23,59.01,112.41,0,65.8,401.22,520.02,47.12
2023-11-14 22:30:00,5,5393.98,48.73,101.45,0,58.17,383.46,493.01,38.5
2023-11-14 23:30:00,5,4539.49,35.76,90.48,0,45.3,330.8,419.96,26.35
2023-11-15 00:30:00,5,3471.37,20.12,79.51,0.02,31.47,261.1,323.41,15.2
2023-11-15 01:30:00,5,2830.51,10.28,69.23,0.26,26.23,226.7,273.82,10.51
2023-11-15 02:30:00,5,2510.07,5.25,61.69,1.18,24.56,214.31,254.56,8.36
2023-11-15 03:30:00,5,2349.85,2.77,55.52,3.13,24.08,210.81,247.43,7.35
2023-11-15 04:30:00,5,2243.04,1.82,50.72,4.96,24.32,210.76,245.14,7.09
2023-11-15 05:30:00,5,2243.04,2.79,50.72,3.93,26.23,215.72,249.83,7.6
2023-11-15 06:30:00,5,2563.48,12.18,53.47,0.75,33.38,236.79,277.85,10.89
2023-11-15 07:30:00,5,3524.78,41.57,57.58,0.08,47.21,288.45,348.81,18.75
2023-11-15 08:30:00,5,4325.87,72.42,63.75,1.99,57.7,323.81,399.02,25.33
2023-11-15 09:30:00,5,4539.49,76,72.66,8.14,66.76,334.6,414.35,30.91
2023-11-15 10:30:00,5,4753.11,61.69,93.22,21.64,77.25,359.96,447.51,38
2023-11-15 11:30:00,5,4539.49,33.97,109.67,56.51,82.97,373.97,462.63,38
2023-11-15 12:30:00,5,1602.17,4.69,42.5,160.22,65.8,177.21,208.18,15.33
2023-11-15 13:30:00,5,1241.68,2.63,29.82,181.67,52.93,146.19,169.71,13.05
2023-11-15 14:30:00,5,1214.98,2.12,31.19,188.83,55.31,143.7,166.46,13.68
2023-11-15 15:30:00,5,2136.23,4.97,74.71,130.18,67.71,184.55,222.63,24.57
2023-11-15 16:30:00,5,3685,13.08,141.2,40.41,80.11,252.36,315.53,38.5
2023-11-15 17:30:00,5,5020.14,52.3,165.88,1.42,90.6,302.39,386.51,52.69
2023-11-15 18:30:00,5,6195.07,97.45,161.77,0,108.72,362.7,468.29,71.94
2023-11-15 19:30:00,5,6782.53,108.18,150.8,0,108.72,416.58,541.73,82.08
2023-11-15 20:30:00,5,6622.31,96.56,132.98,0,95.37,439.51,573.98,74.98
2023-11-15 21:30:00,5,6248.47,84.04,113.79,0,80.11,441.24,573.84,60.29
2023-11-15 22:30:00,5,5981.45,76,104.19,0,71.53,436.72,565.66,50.66
2023-11-15 23:30:00,5,5287.17,64.37,98.71,0,57.7,394.25,506.42,37.49
2023-11-16 00:30:00,5,4219.06,43.81,93.22,0,41.96,316.8,401.04,24.32
2023-11-16 01:30:00,5,3471.37,27.72,83.63,0,35.29,272.65,340.99,18.75
2023-11-16 02:30:00,5,3070.83,19.67,73.34,0.01,32.9,254.9,315.67,15.71
2023-11-16 03:30:00,5,2830.51,16.09,63.75,0.02,31.95,248.18,306.45,14.31
2023-11-16 04:30:00,5,2670.29,15.2,56.21,0.03,31.47,245.85,302.52,13.43
2023-11-16 05:30:00,5,2696.99,18.78,52.09,0.01,32.9,253.53,309.56,13.17
2023-11-16 06:30:00,5,3231.05,36.66,52.09,0,41.96,295.13,359.87,17.23
2023-11-16 07:30:00,5,4699.71,83.15,56.21,0.03,61.04,383.2,472.98,28.63
2023-11-16 08:30:00,5,6195.07,137.69,61.69,0.75,78.2,460.65,574.6,39.01
2023-11-16 09:30:00,5,6942.75,151.99,76.77,3.4,93.46,498.48,618.88,48.13
2023-11-16 10:30:00,5,7263.18,123.38,120.64,11.18,107.77,537.41,661.42,56.24
2023-11-16 11:30:00,5,7370,67.06,183.7,40.41,120.16,589.83,717.49,55.73
2023-11-16 12:30:00,5,2643.59,6.71,95.96,185.97,183.11,304.3,347.94,18.75
2023-11-16 13:30:00,5,1842.5,4.64,78.83,191.69,181.2,248.35,280.26,10.89
2023-11-16 14:30:00,5,1602.17,4.3,83.63,174.52,192.64,219.92,247.81,8.87
2023-11-16 15:30:00,5,2456.67,7.93,128.87,101.57,188.83,246.77,287.69,20.77
2023-11-16 16:30:00,5,4325.87,28.16,186.44,20.21,175.48,323.1,390.93,39.52
2023-11-16 17:30:00,5,6248.47,87.62,194.67,0.64,164.03,398.3,492.15,56.24
2023-11-16 18:30:00,5,7797.24,132.32,180.96,0,156.4,467.52,588.3,74.98
2023-11-16 19:30:00,5,8438.11,139.47,160.4,0,148.77,539.51,686.33,89.17
2023-11-16 20:30:00,5,8865.36,132.32,148.06,0,143.05,611.13,778.47,92.21
2023-11-16 21:30:00,5,8865.36,119.81,141.2,0,135.42,651.59,828.28,84.1
2023-11-16 22:30:00,5,8758.54,109.08,134.35,0,141.14,667.57,851.71,88.16
2023-11-16 23:30:00,5,8224.49,100.14,127.49,0,143.05,644.09,831.94,91.2
2023-11-17 00:30:00,5,7476.81,90.3,123.38,0,137.33,603.44,787.56,85.12
2023-11-17 01:30:00,5,7156.37,84.04,117.9,0,120.16,593.08,779.11,70.93
2023-11-17 02:30:00,5,6942.75,82.25,111.04,0,98.23,596.48,776.97,52.18
2023-11-17 03:30:00,5,6942.75,85.83,109.67,0,108.72,616.13,794.85,55.22
2023-11-17 04:30:00,5,7156.37,91.2,117.9,0,141.14,648.51,827.39,72.96
2023-11-17 05:30:00,5,7476.81,99.24,130.24,0,162.12,679.92,858.95,86.13
2023-11-17 06:30:00,5,7904.05,112.65,141.2,0,185.01,704.11,883.25,108.42
2023-11-17 07:30:00,5,8865.36,153.78,146.69,0.04,215.53,752.12,942.52,143.89
2023-11-17 08:30:00,5,9826.66,203.85,146.69,0.83,228.88,785.57,983.46,160.1
2023-11-17 09:30:00,5,9826.66,218.15,142.57,3.22,183.11,768.71,951.66,104.37
2023-11-17 10:30:00,5,9613.04,178.81,174.11,9.3,165.94,751.98,925.48,92.21
2023-11-17 11:30:00,5,8972.17,96.56,235.8,32.54,160.22,751.83,921.37,84.1
2023-11-17 12:30:00,5,2349.85,16.09,111.04,90.12,207.9,288.23,335.95,16.47
2023-11-17 13:30:00,5,1455.31,8.27,80.88,110.15,169.75,206.31,237.1,9.12
2023-11-17 14:30:00,5,1241.68,6.43,80.2,108.72,167.85,179.06,205.31,8.23
2023-11-17 15:30:00,5,2216.34,14.53,124.75,53.64,171.66,216.23,256.18,21.79
2023-11-17 16:30:00,5,4219.06,57.22,169.99,7.42,190.73,302.82,372.13,48.13
2023-11-17 17:30:00,5,6462.1,135.9,186.44,0.33,230.79,404.13,503.32,80.05
2023-11-17 18:30:00,5,8544.92,198.48,197.41,0,274.66,518.7,652.39,117.54
2023-11-17 19:30:00,5,10147.09,212.79,205.64,0,305.18,640.82,813.65,156.04
2023-11-17 20:30:00,5,10681.15,196.7,211.12,0,312.81,728.51,934.87,182.39
2023-11-17 21:30:00,5,10681.15,175.24,208.38,0,305.18,770.29,997.13,198.6
2023-11-17 22:30:00,5,10360.72,159.14,200.15,0,286.1,782.96,1015.41,202.66
2023-11-17 23:30:00,5,9185.79,132.32,189.19,0,242.23,725.11,937.14,178.34
2023-11-18 00:30:00,5,7263.18,90.3,165.88,0,162.12,606.64,768.49,117.54
2023-11-18 01:30:00,5,5340.58,48.73,132.98,0,82.97,497.22,606.99,51.17
2023-11-18 02:30:00,5,4058.84,24.81,102.82,0,41.96,417.46,491.84,19.51
2023-11-18 03:30:00,5,3204.35,14.75,78.83,0.01,25.51,366.37,422.52,10.77
2023-11-18 04:30:00,5,2750.4,12.07,65.8,0.01,21.22,341.14,391.71,9.12
2023-11-18 05:30:00,5,2563.48,13.63,57.58,0.01,20.98,330.58,379,8.36
2023-11-18 06:30:00,5,2777.1,24.36,53.47,0,27.42,340.52,392.51,11.91
2023-11-18 07:30:00,5,3685,55.43,54.84,0.04,41.48,387.52,455.29,20.01
2023-11-18 08:30:00,5,4699.71,95.67,58.95,0.94,54.36,429.74,512.84,27.11
2023-11-18 09:30:00,5,5180.36,109.97,69.92,4.69,65.8,445.09,534.18,32.17
2023-11-18 10:30:00,5,5340.58,91.2,105.56,16.09,77.25,464.46,553.76,37.49
2023-11-18 11:30:00,5,5554.2,53.64,157.65,53.64,90.6,517.9,606.36,37.49
2023-11-18 12:30:00,5,1668.93,8.05,67.86,128.75,100.14,214.71,241.49,10.26
2023-11-18 13:30:00,5,1121.52,4.47,46.61,141.62,84.88,158.41,176.33,6.65
2023-11-18 14:30:00,5,1041.41,3.8,50.04,138.76,97.27,147.96,164.46,6.33
2023-11-18 15:30:00,5,1762.39,7.15,93.22,85.83,113.49,182.79,210.61,15.2
2023-11-18 16:30:00,5,3097.53,20.79,143.95,20.21,114.44,240.37,286.79,28.37
2023-11-18 17:30:00,5,4325.87,58.11,154.91,0.74,112.53,287.64,350.35,40.02
2023-11-18 18:30:00,5,5447.39,89.41,161.77,0,125.89,331.91,411.39,57.76
2023-11-18 19:30:00,5,6088.26,95.67,163.14,0,139.24,378.05,474.29,77.01
2023-11-18 20:30:00,5,6408.69,89.41,156.28,0,146.87,415.37,523.7,93.22
2023-11-18 21:30:00,5,6248.47,76.89,145.32,0,141.14,432.3,543.4,102.34
2023-11-18 22:30:00,5,6088.26,69.74,131.61,0,123.98,440.38,549.62,101.33
2023-11-18 23:30:00,5,5447.39,65.27,113.79,0,91.55,411.28,505.68,78.02
2023-11-19 00:30:00,5,4058.84,47.83,93.22,0,51.98,321.84,391.23,44.58
2023-11-19 01:30:00,5,2910.61,29.06,80.2,0,37.67,255,307.82,31.66
2023-11-19 02:30:00,5,2243.04,16.76,70.6,0.03,34.81,223.03,266.23,27.36
2023-11-19 03:30:00,5,1922.61,10.73,63.06,0.17,37.19,211.56,250.21,25.84
2023-11-19 04:30:00,5,1815.8,8.49,56.89,0.36,41.96,212.93,250.28,25.59
2023-11-19 05:30:00,5,1842.5,10.06,54.15,0.28,49.59,222.94,261.28,27.87
2023-11-19 06:30:00,5,2296.45,22.13,56.21,0.04,63.9,255.44,302.71,35.46
2023-11-19 07:30:00,5,3417.97,55.43,62.38,0.04,77.25,321.65,389.03,44.58
2023-11-19 08:30:00,5,4592.9,98.35,66.49,0.97,77.25,379.14,463.38,40.53
2023-11-19 09:30:00,5,5020.14,107.29,79.51,4.65,77.25,396.64,481.87,36.98
2023-11-19 10:30:00,5,5393.98,91.2,109.67,13.95,86.78,420.16,508.17,43.06
2023-11-19 11:30:00,5,5607.6,54.09,152.17,43.63,94.41,458.52,549.33,44.08
2023-11-19 12:30:00,5,1401.9,8.72,66.49,111.58,117.3,189.8,212.65,7.22
2023-11-19 13:30:00,5,907.9,4.19,42.5,131.61,84.88,144.38,158.97,4.62
2023-11-19 14:30:00,5,834.47,2.88,39.76,138.76,79.15,137.18,150.29,4.69
2023-11-19 15:30:00,5,1415.25,4.41,71.29,101.57,87.74,166.26,188.21,12.29
2023-11-19 16:30:00,5,2590.18,9.05,130.24,35.76,102.04,217.45,257.16,28.12
2023-11-19 17:30:00,5,3845.21,37.55,164.51,1.54,119.21,263.16,319.24,46.1
2023-11-19 18:30:00,5,5340.58,84.94,175.48,0,144.96,324.21,400.83,70.93
2023-11-19 19:30:00,5,6729.13,118.02,183.7,0,177.38,406.35,510.05,100.31
2023-11-19 20:30:00,5,7904.05,143.05,189.19,0,211.72,497.32,625.34,128.69
2023-11-19 21:30:00,5,8865.36,160.93,189.19,0,236.51,576.52,723.25,151.99
2023-11-19 22:30:00,5,9933.47,182.39,194.67,0,270.84,662.71,824.48,176.31
2023-11-19 23:30:00,5,10681.15,196.7,208.38,0,301.36,737.37,904.88,192.52
2023-11-20 00:30:00,5,10574.34,191.33,224.83,0,316.62,760.34,918.73,188.47
2023-11-20 01:30:00,5,10147.09,175.24,233.05,0,320.43,770.12,917.5,178.34
2023-11-20 02:30:00,5,9613.04,153.78,230.31,0,297.55,771.71,909.85,154.02
2023-11-20 03:30:00,5,8865.36,130.53,211.12,0,207.9,745.53,879.91,99.3
2023-11-20 04:30:00,5,8010.86,116.23,183.7,0,144.96,708.65,841.11,60.8
2023-11-20 05:30:00,5,7370,109.97,157.65,0,108.72,677.29,807.95,42.56
2023-11-20 06:30:00,5,7263.18,110.86,143.95,0,98.23,667.27,803.51,42.56
2023-11-20 07:30:00,5,8117.68,137.69,139.83,0.03,105.86,715.28,868.32,53.2
2023-11-20 08:30:00,5,8972.17,175.24,139.83,0.92,114.44,762.04,922.55,60.29
2023-11-20 09:30:00,5,8865.36,173.45,143.95,4.11,123.98,757.17,904.73,62.32
2023-11-20 10:30:00,5,8438.11,137.69,168.62,11.98,139.24,758.45,896.67,65.86
2023-11-20 11:30:00,5,7904.05,74.21,211.12,37.19,154.5,773.16,905.68,60.29
2023-11-20 12:30:00,5,2136.23,7.49,76.09,137.33,144.96,333.73,374.76,7.22
2023-11-20 13:30:00,5,1321.79,2.6,38.39,173.09,99.18,248.7,276.11,3.48
2023-11-20 14:30:00,5,1148.22,1.54,31.19,181.67,86.78,230.06,254.58,3.83
2023-11-20 15:30:00,5,1869.2,3.02,67.17,125.89,86.78,263.29,300.14,13.93
2023-11-20 16:30:00,5,3204.35,8.16,128.87,38.98,90.6,318.85,379.02,29.39
2023-11-20 17:30:00,5,4486.08,41.57,152.17,1.22,92.51,362.18,443.36,42.05
2023-11-20 18:30:00,5,5661.01,82.25,146.69,0,102.04,420.06,524.54,58.26
2023-11-20 19:30:00,5,6301.88,93.88,135.72,0,104.9,473.59,601.37,69.92
2023-11-20 20:30:00,5,6301.88,82.25,127.49,0,99.18,496.87,637.71,67.89
2023-11-20 21:30:00,5,6088.26,68.84,120.64,0,89.65,509.7,652.48,58.26
2023-11-20 22:30:00,5,5821.23,60.8,111.04,0,79.15,509.87,647.1,47.62
2023-11-20 23:30:00,5,5073.55,48.73,97.33,0,60.56,461.65,579.35,31.66
2023-11-21 00:30:00,5,3845.21,30.85,81.57,0,40.53,373.8,459.91,17.48
2023-11-21 01:30:00,5,3017.43,18.55,67.86,0.03,32.42,319.2,384.07,12.54
2023-11-21 02:30:00,5,2616.88,13.19,58.95,0.09,29.56,293.66,347.55,10.39
2023-11-21 03:30:00,5,2403.26,10.84,52.78,0.16,28.13,282.54,331.42,9.25
2023-11-21 04:30:00,5,2269.74,9.28,50.04,0.23,27.18,275.53,320.24,8.36
2023-11-21 05:30:00,5,2216.34,9.39,48.67,0.25,27.66,273.76,314.72,8.36
2023-11-21 06:30:00,5,2323.15,13.41,50.72,0.31,33.38,281.06,321.9,10.77
2023-11-21 07:30:00,5,3070.83,36.66,54.84,0.05,44.82,320.66,374.87,17.48
2023-11-21 08:30:00,5,3791.81,64.37,58.26,1.23,54.36,351.56,416.37,23.31
2023-11-21 09:30:00,5,4058.84,72.42,65.12,5.59,63.9,363.08,432.53,29.13
2023-11-21 10:30:00,5,4272.46,61.69,82.94,15.74,75.34,378.87,453.86,36.98
2023-11-21 11:30:00,5,4005.43,35.32,100.08,43.63,88.69,382.5,454.59,36.98
2023-11-21 12:30:00,5,1428.6,4.47,39.76,140.19,63.9,198.9,223.18,14.57
2023-11-21 13:30:00,5,1028.06,1.98,22.62,164.51,41.48,158.76,175.06,11.78
2023-11-21 14:30:00,5,947.95,1.45,19.88,165.94,35.29,140.44,154.58,11.91
2023-11-21 15:30:00,5,1161.58,1.98,33.59,141.62,40.53,137.93,155.07,15.33
2023-11-21 16:30:00,5,1522.06,1.69,56.89,103,47.21,143.17,166.03,19.76
2023-11-21 17:30:00,5,1842.5,0.24,78.14,62.94,47.68,145.7,172.62,23.31
2023-11-21 18:30:00,5,2136.23,0.01,90.48,38.98,49.59,157.47,190.05,28.12
2023-11-21 19:30:00,5,2243.04,0.01,82.25,40.41,50.54,171.06,208.81,32.42
2023-11-21 20:30:00,5,2162.93,0,68.55,51.5,48.64,176.14,215.28,33.44
2023-11-21 21:30:00,5,2056.12,0,58.95,58.65,46.25,175.23,212.96,32.93
2023-11-21 22:30:00,5,1949.31,0,54.15,61.51,44.82,173.51,209.87,31.66
2023-11-21 23:30:00,5,1735.69,0,47.98,67.95,40.53,164.94,195.31,26.6
2023-11-22 00:30:00,5,1401.9,0,38.04,77.96,34.33,151.42,173.53,20.01
2023-11-22 01:30:00,5,1255.04,0,31.87,80.11,30.99,149.81,169,17.73
2023-11-22 02:30:00,5,1228.33,0,29.47,75.82,29.33,151.27,170.09,16.72
2023-11-22 03:30:00,5,1241.68,0,28.79,67.95,27.89,152.39,171.25,16.09
2023-11-22 04:30:00,5,1255.04,0,29.13,60.08,27.42,152.8,171.98,15.33
2023-11-22 05:30:00,5,1321.79,0,32.9,50.78,28.61,154.9,174.87,14.44
2023-11-22 06:30:00,5,1562.12,0.08,45.24,35.05,34.33,168.47,193.47,16.47
2023-11-22 07:30:00,5,2136.23,3.58,68.55,10.01,44.82,196.79,233.14,22.8
2023-11-22 08:30:00,5,2510.07,19,71.29,7.96,51.98,212.16,255.27,26.6
2023-11-22 09:30:00,5,2349.85,22.35,64.43,25.03,57.22,204.06,245.13,27.36
2023-11-22 10:30:00,5,2243.04,19.45,60.32,44.35,63.9,203.71,244.55,28.12
2023-11-22 11:30:00,5,2029.42,13.41,56.21,75.82,71.53,202.33,240.08,25.84
2023-11-22 12:30:00,5,1255.04,4.14,31.87,143.05,58.17,153.75,176.71,13.17
2023-11-22 13:30:00,5,1068.12,2.57,25.36,165.94,50.07,137.78,156.67,10.89
2023-11-22 14:30:00,5,1028.06,2.15,26.05,171.66,49.59,133.27,151.29,11.02
2023-11-22 15:30:00,5,1495.36,3.38,50.04,140.19,55.31,153.51,179.04,16.72
2023-11-22 16:30:00,5,2296.45,4.19,94.59,79.39,60.08,188.68,226.79,24.57
2023-11-22 17:30:00,5,2990.72,5.48,138.46,15.2,60.08,214.96,262.05,30.91
2023-11-22 18:30:00,5,3898.62,35.32,138.46,0.03,64.85,261.4,323.11,41.54
2023-11-22 19:30:00,5,4859.92,56.33,128.87,0,71.53,331.97,415.62,54.21
2023-11-22 20:30:00,5,5287.17,55.88,119.27,0,70.57,386.91,486.48,56.74
2023-11-22 21:30:00,5,5393.98,50.51,111.04,0,67.71,415.03,521.21,47.62
2023-11-22 22:30:00,5,5340.58,46.04,104.19,0,63.9,424.22,532.38,39.52
2023-11-22 23:30:00,5,4859.92,38.89,98.71,0,52.93,395.1,493,27.87
2023-11-23 00:30:00,5,3898.62,25.7,87.74,0.01,39.58,331.14,407.75,17.23
2023-11-23 01:30:00,5,3284.45,15.65,76.77,0.09,36.24,297.86,362.47,15.2
2023-11-23 02:30:00,5,2964.02,11.4,69.23,0.19,37.67,285.51,346.11,16.47
2023-11-23 03:30:00,5,2803.8,10.51,63.75,0.19,40.05,283.19,343.85,19.25
2023-11-23 04:30:00,5,2777.1,12.74,59.63,0.08,40.05,286.84,348.55,20.27
2023-11-23 05:30:00,5,2830.51,19.45,56.21,0.01,39.1,295.17,358.04,20.01
2023-11-23 06:30:00,5,3391.27,41.57,54.15,0,44.35,329.75,401.81,22.8
2023-11-23 07:30:00,5,5020.14,100.14,54.84,0.02,61.04,425.66,526.07,31.41
2023-11-23 08:30:00,5,7049.56,182.39,60.32,0.51,75.34,534.94,663.64,36.98
2023-11-23 09:30:00,5,8651.73,236.03,74.03,2.15,85.83,627.66,775.22,42.56
2023-11-23 10:30:00,5,9613.04,232.46,120.64,6.17,102.04,706.8,859.95,56.74
2023-11-23 11:30:00,5,10147.09,168.09,222.09,19.85,120.16,790.52,939.65,59.28
2023-11-23 12:30:00,5,2883.91,31.29,161.77,78.68,274.66,316.76,360.48,20.27
2023-11-23 13:30:00,5,2056.12,16.99,132.98,105.86,234.6,258.68,292.33,12.79
2023-11-23 14:30:00,5,1976.01,12.07,134.35,115.87,228.88,260.81,293.53,11.53
2023-11-23 15:30:00,5,3070.83,19.89,186.44,63.66,247.96,325.14,375.03,26.35
2023-11-23 16:30:00,5,5180.36,62.58,254.99,10.1,305.18,436.7,518.14,56.74
2023-11-23 17:30:00,5,7476.81,144.84,290.63,0.41,377.66,547.79,660.78,90.18
2023-11-23 18:30:00,5,9719.85,216.36,326.28,0,484.47,665.49,812.71,126.66
2023-11-23 19:30:00,5,11108.4,239.61,345.47,0,579.83,780.54,964.74,160.1
2023-11-23 20:30:00,5,11642.46,225.31,339.98,0,602.72,868.84,1080.83,176.31
2023-11-23 21:30:00,5,11215.21,191.33,312.57,0,484.47,891.94,1118.72,147.94
2023-11-23 22:30:00,5,10040.28,146.63,282.41,0,396.73,857.9,1090.12,121.59
2023-11-23 23:30:00,5,8224.49,98.35,241.28,0,320.43,765.88,986.81,100.31
2023-11-24 00:30:00,5,6301.88,59.9,194.67,0,232.7,653.17,844.18,74.98
2023-11-24 01:30:00,5,5233.76,38.89,157.65,0,162.12,588.44,747.73,54.72
2023-11-24 02:30:00,5,4592.9,27.49,131.61,0,117.3,548.46,679.79,41.54
2023-11-24 03:30:00,5,4379.27,23.25,113.79,0,91.55,534.37,647.99,32.17
2023-11-24 04:30:00,5,4379.27,25.48,104.19,0,73.43,540.98,645.32,24.07
2023-11-24 05:30:00,5,4699.71,34.42,101.45,0,63.9,570.47,671.09,21.03
2023-11-24 06:30:00,5,5607.6,59.9,102.82,0,67.71,633.76,743.69,26.85
2023-11-24 07:30:00,5,7690.43,125.17,106.93,0.02,87.74,776.6,919.18,40.53
2023-11-24 08:30:00,5,10253.91,219.94,116.53,0.56,103.95,939.15,1117.21,50.16
2023-11-24 09:30:00,5,12176.51,278.95,134.35,2.44,114.44,1062.31,1259.09,58.77
2023-11-24 10:30:00,5,13458.25,264.64,200.15,7.24,127.79,1163.56,1365.98,69.92
2023-11-24 11:30:00,5,14099.12,171.66,329.02,24.32,144.96,1274.12,1472.84,67.89
2023-11-24 12:30:00,5,3391.27,29.5,191.93,82.25,347.14,442.68,495.31,11.91
2023-11-24 13:30:00,5,2456.67,15.42,141.2,114.44,286.1,364.1,408.18,4.88
2023-11-24 14:30:00,5,2323.15,8.16,112.41,151.63,240.33,353.32,398.21,4.75
2023-11-24 15:30:00,5,3070.83,7.49,130.24,130.18,188.83,397.15,457.52,16.47
2023-11-24 16:30:00,5,4486.08,12.29,186.44,50.07,152.59,461.67,546.86,33.44
2023-11-24 17:30:00,5,5821.23,47.39,213.86,2.41,139.24,501.81,608.22,48.13
2023-11-24 18:30:00,5,7049.56,94.77,205.64,0,144.96,540.26,667.83,67.89
2023-11-24 19:30:00,5,7476.81,102.82,183.7,0,133.51,563.63,709.57,74.98
2023-11-24 20:30:00,5,7156.37,86.72,157.65,0,108.72,555.54,708.66,63.84
2023-11-24 21:30:00,5,6515.5,68.84,134.35,0,87.74,534.94,680.46,48.64
2023-11-24 22:30:00,5,5981.45,59.01,115.16,0,76.29,518.4,654.52,40.02
2023-11-24 23:30:00,5,5180.36,46.49,101.45,0,60.08,474.76,590.39,27.87
2023-11-25 00:30:00,5,3952.03,26.15,89.11,0.02,41.48,400.47,485.4,15.71
2023-11-25 01:30:00,5,3070.83,9.28,74.03,0.56,29.8,349.33,411.04,10.13
2023-11-25 02:30:00,5,2616.88,3.49,61.69,2.21,24.32,325.94,376.06,8.23
2023-11-25 03:30:00,5,2376.56,2.01,52.09,3.93,21.7,310.94,355.01,7.41
2023-11-25 04:30:00,5,2269.74,2.35,47.3,3.49,20.74,302.84,343.68,7.22
2023-11-25 05:30:00,5,2296.45,5.92,45.24,1.16,21.46,302.63,342.53,7.73
2023-11-25 06:30:00,5,2696.99,20.12,45.24,0.07,27.18,324.74,371.16,10.89
2023-11-25 07:30:00,5,3685,54.54,46.61,0.02,39.1,379.92,443.61,17.23
2023-11-25 08:30:00,5,4592.9,92.98,47.98,0.7,48.64,420.9,498.67,22.04
2023-11-25 09:30:00,5,4806.52,101.92,54.84,3.67,55.79,424.19,503.94,26.09
2023-11-25 10:30:00,5,4806.52,85.83,77.46,11.8,64.85,426.48,506.29,33.44
2023-11-25 11:30:00,5,4699.71,51.41,112.41,36.84,74.39,439.69,516.74,34.45
2023-11-25 12:30:00,5,1762.39,6.98,57.58,144.48,80.11,219.99,248.23,14.57
2023-11-25 13:30:00,5,1281.74,3.52,38.39,173.09,61.99,178.99,199.87,11.02
2023-11-25 14:30:00,5,1228.33,2.65,37.01,183.11,62.94,176.03,195.92,11.27
2023-11-25 15:30:00,5,1922.61,4.41,71.29,140.19,70.57,208.57,239.98,19.76
2023-11-25 16:30:00,5,3204.35,7.6,134.35,57.22,82.02,265.73,317.52,32.93
2023-11-25 17:30:00,5,4539.49,33.97,175.48,2.62,102.04,321.07,391.94,49.65
2023-11-25 18:30:00,5,6034.85,84.04,183.7,0,139.24,397.58,490.83,76
2023-11-25 19:30:00,5,7156.37,111.76,186.44,0,173.57,475.5,591.19,102.34
2023-11-25 20:30:00,5,7476.81,114.44,183.7,0,185.01,511.32,640.2,115.51
2023-11-25 21:30:00,5,7370,104.61,180.96,0,183.11,518.75,649.67,118.55
2023-11-25 22:30:00,5,7690.43,107.29,180.96,0,192.64,569.65,702.64,123.62
2023-11-25 23:30:00,5,8331.3,111.76,180.96,0,181.2,634.25,761.71,112.47
2023-11-26 00:30:00,5,8544.92,102.82,178.22,0,139.24,665.91,779.31,82.08
2023-11-26 01:30:00,5,8224.49,84.04,171.36,0,105.86,672.22,778,52.69
2023-11-26 02:30:00,5,7370,59.9,154.91,0,74.39,632.44,736.99,27.87
2023-11-26 03:30:00,5,6034.85,37.1,126.12,0,51.5,541.42,646.59,17.99
2023-11-26 04:30:00,5,5073.55,29.06,102.82,0,44.35,481.6,584.78,16.47
2023-11-26 05:30:00,5,4806.52,30.85,93.22,0,46.73,471.05,570.5,18.49
2023-11-26 06:30:00,5,5020.14,42.02,87.74,0,51.5,491.42,590.86,23.05
2023-11-26 07:30:00,5,5714.42,70.63,84.31,0.02,54.84,536.82,642.7,26.85
2023-11-26 08:30:00,5,6248.47,98.35,83.63,0.88,56.27,568.35,671.37,27.61
2023-11-26 09:30:00,5,5073.55,64.37,89.11,7.24,51.98,508.46,585.35,22.55
2023-11-26 10:30:00,5,4486.08,37.55,94.59,24.32,51.5,486.49,554.02,24.83
2023-11-26 11:30:00,5,4005.43,20.34,95.96,59.37,53.88,476.19,539.07,25.33
2023-11-26 12:30:00,5,1735.69,4.86,57.58,148.77,96.32,354.38,381.48,0.97
2023-11-26 13:30:00,5,1401.9,4.3,58.95,157.36,113.49,305.15,326.59,0.3
2023-11-26 14:30:00,5,1281.74,4.08,65.8,151.63,135.42,270.57,289.76,1.2
2023-11-26 15:30:00,5,1668.93,4.36,95.96,115.87,152.59,295.59,321.14,5.83
2023-11-26 16:30:00,5,2563.48,3.58,139.83,65.09,141.14,336.92,376.37,16.97
2023-11-26 17:30:00,5,3364.56,2.12,171.36,18.42,107.77,361.3,412.76,27.11
2023-11-26 18:30:00,5,3791.81,5.53,157.65,2.95,74.39,373.99,436.52,34.96
2023-11-26 19:30:00,5,3791.81,4.3,127.49,3.8,59.13,384.65,455.52,40.53
2023-11-26 20:30:00,5,3738.4,2.37,108.3,6.35,53.88,398.15,473.67,42.56
2023-11-26 21:30:00,5,3898.62,6.43,97.33,2.68,50.54,423.5,506.45,38.5
2023-11-26 22:30:00,5,4379.27,21.01,89.11,0.03,50.54,464.69,559.78,34.96
2023-11-26 23:30:00,5,4539.49,31.29,87.05,0,48.16,481.53,579.48,30.4
2023-11-27 00:30:00,5,4219.06,31.74,86.37,0,46.73,464.6,555.19,27.61
2023-11-27 01:30:00,5,4058.84,30.4,84.31,0,52.93,463.55,549.55,30.15
2023-11-27 02:30:00,5,3898.62,26.82,81.57,0,59.6,462.97,545.28,32.93
2023-11-27 03:30:00,5,3791.81,23.69,78.14,0,63.9,473.34,552.88,32.42
2023-11-27 04:30:00,5,3685,21.46,72.66,0,56.27,481.31,557.1,23.81
2023-11-27 05:30:00,5,3631.59,22.8,66.49,0,47.68,484.46,557.39,16.47
2023-11-27 06:30:00,5,3845.21,33.97,62.38,0,47.21,498.89,575.41,16.72
2023-11-27 07:30:00,5,4966.74,69.74,67.17,0,58.65,554.62,647.8,24.57
2023-11-27 08:30:00,5,6088.26,109.08,76.77,0.14,66.76,593.91,700.09,29.39
2023-11-27 09:30:00,5,4539.49,54.54,97.33,1.42,63.9,502.71,576.19,19.76
2023-11-27 10:30:00,5,3738.4,33.97,95.96,5.14,65.8,473.7,534.95,20.01
2023-11-27 11:30:00,5,3150.94,23.25,87.05,13.77,73.43,456.58,509.93,19.51
2023-11-27 12:30:00,5,2456.67,14.31,84.31,25.39,90.6,423.56,466.87,15.83
2023-11-27 13:30:00,5,1869.2,5.2,74.71,46.49,83.92,377.23,409.62,13.3
2023-11-27 14:30:00,5,1495.36,0.98,52.78,87.98,64.85,328.88,352.5,13.81
2023-11-27 15:30:00,5,1401.9,0.76,48.67,97.27,52.93,269.07,287.83,14.31
2023-11-27 16:30:00,5,1682.28,0.36,63.75,70.1,45.3,242.77,263.78,17.99
2023-11-27 17:30:00,5,2029.42,0.09,85.68,38.98,43.87,237.33,261.84,21.53
2023-11-27 18:30:00,5,2857.21,9.61,112.41,5.5,51.5,269.81,306.23,29.64
2023-11-27 19:30:00,5,4112.24,41.57,112.41,0,65.8,347.67,406.45,38.5
2023-11-27 20:30:00,5,5340.58,68.84,111.04,0,84.88,442.04,525.98,48.64
2023-11-27 21:30:00,5,6088.26,81.36,111.04,0,102.04,513.07,620.37,63.84
2023-11-27 22:30:00,5,6248.47,81.36,106.93,0,102.04,538.17,658.55,67.89
2023-11-27 23:30:00,5,5767.82,73.31,101.45,0,86.78,505.48,622.1,55.73
2023-11-28 00:30:00,5,4806.52,56.77,94.59,0,62.94,436.28,531.44,34.45
2023-11-28 01:30:00,5,3898.62,36.66,85,0,43.39,375.99,451.53,18.75
2023-11-28 02:30:00,5,2964.02,19,72.66,0.05,33.38,316.35,371.76,11.65
2023-11-28 03:30:00,5,2323.15,8.38,61.69,0.45,30.28,278.54,319.47,8.49
2023-11-28 04:30:00,5,2056.12,4.92,54.84,1.23,30.52,267.62,302.49,7.47
2023-11-28 05:30:00,5,1976.01,4.69,51.41,1.45,32.42,268.86,301.4,7.6
2023-11-28 06:30:00,5,2216.34,12.18,50.72,0.42,38.15,286.18,320.03,9.88
2023-11-28 07:30:00,5,3150.94,42.02,52.09,0.01,51.98,337.29,385.04,16.09
2023-11-28 08:30:00,5,4432.68,89.41,56.89,0.49,67.71,402.07,467.99,22.8
2023-11-28 09:30:00,5,5340.58,119.81,63.75,1.9,80.11,442.84,520.84,27.61
2023-11-28 10:30:00,5,5447.39,112.65,76.77,3.93,86.78,433.12,509.17,28.63
2023-11-28 11:30:00,5,4753.11,82.25,91.85,6.62,90.6,377.23,438.26,27.11
2023-11-28 12:30:00,5,2456.67,32.63,97.33,22.89,122.07,203.29,229.06,15.07
2023-11-28 13:30:00,5,2483.37,40.23,104.19,25.75,139.24,195.7,222.24,17.23
2023-11-28 14:30:00,5,3070.83,61.69,130.24,20.74,185.01,240.21,274.78,21.79
2023-11-28 15:30:00,5,4219.06,94.77,156.28,10.37,204.09,328.21,380.56,29.64
2023-11-28 16:30:00,5,5661.01,141.26,164.51,2.57,185.01,426.39,501.63,36.98
2023-11-28 17:30:00,5,6942.75,189.54,161.77,0.17,167.85,497.94,591.86,43.06
2023-11-28 18:30:00,5,7690.43,205.64,150.8,0,152.59,540.43,652,49.65
2023-11-28 19:30:00,5,7797.24,185.97,128.87,0,129.7,564.6,697.5,51.17
2023-11-28 20:30:00,5,7690.43,160.93,104.19,0,107.77,570.31,719.92,47.12
2023-11-28 21:30:00,5,7263.18,134.11,82.94,0,89.65,555.33,710.47,40.53
2023-11-28 22:30:00,5,6782.53,114.44,68.55,0,76.29,522.3,675.52,34.96
2023-11-28 23:30:00,5,5874.63,95.67,58.95,0,59.6,454.32,571.15,25.08
2023-11-29 00:30:00,5,4646.3,75.1,52.09,0,41.96,366.72,453.72,15.2
2023-11-29 01:30:00,5,3738.4,56.77,44.55,0,35.29,314.61,376.44,12.29
2023-11-29 02:30:00,5,3177.64,43.81,38.04,0,32.42,291.17,334.81,10.77
2023-11-29 03:30:00,5,2883.91,35.76,33.59,0,31.47,285.65,321.36,10.13
2023-11-29 04:30:00,5,2803.8,33.08,31.87,0,31.95,291.32,324.24,10.01
2023-11-29 05:30:00,5,2937.32,35.32,32.9,0,34.33,301.84,336.65,10.64
2023-11-29 06:30:00,5,3417.97,47.83,35.99,0,41.96,328.73,378.96,15.07
2023-11-29 07:30:00,5,4699.71,85.83,42.16,0.01,58.17,391.13,467.96,23.31
2023-11-29 08:30:00,5,5821.23,126.96,49.35,0.39,70.57,433.46,528.98,26.85
2023-11-29 09:30:00,5,6034.85,132.32,59.63,2.26,75.34,421.55,522.71,27.11
2023-11-29 10:30:00,5,5981.45,112.65,82.94,7.51,78.2,402.84,511.46,33.44
2023-11-29 11:30:00,5,5233.76,67.06,113.79,23.25,80.11,358.44,459.61,36.48
2023-11-29 12:30:00,5,1214.98,10.28,56.21,83.68,96.32,127.75,147.86,6.4
2023-11-29 13:30:00,5,787.73,4.36,35.64,107.29,60.08,83.24,93.71,4.69
2023-11-29 14:30:00,4,734.33,3.02,33.59,111.58,53.88,73.75,82.8,5.13
2023-11-29 15:30:00,5,1068.12,3.97,56.89,86.55,69.62,91.68,105.8,9.75
2023-11-29 16:30:00,5,1869.2,6.48,105.56,35.05,92.51,128.85,154.37,19
2023-11-29 17:30:00,5,2830.51,24.81,139.83,1.86,108.72,166.43,204.39,28.88
2023-11-29 18:30:00,5,4753.11,87.62,150.8,0,127.79,247.92,316.69,52.18
2023-11-29 19:30:00,5,7156.37,153.78,154.91,0,143.05,374.64,486.3,83.09
2023-11-29 20:30:00,5,8758.54,189.54,148.06,0,150.68,486.46,627.05,98.29
2023-11-29 21:30:00,5,9078.98,185.97,135.72,0,137.33,527.98,670.41,89.17
2023-11-29 22:30:00,5,8438.11,155.57,124.75,0,108.72,508.34,632.08,61.3
2023-11-29 23:30:00,5,7049.56,114.44,120.64,0,80.11,443,533.16,32.93
2023-11-30 00:30:00,5,5287.17,68.84,116.53,0,58.65,353.7,410.79,14.57
2023-11-30 01:30:00,5,4806.52,51.86,119.27,0,57.22,342.73,392.45,12.54
2023-11-30 02:30:00,5,5393.98,53.64,130.24,0,63.9,397.74,458.24,15.33
2023-11-30 03:30:00,5,5607.6,49.17,131.61,0,61.04,437.74,513.11,14.44
2023-11-30 04:30:00,5,4592.9,34.42,108.3,0,51.02,397.94,466.66,8.36
2023-11-30 05:30:00,5,3204.35,21.46,85,0.02,54.36,329.9,379.87,4.69
2023-11-30 06:30:00,5,2162.93,12.07,77.46,0.45,68.66,270.58,305.11,3.93
2023-11-30 07:30:00,5,2590.18,24.59,74.71,0.08,69.62,281.41,324.3,10.01
2023-11-30 08:30:00,5,3471.37,48.73,76.77,1.02,72.48,314.01,372.75,15.96
2023-11-30 09:30:00,5,3952.03,59.9,79.51,4.47,75.34,326.65,397.95,19.51
2023-11-30 10:30:00,5,3578.19,42.47,82.25,12.16,77.25,292.27,360.71,21.79
2023-11-30 11:30:00,5,2643.59,19.89,78.14,29.33,82.97,228.49,281.05,20.52
2023-11-30 12:30:00,5,1348.5,7.93,67.86,62.94,116.35,155.78,178.81,8.49
2023-11-30 13:30:00,5,1255.04,6.71,62.38,71.53,111.58,152.87,170.95,8.11
2023-11-30 14:30:00,5,1241.68,5.2,60.32,77.25,107.77,157.6,174.49,8.49
2023-11-30 15:30:00,5,1495.36,3.97,65.12,68.66,96.32,170.26,192.75,13.55
2023-11-30 16:30:00,5,1922.61,2.74,79.51,42.56,83.92,186.54,218.59,19.76
2023-11-30 17:30:00,5,2296.45,2.91,97.33,11.8,78.2,195.49,235.46,22.04
2023-11-30 18:30:00,5,3124.24,26.38,95.96,0.23,70.57,229.78,286.04,25.08
2023-11-30 19:30:00,5,4325.87,55.88,87.74,0,69.62,303.2,389.28,29.64
2023-11-30 20:30:00,5,5287.17,73.31,85,0,72.48,383.35,498.34,31.16
2023-11-30 21:30:00,5,5928.04,81.36,81.57,0,72.48,442.59,580.91,30.4
2023-11-30 22:30:00,5,6141.66,83.15,75.4,0,66.76,469.26,620.64,27.11
2023-11-30 23:30:00,5,5661.01,77.78,68.55,0,53.41,435.56,583.22,19.51
2023-12-01 00:30:00,5,4592.9,61.69,62.38,0,38.62,358.84,484.15,11.53
2023-12-01 01:30:00,5,3738.4,46.94,56.21,0,32.9,306.73,410.64,9.37
2023-12-01 02:30:00,5,3231.05,35.32,51.41,0,30.99,274.11,358.45,8.61
2023-12-01 03:30:00,5,2883.91,26.82,47.98,0,29.56,253.34,322.74,8.04
2023-12-01 04:30:00,5,2670.29,22.13,45.93,0,29.56,239.9,297.64,7.47
2023-12-01 05:30:00,5,2563.48,21.01,45.24,0.01,31.47,232.82,282.63,7.54
2023-12-01 06:30:00,5,2616.88,22.58,48.67,0.03,39.1,231.59,275.3,9.37
2023-12-01 07:30:00,5,3471.37,49.17,52.78,0,53.88,276.13,330.57,15.71
2023-12-01 08:30:00,5,4539.49,89.41,57.58,0.24,67.71,329.48,400.78,21.79
2023-12-01 09:30:00,5,5447.39,121.59,63.06,1.31,79.15,378.69,465.02,26.6
2023-12-01 10:30:00,5,6088.26,132.32,74.71,3.71,90.6,419.27,517.8,31.66
2023-12-01 11:30:00,5,6088.26,104.61,104.19,11.35,103,433.61,533.09,34.96
2023-12-01 12:30:00,5,1668.93,11.06,63.06,82.97,92.51,178.36,204.26,5.64
2023-12-01 13:30:00,5,1188.28,4.3,44.55,111.58,71.53,137.67,156.49,3.77
2023-12-01 14:30:00,5,1108.17,2.88,43.18,117.3,70.57,128.37,147.17,4.43
2023-12-01 15:30:00,5,2029.42,6.82,84.31,65.09,77.25,174.73,210.11,16.97
2023-12-01 16:30:00,5,3631.59,33.97,126.12,8.76,82.97,247.09,309.09,33.44
2023-12-01 17:30:00,5,5126.95,92.09,128.87,0.28,87.74,300.17,384.56,45.6
2023-12-01 18:30:00,5,6195.07,130.53,127.49,0,95.37,344.92,450.75,54.72
2023-12-01 19:30:00,5,6301.88,119.81,122.01,0,87.74,360.38,477.35,51.17
2023-12-01 20:30:00,5,5500.79,83.15,115.16,0,73.43,332.53,444.79,40.02
2023-12-01 21:30:00,5,4646.3,53.64,102.82,0,60.08,294.43,392.7,28.88
2023-12-01 22:30:00,5,4112.24,40.68,89.11,0,52.45,276.3,367.1,22.55
2023-12-01 23:30:00,5,3471.37,29.06,76.77,0.01,41.96,244.8,321.62,15.2
2023-12-02 00:30:00,5,2643.59,16.09,67.17,0.1,30.04,205.47,262.75,8.61
2023-12-02 01:30:00,5,2189.64,7.38,58.26,0.58,23.13,188.59,233.33,6.27
2023-12-02 02:30:00,5,1976.01,4.36,50.72,1.23,20.98,183.33,221.1,5.83
2023-12-02 03:30:00,5,1869.2,3.58,44.55,1.61,20.27,181.34,215.38,5.83
2023-12-02 04:30:00,5,1815.8,4.25,40.44,1.18,20.5,180.52,212.69,5.95
2023-12-02 05:30:00,5,1895.9,8.05,38.04,0.32,22.17,184.91,217.09,6.59
2023-12-02 06:30:00,5,2216.34,19.45,36.67,0.02,27.66,202.67,240.91,9.5
2023-12-02 07:30:00,5,2990.72,44.7,38.04,0.01,38.15,243.81,296.51,15.07
2023-12-02 08:30:00,5,3631.59,67.95,40.78,0.69,45.3,268.94,331.93,17.99
2023-12-02 09:30:00,5,3738.4,70.63,46.61,4.11,52.93,270.34,334.31,19.51
2023-12-02 10:30:00,5,3952.03,65.27,60.32,11.35,61.99,289.77,361.23,24.07
2023-12-02 11:30:00,5,3898.62,44.26,82.25,29.68,69.62,299.32,374.49,27.87
2023-12-02 12:30:00,5,1108.17,5.14,33.93,111.58,54.84,99.41,118.29,7.16
2023-12-02 13:30:00,4,827.79,2.57,23.65,128.75,42.44,72.75,85.08,5.57
2023-12-02 14:30:00,4,827.79,2.12,26.39,130.18,46.73,69.42,81.44,6.4
2023-12-02 15:30:00,5,1535.42,4.75,59.63,85.83,57.22,101.44,125.28,15.58
2023-12-02 16:30:00,5,2750.4,14.53,105.56,22.35,65.8,154.87,199.25,27.87
2023-12-02 17:30:00,5,3898.62,50.07,116.53,0.68,73.43,198.6,262.58,38.5
2023-12-02 18:30:00,5,4806.52,84.04,113.79,0,84.88,244.19,326.8,51.17
2023-12-02 19:30:00,5,5233.76,87.62,108.3,0,82.97,283.17,384.37,54.21
2023-12-02 20:30:00,5,5180.36,77.78,102.82,0,72.48,301.29,413.63,46.61
2023-12-02 21:30:00,5,4913.33,67.06,94.59,0,60.08,306.56,420.73,34.96
2023-12-02 22:30:00,5,4646.3,59.9,83.63,0,50.07,299.41,409.83,25.59
2023-12-02 23:30:00,5,3898.62,47.83,74.03,0,36.72,258.77,353.33,15.2
2023-12-03 00:30:00,5,2990.72,30.4,65.12,0,24.56,204.04,275.31,8.11
2023-12-03 01:30:00,5,2456.67,17.88,56.89,0.03,21.93,180.2,236.58,7.03
2023-12-03 02:30:00,5,2162.93,11.62,50.04,0.14,22.17,174.94,222.49,7.16
2023-12-03 03:30:00,5,2029.42,8.61,45.24,0.31,22.89,175.06,217.49,7.54
2023-12-03 04:30:00,5,1976.01,8.05,42.16,0.36,23.6,178.05,218.15,7.85
2023-12-03 05:30:00,5,2056.12,11.29,41.81,0.17,25.99,186.59,226.7,8.74
2023-12-03 06:30:00,5,2456.67,22.58,43.18,0.02,32.42,212.02,258.19,12.41
2023-12-03 07:30:00,5,3471.37,50.07,48.67,0.01,43.39,268.83,330.83,18.24
2023-12-03 08:30:00,5,4325.87,78.68,54.15,1.04,50.54,312.19,387.25,19.76
2023-12-03 09:30:00,5,4592.9,77.78,65.12,6.35,55.79,322.97,399.94,20.01
2023-12-03 10:30:00,5,4486.08,55.88,81.57,19.85,61.99,326.49,406.27,25.33
2023-12-03 11:30:00,5,4005.43,27.27,89.11,55.79,65.8,317.82,396.67,28.12
2023-12-03 12:30:00,5,1121.52,4.97,34.96,120.16,68.66,108.61,128.78,7.85
2023-12-03 13:30:00,5,894.55,3.24,27.42,133.04,56.74,85.19,100.33,6.97
2023-12-03 14:30:00,5,921.25,2.71,29.82,137.33,60.08,87.74,103.42,8.11
2023-12-03 15:30:00,5,1602.17,4.86,59.63,97.27,65.8,121.98,149.56,16.97
2023-12-03 16:30:00,5,2750.4,10.39,106.93,31.47,70.57,174.33,221.25,28.37
2023-12-03 17:30:00,5,3791.81,38.44,123.38,1.04,76.29,215.72,280.85,38
2023-12-03 18:30:00,5,4592.9,68.84,123.38,0,85.83,261.27,344.11,50.16
2023-12-03 19:30:00,5,5020.14,73.31,117.9,0,83.92,304.01,402.66,56.24
2023-12-03 20:30:00,5,5020.14,66.16,109.67,0,73.43,327.8,434.79,52.18
2023-12-03 21:30:00,5,4753.11,56.77,100.08,0,61.99,329.61,434.7,44.08
2023-12-03 22:30:00,5,4272.46,44.7,90.48,0,52.93,302.04,395.91,40.02
2023-12-03 23:30:00,5,3231.05,23.69,82.25,0.17,40.05,232.8,305.18,31.41
2023-12-04 00:30:00,5,2002.72,1.05,69.23,11,29.56,153.62,198.46,20.01
2023-12-04 01:30:00,5,1708.98,0.15,55.52,18.78,30.52,137.69,174.09,17.23
2023-12-04 02:30:00,5,1668.93,0.11,50.04,19.85,31.95,138.9,171.08,15.71
2023-12-04 03:30:00,5,1735.69,0.24,49.35,16.45,31.95,146.33,178.49,13.93
2023-12-04 04:30:00,5,1869.2,0.94,52.09,9.57,31.95,158.23,193.19,12.03
2023-12-04 05:30:00,5,2082.82,4.92,54.84,2.55,33.86,173.73,212.9,11.78
2023-12-04 06:30:00,5,2643.59,21.46,55.52,0.12,41.48,209.91,259.35,15.96
2023-12-04 07:30:00,5,3845.21,56.33,59.63,0.01,54.36,277.65,348.08,22.8
2023-12-04 08:30:00,5,4539.49,79.57,65.8,0.85,60.08,303.87,385.51,23.81
2023-12-04 09:30:00,5,4112.24,64.37,69.92,5.19,60.56,273.75,347.06,23.05
2023-12-04 10:30:00,5,4272.46,60.8,75.4,11.62,69.62,290.73,370.58,31.16
2023-12-04 11:30:00,5,3952.03,40.68,89.11,27.54,79.15,296.17,376.04,34.45
2023-12-04 12:30:00,5,1161.58,4.14,35.64,115.87,56.27,118.32,138.16,10.13
2023-12-04 13:30:00,5,881.2,2.54,26.39,125.89,45.78,90.27,104.9,8.04
2023-12-04 14:30:00,5,881.2,2.07,27.76,128.75,48.16,91.96,106.52,8.49
2023-12-04 15:30:00,5,1295.09,2.68,50.04,105.86,65.8,123.42,145.43,14.69
2023-12-04 16:30:00,5,1922.61,2.37,82.94,64.37,78.2,160.61,193.94,22.29
2023-12-04 17:30:00,5,2349.85,1.1,109.67,22.53,79.15,174.94,215.68,26.85
2023-12-04 18:30:00,5,3124.24,20.56,115.16,0.92,79.15,207.29,261.5,36.48
2023-12-04 19:30:00,5,4219.06,49.62,106.93,0,82.02,271.18,350.05,50.66
2023-12-04 20:30:00,5,4913.33,58.11,108.3,0,82.97,324.8,426.98,59.78
2023-12-04 21:30:00,5,5287.17,59.9,105.56,0,81.06,361.99,478.2,64.34
2023-12-04 22:30:00,5,5447.39,60.8,100.08,0,78.2,382.61,506.33,64.34
2023-12-04 23:30:00,5,5020.14,56.77,90.48,0,67.71,358.97,474.37,51.68
2023-12-05 00:30:00,5,4058.84,42.47,80.2,0,52.45,301.53,391.86,33.94
2023-12-05 01:30:00,5,3311.16,27.49,69.92,0,41.01,260.01,328.96,22.8
2023-12-05 02:30:00,5,2777.1,17.21,63.06,0.01,33.38,233.8,289.24,15.71
2023-12-05 03:30:00,5,2429.96,10.95,58.26,0.11,28.85,214.22,261.25,11.27
2023-12-05 04:30:00,5,2243.04,9.05,54.84,0.23,27.89,206.54,249.4,9.5
2023-12-05 05:30:00,5,2243.04,10.84,54.15,0.2,30.99,210.01,251.51,9.63
2023-12-05 06:30:00,5,2616.88,21.46,56.89,0.05,40.05,233.44,280.58,13.68
2023-12-05 07:30:00,5,3578.19,51.41,59.63,0.01,53.88,290.81,356.17,21.03
2023-12-05 08:30:00,5,4486.08,83.15,61.69,0.88,61.99,333.55,415.73,24.07
2023-12-05 09:30:00,5,4859.92,93.88,64.43,4.47,67.71,353.1,445.55,26.85
2023-12-05 10:30:00,5,4913.33,82.25,76.09,11.8,74.39,362.51,464.23,33.44
2023-12-05 11:30:00,5,4219.06,50.51,89.11,29.33,80.11,336.95,432.96,33.94
2023-12-05 12:30:00,5,1054.76,6.82,34.96,94.41,69.62,110.59,131.98,7.16
2023-12-05 13:30:00,4,734.33,3.32,22.62,111.58,49.11,70.18,82.33,5.45
2023-12-05 14:30:00,4,694.27,2.54,21.93,114.44,46.73,63.73,74.83,5.76
2023-12-05 15:30:00,5,1174.93,4.58,45.24,86.55,58.17,87.39,106.78,12.54
2023-12-05 16:30:00,5,1976.01,7.38,84.31,37.91,65.8,123.04,156.89,21.79
2023-12-05 17:30:00,5,2643.59,19.22,105.56,2.77,63.9,145.03,190.04,28.63
2023-12-05 18:30:00,5,3284.45,43.36,100.08,0,62.94,177.3,234.89,37.49
2023-12-05 19:30:00,5,3845.21,50.96,97.33,0,63.9,222.91,296.38,47.62
2023-12-05 20:30:00,5,4058.84,46.49,91.85,0,61.04,264.97,349.71,48.64
2023-12-05 21:30:00,5,4112.24,43.36,85,0,57.22,292.67,381.22,41.54
2023-12-05 22:30:00,5,4165.65,44.7,76.77,0,52.45,308.31,397.85,33.94
2023-12-05 23:30:00,5,3845.21,43.81,69.92,0,41.96,282.96,361.34,22.29
2023-12-06 00:30:00,5,3124.24,35.32,61.69,0,29.33,223.49,281.41,12.41
2023-12-06 01:30:00,5,2563.48,25.93,54.15,0,24.8,183.02,228.86,9.37
2023-12-06 02:30:00,5,2243.04,20.34,47.98,0,23.6,163.22,203.05,8.04
2023-12-06 03:30:00,5,2056.12,16.76,43.87,0.01,23.37,153.98,189.59,7.22
2023-12-06 04:30:00,5,1922.61,13.86,42.16,0.03,22.89,149.18,180.5,6.59
2023-12-06 05:30:00,5,1815.8,12.07,41.81,0.11,24.08,145.2,172.69,6.71
2023-12-06 06:30:00,5,1976.01,15.65,45.24,0.17,30.04,153.82,183.54,9.25
2023-12-06 07:30:00,5,2723.69,38,48.67,0.02,42.92,197.37,242.44,14.95
2023-12-06 08:30:00,5,3631.59,70.63,49.35,1.24,54.36,242.16,303.55,20.01
2023-12-06 09:30:00,5,4325.87,93.88,52.09,4.74,65.8,281.2,356.61,24.83
2023-12-06 10:30:00,5,4913.33,94.77,73.34,11.44,79.15,326.34,415.78,31.16
2023-12-06 11:30:00,5,5020.14,67.95,112.41,30.76,93.46,365.42,460.47,35.46
2023-12-06 12:30:00,5,2643.59,25.7,94.59,70.1,137.33,226.29,274.34,22.8
2023-12-06 13:30:00,5,2296.45,18.1,94.59,90.12,146.87,209.5,251.14,20.27
2023-12-06 14:30:00,5,2216.34,14.75,102.82,94.41,160.22,204.9,245.27,19.51
2023-12-06 15:30:00,5,2937.32,21.01,130.24,56.51,150.68,243.71,296.7,27.11
2023-12-06 16:30:00,5,4379.27,48.73,159.03,12.34,133.51,318.29,395.01,41.54
2023-12-06 17:30:00,5,5661.01,97.45,160.4,0.49,135.42,368.01,463.34,58.77
2023-12-06 18:30:00,5,6729.13,134.11,161.77,0,150.68,421.75,532.9,79.04
2023-12-06 19:30:00,5,7049.56,126.96,154.91,0,139.24,453.52,577.68,83.09
2023-12-06 20:30:00,5,6301.88,97.45,137.09,0,108.72,427.81,548.18,66.88
2023-12-06 21:30:00,5,5447.39,73.31,111.04,0,81.06,388.81,500.78,47.62
2023-12-06 22:30:00,5,5233.76,67.06,93.22,0,68.66,391.08,501.19,38.5
2023-12-06 23:30:00,5,4913.33,60.8,85.68,0,52.93,380.7,486.11,26.85
2023-12-07 00:30:00,5,4058.84,45.6,79.51,0,35.29,328.96,419.42,16.21
2023-12-07 01:30:00,5,3417.97,31.74,71.97,0,28.85,295.12,374.3,12.79
2023-12-07 02:30:00,5,3070.83,23.92,64.43,0,27.66,283.53,353.31,10.89
2023-12-07 03:30:00,5,2830.51,18.78,58.26,0.01,27.66,282.98,344.28,9.75
2023-12-07 04:30:00,5,2723.69,16.99,52.09,0.02,27.66,288.9,344.59,8.99
2023-12-07 05:30:00,5,2803.8,21.01,48.67,0.01,29.09,303.63,357.05,9.25
2023-12-07 06:30:00,5,3311.16,37.55,47.98,0,36.24,344.22,404.7,13.17
2023-12-07 07:30:00,5,4592.9,77.78,50.04,0.01,49.59,423.2,505.2,20.27
2023-12-07 08:30:00,5,5607.6,116.23,54.15,0.54,58.17,476.42,570.6,23.31
2023-12-07 09:30:00,5,5821.23,119.81,60.32,3.35,63.9,485.95,578.33,23.31
2023-12-07 10:30:00,5,5714.42,95.67,80.88,11.09,70.57,492.42,583.91,28.12
2023-12-07 11:30:00,5,5233.76,52.3,108.3,35.05,74.39,492.04,577.94,31.66
2023-12-07 12:30:00,5,2429.96,11.85,75.4,110.15,113.49,287.59,325.43,17.48
2023-12-07 13:30:00,5,1842.5,6.93,58.26,134.47,102.04,230.07,258.66,13.93
2023-12-07 14:30:00,5,1588.82,4.64,52.09,144.48,92.51,211.88,237.09,13.17
2023-12-07 15:30:00,5,2002.72,5.42,70.6,114.44,77.25,229.36,261.83,19.25
2023-12-07 16:30:00,5,2990.72,9.72,116.53,45.42,67.71,266.92,314.8,28.88
2023-12-07 17:30:00,5,3845.21,33.53,137.09,2.24,61.99,289.05,347.24,35.97
2023-12-07 18:30:00,5,4592.9,68.84,123.38,0,61.99,318.68,388.11,44.08
2023-12-07 19:30:00,5,4913.33,76.89,109.67,0,61.99,351.81,434.35,46.1
2023-12-07 20:30:00,5,4859.92,67.95,97.33,0,57.22,363.66,452.81,37.49
2023-12-07 21:30:00,5,4699.71,59.9,90.48,0,51.5,366.42,455.66,28.12
2023-12-07 22:30:00,5,4699.71,58.11,86.37,0,47.68,373.7,463.98,22.8
2023-12-07 23:30:00,5,4325.87,52.75,81.57,0,38.62,348.94,429.06,15.33
2023-12-08 00:30:00,5,3417.97,36.66,74.03,0,27.42,288.66,347.51,8.74
2023-12-08 01:30:00,5,2777.1,20.79,65.8,0.02,23.84,252.09,297.58,7.28
2023-12-08 02:30:00,5,2429.96,11.85,59.63,0.16,23.13,236.4,276.04,6.78
2023-12-08 03:30:00,5,2269.74,7.71,55.52,0.44,23.13,233.17,270.72,6.65
2023-12-08 04:30:00,5,2189.64,6.26,52.78,0.7,23.13,233.35,268.89,6.52
2023-12-08 05:30:00,5,2136.23,5.92,52.09,1.04,23.84,238.76,272.52,6.71
2023-12-08 06:30:00,5,2376.56,11.18,54.84,0.78,29.56,262.67,300.33,8.99
2023-12-08 07:30:00,5,3257.75,37.55,58.26,0.02,41.48,322.73,376.57,14.19
2023-12-08 08:30:00,5,4165.65,70.63,62.38,0.98,51.02,377.57,446.54,17.99
2023-12-08 09:30:00,5,4699.71,84.94,64.43,4.92,58.17,411.92,489.28,21.79
2023-12-08 10:30:00,5,4806.52,72.42,76.77,13.77,65.8,432.65,514.38,27.61
2023-12-08 11:30:00,5,4432.68,41.13,94.59,39.7,71.53,437.11,514.65,30.4
2023-12-08 12:30:00,5,1789.09,5.87,46.61,141.62,68.66,223.56,250.74,14.69
2023-12-08 13:30:00,5,1308.44,3.19,31.53,163.08,56.27,172.03,190.81,11.4
2023-12-08 14:30:00,5,1201.63,2.35,28.45,170.23,52.93,151.66,168.05,11.02
2023-12-08 15:30:00,5,1602.17,3.55,49.35,137.33,55.31,155.79,178.05,15.96
2023-12-08 16:30:00,5,2376.56,4.69,90.48,75.1,60.08,187.29,221.34,23.56
2023-12-08 17:30:00,5,3097.53,6.54,132.98,13.05,60.08,215.82,259.65,29.64
2023-12-08 18:30:00,5,3738.4,25.7,131.61,0.05,61.04,254.59,309.22,36.98
2023-12-08 19:30:00,5,4005.43,27.94,120.64,0.02,60.56,296.03,360.52,40.53
2023-12-08 20:30:00,5,3898.62,18.78,111.04,0.16,55.31,319.39,387.73,33.94
2023-12-08 21:30:00,5,3738.4,11.51,102.82,0.57,51.02,332.58,400.11,25.08
2023-12-08 22:30:00,5,3738.4,10.28,97.33,0.74,48.64,346.71,415.14,20.52
2023-12-08 23:30:00,5,3471.37,8.61,89.11,1.05,41.48,329.99,392.69,14.31
2023-12-09 00:30:00,5,2803.8,3.63,76.77,3.98,30.52,281.78,329.92,8.23
2023-12-09 01:30:00,5,2216.34,0.41,58.95,13.41,23.37,244.18,282.11,5.95
2023-12-09 02:30:00,5,1949.31,0.13,47.98,19.13,21.22,226.69,259.17,5.26
2023-12-09 03:30:00,5,1815.8,0.09,42.5,21.1,20.5,220,250.01,4.94
2023-12-09 04:30:00,5,1735.69,0.09,40.44,21.82,20.5,219.56,247.5,4.75
2023-12-09 05:30:00,5,1762.39,0.19,41.47,19.49,21.22,224.07,251.23,4.81
2023-12-09 06:30:00,5,1949.31,1.56,48.67,11.09,25.27,237.54,268.1,6.46
2023-12-09 07:30:00,5,2483.37,12.29,58.95,1.02,33.38,269.19,310.06,10.13
2023-12-09 08:30:00,5,2857.21,27.27,60.32,2.86,39.58,287.78,335.11,12.54
2023-12-09 09:30:00,5,2910.61,29.95,58.95,13.95,45.3,289.65,338.6,15.2
2023-12-09 10:30:00,5,2910.61,26.38,61.01,31.11,51.5,295.09,346.2,20.27
2023-12-09 11:30:00,5,2643.59,16.09,60.32,63.66,59.13,290.48,339.09,21.03
2023-12-09 12:30:00,5,1522.06,4.75,34.96,130.18,68.66,211.62,241.19,11.91
2023-12-09 13:30:00,5,1228.33,3.02,26.05,148.77,64.85,188.28,213.2,10.01
2023-12-09 14:30:00,5,1121.52,2.15,23.31,157.36,59.6,179.02,202.25,9.88
2023-12-09 15:30:00,5,1455.31,3.02,39.76,133.04,56.27,191.92,220.27,14.31
2023-12-09 16:30:00,5,2136.23,3.97,76.09,76.53,54.84,220.76,259,21.03
2023-12-09 17:30:00,5,2750.4,3.8,115.16,17.34,51.02,240.94,286.99,26.6
2023-12-09 18:30:00,5,3231.05,16.76,117.9,0.31,49.59,263.09,316.47,32.93
2023-12-09 19:30:00,5,3284.45,15.87,106.93,0.31,47.68,277.17,336.02,36.98
2023-12-09 20:30:00,5,3017.43,6.2,94.59,2.95,41.48,273.59,331.4,35.46
2023-12-09 21:30:00,5,2723.69,1.15,81.57,10.55,36.24,264.43,317.92,29.64
2023-12-09 22:30:00,5,2616.88,0.45,73.34,15.74,32.9,260.84,312.7,24.07
2023-12-09 23:30:00,5,2349.85,0.26,64.43,18.42,26.94,239.8,284.8,16.72
2023-12-10 00:30:00,5,1869.2,0.09,51.41,22.89,19.55,202.39,236.27,9.88
2023-12-10 01:30:00,5,1548.77,0.04,41.47,26.82,17.17,175.2,202.33,7.35
2023-12-10 02:30:00,5,1388.55,0.02,35.99,28.97,17.17,159.11,183.38,6.08
2023-12-10 03:30:00,5,1295.09,0.01,32.22,33.26,18.12,151.1,173.8,5.32
2023-12-10 04:30:00,5,1241.68,0.01,29.82,37.55,18.84,149.21,171.16,4.94
2023-12-10 05:30:00,5,1241.68,0.01,29.47,40.41,20.27,152.53,174.36,4.94
2023-12-10 06:30:00,5,1375.2,0.02,35.64,38.27,24.32,165.16,190.2,6.52
2023-12-10 07:30:00,5,1735.69,0.27,52.78,25.39,30.99,188.43,222.08,10.13
2023-12-10 08:30:00,5,1949.31,3.52,62.38,21.28,35.76,199.79,238.79,12.16
2023-12-10 09:30:00,5,1789.09,7.93,51.41,43.63,40.05,191.76,230.88,13.17
2023-12-10 10:30:00,5,1682.28,8.61,42.5,64.37,44.82,189.71,229.64,15.33
2023-12-10 11:30:00,5,1508.71,6.2,35.64,95.84,50.07,193.14,232.72,14.06
2023-12-10 12:30:00,5,1028.06,2.32,18.51,140.19,41.01,157.28,191.16,7.16
2023-12-10 13:30:00,5,894.55,1.7,14.91,148.77,35.76,136.49,165.6,6.46
2023-12-10 14:30:00,5,847.82,1.55,15.25,150.2,35.29,129.67,155.87,6.78
2023-12-10 15:30:00,5,1054.76,2.12,26.39,135.9,39.58,140.53,169.05,9.75
2023-12-10 16:30:00,5,1401.9,1.96,47.3,104.43,42.92,160.29,194.29,14.06
2023-12-10 17:30:00,5,1695.63,0.3,69.23,67.95,41.48,173.24,211.9,17.48
2023-12-10 18:30:00,5,1949.31,0.01,82.94,43.99,41.48,187.76,232.71,21.53
2023-12-10 19:30:00,5,2109.53,0.01,80.2,40.05,41.48,204.06,255.52,25.33
2023-12-10 20:30:00,5,2082.82,0,69.23,45.42,37.67,211.36,266.31,25.08
2023-12-10 21:30:00,5,2136.23,0.01,65.8,42.56,33.86,218.03,275.78,21.79
2023-12-10 22:30:00,5,2429.96,0.11,71.97,26.82,32.42,235.65,298.52,19.51
2023-12-10 23:30:00,5,2483.37,0.5,73.34,15.02,28.13,236.66,299.06,14.19
2023-12-11 00:30:00,5,2216.34,1.22,65.8,9.03,22.17,216.79,272.9,8.99
2023-12-11 01:30:00,5,2162.93,4.14,59.63,2.39,24.08,214.27,269.92,8.87
2023-12-11 02:30:00,5,2189.64,8.38,53.47,0.43,26.94,219.26,276.77,10.01
2023-12-11 03:30:00,5,2243.04,12.74,48.67,0.07,30.28,224.26,284.8,11.65
2023-12-11 04:30:00,5,2243.04,16.54,45.24,0.01,30.52,225.23,286,11.4
2023-12-11 05:30:00,5,2269.74,21.68,43.87,0,30.28,222.84,284.08,11.78
2023-12-11 06:30:00,5,2670.29,38,44.55,0,35.76,242.61,311.06,15.45
2023-12-11 07:30:00,5,3845.21,79.57,47.98,0,47.21,307.27,396.21,21.03
2023-12-11 08:30:00,5,4913.33,126.96,52.09,0.54,53.41,355.49,460.27,22.04
2023-12-11 09:30:00,5,5661.01,157.36,56.89,2.68,56.74,380.58,492.34,23.31
2023-12-11 10:30:00,5,6408.69,169.87,78.83,6.44,66.76,423.21,545.92,34.96
2023-12-11 11:30:00,5,7049.56,148.42,137.09,15.74,82.97,483.18,614.96,45.09
2023-12-11 12:30:00,5,1708.98,17.43,72.66,77.96,94.41,153.53,199.64,14.95
2023-12-11 13:30:00,5,1201.63,8.83,52.78,97.27,79.15,121.82,160.01,10.89
2023-12-11 14:30:00,5,1188.28,6.71,52.78,104.43,82.02,122.83,161.25,11.27
2023-12-11 15:30:00,5,2109.53,12.52,90.48,65.09,93.46,171.8,224.89,22.55
2023-12-11 16:30:00,5,3578.19,36.21,130.24,14.31,103.95,246.07,320.11,36.48
2023-12-11 17:30:00,5,4966.74,86.72,137.09,0.54,109.67,309.32,401.06,46.1
2023-12-11 18:30:00,5,6729.13,143.05,145.32,0,125.89,414.97,531.86,62.32
2023-12-11 19:30:00,5,8438.11,175.24,156.28,0,143.05,552.31,698.3,80.05
2023-12-11 20:30:00,5,9826.66,191.33,164.51,0,150.68,680.23,852.06,93.22
2023-12-11 21:30:00,5,10787.96,200.27,172.73,0,152.59,782.26,972.49,102.34
2023-12-11 22:30:00,5,11108.4,198.48,174.11,0,154.5,822.09,1038.62,110.45
2023-12-11 23:30:00,5,9933.47,168.09,157.65,0,150.68,736.76,966.56,104.37
2023-12-12 00:30:00,5,7690.43,121.59,134.35,0,129.7,598.08,812.99,90.18
2023-12-12 01:30:00,5,5874.63,81.36,111.04,0,92.51,493.46,678.33,63.33
2023-12-12 02:30:00,5,4539.49,50.51,93.22,0,61.99,430.27,577.42,40.02
2023-12-12 03:30:00,5,3898.62,34.42,81.57,0,45.78,407.28,526.95,26.6
2023-12-12 04:30:00,5,3578.19,29.5,74.71,0,39.1,404.5,506.72,20.52
2023-12-12 05:30:00,5,3524.78,31.74,69.92,0,37.19,406.25,497.41,17.48
2023-12-12 06:30:00,5,3845.21,46.49,64.43,0,41.48,427.63,518.09,19.51
2023-12-12 07:30:00,5,5073.55,90.3,62.38,0,53.41,496.5,601.39,24.57
2023-12-12 08:30:00,5,6408.69,144.84,63.75,0.34,61.04,557.5,675.55,26.6
2023-12-12 09:30:00,5,6568.91,151.99,65.8,2.26,63.9,540.66,654.86,29.13
2023-12-12 10:30:00,5,6301.88,128.75,80.88,6.88,67.71,510.21,621.16,38.5
2023-12-12 11:30:00,5,5874.63,86.72,113.79,18.95,74.39,492.68,599.43,41.54
2023-12-12 12:30:00,5,1401.9,8.49,54.15,103,77.25,161.94,194.3,11.15
2023-12-12 13:30:00,5,894.55,3.86,33.59,124.45,50.54,102.89,124.09,8.04
2023-12-12 14:30:00,5,834.47,2.85,31.87,128.75,46.25,90.69,110.03,8.23
2023-12-12 15:30:00,5,1842.5,9.28,82.94,72.96,67.71,137.09,172.49,22.04
2023-12-12 16:30:00,5,3738.4,43.81,149.43,12.34,113.49,231.49,296.22,49.65
2023-12-12 17:30:00,5,5874.63,114.44,180.96,0.46,165.94,329.82,424.12,82.08
2023-12-12 18:30:00,5,8117.68,180.6,213.86,0,230.79,450.21,580.72,122.61
2023-12-12 19:30:00,5,9613.04,200.27,235.8,0,282.29,567.56,739.17,158.07
2023-12-12 20:30:00,5,9826.66,182.39,230.31,0,289.92,631.61,838.72,172.26
2023-12-12 21:30:00,5,8865.36,144.84,197.41,0,228.88,616.37,842.22,139.83
2023-12-12 22:30:00,5,7690.43,116.23,156.28,0,175.48,575.11,806.55,108.42
2023-12-12 23:30:00,5,6462.1,94.77,123.38,0,129.7,510.56,723.49,79.04
2023-12-13 00:30:00,5,5233.76,75.1,101.45,0,94.41,439.29,615.19,52.69
2023-12-13 01:30:00,5,4486.08,59.01,87.74,0,73.43,399.34,541.72,38.5
2023-12-13 02:30:00,5,3952.03,44.7,78.83,0,61.04,373.67,488.93,30.4
2023-12-13 03:30:00,5,3685,35.76,72.66,0,54.36,363.73,461.76,25.33
2023-12-13 04:30:00,5,3578.19,31.29,68.55,0,51.98,357.77,443.99,22.04
2023-12-13 05:30:00,5,3524.78,30.85,67.17,0,52.45,357.06,436.93,20.52
2023-12-13 06:30:00,5,3898.62,42.92,67.17,0,58.17,378.51,462.16,23.56
2023-12-13 07:30:00,5,5500.79,93.88,70.6,0,71.53,479.11,587.27,29.89
2023-12-13 08:30:00,5,7690.43,173.45,77.46,0.32,77.25,609.18,747.72,30.91
2023-12-13 09:30:00,5,9506.23,232.46,87.05,1.77,81.06,724.32,890.74,33.44
2023-12-13 10:30:00,5,10574.34,236.03,117.9,5.1,91.55,798.49,985.34,47.62
2023-12-13 11:30:00,5,10681.15,169.87,191.93,15.74,103.95,833.99,1022.76,53.7
2023-12-13 12:30:00,5,2243.04,15.42,87.05,87.98,129.7,243.06,290.91,12.67
2023-12-13 13:30:00,5,1308.44,5.76,50.72,120.16,90.6,163.29,197.53,7.28
2023-12-13 14:30:00,5,1108.17,3.52,40.78,133.04,78.2,143.42,174.28,6.78
2023-12-13 15:30:00,5,1815.8,6.37,71.97,88.69,79.15,173.07,215.22,17.23
2023-12-13 16:30:00,5,3177.64,21.23,117.9,21.99,84.88,235.18,299.45,31.41
2023-12-13 17:30:00,5,4432.68,64.37,126.12,0.98,86.78,285.14,369.67,43.06
2023-12-13 18:30:00,5,5447.39,102.82,120.64,0,89.65,334.95,440.08,56.24
2023-12-13 19:30:00,5,5874.63,103.71,116.53,0,86.78,373.11,497.22,64.85
2023-12-13 20:30:00,5,5714.42,86.72,112.41,0,77.25,388.8,522.92,61.81
2023-12-13 21:30:00,5,5447.39,70.63,106.93,0,68.66,393.4,523.79,51.17
2023-12-13 22:30:00,5,5180.36,59.9,100.08,0,61.99,390.68,515.43,42.05
2023-12-13 23:30:00,5,4432.68,47.39,90.48,0,48.64,344.6,451.31,28.88
2023-12-14 00:30:00,5,3337.86,30.4,78.14,0.01,34.33,270.69,350.96,15.96
2023-12-14 01:30:00,5,2670.29,17.66,67.17,0.08,28.85,230.28,292.34,11.27
2023-12-14 02:30:00,5,2323.15,10.84,60.32,0.34,26.46,210.19,262.88,8.99
2023-12-14 03:30:00,5,2109.53,7.82,55.52,0.73,25.03,198.52,246.84,7.92
2023-12-14 04:30:00,5,2056.12,7.6,52.78,0.75,24.8,195.21,241.32,7.6
2023-12-14 05:30:00,5,2136.23,11.62,52.09,0.31,25.99,202.17,249.09,8.04
2023-12-14 06:30:00,5,2643.59,27.27,53.47,0.03,32.9,233.92,288.65,11.65
2023-12-14 07:30:00,5,3738.4,63.48,58.26,0.11,43.87,295.24,367.77,17.23
2023-12-14 08:30:00,5,4219.06,84.94,62.38,2.01,47.68,306.69,383.77,18.75
2023-12-14 09:30:00,5,3257.75,55.88,64.43,10.82,49.11,245.21,305.52,18.75
2023-12-14 10:30:00,5,2830.51,41.57,63.06,25.03,53.88,226.77,282.54,23.31
2023-12-14 11:30:00,5,2243.04,24.36,58.26,48.64,59.13,201.94,248.4,22.04
2023-12-14 12:30:00,5,1148.22,6.87,35.3,101.57,47.68,139.62,166.99,10.26
2023-12-14 13:30:00,5,934.6,4.3,27.42,120.16,39.58,130.16,153.69,7.98
2023-12-14 14:30:00,5,907.9,3.3,26.39,130.18,39.1,134.83,157.66,7.98
2023-12-14 15:30:00,5,1188.28,3.91,39.76,117.3,43.39,154.16,180.95,11.78
2023-12-14 16:30:00,5,1708.98,4.3,69.23,80.82,48.16,183.76,218.12,17.73
2023-12-14 17:30:00,5,2189.64,1.34,104.19,34.33,49.11,208.7,249.57,22.8
2023-12-14 18:30:00,5,2857.21,8.05,124.75,4.07,52.93,249.28,301.21,30.91
2023-12-14 19:30:00,5,3524.78,23.92,116.53,0.06,55.31,306.23,374.69,39.52
2023-12-14 20:30:00,5,3845.21,27.27,106.93,0.02,53.41,347.47,426.99,36.98
2023-12-14 21:30:00,5,4005.43,28.16,100.08,0.01,50.07,378.24,463.23,29.13
2023-12-14 22:30:00,5,4219.06,33.08,93.22,0,47.21,405.96,496.31,23.81
2023-12-14 23:30:00,5,4058.84,34.42,86.37,0,38.62,396.08,480.49,16.09
2023-12-15 00:30:00,5,3364.56,26.6,76.77,0.01,27.66,349.15,417.03,9.25
2023-12-15 01:30:00,5,2910.61,19.45,67.17,0.02,25.03,326.02,385.87,7.92
2023-12-15 02:30:00,5,2723.69,16.32,60.32,0.03,25.51,324.73,382.25,7.85
2023-12-15 03:30:00,5,2590.18,14.98,54.15,0.04,25.75,326.86,382.98,8.04
2023-12-15 04:30:00,5,2510.07,16.09,50.04,0.02,25.99,331.09,385.58,8.23
2023-12-15 05:30:00,5,2616.88,21.68,47.98,0,28.37,343.33,398.05,9.37
2023-12-15 06:30:00,5,3231.05,42.02,47.98,0,36.24,386.49,451.11,13.68
2023-12-15 07:30:00,5,4699.71,91.2,52.09,0,50.07,480.02,568.5,19.76
2023-12-15 08:30:00,5,6088.26,148.42,57.58,0.39,59.13,555.16,661.23,22.04
2023-12-15 09:30:00,5,7049.56,184.18,64.43,2.17,64.85,603.05,717.5,25.33
2023-12-15 10:30:00,5,7904.05,196.7,93.22,5.63,77.25,661,786.85,40.02
2023-12-15 11:30:00,5,8544.92,164.51,160.4,15.02,96.32,730.71,863.55,49.14
2023-12-15 12:30:00,5,2883.91,19.89,115.16,100.14,141.14,378.7,430.39,13.05
2023-12-15 13:30:00,5,2136.23,9.95,85,137.33,116.35,322.4,366.18,8.23
2023-12-15 14:30:00,5,1949.31,6.59,74.71,153.06,107.77,302.9,344.12,7.6
2023-12-15 15:30:00,5,2803.8,9.28,109.67,111.58,105.86,351.51,406.58,19
2023-12-15 16:30:00,5,4379.27,22.13,169.99,35.05,107.77,442.42,521.94,34.96
2023-12-15 17:30:00,5,5874.63,67.95,191.93,1.4,118.26,512.92,615.49,51.17
2023-12-15 18:30:00,5,7156.37,111.76,194.67,0,141.14,587.97,716.61,73.97
2023-12-15 19:30:00,5,7797.24,114.44,186.44,0,146.87,643.39,798.35,89.17
2023-12-15 20:30:00,5,7583.62,97.45,175.48,0,137.33,660.04,833.97,94.23
2023-12-15 21:30:00,5,7156.37,80.47,164.51,0,122.07,657.58,837.56,90.18
2023-12-15 22:30:00,5,6835.94,70.63,152.17,0,103.95,653.39,831.86,78.02
2023-12-15 23:30:00,5,6088.26,58.11,138.46,0,78.2,609.66,771.6,56.24
2023-12-16 00:30:00,5,4966.74,38.89,124.75,0,53.88,536.18,668.43,34.45
2023-12-16 01:30:00,5,4058.84,19.89,105.56,0.03,40.05,485.71,595.03,22.8
2023-12-16 02:30:00,5,3471.37,10.73,89.11,0.22,34.33,463.12,557.08,17.48
2023-12-16 03:30:00,5,3150.94,6.76,74.71,0.6,30.99,452.84,535.04,14.44
2023-12-16 04:30:00,5,2990.72,6.15,65.8,0.65,30.52,454.82,528.17,13.17
2023-12-16 05:30:00,5,2990.72,8.94,61.01,0.31,33.86,463.31,532.01,14.82
2023-12-16 06:30:00,5,3284.45,20.12,61.01,0.06,40.53,488.55,560.04,19.51
2023-12-16 07:30:00,5,4219.06,48.28,70.6,0,49.11,547.42,632.64,23.81
2023-12-16 08:30:00,5,5180.36,83.15,80.2,0.86,52.93,600.81,698.14,23.56
2023-12-16 09:30:00,5,5874.63,105.5,85.68,4.83,56.74,639.86,743.71,24.83
2023-12-16 10:30:00,5,6408.69,103.71,106.93,11.62,64.85,674.27,784.17,34.45
2023-12-16 11:30:00,5,6675.72,75.1,148.06,28.61,74.39,705.96,820.29,37.49
2023-12-16 12:30:00,5,1495.36,5.92,47.3,130.18,59.6,226.01,260.48,5.83
2023-12-16 13:30:00,5,1001.36,2.85,26.39,148.77,38.15,167.95,193.23,4.56
2023-12-16 14:30:00,5,947.95,2.07,23.65,155.93,34.33,167.52,191.87,5.19
2023-12-16 15:30:00,5,1695.63,4.97,54.84,120.16,43.87,233.56,271.3,14.06
2023-12-16 16:30:00,5,2723.69,9.28,105.56,52.21,53.41,289.75,344.95,25.59
2023-12-16 17:30:00,5,3631.59,30.85,134.35,3.62,64.85,306.45,374.92,37.49
2023-12-16 18:30:00,5,4592.9,68.84,131.61,0,85.83,334.91,421.65,56.24
2023-12-16 19:30:00,5,5287.17,82.25,122.01,0,97.27,370.58,478.75,70.93
2023-12-16 20:30:00,5,5340.58,75.1,113.79,0,88.69,398.23,522.23,69.92
2023-12-16 21:30:00,5,5233.76,62.58,106.93,0,72.48,430.74,561.49,54.21
2023-12-16 22:30:00,5,5073.55,53.2,101.45,0,57.22,470.28,600.22,36.48
2023-12-16 23:30:00,5,4379.27,38.44,90.48,0,40.05,461.68,573.34,20.01
2023-12-17 00:30:00,5,3284.45,19.45,77.46,0.13,26.7,403.91,487.51,9.88
2023-12-17 01:30:00,5,2670.29,7.04,67.86,1.39,24.32,372.53,438.79,8.36
2023-12-17 02:30:00,5,2403.26,2.07,59.63,4.92,24.56,362.24,419.89,8.74
2023-12-17 03:30:00,5,2349.85,1.17,55.52,6.71,25.75,364.12,417.8,9.5
2023-12-17 04:30:00,5,2429.96,2.51,56.21,3.35,28.37,376.05,429.74,10.13
2023-12-17 05:30:00,5,2643.59,7.93,60.32,0.51,32.9,396.41,452.53,11.4
2023-12-17 06:30:00,5,3150.94,21.46,69.23,0.04,40.53,433.06,496.06,15.2
2023-12-17 07:30:00,5,4112.24,49.62,84.31,0,49.59,494.25,572.5,20.77
2023-12-17 08:30:00,5,4966.74,83.15,90.48,0.7,51.5,535.4,623.31,21.79
2023-12-17 09:30:00,5,5393.98,99.24,89.11,4.25,51.5,544.94,635.76,24.07
2023-12-17 10:30:00,5,5767.82,101.92,97.33,9.75,57.7,558.5,654.56,32.17
2023-12-17 11:30:00,5,5714.42,75.1,120.64,22.35,63.9,566.17,662.81,32.93
2023-12-17 12:30:00,5,1134.87,4.08,32.9,125.89,52.45,175.66,203.51,4.24
2023-12-17 13:30:00,5,667.57,1.58,15.25,138.76,29.56,103.02,123.07,3.51
2023-12-17 14:30:00,5,587.46,1.22,13.71,137.33,24.56,84.19,103.02,4.18
2023-12-17 15:30:00,5,974.66,2.77,34.62,103,32.42,96.46,121.87,10.01
2023-12-17 16:30:00,5,1789.09,4.86,74.71,47.92,43.87,131.19,170.1,19
2023-12-17 17:30:00,5,2563.48,14.19,105.56,4.69,50.07,170.41,222.13,26.35
2023-12-17 18:30:00,5,3284.45,36.66,100.08,0.01,55.79,222.97,287.14,34.96
2023-12-17 19:30:00,5,3631.59,42.92,93.22,0,58.17,270.39,347.71,42.56
2023-12-17 20:30:00,5,3685,39.34,87.74,0,54.84,290.46,376.04,41.54
2023-12-17 21:30:00,5,3578.19,33.53,83.63,0,49.59,290.32,377.65,32.93
2023-12-17 22:30:00,5,3337.86,26.6,79.51,0.02,43.39,274.34,359.81,25.08
2023-12-17 23:30:00,5,2750.4,16.09,74.03,0.24,33.38,234.68,307.92,15.83
2023-12-18 00:30:00,5,2056.12,4.58,66.49,3.13,24.32,188.7,244.24,9.25
2023-12-18 01:30:00,5,1735.69,0.88,56.89,11.09,24.32,174.85,219.57,8.11
2023-12-18 02:30:00,5,1588.82,0.18,47.98,19.67,24.08,168.57,206.19,7.22
2023-12-18 03:30:00,5,1455.31,0.07,41.47,25.03,23.37,162.23,195.88,6.59
2023-12-18 04:30:00,5,1375.2,0.06,38.73,26.82,22.65,157,187.51,5.95
2023-12-18 05:30:00,5,1375.2,0.13,40.1,24.32,23.13,156.19,184.72,5.89
2023-12-18 06:30:00,5,1588.82,1.27,49.35,14.31,27.42,168.32,199.87,7.79
2023-12-18 07:30:00,5,2162.93,11.62,61.01,1.45,36.24,202.13,244.34,11.78
2023-12-18 08:30:00,5,2616.88,28.61,61.01,2.17,42.44,223.69,271.89,14.31
2023-12-18 09:30:00,5,2696.99,33.53,58.26,11.44,48.64,228.42,277.27,16.72
2023-12-18 10:30:00,5,2536.77,26.6,55.52,26.82,55.79,226.23,273.8,21.03
2023-12-18 11:30:00,5,2136.23,15.87,51.41,55.07,61.99,216.16,257.61,19.76
2023-12-18 12:30:00,5,1068.12,3.02,20.56,123.02,36.24,134.35,157.06,6.02
2023-12-18 13:30:00,5,847.82,1.87,14.57,133.04,27.18,101.14,118.97,5.07
2023-12-18 14:30:00,5,827.79,1.58,14.91,134.47,27.18,97.01,114.25,5.57
2023-12-18 15:30:00,5,1014.71,1.96,25.36,121.59,35.29,107.94,127.86,8.99
2023-12-18 16:30:00,5,1295.09,1.75,42.84,94.41,41.96,118.2,141.73,13.68
2023-12-18 17:30:00,5,1522.06,0.31,60.32,62.94,42.92,117.97,143.53,17.99
2023-12-18 18:30:00,5,1762.39,0.01,71.97,41.84,44.82,123.37,152.9,23.31
2023-12-18 19:30:00,5,1922.61,0.02,71.29,36.48,45.3,133.6,168.47,28.88
2023-12-18 20:30:00,5,1922.61,0.01,63.75,40.05,43.39,140.19,177.97,31.92
2023-12-18 21:30:00,5,1842.5,0,56.89,45.06,41.01,142.69,179.89,32.42
2023-12-18 22:30:00,5,1789.09,0,52.78,47.21,38.62,142.83,178.64,31.92
2023-12-18 23:30:00,5,1575.47,0,47.98,50.07,33.38,132.12,162.68,27.87
2023-12-19 00:30:00,5,1295.09,0,39.41,55.07,27.42,116.9,140.08,22.55
2023-12-19 01:30:00,5,1174.93,0,33.59,56.51,25.99,116.6,137.16,20.27
2023-12-19 02:30:00,5,1148.22,0,30.5,56.51,26.23,121.9,141.7,18.75
2023-12-19 03:30:00,5,1134.87,0,29.13,54.36,26.46,128.03,147.54,16.97
2023-12-19 04:30:00,5,1134.87,0,29.13,51.5,26.46,132.44,151.95,14.82
2023-12-19 05:30:00,5,1188.28,0.01,31.53,45.42,26.94,135.78,155.76,13.05
2023-12-19 06:30:00,5,1388.55,0.11,40.78,32.9,30.28,147.05,170.64,13.68
2023-12-19 07:30:00,5,1842.5,2.63,59.63,11.18,37.67,169.42,202.2,17.23
2023-12-19 08:30:00,5,2189.64,15.2,63.06,5.59,42.92,180.62,218.81,18.49
2023-12-19 09:30:00,5,2216.34,24.59,54.15,18.78,49.11,175.55,214.55,19.76
2023-12-19 10:30:00,5,2109.53,22.8,49.35,34.33,55.79,168.28,206.64,22.8
2023-12-19 11:30:00,5,1842.5,16.32,46.61,56.51,60.56,153.94,188.41,21.53
2023-12-19 12:30:00,5,1321.79,7.93,35.3,92.98,56.74,117.16,141.44,15.2
2023-12-19 13:30:00,5,1174.93,5.7,31.19,110.15,52.93,107.46,128.95,13.93
2023-12-19 14:30:00,5,1094.82,4.19,29.47,123.02,51.02,102.24,121.87,13.05
2023-12-19 15:30:00,5,1121.52,3.52,34.27,120.16,48.16,102.35,122.56,13.55
2023-12-19 16:30:00,5,1388.55,3.07,51.41,95.84,48.64,112.48,136.77,16.97
2023-12-19 17:30:00,5,1655.58,0.73,72.66,64.37,47.68,120.92,148.69,20.27
2023-12-19 18:30:00,5,1976.01,0.02,87.05,39.7,48.64,137.19,170.55,25.59
2023-12-19 19:30:00,5,2216.34,0.08,89.11,29.33,48.64,158.16,199.15,31.66
2023-12-19 20:30:00,5,2269.74,0.08,81.57,28.61,44.82,168.86,214.03,34.45
2023-12-19 21:30:00,5,2216.34,0.06,74.03,30.04,41.01,170.53,215.71,33.94
2023-12-19 22:30:00,5,2162.93,0.06,68.55,29.68,38.15,169.77,214.42,31.66
2023-12-19 23:30:00,5,1949.31,0.04,61.01,31.11,31.95,154.73,193.68,25.59
2023-12-20 00:30:00,5,1562.12,0.02,49.35,35.76,24.32,129.08,158.37,17.99
2023-12-20 01:30:00,5,1361.85,0.01,41.47,37.91,21.7,118.63,143.43,13.93
2023-12-20 02:30:00,5,1295.09,0.01,37.7,37.19,20.98,117.32,140.85,11.27
2023-12-20 03:30:00,5,1295.09,0.02,36.33,34.33,20.74,118.94,142.4,9.12
2023-12-20 04:30:00,5,1335.14,0.05,36.67,28.97,20.98,122.71,147.05,7.79
2023-12-20 05:30:00,5,1415.25,0.25,41.13,20.74,22.89,129.64,155.85,7.35
2023-12-20 06:30:00,5,1762.39,3.69,52.09,7.69,29.09,151.39,184.52,9.75
2023-12-20 07:30:00,5,2510.07,23.69,60.32,0.15,40.05,195.5,243.59,15.33
2023-12-20 08:30:00,5,3150.94,48.73,61.69,1.74,47.21,225.9,285.39,18.75
2023-12-20 09:30:00,5,3471.37,61.69,61.01,7.33,54.36,242.2,308.57,23.05
2023-12-20 10:30:00,5,3631.59,59.01,67.86,16.45,64.85,258.51,331.16,30.91
2023-12-20 11:30:00,5,3311.16,40.68,77.46,35.41,76.29,255.28,325.71,32.17
2023-12-20 12:30:00,5,1815.8,10.95,55.52,91.55,82.02,181.34,226.06,17.73
2023-12-20 13:30:00,5,1508.71,6.48,45.93,113.01,76.29,167.31,205.16,14.57
2023-12-20 14:30:00,5,1401.9,4.69,43.87,121.59,73.43,165.85,201.02,13.68
2023-12-20 15:30:00,5,2029.42,7.71,72.66,90.12,72.48,202.59,247.07,21.03
2023-12-20 16:30:00,5,3257.75,19.22,122.01,28.25,71.53,265.83,328.82,31.92
2023-12-20 17:30:00,5,4325.87,54.99,139.83,1.26,67.71,316.47,394.13,40.02
2023-12-20 18:30:00,5,5340.58,90.3,137.09,0,70.57,377.03,470.98,50.66
2023-12-20 19:30:00,5,5874.63,92.98,131.61,0,70.57,435.03,544.36,57.25
2023-12-20 20:30:00,5,5767.82,77.78,120.64,0,64.85,462.52,576.04,50.66
2023-12-20 21:30:00,5,5340.58,61.69,108.3,0,56.74,460.05,567.74,40.02
2023-12-20 22:30:00,5,5073.55,51.86,98.71,0,51.98,453.64,556.8,33.44
2023-12-20 23:30:00,5,4539.49,40.23,90.48,0,42.44,417.9,508.48,23.81
2023-12-21 00:30:00,5,3578.19,24.59,79.51,0.01,30.28,351.97,422.53,14.06
2023-12-21 01:30:00,5,2964.02,14.31,69.23,0.09,25.99,315.78,374.23,10.51
2023-12-21 02:30:00,5,2643.59,10.06,61.01,0.23,24.56,301.09,353.84,8.87
2023-12-21 03:30:00,5,2456.67,8.83,54.15,0.28,23.6,298.31,348.49,7.92
2023-12-21 04:30:00,5,2429.96,10.39,49.35,0.15,23.6,302.05,350.61,7.35
2023-12-21 05:30:00,5,2510.07,15.42,46.61,0.04,25.03,312.2,360.17,7.66
2023-12-21 06:30:00,5,2937.32,29.5,47.3,0,31.47,341.6,396.56,10.89
2023-12-21 07:30:00,5,3952.03,61.69,51.41,0,42.92,402.95,476.3,16.21
2023-12-21 08:30:00,5,4699.71,89.41,57.58,0.57,49.11,437.8,523.02,17.73
2023-12-21 09:30:00,5,4592.9,83.15,65.12,4.78,55.31,426.6,511.47,20.27
2023-12-21 10:30:00,5,4592.9,71.53,77.46,13.59,64.85,429.64,518.82,27.11
2023-12-21 11:30:00,5,4058.84,44.7,90.48,34.33,75.34,408.36,492.18,30.4
2023-12-21 12:30:00,5,1976.01,8.61,56.21,118.73,82.97,264.16,310.62,14.82
2023-12-21 13:30:00,5,1535.42,4.53,39.76,148.77,71.53,231.36,270.37,11.53
2023-12-21 14:30:00,5,1428.6,3.13,35.3,161.65,65.8,224.34,261.37,11.91
2023-12-21 15:30:00,5,1762.39,3.8,52.09,135.9,62.94,237.46,278.91,17.23
2023-12-21 16:30:00,5,2510.07,5.14,90.48,75.82,61.99,268.48,320.41,24.83
2023-12-21 17:30:00,5,3257.75,8.16,132.98,13.41,59.6,296.13,357.96,31.92
2023-12-21 18:30:00,5,3952.03,29.5,130.24,0.03,61.04,336.55,410.84,40.53
2023-12-21 19:30:00,5,4432.68,39.34,117.9,0,61.04,386.8,476.56,46.1
2023-12-21 20:30:00,5,4592.9,38,106.93,0,57.22,423.82,523.49,40.53
2023-12-21 21:30:00,5,4753.11,39.79,97.33,0,52.45,456.23,561.82,31.41
2023-12-21 22:30:00,5,5073.55,48.28,90.48,0,49.11,493.78,606.48,24.57
2023-12-21 23:30:00,5,4913.33,50.96,82.25,0,39.1,486.52,592.46,16.09
2023-12-22 00:30:00,5,4112.24,42.47,73.34,0,28.37,433.41,519.09,10.01
2023-12-22 01:30:00,5,3578.19,33.08,65.12,0,26.7,405.81,480.67,9.75
2023-12-22 02:30:00,5,3337.86,28.39,58.95,0,28.13,396.13,466.68,10.77
2023-12-22 03:30:00,5,3177.64,26.6,54.15,0,29.56,397.21,467.07,11.53
2023-12-22 04:30:00,5,3097.53,26.38,50.04,0,28.37,395.98,463.63,10.26
2023-12-22 05:30:00,5,3097.53,29.5,47.98,0,28.13,399.35,464.44,9.88
2023-12-22 06:30:00,5,3524.78,43.81,47.3,0,33.38,429.31,498.94,12.79
2023-12-22 07:30:00,5,4753.11,83.15,50.04,0.02,46.25,504.8,594.45,19
2023-12-22 08:30:00,5,5981.45,130.53,54.15,0.85,55.31,573.66,681.35,21.53
2023-12-22 09:30:00,5,6568.91,148.42,64.43,2.21,62.94,610.47,722.93,22.29
2023-12-22 10:30:00,5,7049.56,139.47,89.11,6.79,77.25,648.8,767.54,30.4
2023-12-22 11:30:00,5,7156.37,103.71,142.57,19.13,97.27,694.69,816.12,39.52
2023-12-22 12:30:00,5,3578.19,19.45,127.49,97.27,173.57,463.72,521.24,20.77
2023-12-22 13:30:00,5,2990.72,13.3,120.64,123.02,190.73,423.05,472.13,16.47
2023-12-22 14:30:00,5,3124.24,12.29,143.95,123.02,242.23,450.32,502.31,16.21
2023-12-22 15:30:00,5,4219.06,18.55,194.67,70.1,255.58,528.23,598.44,27.36
2023-12-22 16:30:00,5,6034.85,45.6,235.8,14.31,207.9,633.78,733.5,43.57
2023-12-22 17:30:00,5,7583.62,95.67,241.28,0.67,167.85,703.75,827.69,55.22
2023-12-22 18:30:00,5,8544.92,128.75,233.05,0,152.59,748.5,889.14,68.9
2023-12-22 19:30:00,5,8865.36,121.59,211.12,0,137.33,777.19,928.77,72.96
2023-12-22 20:30:00,5,8331.3,94.77,183.7,0,115.39,763.76,918.71,62.32
2023-12-22 21:30:00,5,7690.43,73.31,160.4,0,96.32,737.03,893.5,51.17
2023-12-22 22:30:00,5,7370,67.06,145.32,0,87.74,724.23,887.78,47.62
2023-12-22 23:30:00,5,6622.31,60.8,132.98,0,74.39,673.77,834.98,39.01
2023-12-23 00:30:00,5,5340.58,44.7,117.9,0,53.88,581.42,721.74,24.32
2023-12-23 01:30:00,5,4219.06,24.59,101.45,0,35.76,516.38,630.36,12.92
2023-12-23 02:30:00,5,3578.19,13.75,83.63,0.09,26.23,485.58,575.23,7.85
2023-12-23 03:30:00,5,3177.64,7.93,69.92,0.45,22.65,474.35,543.45,5.64
2023-12-23 04:30:00,5,3150.94,5.31,68.55,0.92,24.56,491.74,548.68,4.81
2023-12-23 05:30:00,5,3284.45,3.41,72.66,2.24,27.42,524.31,576.28,4.94
2023-12-23 06:30:00,5,2857.21,0.07,60.32,28.25,33.38,510.26,551.99,4.88
2023-12-23 07:30:00,5,3177.64,0.76,76.09,18.6,36.72,529.45,575.65,8.99
2023-12-23 08:30:00,5,3845.21,11.96,93.22,5.05,41.01,568.76,622.4,12.03
2023-12-23 09:30:00,5,4219.06,25.7,89.11,14.84,42.44,589.3,646.22,14.31
2023-12-23 10:30:00,5,4379.27,25.26,90.48,32.9,47.21,607.98,668.67,19.76
2023-12-23 11:30:00,5,4486.08,19.22,100.08,62.23,56.74,629.1,692.65,23.81
2023-12-23 12:30:00,5,2349.85,5.53,65.8,148.77,88.69,430.11,460.27,6.08
2023-12-23 13:30:00,5,1869.2,4.53,61.69,160.22,97.27,366.14,390,3.89
2023-12-23 14:30:00,5,1628.88,4.58,69.23,147.34,116.35,325.58,346.99,3.93
2023-12-23 15:30:00,5,2189.64,8.83,111.04,88.69,133.51,335.89,367.22,13.3
2023-12-23 16:30:00,5,3471.37,23.47,164.51,22.35,135.42,387.27,437.24,28.12
2023-12-23 17:30:00,5,4753.11,61.69,180.96,1.07,144.96,433.7,499.99,44.08
2023-12-23 18:30:00,5,6034.85,99.24,189.19,0,160.22,483.03,567.03,62.82
2023-12-23 19:30:00,5,7049.56,118.02,191.93,0,160.22,553.04,656.63,74.98
2023-12-23 20:30:00,5,7904.05,126.96,194.67,0,144.96,634.52,754.94,78.02
2023-12-23 21:30:00,5,8544.92,132.32,191.93,0,122.07,705.72,837.36,73.97
2023-12-23 22:30:00,5,9078.98,135.9,183.7,0,107.77,769.05,911.88,73.97
2023-12-23 23:30:00,5,9185.79,139.47,175.48,0,92.51,797.52,949.66,65.86
2023-12-24 00:30:00,5,8758.54,130.53,165.88,0,75.34,784.08,941.81,48.13
2023-12-24 01:30:00,5,7797.24,111.76,149.43,0,63.9,742.01,909.02,35.46
2023-12-24 02:30:00,5,6515.5,84.04,126.12,0,55.79,661.34,828.24,31.92
2023-12-24 03:30:00,5,5020.14,56.33,101.45,0,51.02,556.37,708.24,35.97
2023-12-24 04:30:00,5,4005.43,42.02,82.94,0,44.82,479.2,608.62,35.46
2023-12-24 05:30:00,5,3524.78,40.23,69.92,0,41.96,440.77,550.6,31.92
2023-12-24 06:30:00,5,3685,52.3,60.32,0,45.78,440.26,540.77,30.91
2023-12-24 07:30:00,5,4753.11,90.3,55.52,0,55.31,499.79,610.56,33.44
2023-12-24 08:30:00,5,6088.26,144.84,53.47,0.19,60.56,568.04,691.88,32.93
2023-12-24 09:30:00,5,7263.18,185.97,54.84,1.1,61.99,633.92,763.45,28.63
2023-12-24 10:30:00,5,8010.86,200.27,70.6,2.68,65.8,679.87,807.67,31.92
2023-12-24 11:30:00,5,8331.3,178.81,115.16,7.15,76.29,708.23,825.9,40.02
2023-12-24 12:30:00,5,2483.37,35.76,127.49,57.22,225.07,365.75,401.9,8.61
2023-12-24 13:30:00,5,2109.53,22.13,116.53,73.67,202.18,314.35,344.69,5.13
2023-12-24 14:30:00,5,2082.82,14.53,111.04,82.97,188.83,290.97,321.3,5.7
2023-12-24 15:30:00,5,2483.37,12.07,119.27,67.23,154.5,308.32,349.87,13.43
2023-12-24 16:30:00,5,3337.86,14.19,138.46,27.89,108.72,352.63,413.52,24.32
2023-12-24 17:30:00,5,4058.84,30.85,143.95,2.08,80.11,372.84,448.43,32.42
2023-12-24 18:30:00,5,4539.49,52.75,127.49,0,67.71,379.65,466.18,39.52
2023-12-24 19:30:00,5,4592.9,53.64,109.67,0,60.56,381.27,473.21,35.97
2023-12-24 20:30:00,5,4219.06,42.92,94.59,0,51.98,373.17,463.14,25.33
2023-12-24 21:30:00,5,3898.62,34.87,83.63,0,43.87,367.45,451.8,17.99
2023-12-24 22:30:00,5,3845.21,35.76,73.34,0,39.1,373.84,456.36,15.96
2023-12-24 23:30:00,5,3524.78,34.42,65.12,0,31.95,353.73,426.98,12.41
2023-12-25 00:30:00,5,2883.91,26.82,56.89,0,24.56,312.88,369.43,8.74
2023-12-25 01:30:00,5,2510.07,19.67,52.09,0.01,24.08,293.35,340.19,8.23
2023-12-25 02:30:00,5,2269.74,13.97,49.35,0.04,23.37,283.93,325.68,7.47
2023-12-25 03:30:00,5,2082.82,9.61,46.61,0.19,22.41,273.91,311.94,7.03
2023-12-25 04:30:00,5,1949.31,7.6,43.18,0.39,22.17,264.32,298.64,6.9
2023-12-25 05:30:00,5,1895.9,7.82,42.16,0.51,23.13,256.5,288.52,7.35
2023-12-25 06:30:00,5,2082.82,13.52,44.55,0.32,28.61,261.05,295.9,9.88
2023-12-25 07:30:00,5,2777.1,35.32,48.67,0.01,37.67,296.15,344.09,14.31
2023-12-25 08:30:00,5,3311.16,58.11,50.04,0.75,42.92,318.29,374.21,16.21
2023-12-25 09:30:00,5,3417.97,65.27,51.41,5.1,47.21,324.5,381.93,17.23
2023-12-25 10:30:00,5,3578.19,60.8,61.01,13.41,55.79,341.04,402.74,22.29
2023-12-25 11:30:00,5,3364.56,39.79,75.4,33.62,67.71,346.49,405.42,26.85
2023-12-25 12:30:00,5,1762.39,10.28,54.15,95.84,76.29,233.77,262.4,14.57
2023-12-25 13:30:00,5,1441.96,6.71,44.55,114.44,72.48,203.07,226.42,11.78
2023-12-25 14:30:00,5,1361.85,5.2,44.55,124.45,74.39,196.65,219.36,11.53
2023-12-25 15:30:00,5,2162.93,9.16,78.14,87.26,78.2,241.47,278.58,21.53
2023-12-25 16:30:00,5,3524.78,23.02,128.87,26.46,80.11,315.03,376.8,34.96
2023-12-25 17:30:00,5,4753.11,62.58,146.69,1.33,88.69,367.99,449.38,49.14
2023-12-25 18:30:00,5,5821.23,102.82,146.69,0,104.9,428.27,530.22,66.88
2023-12-25 19:30:00,5,6355.29,110.86,135.72,0,99.18,482.28,602.91,67.89
2023-12-25 20:30:00,5,6195.07,98.35,113.79,0,79.15,504.88,631.15,51.17
2023-12-25 21:30:00,5,5874.63,86.72,94.59,0,62.94,510.51,634.98,34.96
2023-12-25 22:30:00,5,5767.82,80.47,86.37,0,54.84,523.15,647.67,28.37
2023-12-25 23:30:00,5,5340.58,70.63,80.88,0,43.87,501.6,615.93,20.77
2023-12-26 00:30:00,5,4379.27,51.41,74.03,0,30.99,442.94,534.96,13.68
2023-12-26 01:30:00,5,3738.4,35.32,65.8,0,26.7,416.41,494.55,11.4
2023-12-26 02:30:00,5,3391.27,25.93,58.26,0,25.51,411.24,480.22,9.88
2023-12-26 03:30:00,5,3150.94,19.67,52.09,0.01,25.03,406.5,467.24,8.99
2023-12-26 04:30:00,5,3017.43,17.66,47.98,0.02,25.51,403.94,458.75,8.87
2023-12-26 05:30:00,5,3070.83,21.23,45.93,0.01,28.13,410.66,464.15,10.01
2023-12-26 06:30:00,5,3578.19,37.55,47.3,0,36.24,446.78,507.32,14.57
2023-12-26 07:30:00,5,4859.92,77.78,52.78,0,49.59,524.26,604.88,20.77
2023-12-26 08:30:00,5,5874.63,118.02,59.63,0.42,57.7,572.25,665.97,22.29
2023-12-26 09:30:00,5,6034.85,126.96,68.55,3.35,62.94,573.61,665.55,21.79
2023-12-26 10:30:00,5,6141.66,112.65,91.85,10.28,74.39,580.73,673.66,29.39
2023-12-26 11:30:00,5,5981.45,72.42,131.61,29.68,88.69,590.34,679.63,34.96
2023-12-26 12:30:00,5,2830.51,14.98,94.59,105.86,119.21,357.4,398.47,15.58
2023-12-26 13:30:00,5,2296.45,8.94,78.14,133.04,113.49,328.18,362.67,11.65
2023-12-26 14:30:00,5,2162.93,6.48,76.09,144.48,115.39,318.21,351.66,11.02
2023-12-26 15:30:00,5,3044.13,9.39,115.16,103,118.26,367.81,417.9,22.8
2023-12-26 16:30:00,5,4646.3,22.35,174.11,31.11,118.26,457.31,534.35,39.01
2023-12-26 17:30:00,5,6141.66,66.16,194.67,1.41,129.7,526.58,628.71,55.73
2023-12-26 18:30:00,5,7370,103.71,197.41,0,150.68,589.88,715.2,77.01
2023-12-26 19:30:00,5,8117.68,114.44,191.93,0,144.96,651.74,799.33,86.13
2023-12-26 20:30:00,5,8544.92,114.44,183.7,0,127.79,711.85,876.11,85.12
2023-12-26 21:30:00,5,9078.98,118.02,180.96,0,117.3,775.06,950.47,85.12
2023-12-26 22:30:00,5,9399.41,116.23,168.62,0,112.53,822.73,1009.26,79.04
2023-12-26 23:30:00,5,8651.73,102.82,152.17,0,101.09,794.07,980.49,61.3
2023-12-27 00:30:00,5,7263.18,78.68,132.98,0,80.11,711.3,882.76,41.04
2023-12-27 01:30:00,5,6088.26,58.11,116.53,0,61.99,651.27,800.38,25.84
2023-12-27 02:30:00,5,5073.55,40.23,101.45,0,50.07,601.69,724.75,16.47
2023-12-27 03:30:00,5,4325.87,27.49,90.48,0,43.39,559.85,658.72,11.91
2023-12-27 04:30:00,5,3952.03,22.8,85,0,43.39,541.32,630.07,11.91
2023-12-27 05:30:00,5,4005.43,25.93,83.63,0,49.59,550.34,640.1,16.47
2023-12-27 06:30:00,5,4539.49,42.02,83.63,0,60.56,591.22,689.39,25.59
2023-12-27 07:30:00,5,5874.63,84.94,84.31,0,67.71,682.5,797.38,30.65
2023-12-27 08:30:00,5,7263.18,135.9,85,0.3,67.71,765.12,886.37,27.87
2023-12-27 09:30:00,5,8438.11,173.45,85,1.79,67.71,834.93,958.02,24.07
2023-12-27 10:30:00,5,9399.41,187.75,102.82,4.74,76.29,900.09,1032.54,30.91
2023-12-27 11:30:00,5,9719.85,148.42,156.28,13.05,86.78,937.77,1077.82,42.56
2023-12-27 12:30:00,5,3524.78,14.31,109.67,108.72,141.14,490.65,541.97,16.97
2023-12-27 13:30:00,5,2643.59,6.65,81.57,157.36,127.79,421.92,465.47,11.78
2023-12-27 14:30:00,5,2429.96,4.47,76.77,177.38,129.7,414.93,459,9.88
2023-12-27 15:30:00,5,3017.43,5.31,105.56,134.47,118.26,449.43,506.09,18.49
2023-12-27 16:30:00,5,4272.46,9.83,161.77,49.35,105.86,517.55,596.21,32.42
2023-12-27 17:30:00,5,5500.79,40.23,186.44,2.44,109.67,572.32,669.42,46.1
2023-12-27 18:30:00,5,6515.5,77.78,180.96,0,122.07,630.25,746.74,59.28
2023-12-27 19:30:00,5,6835.94,83.15,164.51,0,108.72,671.68,802.91,54.72
2023-12-27 20:30:00,5,6568.91,75.1,143.95,0,88.69,677.04,811.84,39.52
2023-12-27 21:30:00,5,5981.45,65.27,124.75,0,72.48,644.2,769.59,26.35
2023-12-27 22:30:00,5,5126.95,50.96,108.3,0,59.13,584.41,695.78,19
2023-12-27 23:30:00,5,3952.03,27.27,94.59,0.06,41.96,486.93,574.09,11.53
2023-12-28 00:30:00,5,2803.8,4.41,81.57,3.93,28.37,402.98,463.28,6.4
2023-12-28 01:30:00,5,2403.26,0.35,63.06,15.74,24.8,385.44,432.1,5.64
2023-12-28 02:30:00,5,2269.74,0.08,52.78,23.25,24.08,390.34,430.43,5.64
2023-12-28 03:30:00,5,2296.45,0.09,47.98,23.25,23.84,402.6,440.21,5.7
2023-12-28 04:30:00,5,2376.56,0.28,47.98,17.34,24.08,420,457.38,6.21
2023-12-28 05:30:00,5,2563.48,1.76,52.09,7.87,25.75,440.22,479.22,7.16
2023-12-28 06:30:00,5,3070.83,13.52,56.21,0.8,32.42,476.37,523.59,11.02
2023-12-28 07:30:00,5,4112.24,45.15,59.63,0,44.82,537.83,597.87,17.99
2023-12-28 08:30:00,5,4913.33,73.31,67.86,0.12,54.36,572.6,633.23,22.04
2023-12-28 09:30:00,5,4859.92,69.74,79.51,1.52,65.8,551.7,607.65,22.8
2023-12-28 10:30:00,5,4913.33,66.16,89.11,8.31,79.15,545.47,611.55,23.81
2023-12-28 11:30:00,5,4592.9,48.73,105.56,28.97,98.23,524.3,590.15,23.81
2023-12-28 12:30:00,5,3070.83,19,98.71,89.41,125.89,407.35,453.53,16.97
2023-12-28 13:30:00,5,2803.8,12.85,97.33,118.73,133.51,393.56,436.77,16.72
2023-12-28 14:30:00,5,2857.21,10.17,104.19,128.75,146.87,399.08,443.46,17.99
2023-12-28 15:30:00,5,3578.19,12.18,131.61,87.98,131.61,434.43,491.78,26.35
2023-12-28 16:30:00,5,4806.52,26.38,168.62,23.96,105.86,492.18,571.18,39.01
2023-12-28 17:30:00,5,5981.45,70.63,169.99,1.12,99.18,533.62,633.58,48.13
2023-12-28 18:30:00,5,7049.56,111.76,161.77,0,112.53,592.45,716.28,63.84
2023-12-28 19:30:00,5,7797.24,121.59,150.8,0,113.49,656.73,806.46,68.9
2023-12-28 20:30:00,5,7797.24,112.65,138.46,0,101.09,700.22,868.57,59.78
2023-12-28 21:30:00,5,7690.43,100.14,127.49,0,91.55,730.98,904.98,49.65
2023-12-28 22:30:00,5,7370,90.3,117.9,0,92.51,748.38,920.58,47.62
2023-12-28 23:30:00,5,6568.91,75.1,109.67,0,88.69,715.46,874.67,41.04
2023-12-29 00:30:00,5,5447.39,54.99,102.82,0,77.25,641.23,776.23,30.4
2023-12-29 01:30:00,5,4646.3,39.34,94.59,0,73.43,598.02,713.28,26.35
2023-12-29 02:30:00,5,4112.24,29.95,85,0,72.48,570.61,654.44,26.35
2023-12-29 03:30:00,5,3791.81,24.59,75.4,0,65.8,545.86,606.82,26.35
2023-12-29 04:30:00,5,3631.59,23.47,69.92,0,54.36,534.67,576.91,22.04
2023-12-29 05:30:00,5,3791.81,28.61,68.55,0,47.21,540.94,572.03,17.73
2023-12-29 06:30:00,5,4432.68,48.28,69.23,0,49.59,569.72,599.39,18.24
2023-12-29 07:30:00,5,5928.04,95.67,74.03,0,64.85,647.03,689.12,25.59
2023-12-29 08:30:00,5,7370,151.99,81.57,0.01,79.15,719.71,772.34,29.89
2023-12-29 09:30:00,5,7156.37,146.63,93.22,0.19,101.09,706.91,760.56,25.33
2023-12-29 10:30:00,5,8117.68,169.87,100.08,1.1,110.63,768.96,839.7,28.37
2023-12-29 11:30:00,5,8651.73,175.24,116.53,3.31,122.07,809.23,894.11,28.37
2023-12-29 12:30:00,5,5020.14,96.56,175.48,16.45,324.25,706.24,767.38,1.33
2023-12-29 13:30:00,5,4753.11,79.57,211.12,26.11,343.32,715.71,776.5,0.31
2023-12-29 14:30:00,5,4646.3,59.01,235.8,33.97,331.88,708.85,768.47,0.76
2023-12-29 15:30:00,5,5447.39,71.53,249.51,20.56,274.66,764.08,835.99,12.67
2023-12-29 16:30:00,5,7370,128.75,271.44,4.52,267.03,889.77,990.37,37.49
2023-12-29 17:30:00,5,9506.23,203.85,290.63,0.36,308.99,1019.29,1150.57,64.34
2023-12-29 18:30:00,5,11535.64,261.07,315.31,0,366.21,1144.87,1309.61,96.26
2023-12-29 19:30:00,5,12603.76,264.64,318.05,0,377.66,1247.68,1449.56,118.55
2023-12-29 20:30:00,5,12283.33,232.46,290.63,0,301.36,1253.79,1479.65,108.42
2023-12-29 21:30:00,5,11215.21,189.54,246.76,0,181.2,1185.85,1417.06,65.86
2023-12-29 22:30:00,5,10040.28,151.99,197.41,0,117.3,1086.64,1310.23,45.6
2023-12-29 23:30:00,5,8331.3,116.23,154.91,0,77.25,943.43,1140.74,29.39
2023-12-30 00:30:00,5,6515.5,82.25,119.27,0,49.11,794.69,956.46,15.96
2023-12-30 01:30:00,5,5126.95,52.3,93.22,0,35.29,699.6,813.47,10.39
2023-12-30 02:30:00,5,4165.65,33.97,74.03,0,30.99,647.01,717.42,8.23
2023-12-30 03:30:00,5,3578.19,23.69,61.01,0,30.04,621.36,658.04,7.54
2023-12-30 04:30:00,5,3311.16,21.01,54.84,0,31.95,623.45,648.08,8.23
2023-12-30 05:30:00,5,3337.86,24.36,52.78,0,36.72,638.54,660.65,10.51
2023-12-30 06:30:00,5,3791.81,38,54.84,0,45.78,677.14,703.43,16.09
2023-12-30 07:30:00,5,4859.92,69.74,60.32,0,55.79,748.35,784.78,22.8
2023-12-30 08:30:00,5,5714.42,101.03,70.6,0.03,61.99,792.3,833.9,23.56
2023-12-30 09:30:00,5,5393.98,86.72,89.11,0.08,68.66,747.59,786.1,17.48
2023-12-30 10:30:00,5,5874.63,105.5,94.59,0.13,74.39,773.61,823.42,17.48
2023-12-30 11:30:00,5,6355.29,121.59,102.82,0.16,84.88,794.08,853.32,17.73
2023-12-30 12:30:00,5,3257.75,47.39,150.8,3.76,205.99,552.09,589.15,0.94
2023-12-30 13:30:00,5,2696.99,38.89,163.14,1.83,215.53,490.85,525.73,0.33
2023-12-30 14:30:00,5,2750.4,43.36,168.62,2.62,226.97,491.02,528.87,0.48
2023-12-30 15:30:00,5,3524.78,60.8,156.28,2.41,183.11,547.3,598.6,7.98
2023-12-30 16:30:00,5,4699.71,89.41,139.83,0.31,122.07,593.63,665.68,19.76
2023-12-30 17:30:00,5,5714.42,119.81,128.87,0.04,94.41,619.93,711.36,26.35
2023-12-30 18:30:00,5,6408.69,135.9,120.64,0,85.83,639.59,749.4,34.96
2023-12-30 19:30:00,5,6568.91,128.75,106.93,0,76.29,646.56,771.04,37.49
2023-12-30 20:30:00,5,6355.29,110.86,90.48,0,64.85,645,778.63,33.94
2023-12-30 21:30:00,5,6141.66,97.45,78.83,0,56.74,642.04,775.6,29.13
2023-12-30 22:30:00,5,5874.63,88.51,71.97,0,51.98,641.65,773.35,26.09
2023-12-30 23:30:00,5,5233.76,76.89,65.12,0,41.48,605.19,706.98,19.51
2023-12-31 00:30:00,5,4272.46,59.9,58.26,0,29.56,542.34,610.51,12.67
2023-12-31 01:30:00,5,3631.59,44.26,51.41,0,25.27,504.61,548.05,10.26
2023-12-31 02:30:00,5,3231.05,33.53,46.61,0,23.6,481.61,510.61,8.87
2023-12-31 03:30:00,5,2910.61,25.48,43.18,0,23.6,461.68,483.78,8.61
2023-12-31 04:30:00,5,2750.4,21.23,41.47,0,26.94,451.96,471.63,10.01
2023-12-31 05:30:00,5,2777.1,22.35,42.16,0,34.33,453.84,473.16,13.43
2023-12-31 06:30:00,5,3124.24,32.19,45.93,0,46.73,458.51,483.02,19.51
2023-12-31 07:30:00,5,3952.03,57.22,52.78,0,56.74,488.65,530.66,24.07
2023-12-31 08:30:00,5,4486.08,73.31,62.38,0.2,62.94,498.98,551.38,22.29
2023-12-31 09:30:00,5,2429.96,29.06,85.68,6.44,139.24,409.58,443.83,0.05
2023-12-31 10:30:00,5,2162.93,38.89,89.11,13.59,186.92,384.17,419.39,0.08
2023-12-31 11:30:00,5,2189.64,52.3,94.59,17.88,238.42,382.21,419.26,0.14
2023-12-31 12:30:00,5,2056.12,56.77,101.45,21.64,267.03,344.83,379.06,0.2
2023-12-31 13:30:00,5,1842.5,53.2,108.3,25.39,267.03,305.77,337.19,0.29
2023-12-31 14:30:00,5,1762.39,50.07,120.64,25.75,282.29,293.35,323.99,0.4
2023-12-31 15:30:00,5,2483.37,65.27,131.61,14.48,232.7,350.12,392.09,7.6
2023-12-31 16:30:00,5,3845.21,100.14,134.35,3.67,171.66,425.84,490.14,24.07
2023-12-31 17:30:00,5,5180.36,137.69,134.35,0.34,152.59,490.86,578.43,39.01
2023-12-31 18:30:00,5,6301.88,159.14,132.98,0,150.68,542.26,653.92,58.26
2023-12-31 19:30:00,5,6729.13,150.2,117.9,0,125.89,572.1,704.05,63.33
2023-12-31 20:30:00,5,6408.69,125.17,95.96,0,88.69,569.71,710.78,48.64
2023-12-31 21:30:00,5,5928.04,105.5,76.09,0,63.9,574.04,711.26,32.17
2023-12-31 22:30:00,5,5500.79,94.77,65.8,0,56.27,593.36,723.05,24.83
2023-12-31 23:30:00,5,4699.71,83.15,63.06,0,47.21,584.25,698.05,16.47
2024-01-01 00:30:00,5,3791.81,67.06,63.75,0,38.15,552.39,644.75,9.5
2024-01-01 01:30:00,5,3364.56,54.99,64.43,0,40.05,542.94,617.58,9.63
2024-01-01 02:30:00,5,3124.24,44.7,62.38,0,41.48,540.25,594.75,10.39
2024-01-01 03:30:00,5,2964.02,36.21,58.26,0,40.53,529.1,573.29,10.77
2024-01-01 04:30:00,5,2910.61,31.29,53.47,0,35.29,519.31,553.64,9.75
2024-01-01 05:30:00,5,2990.72,33.08,50.04,0,32.9,517.83,545.79,9.25
2024-01-01 06:30:00,5,3471.37,48.28,49.35,0,37.67,520.28,552.17,12.54
2024-01-01 07:30:00,5,4806.52,87.62,53.47,0,53.41,555.73,611.88,20.52
2024-01-01 08:30:00,5,5928.04,126.96,61.01,0.01,67.71,576.2,653.37,25.84
2024-01-01 09:30:00,5,2376.56,27.05,84.31,2.84,125.89,349.69,385.93,0.92
2024-01-01 10:30:00,5,1949.31,16.09,83.63,12.16,123.98,292.11,327.01,3.32
2024-01-01 11:30:00,5,1895.9,20.56,79.51,19.49,133.51,272.79,309.09,5.95
2024-01-01 12:30:00,5,1789.09,23.47,72.66,31.47,131.61,248.25,284.52,7.03
2024-01-01 13:30:00,5,1628.88,18.78,69.92,41.84,120.16,217.21,251.53,7.47
2024-01-01 14:30:00,5,1535.42,14.75,69.23,51.5,112.53,202.52,236.3,7.79
2024-01-01 15:30:00,5,2002.72,18.33,80.2,40.05,96.32,224.85,266.44,14.69
2024-01-01 16:30:00,5,2964.02,34.87,101.45,13.23,81.06,276.82,333.68,24.32
2024-01-01 17:30:00,5,3898.62,65.27,108.3,1.07,72.48,323.9,392.8,26.6
2024-01-01 18:30:00,5,4753.11,91.2,106.93,0,70.57,379.37,463.12,28.63
2024-01-01 19:30:00,5,5447.39,97.45,101.45,0,67.71,446.03,550.25,29.39
2024-01-01 20:30:00,5,5714.42,90.3,93.22,0,61.04,493.5,611.67,26.85
2024-01-01 21:30:00,5,5714.42,82.25,85,0,54.84,523.55,647.31,24.57
2024-01-01 22:30:00,5,5661.01,77.78,76.77,0,51.5,534.6,658.38,23.31
2024-01-01 23:30:00,5,5020.14,67.06,69.92,0,41.96,494.07,603.86,17.99
2024-01-02 00:30:00,5,3952.03,47.83,63.75,0,30.99,415.47,497.32,11.27
2024-01-02 01:30:00,5,3257.75,31.74,58.26,0,27.18,368.06,428.01,9.37
2024-01-02 02:30:00,5,2857.21,22.35,54.15,0.01,25.99,344.1,384.4,8.74
2024-01-02 03:30:00,5,2616.88,17.21,50.72,0.03,25.51,329.99,360.45,8.74
2024-01-02 04:30:00,5,2510.07,15.2,49.35,0.06,26.46,325.29,351.1,9.12
2024-01-02 05:30:00,5,2590.18,17.66,50.72,0.06,29.56,331.5,356.44,10.51
2024-01-02 06:30:00,5,3017.43,29.06,55.52,0.03,37.67,350.16,380.5,14.82
2024-01-02 07:30:00,5,4005.43,59.9,61.01,0,51.02,392.68,441.89,21.79
2024-01-02 08:30:00,5,4432.68,76.89,67.86,0.04,60.08,385.2,443.25,23.56
2024-01-02 09:30:00,5,2616.88,25.48,87.05,3.49,113.49,281.25,317.56,14.19
2024-01-02 10:30:00,5,2510.07,33.97,85,7.6,139.24,271.22,309.04,15.07
2024-01-02 11:30:00,5,2429.96,42.02,84.31,11.18,158.31,261.36,300.21,16.97
2024-01-02 12:30:00,5,2029.42,32.63,79.51,26.82,143.05,223.9,257.25,13.3
2024-01-02 13:30:00,5,1949.31,27.49,80.2,36.48,131.61,201.57,233.15,13.43
2024-01-02 14:30:00,5,1976.01,26.6,87.05,41.13,139.24,201.53,234.58,14.69
2024-01-02 15:30:00,5,2830.51,41.57,105.56,25.39,127.79,251.82,299.73,24.83
2024-01-02 16:30:00,5,4379.27,79.57,122.01,6.79,104.9,333.11,406.97,35.46
2024-01-02 17:30:00,5,5767.82,126.96,127.49,0.57,97.27,394.57,491.62,40.53
2024-01-02 18:30:00,5,6835.94,159.14,128.87,0,105.86,454.24,574.45,52.18
2024-01-02 19:30:00,5,7476.81,159.14,126.12,0,110.63,509.23,651.7,61.81
2024-01-02 20:30:00,5,7476.81,139.47,117.9,0,107.77,538.1,691.69,64.85
2024-01-02 21:30:00,5,7156.37,119.81,109.67,0,103,546.88,700.47,63.84
2024-01-02 22:30:00,5,6782.53,104.61,100.08,0,100.14,546.32,696.2,63.33
2024-01-02 23:30:00,5,5981.45,86.72,90.48,0,87.74,499.2,632.33,54.21
2024-01-03 00:30:00,5,4806.52,65.27,79.51,0,66.76,421.07,527.22,38
2024-01-03 01:30:00,5,4058.84,49.17,71.29,0,53.41,382.69,473.97,27.87
2024-01-03 02:30:00,5,3685,41.57,65.8,0,45.78,368.24,448.33,22.04
2024-01-03 03:30:00,5,3417.97,38,61.01,0,41.01,359.97,417.57,18.75
2024-01-03 04:30:00,5,3311.16,36.66,58.26,0,40.53,353.95,394.23,17.73
2024-01-03 05:30:00,5,3417.97,41.57,56.89,0,45.3,361.36,389,19
2024-01-03 06:30:00,5,4005.43,61.69,58.95,0,58.17,398.63,425.33,25.33
2024-01-03 07:30:00,5,5500.79,109.08,63.75,0,78.2,491.49,530.84,36.48
2024-01-03 08:30:00,5,6942.75,162.72,69.92,0.01,92.51,569.24,617.49,41.04
2024-01-03 09:30:00,5,6195.07,144.84,76.09,0.13,118.26,520.89,565.53,32.42
2024-01-03 10:30:00,5,6248.47,150.2,82.94,0.89,135.42,533.52,593.66,29.39
2024-01-03 11:30:00,5,5981.45,141.26,94.59,2.68,154.5,529.06,594.44,26.6
2024-01-03 12:30:00,5,3952.03,98.35,124.75,8.4,247.96,445.92,490.03,10.64
2024-01-03 13:30:00,5,3417.97,87.62,139.83,12.52,274.66,441.05,482.12,5.51
2024-01-03 14:30:00,5,3631.59,84.94,154.91,13.05,297.55,471.27,516.71,6.65
2024-01-03 15:30:00,5,4432.68,93.88,157.65,11.09,244.14,510.96,571.7,16.97
2024-01-03 16:30:00,5,5661.01,118.02,156.28,3.58,162.12,561.74,647.92,27.61
2024-01-03 17:30:00,5,6675.72,151.99,149.43,0.4,120.16,582.39,689.82,32.42
2024-01-03 18:30:00,5,7476.81,171.66,142.57,0,106.81,602.3,730.07,40.53
2024-01-03 19:30:00,5,7690.43,157.36,128.87,0,91.55,619.13,763.49,41.54
2024-01-03 20:30:00,5,7370,128.75,108.3,0,74.39,610,761.67,35.46
2024-01-03 21:30:00,5,6942.75,108.18,91.85,0,64.85,590.02,737.89,30.65
2024-01-03 22:30:00,5,6568.91,100.14,80.88,0,65.8,578.21,724.22,31.16
2024-01-03 23:30:00,5,5874.63,93.88,74.03,0,63.9,532.24,667.09,28.12
2024-01-04 00:30:00,5,4859.92,80.47,68.55,0,53.41,459.81,572.34,20.77
2024-01-04 01:30:00,5,4165.65,65.27,63.06,0,41.96,418.29,510.35,15.07
2024-01-04 02:30:00,5,3631.59,52.75,57.58,0,33.38,391,457.85,11.27
2024-01-04 03:30:00,5,3177.64,42.02,52.09,0,28.61,368.26,414.52,9.75
2024-01-04 04:30:00,5,2964.02,37.1,48.67,0,29.8,358.32,392.91,10.51
2024-01-04 05:30:00,5,3044.13,41.13,47.98,0,36.24,369.35,400.25,13.17
2024-01-04 06:30:00,5,3631.59,59.01,50.04,0,50.07,411.82,450.72,20.77
2024-01-04 07:30:00,5,4859.92,100.14,53.47,0,65.8,489.29,555.27,30.15
2024-01-04 08:30:00,5,5607.6,130.53,58.95,0.1,73.43,513.97,596.78,31.41
2024-01-04 09:30:00,5,4966.74,103.71,70.6,1.81,82.97,457.47,531.07,26.85
2024-01-04 10:30:00,5,4753.11,84.94,84.31,7.87,94.41,440.1,513.74,27.87
2024-01-04 11:30:00,5,4219.06,56.33,95.96,23.6,103,414.53,481.66,28.12
2024-01-04 12:30:00,5,2109.53,17.43,71.29,63.66,108.72,288.19,322.23,5.57
2024-01-04 13:30:00,5,1708.98,11.06,66.49,77.25,104.9,261.79,289.96,1.61
2024-01-04 14:30:00,5,1789.09,10.17,81.57,72.96,123.98,272.09,302.26,2.6
2024-01-04 15:30:00,5,2857.21,24.36,120.64,33.62,129.7,332.97,380.38,16.47
2024-01-04 16:30:00,5,4486.08,64.37,143.95,6.44,117.3,424.83,498.17,33.94
2024-01-04 17:30:00,5,5928.04,111.76,153.54,0.55,105.86,495.34,590.9,45.09
2024-01-04 18:30:00,5,7049.56,141.26,161.77,0,105.86,564.48,682.3,55.22
2024-01-04 19:30:00,5,7583.62,134.11,160.4,0,98.23,619.85,759.01,51.68
2024-01-04 20:30:00,5,7370,108.18,148.06,0,81.06,629.35,779.61,40.02
2024-01-04 21:30:00,5,6942.75,89.41,126.12,0,64.85,611.02,761.26,31.66
2024-01-04 22:30:00,5,6462.1,82.25,104.19,0,56.27,587.98,732.6,28.12
2024-01-04 23:30:00,5,5714.42,73.31,85.68,0,45.3,534.57,660.52,21.28
2024-01-05 00:30:00,5,4539.49,54.54,72.66,0,33.38,452.65,549.74,14.31
2024-01-05 01:30:00,5,3845.21,38,66.49,0,29.8,416.85,496.25,12.79
2024-01-05 02:30:00,5,3524.78,28.39,62.38,0,28.85,411.44,480.55,12.16
2024-01-05 03:30:00,5,3311.16,23.25,58.26,0,28.61,413.46,467.5,11.78
2024-01-05 04:30:00,5,3204.35,22.35,53.47,0,28.37,416.33,455.3,11.4
2024-01-05 05:30:00,5,3231.05,27.27,50.72,0,30.04,425.47,455.95,11.53
2024-01-05 06:30:00,5,3738.4,45.15,51.41,0,41.01,460.56,493.79,15.58
2024-01-05 07:30:00,5,5020.14,86.72,56.21,0,60.08,535.95,592.01,25.33
2024-01-05 08:30:00,5,5981.45,121.59,65.8,0.04,75.34,577.43,653.57,31.16
2024-01-05 09:30:00,5,4913.33,78.68,90.48,0.92,100.14,497.35,563.41,27.61
2024-01-05 10:30:00,5,4699.71,68.84,100.08,3.8,127.79,491.21,559.26,28.37
2024-01-05 11:30:00,5,4753.11,69.74,109.67,8.4,152.59,502.61,574.45,30.4
2024-01-05 12:30:00,5,2349.85,32.63,95.96,18.6,186.92,320.22,359.74,3.86
2024-01-05 13:30:00,5,1895.9,27.94,100.08,14.31,196.46,269.09,301.7,0.89
2024-01-05 14:30:00,5,1922.61,32.19,120.64,7.51,225.07,268.85,301,1.76
2024-01-05 15:30:00,5,2136.23,43.81,132.98,3.8,244.14,280.25,315.23,4.81
2024-01-05 16:30:00,5,2643.59,62.58,134.35,1.7,240.33,314.81,358.32,11.15
2024-01-05 17:30:00,5,3204.35,71.53,130.24,0.3,205.99,340.14,393.5,17.23
2024-01-05 18:30:00,5,3898.62,76.89,127.49,0,150.68,365.77,432.47,26.6
2024-01-05 19:30:00,5,4432.68,72.42,119.27,0,97.27,394,473.45,30.91
2024-01-05 20:30:00,5,4219.06,52.75,100.08,0,63.9,394.02,476.03,24.32
2024-01-05 21:30:00,5,4005.43,41.13,82.25,0,48.64,398.48,481.29,18.49
2024-01-05 22:30:00,5,4219.06,42.92,72.66,0,45.3,428.96,518.25,17.99
2024-01-05 23:30:00,5,4165.65,43.36,67.17,0,39.1,435.3,524.53,14.82
2024-01-06 00:30:00,5,3685,35.76,61.69,0,29.8,408.65,485.72,9.75
2024-01-06 01:30:00,5,3231.05,24.59,55.52,0,23.37,385.55,450.49,7.6
2024-01-06 02:30:00,5,2964.02,18.78,50.04,0.01,21.46,371.39,426.53,7.41
2024-01-06 03:30:00,5,2750.4,15.65,43.87,0.03,20.74,359.04,403.4,7.35
2024-01-06 04:30:00,5,2590.18,14.08,39.07,0.04,20.27,344.57,377.22,6.97
2024-01-06 05:30:00,5,2536.77,15.65,37.01,0.03,21.22,337.96,365.93,7.16
2024-01-06 06:30:00,5,2777.1,24.14,37.7,0.01,26.23,345.87,376.17,10.01
2024-01-06 07:30:00,5,3524.78,47.39,41.13,0,37.19,382.68,430.73,16.21
2024-01-06 08:30:00,5,4165.65,70.63,46.61,0.06,47.21,406.78,469.81,20.52
2024-01-06 09:30:00,5,4539.49,81.36,54.15,0.55,58.65,425.06,497.52,23.31
2024-01-06 10:30:00,5,4806.52,80.47,64.43,2.15,71.53,442.36,520.5,26.09
2024-01-06 11:30:00,5,4432.68,59.9,76.77,6.97,82.02,417.28,491.72,27.11
2024-01-06 12:30:00,5,1789.09,14.98,69.23,37.91,127.79,215.45,245.58,7.6
2024-01-06 13:30:00,5,1375.2,12.52,61.69,51.5,123.98,180.18,203.15,4.12
2024-01-06 14:30:00,5,1335.14,13.41,64.43,54.36,131.61,175.07,197.62,4.18
2024-01-06 15:30:00,5,2056.12,25.48,85,32.19,125.89,214.76,248.56,14.19
2024-01-06 16:30:00,5,3417.97,56.77,105.56,7.96,115.39,292.03,345.94,29.64
2024-01-06 17:30:00,5,4753.11,99.24,112.41,0.66,119.21,359.2,434.12,44.08
2024-01-06 18:30:00,5,5821.23,125.17,115.16,0.01,123.98,420.9,516.28,57.76
2024-01-06 19:30:00,5,6248.47,119.81,113.79,0,102.04,469.36,580.5,55.22
2024-01-06 20:30:00,5,5874.63,93.88,104.19,0,70.57,473.95,584.04,38.5
2024-01-06 21:30:00,5,5020.14,68.84,87.74,0,47.21,437.36,533.39,23.56
2024-01-06 22:30:00,5,4272.46,52.75,72.66,0,36.72,386.57,468.58,17.23
2024-01-06 23:30:00,5,3471.37,38.89,63.06,0,27.42,322.23,387.46,11.65
2024-01-07 00:30:00,5,2670.29,23.92,55.52,0,19.07,258.99,306.08,7.09
2024-01-07 01:30:00,5,2243.04,15.65,49.35,0.02,16.93,231.88,270.14,6.14
2024-01-07 02:30:00,5,2029.42,11.51,44.55,0.06,17.17,224.97,259.53,6.21
2024-01-07 03:30:00,5,1949.31,10.06,40.44,0.1,17.64,225.9,258.55,6.52
2024-01-07 04:30:00,5,1922.61,10.95,37.36,0.06,18.12,230.11,260.12,6.71
2024-01-07 05:30:00,5,2029.42,14.98,35.3,0.01,19.55,239.9,266.77,7.35
2024-01-07 06:30:00,5,2429.96,28.16,34.96,0,25.27,270.96,299.35,10.39
2024-01-07 07:30:00,5,3364.56,58.11,36.33,0,34.81,334.67,378.65,15.07
2024-01-07 08:30:00,5,4272.46,92.09,38.39,0.2,41.01,388.86,445.89,16.47
2024-01-07 09:30:00,5,4806.52,111.76,41.47,1.52,46.25,424.98,490.01,16.47
2024-01-07 10:30:00,5,5287.17,116.23,54.15,4.56,55.31,467.62,540.21,20.77
2024-01-07 11:30:00,5,5714.42,100.14,90.48,12.87,68.66,516.96,595.24,26.85
2024-01-07 12:30:00,5,2403.26,22.8,94.59,64.37,164.03,314.53,345.51,8.74
2024-01-07 13:30:00,5,1922.61,19.89,97.33,69.38,200.27,289.28,315.96,3.01
2024-01-07 14:30:00,5,1922.61,23.47,117.9,59.37,251.77,297.29,324.89,1.85
2024-01-07 15:30:00,5,2376.56,33.53,142.57,34.33,259.4,328.6,363.86,7.22
2024-01-07 16:30:00,5,3364.56,58.11,171.36,10.1,234.6,386.02,435.79,19
2024-01-07 17:30:00,5,4325.87,89.41,194.67,1.07,217.44,440.03,502.01,29.64
2024-01-07 18:30:00,5,5340.58,118.02,205.64,0,213.62,504.21,582.05,45.09
2024-01-07 19:30:00,5,6301.88,126.96,211.12,0,196.46,590.01,691.2,59.78
2024-01-07 20:30:00,5,6675.72,105.5,219.35,0,160.22,636.99,755.89,63.33
2024-01-07 21:30:00,5,6248.47,73.31,208.38,0,113.49,611.1,728.09,54.21
2024-01-07 22:30:00,5,5714.42,59.01,180.96,0,78.2,573.39,681.94,41.54
2024-01-07 23:30:00,5,5073.55,51.86,148.06,0,54.36,529.5,625.01,28.88
2024-01-08 00:30:00,5,4112.24,38,116.53,0,38.15,461.59,537.54,19.25
2024-01-08 01:30:00,5,3578.19,27.72,91.85,0,35.29,430.5,496.17,17.73
2024-01-08 02:30:00,5,3284.45,21.01,75.4,0.01,33.38,413.56,475.41,16.21
2024-01-08 03:30:00,5,3044.13,16.99,63.06,0.03,31.95,393.43,451.43,15.45
2024-01-08 04:30:00,5,2857.21,15.42,56.89,0.04,30.99,376.7,426.66,15.07
2024-01-08 05:30:00,5,2830.51,18.33,55.52,0.02,31.47,373.48,412.61,14.57
2024-01-08 06:30:00,5,3364.56,34.87,57.58,0,39.1,411.59,450.63,18.75
2024-01-08 07:30:00,5,5020.14,84.94,63.75,0,59.13,523.81,580.98,31.66
2024-01-08 08:30:00,5,7156.37,157.36,71.97,0.06,82.02,656.23,731.57,44.58
2024-01-08 09:30:00,5,8758.54,203.85,78.83,0.51,98.23,761.85,852.12,48.64
2024-01-08 10:30:00,5,8972.17,196.7,90.48,2.75,100.14,783.63,885.08,40.53
2024-01-08 11:30:00,5,8117.68,137.69,128.87,12.52,99.18,736.51,835.15,35.46
2024-01-08 12:30:00,5,2937.32,54.09,120.64,35.05,247.96,366.35,405.58,6.21
2024-01-08 13:30:00,5,2162.93,45.6,123.38,40.77,259.4,304.01,334.5,1.6
2024-01-08 14:30:00,5,1949.31,37.55,130.24,43.99,247.96,283.7,311.65,1.74
2024-01-08 15:30:00,5,2563.48,48.28,148.06,27.54,223.16,320.46,358.42,12.03
2024-01-08 16:30:00,5,4058.84,86.72,172.73,7.69,230.79,398.98,458.42,33.94
2024-01-08 17:30:00,5,5607.6,139.47,194.67,0.78,259.4,478.27,557.8,59.28
2024-01-08 18:30:00,5,7370,191.33,219.35,0,305.18,576.04,680.74,92.21
2024-01-08 19:30:00,5,8972.17,218.15,230.31,0,335.69,696.32,828.05,128.69
2024-01-08 20:30:00,5,9506.23,216.36,224.83,0,331.88,785.2,935.57,149.97
2024-01-08 21:30:00,5,9185.79,185.97,205.64,0,293.73,796.77,947.12,151.99
2024-01-08 22:30:00,5,9719.85,187.75,202.89,0,293.73,867.94,1033.26,162.12
2024-01-08 23:30:00,5,10787.96,216.36,219.35,0,301.36,983.08,1176.55,162.12
2024-01-09 00:30:00,5,10787.96,212.79,222.09,0,267.03,1010.57,1222.76,135.78
2024-01-09 01:30:00,5,9826.66,180.6,202.89,0,225.07,955.89,1166.16,112.47
2024-01-09 02:30:00,5,8331.3,141.26,172.73,0,192.64,854.35,1040.23,97.27
2024-01-09 03:30:00,5,6301.88,99.24,123.38,0,118.26,696.89,822.77,57.25
2024-01-09 04:30:00,5,4592.9,68.84,85.68,0,68.66,555.94,644.34,29.39
2024-01-09 05:30:00,5,3738.4,58.11,68.55,0,51.02,480.94,545.94,18.75
2024-01-10 06:30:00,5,1388.55,0.07,35.64,36.84,29.09,210.58,225.85,6.52
2024-01-10 07:30:00,5,1735.69,0.96,52.78,18.78,36.72,230.04,252.56,9.63
2024-01-10 08:30:00,5,2002.72,7.1,60.32,8.85,42.44,237.95,265.17,11.53
2024-01-10 09:30:00,5,2056.12,17.88,50.04,20.38,48.16,228.68,258.02,12.67
2024-01-10 10:30:00,5,1949.31,19.89,44.55,35.05,53.88,213.41,242.99,13.55
2024-01-10 11:30:00,5,1735.69,16.32,42.5,53.64,57.7,195.71,222.02,13.68
2024-01-10 12:30:00,5,1401.9,10.73,38.04,80.82,55.79,161.51,181.89,11.65
2024-01-10 13:30:00,5,1161.58,7.82,32.56,92.98,49.11,131.17,148.12,10.13
2024-01-10 14:30:00,5,1081.47,5.92,31.19,103,48.16,130.36,145.93,9.5
2024-01-10 15:30:00,5,1148.22,4.86,35.99,105.86,48.64,146.45,163.1,10.39
2024-01-10 16:30:00,5,1415.25,3.8,50.72,92.98,50.07,177.17,197.25,13.05
2024-01-10 17:30:00,5,1682.28,0.92,67.17,71.53,47.21,203.44,226.59,14.19
2024-01-10 18:30:00,5,1922.61,0,72.66,58.65,45.78,230.93,257.95,14.69
2024-01-10 19:30:00,5,2029.42,0,65.8,64.37,44.35,257.05,288.15,14.06
2024-01-10 20:30:00,5,2002.72,0,54.84,74.39,40.53,276.45,308.59,11.78
2024-01-10 21:30:00,5,2002.72,0,49.35,75.82,37.67,296.89,329.53,10.01
2024-01-10 22:30:00,5,2136.23,0,50.72,67.95,35.29,319.37,354.45,9.25
2024-01-10 23:30:00,5,2082.82,0,50.04,62.23,31.47,323.16,355.07,7.03
2024-01-11 00:30:00,5,1815.8,0,43.18,60.8,26.23,309.84,334.98,4.5
2024-01-11 01:30:00,5,1642.23,0,37.01,58.65,25.03,300.38,322.16,4.02
2024-01-11 02:30:00,5,1562.12,0,34.27,55.07,24.8,296.52,317.4,4.05
2024-01-11 03:30:00,5,1535.42,0,32.56,49.35,24.32,292.37,312.9,4.24
2024-01-11 04:30:00,5,1508.71,0.01,31.87,43.99,23.84,286.38,306.67,4.43
2024-01-11 05:30:00,5,1522.06,0.03,33.93,37.19,24.08,280.98,301.04,4.88
2024-01-11 06:30:00,5,1735.69,0.44,43.87,23.6,28.13,289.4,310.1,6.9
2024-01-11 07:30:00,5,2323.15,7.6,60.32,4.16,36.72,320.55,349.45,11.53
2024-01-11 08:30:00,5,2883.91,26.15,63.75,0.2,44.35,346.89,381.9,15.58
2024-01-11 09:30:00,5,3150.94,35.32,65.8,0.6,53.88,359.84,400.15,18.49
2024-01-11 10:30:00,5,3177.64,36.21,65.8,3.13,63.9,362.05,409.56,19.25
2024-01-11 11:30:00,5,2990.72,32.19,65.12,7.87,75.34,346.2,394.22,19.25
2024-01-11 12:30:00,5,2056.12,13.63,54.84,55.79,80.11,259.71,292.31,12.54
2024-01-11 13:30:00,5,1655.58,8.16,45.24,83.68,69.62,215.02,241.66,10.77
2024-01-11 14:30:00,5,1508.71,6.59,41.81,100.14,66.76,198.1,222.88,10.51
2024-01-11 15:30:00,5,1695.63,7.04,50.72,95.84,62.94,204.4,232.58,13.17
2024-01-11 16:30:00,5,2136.23,7.6,74.71,66.52,59.13,225.05,259.89,15.96
2024-01-11 17:30:00,5,2536.77,4.75,105.56,24.68,54.36,235.74,275.62,15.96
2024-01-11 18:30:00,5,2883.91,7.71,115.16,2.62,52.45,249.45,295.33,16.21
2024-01-11 19:30:00,5,3070.83,10.95,104.19,0.95,50.07,269.12,323.32,15.96
2024-01-11 20:30:00,5,3044.13,8.49,91.85,1.56,44.35,280.9,339.23,14.82
2024-01-11 21:30:00,5,2990.72,6.59,83.63,2.17,39.58,287.24,346.47,13.68
2024-01-11 22:30:00,5,3017.43,7.93,79.51,1.45,36.72,292.52,353.12,12.79
2024-01-11 23:30:00,5,2803.8,7.93,74.03,1.25,30.52,273.54,328.59,9.88
2024-01-12 00:30:00,5,2269.74,4.25,65.12,3,23.13,233.89,276.44,6.4
2024-01-12 01:30:00,5,1895.9,1.41,54.15,7.51,20.98,208.03,241.42,5.64
2024-01-12 02:30:00,5,1682.28,0.66,46.61,11.18,20.74,194.58,222.29,5.45
2024-01-12 03:30:00,5,1575.47,0.52,42.84,12.52,20.98,185.96,208.05,5.38
2024-01-12 04:30:00,5,1508.71,0.61,41.47,11.98,21.22,177.22,196.47,5.32
2024-01-12 05:30:00,5,1522.06,1.2,43.53,8.94,21.93,171.56,188.85,5.57
2024-01-12 06:30:00,5,1762.39,6.26,49.35,3.22,26.23,179.89,200.15,7.85
2024-01-12 07:30:00,5,2483.37,28.16,52.78,0.05,35.29,216.73,248.26,13.17
2024-01-12 08:30:00,5,3204.35,56.77,56.21,0.18,43.87,250.31,291.73,18.49
2024-01-12 09:30:00,5,3578.19,71.53,58.26,1.43,51.5,267.01,316.03,21.79
2024-01-12 10:30:00,5,3471.37,66.16,58.95,6.88,56.74,265.01,320.6,20.77
2024-01-12 11:30:00,5,2990.72,46.49,63.75,22.35,63.9,245.3,295.54,17.99
2024-01-12 12:30:00,5,1789.09,17.43,54.84,66.52,79.15,192.19,221.57,9.75
2024-01-12 13:30:00,5,1575.47,11.73,52.09,87.26,80.11,191.8,217.75,9.37
2024-01-12 14:30:00,5,1575.47,9.95,54.84,98.71,85.83,202.42,228.76,10.51
2024-01-12 15:30:00,5,2162.93,14.19,76.77,78.68,78.2,240.17,276.38,16.97
2024-01-12 16:30:00,5,3311.16,29.95,115.16,30.76,67.71,301.97,356.17,27.36
2024-01-12 17:30:00,5,4379.27,66.16,132.98,3.08,63.9,350.34,418.88,31.16
2024-01-12 18:30:00,5,5447.39,102.82,130.24,0.02,69.62,411.19,497.37,36.48
2024-01-12 19:30:00,5,6088.26,109.08,120.64,0,76.29,481.85,590.33,42.56
2024-01-12 20:30:00,5,6301.88,99.24,109.67,0,77.25,532.72,657.93,45.09
2024-01-12 21:30:00,5,6355.29,91.2,101.45,0,77.25,567.8,704.21,46.61
2024-01-12 22:30:00,5,6355.29,87.62,97.33,0,78.2,586.52,728.61,49.14
2024-01-12 23:30:00,5,5874.63,78.68,94.59,0,72.48,556.88,687.88,44.58
2024-01-13 00:30:00,5,4806.52,58.11,89.11,0,55.31,484.27,588.32,30.4
2024-01-13 01:30:00,5,3898.62,36.21,79.51,0,37.19,426.39,505.27,18.49
2024-01-13 02:30:00,5,3284.45,24.14,69.23,0,27.66,389.32,450.41,13.05
2024-01-13 03:30:00,5,2857.21,18.1,59.63,0,23.37,364.39,405.98,11.78
2024-01-13 04:30:00,5,2643.59,16.32,53.47,0.01,22.65,350.98,382.14,11.78
2024-01-13 05:30:00,5,2643.59,19,50.72,0,24.08,354.1,379.28,11.78
2024-01-13 06:30:00,5,3017.43,30.4,52.09,0,30.28,367.09,392.82,14.19
2024-01-13 07:30:00,5,3952.03,58.11,58.26,0,41.96,416.32,454.74,20.01
2024-01-13 08:30:00,5,4699.71,84.94,67.17,0.05,51.02,453.85,503.85,23.05
2024-01-13 09:30:00,5,4753.11,80.47,80.88,0.15,61.04,455.69,507.62,22.29
2024-01-13 10:30:00,5,5233.76,95.67,86.37,0.23,71.53,490.28,553.04,22.55
2024-01-13 11:30:00,5,5500.79,103.71,93.22,0.28,82.97,499.52,567.42,21.03
2024-01-13 12:30:00,5,3524.78,46.49,112.41,13.05,122.07,383.48,429.64,11.4
2024-01-13 13:30:00,5,2803.8,25.26,117.9,19.67,120.16,332.24,371.68,10.01
2024-01-13 14:30:00,5,2643.59,21.23,124.75,22.17,131.61,310.26,348.28,12.16
2024-01-13 15:30:00,5,3177.64,38,128.87,38.98,156.4,340.95,387.78,21.79
2024-01-13 16:30:00,5,4325.87,52.75,171.36,18.06,186.92,410.77,474.77,39.52
2024-01-13 17:30:00,5,5554.2,86.72,200.15,2.17,213.62,476.61,559.19,58.77
2024-01-13 18:30:00,5,6835.94,119.81,213.86,0.01,236.51,555.57,660.37,81.06
2024-01-13 19:30:00,5,7583.62,128.75,208.38,0,244.14,630.86,760.7,105.38
2024-01-13 20:30:00,5,7690.43,118.02,191.93,0,228.88,670.39,818.77,119.57
2024-01-13 21:30:00,5,7263.18,101.03,161.77,0,141.14,669.75,821.85,73.97
2024-01-13 22:30:00,5,6782.53,84.94,131.61,0,93.46,645.57,794.06,49.65
2024-01-13 23:30:00,5,5714.42,65.27,106.93,0,70.57,573.42,707.09,38.5
2024-01-14 00:30:00,5,4592.9,46.49,90.48,0,53.88,491.61,602.94,28.12
2024-01-14 01:30:00,5,3791.81,32.63,80.2,0,47.21,443.1,537.54,24.07
2024-01-14 02:30:00,5,3257.75,23.25,73.34,0,42.44,413.15,493.42,21.79
2024-01-14 03:30:00,5,2883.91,17.88,69.23,0.01,37.19,392.61,457.69,18.49
2024-01-14 04:30:00,5,2750.4,16.54,67.17,0.02,32.9,384.94,430.46,14.06
2024-01-14 05:30:00,5,2803.8,19.89,67.86,0.01,31.47,390.57,424.02,11.4
2024-01-14 06:30:00,5,3204.35,32.63,68.55,0,34.33,398.61,429.15,12.79
2024-01-14 07:30:00,5,4112.24,61.69,71.29,0,44.82,432.35,472.85,18.75
2024-01-14 08:30:00,5,4913.33,89.41,75.4,0.07,51.98,450.56,498.53,22.04
2024-01-14 09:30:00,5,4486.08,74.21,80.2,1.59,60.08,408.67,454.13,19.51
2024-01-14 10:30:00,5,4539.49,67.95,82.94,7.69,63.9,407.79,462.65,19.76
2024-01-14 11:30:00,5,4379.27,50.96,93.22,23.96,64.85,403.6,463.12,17.99
2024-01-14 12:30:00,5,2777.1,19.22,74.71,87.98,78.2,320.26,359.8,10.13
2024-01-14 13:30:00,5,2216.34,10.17,61.69,128.75,77.25,298.73,330.77,8.36
2024-01-14 14:30:00,5,1976.01,7.04,57.58,150.2,82.02,290.04,319,8.11
2024-01-14 15:30:00,5,2403.26,8.27,74.03,125.89,75.34,316.84,353.4,14.57
2024-01-14 16:30:00,5,3257.75,12.29,108.3,67.23,62.94,368.76,419.21,23.56
2024-01-14 17:30:00,5,4005.43,22.35,138.46,11.44,55.79,399.72,460.35,28.12
2024-01-14 18:30:00,5,4592.9,46.49,132.98,0.03,54.36,426.87,496.33,29.89
2024-01-14 19:30:00,5,4806.52,50.51,116.53,0,50.54,454.82,534.49,27.61
2024-01-14 20:30:00,5,4699.71,42.92,97.33,0,42.92,469.25,552.62,21.79
2024-01-14 21:30:00,5,4486.08,34.87,84.31,0,36.24,474.2,554.76,17.23
2024-01-14 22:30:00,5,4272.46,28.61,78.83,0.01,32.42,472.82,550.6,15.07
2024-01-14 23:30:00,5,3738.4,19.89,74.03,0.1,25.75,440.17,506.82,10.77
2024-01-15 00:30:00,5,3017.43,10.17,67.17,0.59,19.79,391.23,443.06,7.09
2024-01-15 01:30:00,5,2723.69,7.71,60.32,0.98,21.22,381.04,426.9,7.28
2024-01-15 02:30:00,5,2590.18,6.65,56.21,1.16,22.17,383.49,426.58,7.47
2024-01-15 03:30:00,5,2483.37,6.2,52.09,1.32,22.65,383.77,425.42,7.54
2024-01-15 04:30:00,5,2376.56,5.25,50.72,1.74,22.65,377.42,413.37,7.16
2024-01-15 05:30:00,5,2323.15,5.2,51.41,2.03,24.08,372.13,398.1,7.41
2024-01-15 06:30:00,5,2483.37,9.83,56.21,1.29,29.09,367.72,390.86,9.63
2024-01-15 07:30:00,5,3204.35,29.95,62.38,0.04,39.58,396.05,427.28,15.07
2024-01-15 08:30:00,5,3738.4,48.28,70.6,0.18,49.59,415.19,450.93,19
2024-01-15 09:30:00,5,3738.4,47.83,81.57,1.5,63.9,413.08,450.97,20.52
2024-01-15 10:30:00,5,3738.4,45.15,89.11,6.53,78.2,416.46,463.35,20.52
2024-01-15 11:30:00,5,3524.78,35.32,94.59,17.52,93.46,408.17,456.49,18.75
2024-01-15 12:30:00,5,2403.26,20.12,78.14,64.37,105.86,317.11,350.64,10.51
2024-01-15 13:30:00,5,2109.53,15.2,73.34,85.12,104.9,297.14,327.25,9.88
2024-01-15 14:30:00,5,2082.82,13.63,74.71,95.84,109.67,292.9,322.94,11.15
2024-01-15 15:30:00,5,2696.99,19.45,94.59,71.53,97.27,315.83,357.86,19.76
2024-01-15 16:30:00,5,3898.62,37.55,126.12,25.39,85.83,372.29,434.23,32.93
2024-01-15 17:30:00,5,5020.14,77.78,139.83,2.35,95.37,419.43,499.03,46.61
2024-01-15 18:30:00,5,6195.07,116.23,142.57,0.01,119.21,487.12,588.16,67.89
2024-01-15 19:30:00,5,7049.56,123.38,139.83,0,122.07,567.6,693.76,76
2024-01-15 20:30:00,5,7263.18,111.76,128.87,0,102.04,614.87,763.38,63.84
2024-01-15 21:30:00,5,7156.37,100.14,116.53,0,79.15,627.96,789.49,47.12
2024-01-15 22:30:00,5,6782.53,91.2,104.19,0,69.62,620.67,785.95,40.02
2024-01-15 23:30:00,5,5874.63,76.89,93.22,0,57.22,559.8,702.73,30.15
2024-01-16 00:30:00,5,4592.9,54.99,83.63,0,43.87,469.52,558.26,19
2024-01-16 01:30:00,5,3791.81,38.89,76.77,0,39.58,417.29,472.34,14.95
2024-01-16 02:30:00,5,3311.16,29.5,71.29,0,37.67,390.01,421.54,13.17
2024-01-16 03:30:00,5,3044.13,23.69,67.17,0,35.76,371.63,392.52,11.91
2024-01-16 04:30:00,5,2964.02,21.9,65.12,0.01,36.24,363.51,381.12,11.4
2024-01-16 05:30:00,5,3124.24,25.7,67.17,0.01,40.05,372.62,390.49,12.16
2024-01-16 06:30:00,5,3524.78,35.76,77.46,0.01,51.02,403.35,426.88,15.2
2024-01-16 07:30:00,5,4539.49,67.95,82.94,0,67.71,470.13,504.83,22.55
2024-01-16 08:30:00,5,5340.58,99.24,86.37,0.04,78.2,506.18,545.98,27.87
2024-01-16 09:30:00,5,6088.26,125.17,89.11,0.6,86.78,548.93,595.31,30.4
2024-01-16 10:30:00,5,7263.18,160.93,97.33,2.68,98.23,635.56,701.68,32.42
2024-01-16 11:30:00,5,8117.68,166.3,127.49,7.69,113.49,710.07,793.16,31.92
2024-01-16 12:30:00,5,6515.5,101.03,178.22,26.46,188.83,686.51,754.09,22.55
2024-01-16 13:30:00,5,6088.26,62.58,222.09,53.64,215.53,717.34,782.3,20.77
2024-01-16 14:30:00,5,5554.2,44.26,233.05,71.53,242.23,704.55,767.73,17.99
2024-01-16 15:30:00,5,5928.04,52.3,246.76,47.21,240.33,722.79,797.18,24.32
2024-01-16 16:30:00,5,7370,93.88,265.96,13.23,225.07,802.38,900.92,40.53
2024-01-16 17:30:00,5,8651.73,159.14,265.96,1.33,259.4,850.21,969.16,61.3
2024-01-16 18:30:00,5,9292.6,207.42,260.47,0.01,316.62,855.78,993.24,83.09
2024-01-16 19:30:00,5,9399.41,212.79,249.51,0,335.69,854.4,1012.21,97.27
2024-01-16 20:30:00,5,9292.6,196.7,233.05,0,301.36,860.02,1032.63,97.27
2024-01-16 21:30:00,5,8544.92,164.51,211.12,0,234.6,819.68,994.04,80.05
2024-01-16 22:30:00,5,7583.62,132.32,180.96,0,185.01,766.01,936.52,68.9
2024-01-16 23:30:00,5,6462.1,105.5,150.8,0,135.42,701.21,858.53,53.7
2024-01-17 00:30:00,5,5180.36,77.78,120.64,0,84.88,617.65,748.77,36.98
2024-01-17 01:30:00,5,4325.87,54.99,98.71,0,54.36,566.62,672.53,28.12
2024-01-17 02:30:00,5,3791.81,38,86.37,0,39.1,537.02,625.19,23.05
2024-01-17 03:30:00,5,3524.78,30.4,80.2,0,34.81,530.98,607.07,20.01
2024-01-17 04:30:00,5,3364.56,27.72,76.77,0,37.19,531.41,600.12,19.76
2024-01-17 05:30:00,5,3311.16,29.5,74.03,0,43.87,533.69,597.83,21.03
2024-01-17 06:30:00,5,3685,43.81,71.97,0,53.88,561.84,629.77,24.57
2024-01-17 07:30:00,5,4859.92,84.04,71.29,0,59.13,633.66,716.54,24.57
2024-01-17 08:30:00,5,5821.23,128.75,70.6,0.34,60.08,680.94,760.08,19.76
2024-01-17 09:30:00,5,5661.01,126.96,67.86,2.95,60.56,639.54,706.57,14.19
2024-01-17 10:30:00,5,5287.17,104.61,74.71,9.39,62.94,610.09,682.75,15.33
2024-01-17 11:30:00,5,4859.92,68.84,95.96,25.39,66.76,589.5,661.24,18.75
2024-01-17 12:30:00,5,1869.2,19.22,69.23,71.53,137.33,326.47,355.26,0.14
2024-01-17 13:30:00,5,1388.55,14.08,61.69,85.12,129.7,262.68,284.86,0.21
2024-01-17 14:30:00,5,1295.09,12.07,65.8,91.55,131.61,260.13,281.24,0.4
2024-01-17 15:30:00,5,2162.93,22.8,98.71,57.22,120.16,315.38,350.14,10.51
2024-01-17 16:30:00,5,3738.4,52.3,131.61,17.17,99.18,380.88,437.48,28.12
2024-01-17 17:30:00,5,5180.36,96.56,145.32,1.86,92.51,432.14,507.34,41.04
2024-01-17 18:30:00,5,6355.29,128.75,153.54,0.01,103.95,480.44,575.19,58.26
2024-01-17 19:30:00,5,6835.94,128.75,149.43,0,111.58,529.81,644.12,72.96
2024-01-17 20:30:00,5,6942.75,114.44,142.57,0,111.58,567.4,694.78,81.06
2024-01-17 21:30:00,5,6515.5,92.09,135.72,0,97.27,573.85,701.25,76
2024-01-17 22:30:00,5,6088.26,75.1,128.87,0,77.25,572.35,692.33,59.78
2024-01-17 23:30:00,5,5393.98,61.69,122.01,0,55.79,544.63,645.14,38.5
2024-01-18 00:30:00,5,4379.27,42.02,108.3,0,38.15,479.31,551.07,20.77
2024-01-18 01:30:00,5,3631.59,26.38,91.85,0.01,35.76,437.9,492.08,16.72
2024-01-18 02:30:00,5,3124.24,18.33,76.77,0.04,38.62,412.27,456.75,16.97
2024-01-18 03:30:00,5,2910.61,15.65,69.92,0.06,52.45,405.91,442.46,22.55
2024-01-18 04:30:00,5,2910.61,16.32,70.6,0.05,70.57,415.42,450.6,29.64
2024-01-18 05:30:00,5,3097.53,21.9,72.66,0.01,86.78,435.8,469.59,36.98
2024-01-18 06:30:00,5,3845.21,44.26,78.83,0,113.49,490.33,530.21,52.18
2024-01-18 07:30:00,5,5554.2,97.45,89.11,0,154.5,598.6,657.1,83.09
2024-01-18 08:30:00,5,7156.37,157.36,98.71,0.02,183.11,690.92,758.31,103.35
2024-01-18 09:30:00,5,6942.75,157.36,100.08,0.28,139.24,654.04,709.55,55.73
2024-01-18 10:30:00,5,7797.24,187.75,104.19,1.39,131.61,712.9,783.52,42.05
2024-01-18 11:30:00,5,8544.92,205.64,120.64,3.53,137.33,770.65,852.61,32.93
2024-01-18 12:30:00,5,5020.14,135.9,148.06,9.83,270.84,584.35,636.33,13.05
2024-01-18 13:30:00,5,4325.87,113.55,168.62,14.31,297.55,562.28,609.11,8.99
2024-01-18 14:30:00,5,4325.87,101.03,189.19,16.09,308.99,562.7,609.85,8.04
2024-01-18 15:30:00,5,4859.92,113.55,194.67,13.77,278.47,584.76,642.46,15.45
2024-01-18 16:30:00,5,6088.26,150.2,200.15,5.23,242.23,646.49,723.7,32.42
2024-01-18 17:30:00,5,7263.18,193.12,200.15,0.75,244.14,692.82,786.77,53.7
2024-01-18 18:30:00,5,8865.36,243.19,216.6,0.01,286.1,789.22,910.19,84.1
2024-01-18 19:30:00,5,10787.96,286.1,241.28,0,335.69,970.45,1130.67,113.49
2024-01-18 20:30:00,5,11962.89,286.1,265.96,0,335.69,1136.76,1336.18,118.55
2024-01-18 21:30:00,5,12069.7,257.49,265.96,0,263.21,1194.3,1416.02,93.22
2024-01-18 22:30:00,5,11535.64,223.52,241.28,0,181.2,1173.56,1400.78,64.85
2024-01-18 23:30:00,5,10147.09,184.18,205.64,0,114.44,1054.94,1268.94,39.52
2024-01-19 00:30:00,5,8224.49,141.26,167.25,0,71.53,883.39,1061.83,23.56
2024-01-19 01:30:00,5,6729.13,106.39,134.35,0,57.22,763.06,889.08,21.53
2024-01-19 02:30:00,5,5661.01,82.25,108.3,0,55.31,685.45,768.46,23.05
2024-01-19 03:30:00,5,4806.52,62.58,87.74,0,55.31,611.21,655.83,23.31
2024-01-19 04:30:00,5,4379.27,52.75,76.09,0,53.88,579.84,608.81,19.76
2024-01-19 05:30:00,5,4325.87,52.3,71.97,0,55.79,580.22,606.2,17.73
2024-01-19 06:30:00,5,4486.08,59.9,74.03,0,64.85,602.92,635.06,21.03
2024-01-19 07:30:00,5,5233.76,89.41,80.2,0,77.25,654.69,699.89,27.87
2024-01-19 08:30:00,5,5821.23,119.81,87.74,0.02,80.11,667.24,716.65,28.88
2024-01-19 09:30:00,5,5981.45,135.9,91.85,0.1,75.34,658.27,706.32,24.83
2024-01-19 10:30:00,5,6568.91,159.14,91.85,0.51,76.29,689.91,748.31,22.8
2024-01-19 11:30:00,5,7370,185.97,94.59,1.07,85.83,730.88,801.07,21.28
2024-01-19 12:30:00,5,4379.27,107.29,119.27,5.63,188.83,596.65,646.68,0.05
2024-01-19 13:30:00,5,3791.81,100.14,127.49,10.55,204.09,533.08,582.65,0.08
2024-01-19 14:30:00,5,3631.59,101.92,149.43,13.77,236.51,531.82,582.15,0.14
2024-01-19 15:30:00,5,4432.68,132.32,171.36,9.75,247.96,615.74,677.27,1.65
2024-01-19 16:30:00,5,5981.45,193.12,180.96,3.08,221.25,730.68,812.96,13.68
2024-01-19 17:30:00,5,7476.81,253.92,183.7,0.46,223.16,809.54,908.38,30.4
2024-01-19 18:30:00,5,9078.98,303.98,189.19,0.01,255.58,891.6,1009.73,55.22
2024-01-19 19:30:00,5,10360.72,325.44,186.44,0,259.4,986.42,1128.5,78.02
2024-01-19 20:30:00,5,11108.4,321.87,172.73,0,228.88,1052.84,1211.4,88.16
2024-01-19 21:30:00,5,10894.78,293.25,152.17,0,177.38,1041.66,1201.76,80.05
2024-01-19 22:30:00,5,10360.72,264.64,132.98,0,135.42,1006.19,1166.03,66.88
2024-01-19 23:30:00,5,9613.04,243.19,119.27,0,100.14,945.22,1093.73,47.62
2024-01-20 00:30:00,5,8010.86,203.85,104.19,0,70.57,817.07,934.72,30.65
2024-01-20 01:30:00,5,6248.47,153.78,89.11,0,61.04,684.06,773.67,27.36
2024-01-20 02:30:00,5,4859.92,113.55,78.14,0,60.56,578.88,638.06,27.36
2024-01-20 03:30:00,5,4005.43,88.51,69.92,0,61.99,509.19,549.15,27.87
2024-01-20 04:30:00,5,3524.78,75.1,63.75,0,62.94,470.29,503.26,28.12
2024-01-20 05:30:00,5,3391.27,71.53,58.95,0,63.9,457.17,487.43,28.12
2024-01-20 06:30:00,5,3952.03,88.51,58.95,0,68.66,503.94,539.55,30.91
2024-01-20 07:30:00,5,5020.14,123.38,59.63,0,70.57,572.88,616.99,33.44
2024-01-20 08:30:00,5,5607.6,150.2,59.63,0.03,65.8,588.77,632.78,29.39
2024-01-20 09:30:00,5,4646.3,116.23,58.95,0.29,56.74,487.63,521.34,16.97
2024-01-20 10:30:00,5,4806.52,114.44,62.38,1.5,56.27,487.18,529.76,13.93
2024-01-20 11:30:00,5,5393.98,126.96,75.4,3.58,64.85,536.48,587.98,15.07
2024-01-20 12:30:00,5,2403.26,38.44,89.11,25.03,125.89,332.06,358.26,0.38
2024-01-20 13:30:00,5,2216.34,33.97,98.71,31.11,139.24,313.19,340.64,0.17
2024-01-20 14:30:00,5,2403.26,35.76,113.79,30.04,158.31,338.07,369.1,0.19
2024-01-20 15:30:00,5,3070.83,48.28,130.24,19.49,148.77,408.52,450.75,1.73
2024-01-20 16:30:00,5,4165.65,75.1,139.83,7.15,122.07,496.52,556.74,10.39
2024-01-20 17:30:00,5,5126.95,109.08,141.2,1.05,110.63,551.8,628.7,18.24
2024-01-20 18:30:00,5,6034.85,137.69,135.72,0.01,113.49,612.61,708.04,27.61
2024-01-20 19:30:00,5,6462.1,139.47,126.12,0,99.18,680.52,796.33,30.91
2024-01-20 20:30:00,5,6301.88,123.38,113.79,0,79.15,721.23,849.03,27.11
2024-01-20 21:30:00,5,5874.63,110.86,104.19,0,66.76,751,880.63,22.04
2024-01-20 22:30:00,5,5447.39,104.61,98.71,0,61.04,773.21,900.95,19.25
2024-01-20 23:30:00,5,4806.52,95.67,93.22,0,51.02,754.14,869.74,13.43
2024-01-21 00:30:00,5,3845.21,76.89,85,0,37.19,694.51,786.83,6.78
2024-01-21 01:30:00,5,3257.75,56.33,75.4,0,28.37,645.41,703.82,4.81
2024-01-21 02:30:00,5,2857.21,41.13,66.49,0,23.13,609.26,645.93,3.96
2024-01-21 03:30:00,5,2590.18,30.4,59.63,0,20.98,579.05,602.19,3.93
2024-01-21 04:30:00,5,2483.37,25.7,56.21,0,22.89,558.64,580.09,4.81
2024-01-21 05:30:00,5,2510.07,26.6,54.15,0,28.61,558.8,583.4,6.84
2024-01-21 06:30:00,5,2803.8,36.21,53.47,0,38.62,570.66,602.39,11.78
2024-01-21 07:30:00,5,3524.78,57.22,55.52,0,44.82,592.23,631.96,17.23
2024-01-21 08:30:00,5,3791.81,66.16,59.63,0.04,42.44,580.97,617.93,17.23
2024-01-21 09:30:00,5,3578.19,58.11,58.26,0.48,40.05,533.93,568.18,15.96
2024-01-21 10:30:00,5,3311.16,47.83,54.84,2.75,40.05,475.37,516.06,14.57
2024-01-21 11:30:00,5,2750.4,30.85,52.09,9.66,39.1,386.22,426.35,12.54
2024-01-21 12:30:00,5,1295.09,6.98,32.9,81.54,40.05,206.98,225.79,5.51
2024-01-21 13:30:00,5,988.01,4.64,25.7,101.57,37.19,168.1,184.17,3.86
2024-01-21 14:30:00,5,907.9,4.14,24.68,111.58,38.62,159.61,175.34,3.51
2024-01-21 15:30:00,5,1001.36,4.25,30.16,107.29,40.05,165.97,183.44,5.38
2024-01-21 16:30:00,5,1228.33,4.14,43.53,88.69,39.58,182.05,202.61,8.61
2024-01-21 17:30:00,5,1428.6,1.63,61.69,61.51,36.72,191.44,214.85,10.51
2024-01-21 18:30:00,5,1735.69,0.09,77.46,35.41,35.76,208.82,237.3,12.41
2024-01-21 19:30:00,5,2056.12,0.37,82.25,20.56,34.33,236.6,273.64,13.05
2024-01-21 20:30:00,5,2189.64,0.51,76.09,17.52,30.99,256.38,298.54,11.27
2024-01-21 21:30:00,5,2296.45,0.91,72.66,13.77,28.13,273.1,318.99,10.26
2024-01-21 22:30:00,5,2510.07,3.32,72.66,5.23,27.66,294.28,345.17,10.64
2024-01-21 23:30:00,5,2510.07,6.09,67.86,1.92,24.32,295.49,344.86,8.87
2024-01-22 00:30:00,5,2216.34,6.2,59.63,1.5,20.27,276.18,317.92,6.52
2024-01-22 01:30:00,5,2136.23,8.72,52.78,0.58,22.41,278.12,319.17,7.54
2024-01-22 02:30:00,5,2136.23,11.18,47.98,0.21,24.8,284.96,328.13,8.61
2024-01-22 03:30:00,5,2136.23,13.86,43.87,0.07,27.42,290.09,330.9,10.13
2024-01-22 04:30:00,5,2162.93,17.21,41.81,0.02,31.47,295.7,331.92,12.16
2024-01-22 05:30:00,5,2323.15,24.36,41.47,0,39.58,308.76,339.53,15.96
2024-01-22 06:30:00,5,2990.72,45.15,43.87,0,52.45,338.8,370.09,23.56
2024-01-22 07:30:00,5,4379.27,91.2,50.04,0,65.8,417.33,467.33,31.41
2024-01-22 08:30:00,5,5607.6,137.69,60.32,0.01,74.39,477.87,544.73,31.92
2024-01-22 09:30:00,5,3898.62,83.15,97.33,0.11,125.89,409.66,465.55,19
2024-01-22 10:30:00,5,3952.03,90.3,112.41,0.41,158.31,436.3,498.01,20.52
2024-01-22 11:30:00,5,4325.87,110.86,122.01,0.76,185.01,474.77,542.07,23.31
2024-01-22 12:30:00,5,3257.75,83.15,120.64,13.41,192.64,377.61,432.81,16.47
2024-01-22 13:30:00,5,2883.91,64.37,122.01,22.35,179.29,327.69,377.07,15.71
2024-01-22 14:30:00,5,2670.29,49.17,122.01,32.19,165.94,295.85,340.57,15.33
2024-01-22 15:30:00,5,2162.93,31.29,115.16,53.64,143.05,259.23,298.02,12.16
2024-01-22 16:30:00,5,2109.53,19.89,127.49,46.49,135.42,257.87,296.43,13.93
2024-01-22 17:30:00,5,2243.04,8.72,148.06,20.74,133.51,259.77,299.61,17.48
2024-01-22 18:30:00,5,4112.24,59.9,169.99,0.2,141.14,357.25,424.91,40.53
2024-01-22 19:30:00,5,7263.18,153.78,180.96,0,167.85,559.59,682.31,71.94
2024-01-22 20:30:00,5,9826.66,216.36,191.93,0,202.18,753.06,933.99,97.27
2024-01-22 21:30:00,5,10787.96,236.03,194.67,0,223.16,857.55,1084.69,114.5
2024-01-22 22:30:00,5,10467.53,221.73,186.44,0,200.27,870.66,1123.71,100.31
2024-01-22 23:30:00,5,9078.98,185.97,174.11,0,156.4,813.14,1062.41,70.93
2024-01-23 00:30:00,5,7476.81,150.2,159.03,0,114.44,717.59,935.13,45.6
2024-01-23 01:30:00,5,6355.29,119.81,146.69,0,100.14,656.36,840.31,40.53
2024-01-23 02:30:00,5,5554.2,98.35,135.72,0,95.37,605.82,754.21,40.53
2024-01-23 03:30:00,5,5126.95,87.62,126.12,0,93.46,580.71,701.98,40.02
2024-01-23 04:30:00,5,5020.14,84.04,116.53,0,75.34,578.88,677.5,30.65
2024-01-23 05:30:00,5,5073.55,87.62,106.93,0,57.7,585.97,656.65,20.77
2024-01-23 06:30:00,5,5500.79,103.71,100.08,0,55.79,621.73,680.13,20.77
2024-01-23 07:30:00,5,6835.94,148.42,97.33,0,68.66,708.28,768.07,28.37
2024-01-23 08:30:00,5,8010.86,198.48,94.59,0.03,75.34,755.73,816.16,31.41
2024-01-23 09:30:00,5,6568.91,160.93,84.31,0.35,72.48,628.78,680.07,26.85
2024-01-23 10:30:00,5,6355.29,155.57,81.57,1.81,73.43,599.67,664.71,27.36
2024-01-23 11:30:00,5,6782.53,159.14,94.59,4.43,84.88,626.24,706.17,27.61
2024-01-23 12:30:00,5,3952.03,67.06,115.16,23.25,129.7,427.76,480.52,17.73
2024-01-23 13:30:00,5,3204.35,41.57,115.16,36.84,131.61,370.89,420.16,15.58
2024-01-23 14:30:00,5,2750.4,28.61,106.93,47.92,123.98,334.4,381.34,15.07
2024-01-23 15:30:00,5,2857.21,23.25,112.41,47.21,106.81,331.52,381.49,19.25
2024-01-23 16:30:00,5,3791.81,33.53,141.2,20.38,105.86,389.37,452.61,29.39
2024-01-23 17:30:00,5,4966.74,65.27,160.4,2.48,120.16,459.31,538.27,41.04
2024-01-23 18:30:00,5,6622.31,107.29,172.73,0.02,152.59,587.87,692.56,61.3
2024-01-23 19:30:00,5,8010.86,128.75,169.99,0,171.66,728.25,867.85,81.06
2024-01-23 20:30:00,5,8331.3,119.81,159.03,0,164.03,805.36,976.16,88.16
2024-01-23 21:30:00,5,8117.68,103.71,145.32,0,144.96,860,1052.69,82.08
2024-01-23 22:30:00,5,7904.05,93.88,131.61,0,117.3,923.64,1123.55,64.85
2024-01-23 23:30:00,5,6942.75,77.78,115.16,0,83.92,937.75,1120.66,39.52
2024-01-24 00:30:00,5,5607.6,55.43,101.45,0,55.79,880.13,1029.27,20.01
2024-01-24 01:30:00,5,4753.11,39.34,90.48,0,46.73,822.12,945.59,14.95
2024-01-24 02:30:00,5,4272.46,29.95,81.57,0,43.39,774.78,880.85,13.68
2024-01-24 03:30:00,5,3898.62,23.92,72.66,0,40.05,722.41,815.62,12.79
2024-01-24 04:30:00,5,3631.59,21.01,63.75,0,36.24,672.17,752.51,11.4
2024-01-24 05:30:00,5,3578.19,24.36,58.95,0,34.81,634.03,704.35,11.15
2024-01-24 06:30:00,5,4005.43,41.57,56.21,0,41.01,632.93,703.57,15.33
2024-01-24 07:30:00,5,5287.17,84.94,56.89,0,55.31,679.95,757.29,24.57
2024-01-24 08:30:00,5,6568.91,132.32,60.32,0.12,64.85,711.04,794.4,29.89
2024-01-24 09:30:00,5,6942.75,141.26,67.17,1.31,71.53,696.66,776.24,29.13
2024-01-24 10:30:00,5,6835.94,121.59,80.88,5.45,77.25,676.2,763.23,27.87
2024-01-24 11:30:00,5,6355.29,84.04,108.3,18.42,83.92,654.78,743.71,27.61
2024-01-24 12:30:00,5,2910.61,18.1,87.74,84.4,115.39,359.81,407.33,14.57
2024-01-24 13:30:00,5,2189.64,11.06,71.29,110.15,103,282.64,328.77,12.54
2024-01-24 14:30:00,5,1949.31,8.27,67.86,120.16,100.14,252.66,300.89,12.29
2024-01-24 15:30:00,5,2670.29,11.85,95.96,87.26,96.32,296,355.86,20.77
2024-01-24 16:30:00,5,4058.84,25.48,142.57,32.19,89.65,388.83,467.43,32.93
2024-01-24 17:30:00,5,5340.58,59.9,161.77,3.4,83.92,457.61,550.76,41.54
2024-01-24 18:30:00,5,6408.69,97.45,157.65,0.03,84.88,526.08,634.83,47.12
2024-01-24 19:30:00,5,6942.75,102.82,142.57,0,81.06,588.86,716.46,45.6
2024-01-24 20:30:00,5,6835.94,89.41,122.01,0,70.57,610.73,749.16,37.49
2024-01-24 21:30:00,5,6568.91,77.78,102.82,0,61.04,608.46,750.85,31.41
2024-01-24 22:30:00,5,6355.29,72.42,91.85,0,56.74,598.53,745.7,29.13
2024-01-24 23:30:00,5,5607.6,62.58,85,0,47.68,540.58,678.43,23.05
2024-01-25 00:30:00,5,4432.68,44.7,76.77,0,36.24,451.62,568.4,15.45
2024-01-25 01:30:00,5,3685,30.4,68.55,0,32.9,401.4,495.48,13.3
2024-01-25 02:30:00,5,3231.05,22.58,61.01,0.01,31.95,382.64,447.04,12.67
2024-01-25 03:30:00,5,3017.43,18.55,54.84,0.02,32.42,378.14,421.81,12.79
2024-01-25 04:30:00,5,2964.02,16.76,53.47,0.05,35.29,384.8,419.39,13.68
2024-01-25 05:30:00,5,3097.53,17.88,58.26,0.09,41.48,401.93,435.01,15.96
2024-01-25 06:30:00,5,3524.78,25.26,71.97,0.09,53.88,434.64,473.89,22.04
2024-01-25 07:30:00,5,4539.49,55.88,82.94,0,70.57,497.79,553.34,30.91
2024-01-25 08:30:00,5,5073.55,80.47,91.85,0.08,81.06,519,583.52,32.93
2024-01-25 09:30:00,5,4913.33,77.78,105.56,0.6,98.23,496.77,565.49,29.89
2024-01-25 10:30:00,5,4966.74,85.83,113.79,2.3,117.3,498.91,577.88,27.36
2024-01-25 11:30:00,5,4966.74,86.72,124.75,5.28,141.14,500.76,583,26.6
2024-01-25 12:30:00,5,3845.21,58.11,130.24,31.47,165.94,422.67,494.68,22.04
2024-01-25 13:30:00,5,3578.19,42.92,146.69,43.99,177.38,419.6,489.99,22.04
2024-01-25 14:30:00,5,3845.21,41.13,168.62,47.92,198.36,453.21,526.86,24.83
2024-01-25 15:30:00,5,3685,29.95,168.62,51.5,185.01,440.99,513.48,22.04
2024-01-25 16:30:00,5,3791.81,20.56,174.11,33.62,162.12,440.48,515.53,23.56
2024-01-25 17:30:00,5,4005.43,16.32,180.96,9.48,141.14,441.95,520.26,26.09
2024-01-25 18:30:00,5,5073.55,49.62,171.36,0.14,112.53,501.68,600,33.94
2024-01-25 19:30:00,5,6729.13,92.98,154.91,0,92.51,609.68,743.84,39.52
2024-01-25 20:30:00,5,7476.81,105.5,135.72,0,80.11,680.03,840.26,37.49
2024-01-25 21:30:00,5,7583.62,99.24,116.53,0,71.53,696.68,867.73,33.94
2024-01-25 22:30:00,5,7370,93.88,98.71,0,65.8,694.99,866.03,30.15
2024-01-25 23:30:00,5,6835.94,89.41,87.05,0,56.27,663.99,822.57,22.04
2024-01-26 00:30:00,5,6195.07,82.25,80.88,0,46.25,619.81,753.59,13.68
2024-01-26 01:30:00,5,5874.63,76.89,78.14,0,43.87,608.25,726.08,11.65
2024-01-26 02:30:00,5,5714.42,76,76.77,0,44.35,612.02,718.73,11.15
2024-01-26 03:30:00,5,5661.01,77.78,76.09,0,46.73,628.58,725.98,11.15
2024-01-26 04:30:00,5,5714.42,84.04,75.4,0,47.68,649.76,727.89,11.27
2024-01-26 05:30:00,5,5874.63,92.98,74.03,0,48.64,679.7,741.82,12.41
2024-01-26 06:30:00,5,6462.1,114.44,73.34,0,56.27,726.27,782.92,18.24
2024-01-26 07:30:00,5,7904.05,166.3,73.34,0,73.43,820.7,886.66,29.89
2024-01-26 08:30:00,5,9506.23,232.46,75.4,0.01,87.74,914.83,993.49,39.01
2024-01-26 09:30:00,5,10147.09,261.07,78.83,0.27,95.37,947.77,1036.73,38.5
2024-01-26 10:30:00,5,10253.91,261.07,87.05,1.61,95.37,954.95,1056.83,31.92
2024-01-26 11:30:00,5,10253.91,232.46,124.75,5.81,98.23,970.69,1079.2,28.63
2024-01-26 12:30:00,5,5607.6,75.1,157.65,33.97,179.29,735.24,811.88,7.09
2024-01-26 13:30:00,5,4753.11,38.44,156.28,63.66,179.29,681.25,754.41,6.78
2024-01-26 14:30:00,5,4165.65,24.36,148.06,85.12,173.57,631.24,700.68,8.36
2024-01-26 15:30:00,5,4379.27,23.92,157.65,66.52,148.77,613.93,688.72,17.23
2024-01-26 16:30:00,5,5447.39,43.36,189.19,23.25,152.59,646.28,736.44,34.96
2024-01-26 17:30:00,5,6515.5,87.62,205.64,2.7,173.57,668.53,772.89,55.22
2024-01-26 18:30:00,5,7797.24,135.9,211.12,0.03,205.99,724.29,848.44,82.08
2024-01-26 19:30:00,5,8438.11,143.05,205.64,0,217.44,780.65,928.19,105.38
2024-01-26 20:30:00,5,8224.49,116.23,189.19,0,194.55,782.03,945.52,111.46
2024-01-26 21:30:00,5,7583.62,88.51,163.14,0,156.4,755.15,921.55,102.34
2024-01-26 22:30:00,5,6942.75,75.1,134.35,0,109.67,720.27,881.43,74.98
2024-01-26 23:30:00,5,5874.63,60.8,106.93,0,63.9,630.76,770.96,39.01
2024-01-27 00:30:00,5,4379.27,38.89,84.31,0,32.42,508.26,611.37,15.33
2024-01-27 01:30:00,5,3311.16,19,67.86,0.04,21.46,430.68,503.02,8.74
2024-01-27 02:30:00,5,2777.1,9.61,56.89,0.34,18.36,397.56,450.14,6.71
2024-01-27 03:30:00,5,2483.37,5.09,50.04,1.31,17.17,380.03,420.37,5.89
2024-01-27 04:30:00,5,2323.15,2.88,45.93,2.91,16.45,367.33,400.46,5.45
2024-01-27 05:30:00,5,2243.04,1.9,45.24,5.36,16.69,356.99,385.44,5.38
2024-01-27 06:30:00,5,2376.56,2.49,50.72,6.88,19.79,360.26,388.47,6.65
2024-01-27 07:30:00,5,2830.51,11.96,58.95,1.02,25.27,383.12,418.98,9.37
2024-01-27 08:30:00,5,3044.13,22.8,61.01,2.46,27.18,382.94,421.09,10.13
2024-01-27 09:30:00,5,2803.8,22.35,56.21,16.45,28.37,353.67,388.53,10.64
2024-01-27 10:30:00,5,2590.18,19,50.72,37.19,31.95,333.33,366.78,13.55
2024-01-27 11:30:00,5,2269.74,11.4,43.87,71.53,36.24,315.79,344.13,14.95
2024-01-27 12:30:00,5,1682.28,4.14,28.1,133.04,36.24,253.5,270.24,11.65
2024-01-27 13:30:00,5,1548.77,2.96,23.99,155.93,35.76,242.86,257.8,11.53
2024-01-27 14:30:00,5,1522.06,2.57,24.33,164.51,37.67,231.34,246.19,12.16
2024-01-27 15:30:00,5,1415.25,2.37,26.39,147.34,32.42,193.32,208.17,12.03
2024-01-27 16:30:00,5,1522.06,2.4,38.04,114.44,30.52,191.45,209.03,13.68
2024-01-27 17:30:00,5,1762.39,0.91,56.21,81.54,31.47,201.27,222.24,16.21
2024-01-27 18:30:00,5,2162.93,0.03,74.71,48.64,34.33,227.86,255.72,20.77
2024-01-27 19:30:00,5,2616.88,0.13,83.63,26.82,36.24,269.52,308.1,23.31
2024-01-27 20:30:00,5,2830.51,0.32,79.51,19.85,34.81,302.96,348.37,18.75
2024-01-27 21:30:00,5,2883.91,0.31,74.03,19.49,33.38,327.5,375.12,14.19
2024-01-27 22:30:00,5,2910.61,0.29,70.6,19.49,32.9,346.34,394.78,11.65
2024-01-27 23:30:00,5,2696.99,0.18,63.75,21.99,28.37,342.85,385.14,7.85
2024-01-28 00:30:00,5,2323.15,0.07,52.78,26.46,21.93,325.16,358.09,4.69
2024-01-28 01:30:00,5,2109.53,0.06,45.24,26.11,19.31,321.71,350.66,4.43
2024-01-28 02:30:00,5,2056.12,0.11,41.47,21.82,18.6,328.11,357.06,4.88
2024-01-28 03:30:00,5,2056.12,0.34,39.76,14.66,18.6,335.4,365.75,5.7
2024-01-28 04:30:00,5,2056.12,1.34,39.41,6.88,19.07,340.78,371.82,6.59
2024-01-28 05:30:00,5,2136.23,5.76,38.73,1.37,20.74,351.01,383.96,7.98
2024-01-28 06:30:00,5,2563.48,21.23,38.39,0.05,27.42,380.45,421.83,12.03
2024-01-28 07:30:00,5,3791.81,61.69,42.84,0,41.48,460.47,524.24,19.76
2024-01-28 08:30:00,5,5393.98,119.81,50.04,0.35,54.36,552.21,640.25,25.33
2024-01-28 09:30:00,5,6835.94,168.09,58.95,2.01,62.94,643.9,750.72,27.61
2024-01-28 10:30:00,5,8010.86,180.6,86.37,5.45,69.62,728.19,847.29,31.92
2024-01-28 11:30:00,5,8438.11,135.9,148.06,17.34,71.53,772.95,897.75,34.45
2024-01-28 12:30:00,5,3311.16,30.4,128.87,70.1,173.57,437.49,485.17,8.36
2024-01-28 13:30:00,5,2510.07,19.45,109.67,90.84,167.85,371.19,410.43,5.32
2024-01-28 14:30:00,5,2002.72,11.51,91.85,107.29,143.05,324.19,356.85,4.81
2024-01-28 15:30:00,5,1815.8,6.76,83.63,113.01,122.07,304.04,333.97,5.95
2024-01-28 16:30:00,5,1976.01,3.46,84.31,107.29,93.46,313.07,344.74,9.63
2024-01-28 17:30:00,5,2162.93,0.82,85.68,91.55,67.71,319.37,352.67,13.05
2024-01-28 18:30:00,5,2323.15,0.02,84.31,75.1,51.98,320.01,355.99,14.82
2024-01-28 19:30:00,5,2323.15,0,76.09,65.8,41.96,321.68,360.39,14.44
2024-01-28 20:30:00,5,2216.34,0,65.8,60.08,35.76,319.51,359.63,11.78
2024-01-28 21:30:00,5,2056.12,0,54.84,58.65,30.28,312.94,351.88,8.87
2024-01-28 22:30:00,5,1949.31,0,48.67,55.07,26.7,306.97,345.34,7.47
2024-01-28 23:30:00,5,1815.8,0,44.55,50.78,22.65,295.59,330.87,5.76
2024-01-29 00:30:00,5,1615.52,0,38.39,50.07,18.6,277.57,307.32,4.18
2024-01-29 01:30:00,5,1522.06,0,34.27,48.64,19.79,271.95,299.43,4.43
2024-01-29 02:30:00,5,1455.31,0,30.16,48.64,20.27,267.09,293.87,4.56
2024-01-29 03:30:00,5,1428.6,0,28.79,47.21,21.7,265.14,291.57,4.69
2024-01-29 04:30:00,5,1428.6,0,29.13,42.56,22.41,266.17,292.25,4.94
2024-01-29 05:30:00,5,1482.01,0.02,31.53,35.05,23.13,269.13,294.86,5.57
2024-01-29 06:30:00,5,1735.69,0.52,41.13,21.28,26.7,285.09,314.78,7.92
2024-01-29 07:30:00,5,2403.26,10.51,56.21,2.46,36.24,329.06,371.15,12.41
2024-01-29 08:30:00,5,3204.35,38.89,57.58,0.77,46.73,382.31,437.61,15.83
2024-01-29 09:30:00,5,3578.19,54.54,54.84,4.11,52.93,411.72,473.54,16.47
2024-01-29 10:30:00,5,3417.97,50.51,55.52,10.82,58.17,421.98,484.15,16.72
2024-01-29 11:30:00,5,3070.83,35.76,62.38,25.39,68.66,422.69,479.86,16.47
2024-01-29 12:30:00,5,2029.42,15.65,65.12,67.95,93.46,347.95,389.64,10.77
2024-01-29 13:30:00,5,1735.69,10.84,63.75,94.41,94.41,317.86,355.14,9.75
2024-01-29 14:30:00,5,1575.47,8.38,66.49,108.72,100.14,303.47,338.89,9.12
2024-01-29 15:30:00,5,2243.04,13.08,101.45,75.82,113.49,340.45,386.23,19
2024-01-29 16:30:00,5,3685,30.85,159.03,25.75,144.96,420.38,487,41.04
2024-01-29 17:30:00,5,5180.36,72.42,191.93,2.91,173.57,488.23,573.01,64.85
2024-01-29 18:30:00,5,6835.94,121.59,213.86,0.05,211.72,575.55,684.3,95.25
2024-01-29 19:30:00,5,8438.11,159.14,227.57,0,255.58,696.72,835.86,131.73
2024-01-29 20:30:00,5,9399.41,171.66,227.57,0,274.66,794.52,957.53,156.04
2024-01-29 21:30:00,5,9719.85,166.3,219.35,0,267.03,841.99,1017.69,166.18
2024-01-29 22:30:00,5,10360.72,169.87,222.09,0,278.47,915.26,1109.35,178.34
2024-01-29 23:30:00,5,10787.96,175.24,233.05,0,289.92,966.47,1180.81,178.34
2024-01-30 00:30:00,5,10253.91,159.14,233.05,0,267.03,952.63,1170.23,158.07
2024-01-30 01:30:00,5,9292.6,135.9,216.6,0,234.6,915.63,1113.79,135.78
2024-01-30 02:30:00,5,8224.49,109.97,191.93,0,200.27,867.44,1015.77,117.54
2024-01-30 03:30:00,5,6835.94,82.25,153.54,0,152.59,790.36,881.12,92.21
2024-01-30 04:30:00,5,5821.23,65.27,123.38,0,118.26,723.74,781.79,71.94
2024-01-30 05:30:00,5,5340.58,60.8,106.93,0,102.04,689.78,733.85,59.28
2024-01-30 06:30:00,5,5500.79,73.31,97.33,0,97.27,700.48,747,52.69
2024-01-30 07:30:00,5,6408.69,111.76,90.48,0,105.86,762.51,824.92,55.73
2024-01-30 08:30:00,5,7263.18,155.57,85.68,0.01,110.63,806.64,880.52,57.76
2024-01-30 09:30:00,5,6622.31,144.84,78.83,0.14,105.86,753.56,825.28,42.56
2024-01-30 10:30:00,5,6515.5,135.9,76.09,0.8,99.18,722.26,802.95,35.46
2024-01-30 11:30:00,5,6408.69,119.81,81.57,2.48,95.37,689,772.89,29.39
2024-01-30 12:30:00,5,3044.13,21.46,94.59,47.92,119.21,502.11,553.58,5.38
2024-01-30 13:30:00,5,2323.15,9.83,81.57,80.82,107.77,426.23,473.64,5.38
2024-01-30 14:30:00,5,2082.82,7.6,80.2,97.27,109.67,383.11,429.94,7.03
2024-01-30 15:30:00,5,2723.69,14.75,108.3,82.97,127.79,416.2,474.91,19
2024-01-30 16:30:00,5,4219.06,31.74,174.11,33.26,162.12,503.36,585.47,42.05
2024-01-30 17:30:00,5,5821.23,76.89,213.86,3.76,192.64,584.2,688.07,63.84
2024-01-30 18:30:00,5,7476.81,134.11,230.31,0.06,225.07,683.14,812.62,91.2
2024-01-30 19:30:00,5,8865.36,168.09,235.8,0,259.4,801.84,960.77,121.59
2024-01-30 20:30:00,5,9719.85,180.6,227.57,0,263.21,895.28,1074.47,135.78
2024-01-30 21:30:00,5,10040.28,180.6,208.38,0,192.64,964.69,1149.24,97.27
2024-01-30 22:30:00,5,10253.91,178.81,197.41,0,167.85,1033.41,1217.96,86.13
2024-01-30 23:30:00,5,9933.47,164.51,189.19,0,162.12,1049.03,1216.92,83.09
2024-01-31 00:30:00,5,8331.3,123.38,169.99,0,133.51,966.45,1099.3,62.32
2024-01-31 01:30:00,5,6622.31,78.68,132.98,0,83.92,861.15,964.55,34.96
2024-01-31 02:30:00,5,5233.76,50.96,95.96,0,49.59,765.66,848.8,19
2024-01-31 03:30:00,5,4379.27,37.1,71.29,0,34.33,694.82,759.68,13.3
2024-01-31 04:30:00,5,3845.21,30.4,57.58,0,30.52,650.61,698.36,11.78
2024-01-31 05:30:00,5,3631.59,29.5,50.72,0,30.52,634.01,669.53,11.78
2024-01-31 06:30:00,5,3738.4,36.66,50.72,0,36.24,644.89,678.2,13.93
2024-01-31 07:30:00,5,4432.68,60.8,52.78,0,46.25,687.89,728.02,19
2024-01-31 08:30:00,5,4966.74,85.83,54.15,0.03,51.98,694.02,737.81,22.04
2024-01-31 09:30:00,5,4806.52,84.04,55.52,0.06,51.98,639.68,685.64,22.8
2024-01-31 10:30:00,5,4432.68,70.63,56.89,0.1,51.5,567.61,619.1,21.79
2024-01-31 11:30:00,5,3845.21,52.75,60.32,0.23,52.93,484.8,535.82,19.25
2024-01-31 12:30:00,5,1789.09,1.93,74.03,21.28,62.94,258.46,285.42,8.99
2024-01-31 13:30:00,5,1401.9,0.54,67.17,31.83,62.94,197.08,220.55,8.74
2024-01-31 14:30:00,5,1388.55,1.06,74.71,23.96,72.48,189.01,212.94,10.13
2024-01-31 15:30:00,5,1655.58,6.43,89.11,7.69,90.6,201.56,227.81,13.43
2024-01-31 16:30:00,5,2269.74,29.5,101.45,0.59,114.44,239.42,270.79,17.23
2024-01-31 17:30:00,5,3044.13,59.9,122.01,0.07,150.68,296.23,333.82,18.24
2024-01-31 18:30:00,5,3685,67.95,146.69,0,171.66,377.42,419.83,16.09
2024-01-31 19:30:00,5,3845.21,52.3,131.61,0,141.14,447.98,493.23,13.93
2024-01-31 20:30:00,5,3685,34.42,109.67,0,105.86,476.96,521.56,12.16
2024-01-31 21:30:00,5,3311.16,13.63,101.45,0.77,82.97,463.5,507.03,9.88
2024-01-31 22:30:00,5,2883.91,0.98,87.05,14.31,64.85,452.8,493.82,7.66
2024-01-31 23:30:00,5,2456.67,0.04,61.69,32.19,45.3,427.84,460.57,5.32
2024-02-01 00:30:00,5,1869.2,0,41.47,48.64,30.99,359.89,380.58,3.58
2024-02-01 01:30:00,5,1548.77,0,30.16,59.37,25.75,321.25,336.31,3.64
2024-02-01 02:30:00,5,1401.9,0,24.33,67.95,23.6,303.92,316.49,3.93
2024-02-01 03:30:00,5,1281.74,0,21.93,71.53,22.89,274.66,285.65,4.24
2024-02-01 04:30:00,5,1148.22,0,20.39,74.39,22.41,233.77,243.03,4.05
2024-02-01 05:30:00,5,1068.12,0,21.25,73.67,23.37,213.22,221.13,3.96
2024-02-01 06:30:00,5,1134.87,0,28.45,66.52,29.33,207.95,216.84,5.07
2024-02-01 07:30:00,5,1388.55,0.03,45.93,44.35,41.48,209.31,221.97,6.9
2024-02-01 08:30:00,5,1615.52,0.78,64.43,20.74,55.79,217.33,232.41,7.66
2024-02-01 09:30:00,5,1628.88,2.1,66.49,14.13,61.04,232.17,247.13,7.92
2024-02-01 10:30:00,5,1495.36,2.07,57.58,17.17,56.27,239.2,251.75,7.6
2024-02-01 11:30:00,5,1348.5,1.13,50.04,23.6,51.98,233.6,243.19,6.97
2024-02-01 12:30:00,5,1108.17,2.37,37.7,53.64,43.87,194.25,202.92,5.89
2024-02-01 13:30:00,5,1014.71,4.08,35.64,70.1,46.25,164.01,173.91,6.59
2024-02-01 14:30:00,5,988.01,5.42,36.67,79.39,51.5,141.88,153.01,7.22
2024-02-01 15:30:00,5,1188.28,7.6,51.41,68.66,64.85,145.32,160.77,10.51
2024-02-01 16:30:00,5,1575.47,8.94,74.03,42.56,73.43,160.76,181.06,14.95
2024-02-01 17:30:00,5,1869.2,7.26,94.59,14.66,69.62,161.96,185.29,16.97
2024-02-01 18:30:00,5,2029.42,8.05,94.59,1.9,64.85,153.88,179.8,16.97
2024-02-01 19:30:00,5,1949.31,5.42,81.57,2.91,58.17,151.2,178.86,15.07
2024-02-01 20:30:00,5,1762.39,2.07,69.23,7.87,51.02,151.43,179.26,12.67
2024-02-01 21:30:00,5,1642.23,1.03,58.95,11.62,42.44,149.87,177.81,11.53
2024-02-01 22:30:00,5,1789.09,2.35,57.58,6.53,37.19,156.11,186.58,11.91
2024-02-01 23:30:00,5,1762.39,4.75,54.84,2.44,32.9,149.1,176.54,10.39
2024-02-02 00:30:00,5,1789.09,11.96,49.35,0.38,27.18,145.32,169.51,7.98
2024-02-02 01:30:00,5,2056.12,20.56,43.18,0.02,26.46,160.09,185.22,8.36
2024-02-02 02:30:00,5,2189.64,22.8,38.39,0.01,27.66,172.42,197.08,8.99
2024-02-02 03:30:00,5,2243.04,24.14,33.93,0,29.8,180.44,204.4,10.01
2024-02-02 04:30:00,5,2296.45,27.94,30.85,0,32.9,187.1,210.85,11.15
2024-02-02 05:30:00,5,2510.07,36.66,30.16,0,39.1,201.01,225.27,13.68
2024-02-02 06:30:00,5,3124.24,57.22,31.87,0,51.02,238.95,269.05,20.52
2024-02-02 07:30:00,5,4592.9,106.39,37.7,0,70.57,329.12,375.13,31.16
2024-02-02 08:30:00,5,5554.2,148.42,44.55,0.03,82.97,378.53,432.75,34.45
2024-02-02 09:30:00,5,5180.36,137.69,50.04,0.55,86.78,344.69,399.99,30.4
2024-02-02 10:30:00,5,5073.55,125.17,56.89,3.49,87.74,333.95,406.18,27.87
2024-02-02 11:30:00,5,4272.46,82.25,75.4,15.74,87.74,295.57,371.89,22.8
2024-02-02 12:30:00,5,1708.98,17.66,55.52,72.96,91.55,181.99,218.74,5.76
2024-02-02 13:30:00,5,1148.22,8.16,38.39,103,71.53,143,168.28,4.56
2024-02-02 14:30:00,5,1014.71,5.81,32.9,115.87,61.99,135.74,158.63,5.64
2024-02-02 15:30:00,5,1094.82,5.25,35.99,115.87,57.7,141.62,165.57,8.36
2024-02-02 16:30:00,5,1321.79,5.42,49.35,94.41,57.7,150.87,177.49,12.67
2024-02-02 17:30:00,5,1535.42,2.93,67.86,62.23,55.79,152.8,180.99,16.97
2024-02-02 18:30:00,5,1815.8,0.24,82.94,31.11,54.36,159.63,192.02,22.8
2024-02-02 19:30:00,5,2056.12,0.55,82.94,17.52,51.02,172.77,212.05,28.63
2024-02-02 20:30:00,5,2082.82,0.53,73.34,17.34,44.82,177.6,219.69,28.12
2024-02-02 21:30:00,5,2029.42,0.27,65.8,21.46,40.05,176.38,217.26,23.56
2024-02-02 22:30:00,5,1922.61,0.13,59.63,26.11,36.72,169.78,208.67,18.75
2024-02-02 23:30:00,5,1655.58,0.04,51.41,33.62,30.99,149.6,181.98,12.67
2024-02-03 00:30:00,5,1281.74,0.01,38.39,44.7,24.08,125.09,147.72,7.47
2024-02-03 01:30:00,5,1068.12,0,27.76,52.93,19.55,114.17,131.55,5.45
2024-02-03 02:30:00,5,988.01,0,23.99,54.36,18.84,109.29,124.46,4.88
2024-02-03 03:30:00,5,974.66,0,23.31,52.93,19.07,106.56,120.97,4.75
2024-02-03 04:30:00,5,1001.36,0,24.68,50.07,20.03,106.24,120.56,5
2024-02-03 05:30:00,5,1068.12,0.01,28.1,44.7,22.17,108.57,123.6,5.64
2024-02-03 06:30:00,5,1281.74,0.08,38.39,34.33,26.94,119.31,138.24,8.04
2024-02-03 07:30:00,5,1789.09,2.65,59.63,11.8,34.81,146.35,175.66,12.92
2024-02-03 08:30:00,5,2376.56,20.12,65.8,2.44,40.53,173.67,213.65,16.97
2024-02-03 09:30:00,5,2777.1,40.68,58.26,10.1,46.25,192.28,239.25,21.03
2024-02-03 10:30:00,5,2803.8,41.13,58.26,20.56,53.41,198.73,248.49,25.33
2024-02-03 11:30:00,5,2429.96,27.72,60.32,43.99,62.94,183.91,227.59,24.32
2024-02-03 12:30:00,5,1602.17,12.63,54.15,72.96,74.39,129.85,156.78,17.99
2024-02-03 13:30:00,5,1508.71,10.28,58.95,75.82,83.92,125.03,149.94,17.99
2024-02-03 14:30:00,5,1628.88,11.29,71.29,67.95,103.95,130.56,157.23,20.01
2024-02-03 15:30:00,5,2216.34,14.98,101.45,33.26,118.26,155.67,192.25,26.6
2024-02-03 16:30:00,5,3311.16,42.02,127.49,6.97,135.42,202.15,256.06,42.05
2024-02-03 17:30:00,5,4432.68,89.41,145.32,0.88,160.22,247.14,317.97,59.28
2024-02-03 18:30:00,5,5767.82,139.47,159.03,0.02,196.46,312.25,403.79,83.09
2024-02-03 19:30:00,5,7049.56,173.45,165.88,0,236.51,400.84,517.82,112.47
2024-02-03 20:30:00,5,8010.86,189.54,169.99,0,267.03,479.88,614.11,137.81
2024-02-03 21:30:00,5,8331.3,185.97,167.25,0,274.66,530.31,666.96,151.99
2024-02-03 22:30:00,5,7904.05,164.51,153.54,0,247.96,517.89,645.61,151.99
2024-02-03 23:30:00,5,6408.69,128.75,126.12,0,181.2,427.36,533.81,122.61
2024-02-04 00:30:00,5,4325.87,84.04,93.22,0,82.97,283.46,351.55,58.26
2024-02-04 01:30:00,5,3070.83,53.2,69.92,0,41.48,204.61,248.28,27.87
2024-02-04 02:30:00,5,2616.88,38.89,57.58,0,30.28,178.75,212.46,17.99
2024-02-04 03:30:00,5,2536.77,34.87,52.09,0,28.13,179.09,209.54,13.81
2024-02-04 04:30:00,5,2563.48,33.97,47.98,0,28.61,182.35,211.67,11.91
2024-02-04 05:30:00,5,2536.77,34.87,43.53,0,29.8,182.44,212.04,11.78
2024-02-04 06:30:00,5,2830.51,45.6,41.13,0,35.29,199.24,235.42,14.95
2024-02-04 07:30:00,5,3845.21,77.78,42.5,0,45.78,252.23,304,19.51
2024-02-04 08:30:00,5,4806.52,113.55,47.3,0.08,51.98,294.55,355.4,20.27
2024-02-04 09:30:00,5,4379.27,95.67,53.47,1.1,50.54,252.15,307.89,17.73
2024-02-04 10:30:00,5,3791.81,71.53,56.89,4.69,49.59,211.68,266.6,18.75
2024-02-04 11:30:00,5,3017.43,42.92,62.38,16.09,52.45,172.28,218.93,17.99
2024-02-04 12:30:00,5,1642.23,13.86,52.78,47.21,60.56,110.81,131.81,11.65
2024-02-04 13:30:00,5,1295.09,7.26,43.53,56.51,48.16,94.36,108.08,9.88
2024-02-04 14:30:00,5,1054.76,3.46,36.67,64.37,37.67,85.59,95.39,8.61
2024-02-04 15:30:00,5,1214.98,4.41,44.55,52.93,31.47,97.29,109.73,9.5
2024-02-04 16:30:00,5,1708.98,11.4,61.69,28.25,31.95,121.1,140.45,11.53
2024-02-04 17:30:00,5,2216.34,25.03,75.4,6.71,36.72,140.39,167.07,14.69
2024-02-04 18:30:00,5,2777.1,42.92,74.71,0.12,43.87,164.53,200.34,18.24
2024-02-04 19:30:00,5,2857.21,35.76,70.6,0,43.39,169.37,208.31,16.09
2024-02-04 20:30:00,5,2269.74,13.52,66.49,1.32,36.72,136.77,169.86,12.16
2024-02-04 21:30:00,5,1575.47,0.58,53.47,14.31,29.33,103.92,128.03,10.01
2024-02-04 22:30:00,5,1615.52,0.74,50.72,12.7,26.94,115.66,140.63,10.26
2024-02-04 23:30:00,5,1655.58,2.18,52.09,5.41,25.51,123.97,145.56,9.12
2024-02-05 00:30:00,5,1628.88,5.59,47.98,1.37,23.13,124.9,142.43,7.66
2024-02-05 01:30:00,5,1735.69,11.96,41.13,0.11,25.03,134.57,152.26,8.49
2024-02-05 02:30:00,5,1815.8,15.65,35.3,0.02,25.51,140.99,158.88,8.74
2024-02-05 03:30:00,5,1949.31,20.56,32.22,0,27.89,151.34,170.46,9.12
2024-02-05 04:30:00,5,2136.23,28.61,30.85,0,32.42,167.66,187.44,8.99
2024-02-05 05:30:00,5,2376.56,38.44,32.56,0,39.1,186,204.53,9.25
2024-02-05 06:30:00,5,2616.88,44.26,41.47,0,55.79,186.59,204.14,12.03
2024-02-05 07:30:00,5,3177.64,58.11,43.87,0,64.85,192.91,218.69,17.48
2024-02-05 08:30:00,5,3284.45,66.16,42.16,0,71.53,177.04,208.3,20.01
2024-02-05 09:30:00,5,2216.34,34.87,47.3,2.39,69.62,113.62,139.4,15.71
2024-02-05 10:30:00,5,1695.63,21.9,47.3,15.02,69.62,89.01,112.94,13.55
2024-02-05 11:30:00,5,1428.6,19.45,45.93,34.33,71.53,78.21,99.3,11.53
2024-02-05 12:30:00,4,1201.63,15.65,42.84,61.51,68.66,72.59,91.66,9.5
2024-02-05 13:30:00,4,1081.47,11.06,41.81,85.12,68.66,74.27,92.46,8.23
2024-02-05 14:30:00,5,1001.36,7.49,38.04,105.86,64.85,75.42,92.16,7.6
2024-02-05 15:30:00,5,1335.14,8.27,50.04,101.57,67.71,99.86,122.13,12.67
2024-02-05 16:30:00,5,2002.72,11.29,78.14,74.39,73.43,139.72,173.01,20.27
2024-02-05 17:30:00,5,2536.77,11.73,109.67,31.47,70.57,157.51,199.57,26.09
2024-02-05 18:30:00,5,3097.53,19,122.01,1.3,68.66,177.17,229.97,33.44
2024-02-05 19:30:00,5,3578.19,31.29,106.93,0.01,63.9,213.26,281.99,37.49
2024-02-05 20:30:00,5,3685,31.29,91.85,0.01,56.74,245.33,323.8,32.17
2024-02-05 21:30:00,5,3524.78,26.6,80.2,0.02,49.59,257.63,336.54,24.57
2024-02-05 22:30:00,5,3177.64,20.34,71.97,0.08,43.87,238.27,311.37,18.75
2024-02-05 23:30:00,5,2429.96,11.06,64.43,0.73,35.29,182.38,239.08,12.16
2024-02-06 00:30:00,5,1668.93,2.68,55.52,4.74,27.42,124.09,161.71,7.35
2024-02-06 01:30:00,5,1375.2,0.78,47.3,10.64,25.75,104.01,132.59,6.14
2024-02-06 02:30:00,5,1255.04,0.34,42.16,15.38,25.51,98.16,122.83,5.76
2024-02-06 03:30:00,5,1201.63,0.25,39.07,17.7,25.27,98.2,121.69,5.64
2024-02-06 04:30:00,5,1214.98,0.37,39.07,15.91,25.99,102.69,126.35,5.83
2024-02-06 05:30:00,5,1308.44,1.23,42.84,9.66,28.37,111.36,136.82,6.52
2024-02-06 06:30:00,5,1655.58,8.38,47.3,2.08,34.33,133.5,165.46,9.63
2024-02-06 07:30:00,5,2403.26,31.29,50.04,0.04,45.78,177.34,224.25,15.2
2024-02-06 08:30:00,5,3044.13,55.43,52.78,1.97,54.36,206.67,264.88,18.49
2024-02-06 09:30:00,5,3257.75,65.27,54.84,9.3,63.9,217.74,278.89,20.52
2024-02-06 10:30:00,5,3124.24,52.3,63.75,23.25,74.39,217.95,277.34,24.32
2024-02-06 11:30:00,5,2536.77,30.85,67.86,52.21,86.78,196.56,246.33,25.08
2024-02-06 12:30:00,4,907.9,6.31,28.79,115.87,47.68,67.49,84.9,9.12
2024-02-06 13:30:00,3,674.25,3.58,18.85,130.18,32.42,47.54,59.66,7.28
2024-02-06 14:30:00,3,654.22,3.13,18.34,134.47,30.52,45.92,57.29,7.85
2024-02-06 15:30:00,4,867.84,4.64,29.47,120.16,39.58,56.92,71.69,11.4
2024-02-06 16:30:00,5,1268.39,7.04,50.72,91.55,50.54,77.78,99.11,16.72
2024-02-06 17:30:00,5,1628.88,5.64,76.09,56.51,54.36,92.63,119.27,21.28
2024-02-06 18:30:00,5,2216.34,3.8,104.19,12.7,58.17,122.08,160.07,29.39
2024-02-06 19:30:00,5,2910.61,16.99,100.08,0.35,59.13,170.25,226.32,39.52
2024-02-06 20:30:00,5,3231.05,23.02,89.11,0.06,55.31,206.77,274.4,41.54
2024-02-06 21:30:00,5,3257.75,21.23,81.57,0.08,50.54,222.95,293.34,33.94
2024-02-06 22:30:00,5,3017.43,14.98,78.14,0.35,46.25,216.86,283.6,26.85
2024-02-06 23:30:00,5,2429.96,5.25,73.34,4.34,37.19,177.21,229.21,17.73
2024-02-07 00:30:00,5,1695.63,0.22,56.21,23.96,28.61,128.28,161.84,10.51
2024-02-07 01:30:00,5,1361.85,0.01,42.16,41.13,26.46,109.37,134.87,8.87
2024-02-07 02:30:00,5,1255.04,0,36.67,47.92,26.46,104.51,127.45,8.61
2024-02-07 03:30:00,5,1214.98,0,34.27,49.35,26.46,104.25,126.7,8.49
2024-02-07 04:30:00,5,1241.68,0,34.62,47.92,27.18,107.92,130.57,8.36
2024-02-07 05:30:00,5,1348.5,0.01,40.1,43.27,30.52,118.41,142.75,8.61
2024-02-07 06:30:00,5,1695.63,0.26,56.21,29.68,38.62,142.75,173.9,11.78
2024-02-07 07:30:00,5,2376.56,5.14,82.25,7.51,50.07,183.69,228.17,18.24
2024-02-07 08:30:00,5,2670.29,17.88,85,7.78,57.7,192.98,242.08,21.28
2024-02-07 09:30:00,5,2376.56,26.38,63.06,40.77,63.9,177.04,221.86,23.05
2024-02-07 10:30:00,5,2109.53,21.23,56.21,59.37,66.76,166.53,209.41,25.08
2024-02-07 11:30:00,5,1708.98,13.86,47.3,85.83,63.9,147.74,183.14,22.29
2024-02-07 12:30:00,5,1014.71,4.97,26.73,133.04,43.39,95.09,114.65,13.05
2024-02-07 13:30:00,5,854.49,3.1,19.19,150.2,32.42,80.09,95.26,11.02
2024-02-07 14:30:00,4,781.06,2.46,16.62,151.63,28.13,70.58,83.77,10.64
2024-02-07 15:30:00,4,774.38,2.26,17.82,143.05,27.66,66.5,79,11.02
2024-02-07 16:30:00,4,894.55,2.43,27.08,127.32,33.38,72.74,86.69,13.17
2024-02-07 17:30:00,5,1041.41,1.17,38.39,107.29,37.19,80.1,96.06,15.71
2024-02-07 18:30:00,5,1255.04,0.04,48.67,85.12,41.96,93.99,114.4,20.01
2024-02-07 19:30:00,5,1415.25,0,50.04,74.39,43.39,108.5,134.2,24.32
2024-02-07 20:30:00,5,1441.96,0,46.61,74.39,41.48,116.61,144.41,26.6
2024-02-07 21:30:00,5,1441.96,0,43.87,74.39,39.58,122.18,150.05,26.6
2024-02-07 22:30:00,5,1401.9,0,42.16,72.96,37.19,122.94,149.95,24.57
2024-02-07 23:30:00,5,1241.68,0,38.04,71.53,31.95,112.55,135.23,19.76
2024-02-08 00:30:00,5,1014.71,0,31.87,72.24,26.23,97.22,114.26,14.69
2024-02-08 01:30:00,5,921.25,0,28.1,70.1,25.75,92.04,107.32,13.05
2024-02-08 02:30:00,5,894.55,0,26.39,67.23,26.46,91.03,105.82,12.16
2024-02-08 03:30:00,5,881.2,0,25.02,65.8,26.23,90.14,104.56,11.27
2024-02-08 04:30:00,5,867.84,0,24.33,64.37,25.99,88.91,-9999,10.89
2024-02-08 05:30:00,5,881.2,0,25.7,61.51,27.18,88.54,102.54,10.77
2024-02-08 06:30:00,5,988.01,0,30.85,55.79,30.52,91.81,107.76,12.54
2024-02-08 07:30:00,5,1188.28,0.04,41.47,45.06,35.76,97.78,117.84,15.83
2024-02-08 08:30:00,5,1214.98,2.15,43.87,44.35,37.67,90.4,111.43,16.72
2024-02-08 09:30:00,5,1081.47,6.31,33.59,60.8,39.1,77.18,96.92,16.09
2024-02-08 10:30:00,4,1001.36,7.26,27.76,72.96,40.53,71.2,90.36,15.96
2024-02-08 11:30:00,4,894.55,5.98,23.65,92.98,40.05,66.41,83.65,14.19
2024-02-08 12:30:00,4,694.27,3.21,15.94,125.89,29.56,51.36,63.74,10.13
2024-02-08 13:30:00,3,654.22,2.49,14.91,137.33,27.42,48.64,59.68,9.25
2024-02-08 14:30:00,4,654.22,2.01,15.77,143.05,28.37,50.14,61.24,9.37
2024-02-08 15:30:00,4,694.27,1.77,18.34,144.48,30.52,53.63,65.64,10.13
2024-02-08 16:30:00,4,781.06,1.9,24.68,137.33,33.86,58.9,72.42,11.65
2024-02-08 17:30:00,4,867.84,1.15,33.24,121.59,34.81,61.4,76.32,13.17
2024-02-08 18:30:00,4,1014.71,0.06,40.78,103,37.19,67.13,85.19,16.21
2024-02-08 19:30:00,5,1148.22,0,43.53,87.98,38.15,75.7,98.06,20.27
2024-02-08 20:30:00,5,1174.93,0,41.47,79.39,35.76,78.21,103.2,22.8
2024-02-08 21:30:00,5,1174.93,0,40.1,72.96,33.86,77.52,103.55,24.07
2024-02-08 22:30:00,5,1161.58,0,38.73,68.66,31.95,75.08,101.7,23.81
2024-02-08 23:30:00,4,1041.41,0,35.3,68.66,27.66,65.91,89.96,20.52
2024-02-09 00:30:00,4,854.49,0,29.47,72.24,23.37,54.99,74.62,16.72
2024-02-09 01:30:00,4,774.38,0,25.36,74.39,22.65,52.61,71.02,15.58
2024-02-09 02:30:00,4,747.68,0,23.65,73.67,22.89,52.66,70.49,14.95
2024-02-09 03:30:00,4,741,0,22.96,70.81,22.65,53.04,70.63,14.06
2024-02-09 04:30:00,4,754.36,0,23.65,65.8,22.65,54.59,72.65,12.67
2024-02-09 05:30:00,4,814.44,0,26.73,58.65,24.32,58.43,77.77,11.4
2024-02-09 06:30:00,4,1054.76,0.06,38.39,41.48,29.09,72.83,97.29,12.41
2024-02-09 07:30:00,5,1708.98,4.92,62.38,10.19,38.62,108.91,146.18,17.99
2024-02-09 08:30:00,5,2456.67,33.97,63.06,4.43,47.68,145.45,195.53,23.05
2024-02-09 09:30:00,5,3017.43,59.01,60.32,11.8,58.65,178.49,239.16,28.63
2024-02-09 10:30:00,5,3177.64,59.01,67.17,22.35,71.53,197.68,262.78,34.45
2024-02-09 11:30:00,5,2857.21,41.57,76.09,43.63,86.78,195.02,255.45,33.44
2024-02-09 12:30:00,5,1615.52,15.2,57.58,94.41,84.88,124.78,162.17,19.76
2024-02-09 13:30:00,5,1281.74,9.39,47.3,123.02,77.25,113.04,144.61,15.33
2024-02-09 14:30:00,5,1214.98,7.1,45.24,141.62,77.25,119.26,149.55,14.44
2024-02-09 15:30:00,5,2002.72,13.08,74.71,105.86,78.2,165.27,208.13,22.55
2024-02-09 16:30:00,5,3471.37,33.53,123.38,45.78,83.92,241.01,306.46,34.96
2024-02-09 17:30:00,5,5020.14,78.68,153.54,8.49,95.37,307.47,394.33,48.64
2024-02-09 18:30:00,5,6675.72,135.9,157.65,0.16,122.07,394.65,509.22,70.93
2024-02-09 19:30:00,5,7904.05,159.14,152.17,0,135.42,487.57,632.76,87.14
2024-02-09 20:30:00,5,8438.11,157.36,148.06,0,133.51,555.97,723.33,92.21
2024-02-09 21:30:00,5,8972.17,157.36,148.06,0,127.79,621.41,801.69,94.23
2024-02-09 22:30:00,5,9399.41,157.36,145.32,0,119.21,677.85,865.53,91.2
2024-02-09 23:30:00,5,8972.17,141.26,138.46,0,99.18,661.08,841.25,76
2024-02-10 00:30:00,5,7583.62,111.76,128.87,0,74.39,568.93,728.56,52.69
2024-02-10 01:30:00,5,6301.88,84.94,119.27,0,60.08,498.52,641.49,39.52
2024-02-10 02:30:00,5,5554.2,70.63,109.67,0,54.84,460.5,594.27,33.44
2024-02-10 03:30:00,5,5020.14,60.8,102.82,0,54.84,434.52,564.69,32.93
2024-02-10 04:30:00,5,4486.08,53.2,97.33,0,60.08,406.45,534.93,38
2024-02-10 05:30:00,5,4058.84,49.62,91.85,0,75.34,383.67,506.74,55.22
2024-02-10 06:30:00,5,3952.03,55.88,84.31,0,93.46,380.81,498.64,82.08
2024-02-10 07:30:00,5,4699.71,85.83,78.83,0,98.23,427.69,549.47,89.17
2024-02-10 08:30:00,5,5661.01,125.17,76.77,0.12,95.37,479.45,592.5,78.02
2024-02-10 09:30:00,5,5500.79,119.81,78.83,0.56,92.51,460.2,542.17,56.74
2024-02-10 10:30:00,5,5874.63,125.17,80.88,2.37,91.55,481.68,566.33,46.1
2024-02-10 11:30:00,5,5981.45,108.18,97.33,7.06,93.46,486.54,573.4,35.46
2024-02-10 12:30:00,5,1949.31,14.75,73.34,86.55,117.3,230.97,266.67,8.61
2024-02-10 13:30:00,5,1401.9,7.1,51.41,133.04,93.46,189.39,218.63,5.64
2024-02-10 14:30:00,5,1295.09,4.97,43.53,161.65,83.92,184.58,213.46,5.89
2024-02-10 15:30:00,5,1628.88,5.2,54.84,157.36,77.25,219.41,257.32,10.89
2024-02-10 16:30:00,5,2243.04,6.09,82.25,117.3,72.48,264.62,313.12,17.48
2024-02-10 17:30:00,5,2803.8,4.02,117.9,61.51,68.66,281.25,335.8,23.05
2024-02-10 18:30:00,5,3391.27,3.3,142.57,11.8,67.71,304.04,367.79,28.63
2024-02-10 19:30:00,5,3898.62,15.65,126.12,0.4,64.85,340.87,418.91,28.63
2024-02-10 20:30:00,5,4058.84,22.8,105.56,0.05,59.6,374.82,463.52,22.29
2024-02-10 21:30:00,5,4005.43,26.15,94.59,0.02,53.41,407.56,500.47,17.23
2024-02-10 22:30:00,5,4058.84,30.4,85.68,0.01,47.68,439.2,536.45,15.58
2024-02-10 23:30:00,5,3738.4,29.5,76.09,0.01,37.19,436.73,528.12,11.91
2024-02-11 00:30:00,5,3070.83,21.23,65.12,0.04,26.23,406.98,481.48,7.73
2024-02-11 01:30:00,5,2670.29,13.63,54.84,0.14,22.65,399.93,461.24,6.84
2024-02-11 02:30:00,5,2456.67,10.17,46.61,0.24,20.98,407.78,460.07,6.52
2024-02-11 03:30:00,5,2323.15,9.05,39.41,0.28,20.27,417.37,462.9,6.52
2024-02-11 04:30:00,5,2243.04,9.5,35.64,0.25,20.27,424.48,460.42,6.78
2024-02-11 05:30:00,5,2323.15,12.96,35.3,0.12,21.46,427.93,456.76,7.47
2024-02-11 06:30:00,5,2723.69,25.93,37.01,0.02,27.42,451.32,485.07,10.89
2024-02-11 07:30:00,5,3685,56.77,40.44,0.01,37.67,495.25,550.23,16.47
2024-02-11 08:30:00,5,4325.87,84.04,43.53,0.69,43.39,498.88,567.81,18.24
2024-02-11 09:30:00,5,4272.46,80.47,48.67,4.78,47.68,457.65,528.44,18.24
2024-02-11 10:30:00,5,4219.06,66.16,62.38,14.66,55.31,433.48,510.32,23.05
2024-02-11 11:30:00,5,3738.4,37.55,78.83,44.35,63.9,396.74,473.06,26.09
2024-02-11 12:30:00,5,1388.55,5.81,39.76,151.63,72.48,190.9,218.91,11.78
2024-02-11 13:30:00,5,1041.41,3.49,29.13,175.95,63.9,155.21,176,9.37
2024-02-11 14:30:00,5,988.01,2.96,28.79,185.97,65.8,149.83,169.46,9.5
2024-02-11 15:30:00,5,1575.47,5.76,53.47,144.48,67.71,177.86,206.91,16.72
2024-02-11 16:30:00,5,2670.29,12.41,97.33,75.82,68.66,228.7,275.2,26.35
2024-02-11 17:30:00,5,3738.4,27.05,134.35,16.81,68.66,267.95,329.64,33.94
2024-02-11 18:30:00,5,4539.49,52.3,132.98,0.32,69.62,303.23,378.75,41.54
2024-02-11 19:30:00,5,4592.9,50.07,113.79,0,61.04,315.24,398.94,39.52
2024-02-11 20:30:00,5,3952.03,33.97,91.85,0.01,48.64,294.1,373.9,29.39
2024-02-11 21:30:00,5,3391.27,22.35,76.77,0.03,40.05,273.93,346.16,20.77
2024-02-11 22:30:00,5,3204.35,19.22,69.92,0.06,36.24,273.62,343.93,16.72
2024-02-11 23:30:00,5,2803.8,13.86,65.12,0.25,29.56,253.35,315.24,11.53
2024-02-12 00:30:00,5,2323.15,7.93,59.63,0.84,22.89,224.63,273.91,7.54
2024-02-12 01:30:00,5,2189.64,8.05,53.47,0.75,24.56,226.41,270.55,7.79
2024-02-12 02:30:00,5,2189.64,8.72,49.35,0.53,25.51,236.66,279.85,8.23
2024-02-12 03:30:00,5,2189.64,10.17,44.55,0.31,26.23,246.14,289.79,8.87
2024-02-12 04:30:00,5,2216.34,12.74,41.47,0.13,27.66,254.97,299.08,9.63
2024-02-12 05:30:00,5,2349.85,19,40.78,0.03,30.99,270.85,317.33,11.27
2024-02-12 06:30:00,5,2990.72,37.55,43.87,0,41.01,319.33,377.98,17.23
2024-02-12 07:30:00,5,4539.49,84.04,49.35,0.01,57.7,418.62,506.72,25.84
2024-02-12 08:30:00,5,5981.45,139.47,52.78,0.47,68.66,505.43,618.83,29.39
2024-02-12 09:30:00,5,6729.13,157.36,62.38,2.53,77.25,553.86,677.7,29.39
2024-02-12 10:30:00,5,7263.18,146.63,93.22,8.23,89.65,607.15,742.33,35.97
2024-02-12 11:30:00,5,7156.37,90.3,150.8,30.4,100.14,646.66,791.26,42.56
2024-02-12 12:30:00,5,2323.15,14.19,90.48,118.73,156.4,310.13,355.51,17.73
2024-02-12 13:30:00,5,1668.93,10.73,79.51,133.04,164.03,238.89,271.1,12.41
2024-02-12 14:30:00,5,1508.71,11.51,91.85,124.45,194.55,214.22,243.55,11.02
2024-02-12 15:30:00,5,2002.72,16.99,128.87,82.25,217.44,232.99,269.26,17.73
2024-02-12 16:30:00,5,3231.05,34.87,186.44,29.68,223.16,293.03,346.99,31.66
2024-02-12 17:30:00,5,4486.08,69.74,224.83,4.92,217.44,344.54,414.33,44.58
2024-02-12 18:30:00,5,6034.85,116.23,244.02,0.18,221.25,417.19,510.26,65.86
2024-02-12 19:30:00,5,7797.24,160.93,246.76,0,230.79,535.71,661.36,95.25
2024-02-12 20:30:00,5,9292.6,191.33,238.54,0,240.33,666.38,823.71,118.55
2024-02-12 21:30:00,5,10147.09,200.27,224.83,0,232.7,760.36,936.32,124.63
2024-02-12 22:30:00,5,11215.21,219.94,222.09,0,209.81,878.74,1078.95,110.45
2024-02-12 23:30:00,5,11962.89,232.46,238.54,0,183.11,974.86,1201.13,89.17
2024-02-13 00:30:00,5,10894.78,191.33,238.54,0,141.14,925.19,1140.2,69.92
2024-02-13 01:30:00,5,8972.17,135.9,200.15,0,112.53,814.72,1005.45,63.33
2024-02-13 02:30:00,5,7476.81,96.56,157.65,0,100.14,720.53,892.61,60.8
2024-02-13 03:30:00,5,5874.63,65.27,119.27,0,90.6,618.67,772.1,55.22
2024-02-13 04:30:00,5,4699.71,49.62,87.74,0,74.39,534.08,663.27,42.56
2024-02-13 05:30:00,5,4165.65,50.51,69.23,0,66.76,499.3,614.51,33.94
2024-02-13 06:30:00,5,4432.68,68.84,59.63,0,69.62,521.61,634.92,35.46
2024-02-13 07:30:00,5,5767.82,116.23,56.21,0,82.97,604.52,733.65,43.06
2024-02-13 08:30:00,5,7370,178.81,58.26,0.35,92.51,691.86,837.77,43.57
2024-02-13 09:30:00,5,8117.68,202.06,70.6,1.81,100.14,732.28,878.24,39.01
2024-02-13 10:30:00,5,8438.11,182.39,105.56,6.26,111.58,760.35,906.36,46.1
2024-02-13 11:30:00,5,8438.11,119.81,178.22,23.25,127.79,799.65,951.25,53.2
2024-02-13 12:30:00,5,2723.69,27.72,124.75,70.81,225.07,410.26,462.32,4.75
2024-02-13 13:30:00,5,1949.31,12.74,95.96,103,171.66,323.11,362.55,2.98
2024-02-13 14:30:00,5,1922.61,8.49,93.22,120.16,158.31,316.28,354.78,4.94
2024-02-13 15:30:00,5,2109.53,6.09,97.33,123.02,150.68,327.13,369.34,9.88
2024-02-13 16:30:00,5,2590.18,4.58,117.9,105.86,143.05,352.72,401.88,18.49
2024-02-13 17:30:00,5,3070.83,2.29,145.32,72.96,137.33,374.56,430.22,26.09
2024-02-13 18:30:00,5,4486.08,13.08,194.67,10.55,133.51,448.91,527.82,44.08
2024-02-13 19:30:00,5,6248.47,57.22,186.44,0,127.79,565.56,681.67,62.82
2024-02-13 20:30:00,5,6835.94,71.53,163.14,0,122.07,634.96,771.52,68.9
2024-02-13 21:30:00,5,6568.91,67.95,138.46,0,108.72,652.36,790.76,63.84
2024-02-13 22:30:00,5,6088.26,59.9,113.79,0,83.92,642.64,773.57,44.58
2024-02-13 23:30:00,5,5126.95,47.39,91.85,0,56.27,581.1,692.44,23.81
2024-02-14 00:30:00,5,3845.21,29.95,74.03,0,33.86,482.95,564.46,10.89
2024-02-14 01:30:00,5,3017.43,18.55,60.32,0.04,27.42,416.24,479.12,8.04
2024-02-14 02:30:00,5,2563.48,12.96,51.41,0.13,26.23,373.92,426.08,7.47
2024-02-14 03:30:00,5,2269.74,9.61,44.55,0.38,25.75,338.7,383.38,7.41
2024-02-14 04:30:00,5,2109.53,8.61,41.47,0.5,26.23,309.31,349.77,7.73
2024-02-14 05:30:00,5,2162.93,11.96,41.13,0.25,28.61,296.14,336.12,8.87
2024-02-14 06:30:00,5,2590.18,26.38,42.5,0.03,37.19,316.88,365.23,13.55
2024-02-14 07:30:00,5,3738.4,62.58,45.93,0.01,51.5,377.59,448.74,21.53
2024-02-14 08:30:00,5,4646.3,99.24,49.35,0.54,60.56,417.12,504.11,24.83
2024-02-14 09:30:00,5,5020.14,109.97,52.09,3.17,66.76,430.8,522.46,27.11
2024-02-14 10:30:00,5,4753.11,86.72,66.49,11,70.57,422.42,513.14,32.42
2024-02-14 11:30:00,5,3952.03,43.81,81.57,36.48,69.62,386.63,466.15,32.93
2024-02-14 12:30:00,5,1001.36,3.35,25.02,147.34,41.01,162.54,180.88,6.59
2024-02-14 13:30:00,5,794.41,2.1,17.99,160.22,32.9,142.7,156.57,5.26
2024-02-14 14:30:00,5,821.11,1.9,19.88,164.51,36.24,151.21,165.78,6.02
2024-02-14 15:30:00,5,1134.87,2.99,37.01,145.91,51.02,181.06,201.03,10.39
2024-02-14 16:30:00,5,1602.17,3.97,63.75,105.86,65.8,210.98,238.78,16.72
2024-02-14 17:30:00,5,2002.72,2.57,91.85,59.37,70.57,221.21,254.29,21.79
2024-02-14 18:30:00,5,2616.88,3.8,117.9,11.98,70.57,243.22,286.96,30.65
2024-02-14 19:30:00,5,3311.16,20.79,106.93,0.13,66.76,283.29,344.2,40.02
2024-02-14 20:30:00,5,3578.19,28.39,90.48,0.01,58.65,306.34,378.38,36.48
2024-02-14 21:30:00,5,3631.59,30.85,78.83,0.01,52.45,319.76,397.34,27.36
2024-02-14 22:30:00,5,3791.81,35.76,70.6,0,49.11,330.44,412.66,22.55
2024-02-14 23:30:00,5,3524.78,36.21,63.75,0,40.53,308.12,384.73,15.83
2024-02-15 00:30:00,5,2803.8,27.72,56.21,0,29.56,254.86,314.23,9.5
2024-02-15 01:30:00,5,2269.74,18.1,48.67,0.03,26.23,220.09,266.89,7.98
2024-02-15 02:30:00,5,1949.31,11.62,43.87,0.16,25.27,202.92,241.83,7.41
2024-02-15 03:30:00,5,1789.09,8.61,40.44,0.33,25.27,196.88,232.07,7.22
2024-02-15 04:30:00,5,1762.39,9.72,36.67,0.2,25.27,200.46,234.25,7.41
2024-02-15 05:30:00,5,1869.2,14.75,34.62,0.05,27.42,210.29,245.03,8.11
2024-02-15 06:30:00,5,2296.45,29.06,34.96,0,34.81,240.74,282.94,11.65
2024-02-15 07:30:00,5,3337.86,61.69,39.76,0.01,48.16,302.82,364.58,17.99
2024-02-15 08:30:00,5,4165.65,92.98,45.93,0.82,57.7,343.41,418.23,22.55
2024-02-15 09:30:00,5,4219.06,88.51,55.52,5.36,65.8,345.9,421.68,26.85
2024-02-15 10:30:00,5,4272.46,70.63,74.03,17.17,76.29,359.3,438.82,34.45
2024-02-15 11:30:00,5,3898.62,38.44,93.22,51.5,87.74,364.33,441.12,33.94
2024-02-15 12:30:00,5,1508.71,5.59,42.5,165.94,77.25,192.1,220.68,14.95
2024-02-15 13:30:00,5,1121.52,3.13,27.76,188.83,58.65,151.89,172.21,12.41
2024-02-15 14:30:00,5,1054.76,2.35,24.68,194.55,52.93,147.88,166.35,13.3
2024-02-15 15:30:00,5,1228.33,2.85,34.27,180.24,58.17,158.6,179.55,17.23
2024-02-15 16:30:00,5,1562.12,3.58,53.47,145.91,65.8,172.32,198.36,21.79
2024-02-15 17:30:00,5,1815.8,2.18,74.03,104.43,67.71,173.07,202.54,24.83
2024-02-15 18:30:00,5,2349.85,0.19,101.45,49.35,68.66,188.3,227.58,31.41
2024-02-15 19:30:00,5,3044.13,2.18,115.16,10.28,67.71,227.68,284.58,40.53
2024-02-15 20:30:00,5,3337.86,7.82,102.82,1.61,61.99,258.08,326.09,45.09
2024-02-15 21:30:00,5,3417.97,10.95,91.85,0.68,56.74,282.15,353.86,43.06
2024-02-15 22:30:00,5,3524.78,13.97,85.68,0.3,52.93,301.45,376.88,35.97
2024-02-15 23:30:00,5,3257.75,13.41,79.51,0.31,42.92,288.08,357.92,23.56
2024-02-16 00:30:00,5,2643.59,8.05,70.6,1.05,31.47,247.25,302.17,13.05
2024-02-16 01:30:00,5,2243.04,3.63,61.69,3.22,27.66,226.45,271.1,9.63
2024-02-16 02:30:00,5,2056.12,2.04,54.84,5.28,26.7,220.54,260.58,8.36
2024-02-16 03:30:00,5,2002.72,2.21,50.04,4.92,26.23,220.65,259.42,7.66
2024-02-16 04:30:00,5,2029.42,4.58,47.3,2.15,26.46,226.18,265.18,7.73
2024-02-16 05:30:00,5,2216.34,11.96,45.93,0.34,28.37,239.68,281.3,8.74
2024-02-16 06:30:00,5,2830.51,33.08,45.93,0.01,36.72,280.14,332.79,13.43
2024-02-16 07:30:00,5,4219.06,79.57,50.72,0.01,52.93,363.14,440.88,21.79
2024-02-16 08:30:00,5,5393.98,125.17,56.89,1.07,63.9,416.27,511.26,26.35
2024-02-16 09:30:00,5,5714.42,130.53,67.86,5.54,71.53,428.35,527.53,30.91
2024-02-16 10:30:00,5,5767.82,100.14,100.08,18.06,82.97,449.62,554.63,41.04
2024-02-16 11:30:00,5,5233.76,48.73,128.87,60.8,91.55,455.55,559.86,39.52
2024-02-16 12:30:00,5,1842.5,7.71,58.95,173.09,100.14,205.29,242.6,16.72
2024-02-16 13:30:00,5,1161.58,4.53,36.33,181.67,74.39,135.51,158.74,12.03
2024-02-16 14:30:00,5,921.25,3.44,28.45,173.09,60.08,98.89,116.35,11.02
2024-02-16 15:30:00,5,1228.33,5.64,43.18,137.33,57.7,98,119.75,15.83
2024-02-16 16:30:00,5,1976.01,10.95,78.14,87.26,65.8,127.61,161.72,23.31
2024-02-16 17:30:00,5,2750.4,16.09,119.27,33.62,73.43,156.55,202.39,29.89
2024-02-16 18:30:00,5,3898.62,41.57,135.72,1.26,83.92,212.55,278.55,42.05
2024-02-16 19:30:00,5,5020.14,71.53,122.01,0,87.74,295.02,388.22,55.73
2024-02-16 20:30:00,5,5393.98,74.21,105.56,0,79.15,354.26,464.45,60.8
2024-02-16 21:30:00,5,5287.17,67.06,90.48,0,69.62,378,490.2,60.29
2024-02-16 22:30:00,5,5073.55,60.8,82.25,0,62.94,384.98,496.27,56.24
2024-02-16 23:30:00,5,4432.68,51.41,76.09,0,49.11,340.63,438.71,39.01
2024-02-17 00:30:00,5,3311.16,33.97,68.55,0,33.38,260.87,334.59,20.27
2024-02-17 01:30:00,5,2536.77,17.88,59.63,0.05,25.03,212.03,267.1,12.54
2024-02-17 02:30:00,5,2189.64,11.4,52.78,0.17,23.13,195.8,241.94,10.01
2024-02-17 03:30:00,5,2002.72,8.83,47.98,0.31,21.93,191.48,232.3,8.74
2024-02-17 04:30:00,5,1895.9,7.1,45.24,0.5,20.27,189.35,225.21,7.41
2024-02-17 05:30:00,5,1789.09,6.65,43.87,0.66,19.31,187.18,218.57,6.97
2024-02-17 06:30:00,5,1815.8,10.73,43.53,0.53,22.17,192.27,222.97,9.12
2024-02-17 07:30:00,5,2323.15,31.29,43.18,0.03,30.28,222.16,262.49,15.07
2024-02-17 08:30:00,5,2777.1,53.64,44.55,2.19,36.72,243.92,291.17,20.52
2024-02-17 09:30:00,5,2883.91,54.99,50.04,10.55,41.48,246.31,294.04,24.57
2024-02-17 10:30:00,5,2830.51,39.79,61.69,29.33,47.68,252.03,300.22,26.85
2024-02-17 11:30:00,5,2563.48,21.23,65.12,71.53,53.88,252.53,296.48,24.83
2024-02-17 12:30:00,5,867.84,3.44,21.93,151.63,47.21,113.05,126.83,8.36
2024-02-17 13:30:00,5,667.57,2.18,15.25,163.08,36.24,87.63,98.02,7.28
2024-02-17 14:30:00,5,627.52,1.93,14.74,164.51,32.42,76.62,86.42,7.73
2024-02-17 15:30:00,5,754.36,2.82,23.31,151.63,38.62,78.42,90.21,10.39
2024-02-17 16:30:00,5,1001.36,3.8,37.36,125.89,45.3,89.18,104.74,13.55
2024-02-17 17:30:00,5,1214.98,2.68,53.47,95.84,46.73,93.62,112.02,16.47
2024-02-17 18:30:00,5,2056.12,1.59,97.33,29.68,52.93,129,161.77,25.84
2024-02-17 19:30:00,5,3097.53,21.01,102.82,0.22,59.13,189.85,244.89,39.01
2024-02-17 20:30:00,5,3578.19,33.53,87.74,0,58.17,231.98,301.88,45.6
2024-02-17 21:30:00,5,3685,33.97,81.57,0,54.84,256.35,331.85,48.13
2024-02-17 22:30:00,5,3738.4,31.74,78.83,0.01,51.5,267.36,344.78,45.6
2024-02-17 23:30:00,5,3391.27,26.82,74.03,0.02,41.96,247.3,317.37,34.96
2024-02-18 00:30:00,5,2696.99,18.1,65.8,0.07,30.52,203.56,258.89,23.31
2024-02-18 01:30:00,5,2323.15,12.96,58.26,0.13,28.85,185.63,234.18,20.27
2024-02-18 02:30:00,5,2189.64,11.96,54.15,0.09,30.99,186.24,234,19.76
2024-02-18 03:30:00,5,2162.93,13.3,51.41,0.03,38.62,193.26,243,23.05
2024-02-18 04:30:00,5,2216.34,16.54,50.72,0.01,51.02,202.12,253.95,29.89
2024-02-18 05:30:00,5,2243.04,20.79,52.09,0,58.17,204.27,255.52,35.97
2024-02-18 06:30:00,5,2510.07,32.19,54.15,0,67.71,218.32,272.39,45.09
2024-02-18 07:30:00,5,3524.78,67.06,57.58,0.02,82.97,275.54,344.87,57.25
2024-02-18 08:30:00,5,4806.52,114.44,63.06,1.17,85.83,342.29,424.77,61.3
2024-02-18 09:30:00,5,5821.23,137.69,76.09,5.63,76.29,391.55,479.42,57.25
2024-02-18 10:30:00,5,6034.85,105.5,112.41,18.95,70.57,402.08,490.82,50.16
2024-02-18 11:30:00,5,5393.98,47.83,138.46,65.09,63.9,392,474.4,40.02
2024-02-18 12:30:00,5,1228.33,5.81,39.41,148.77,59.13,128.69,153.5,11.78
2024-02-18 13:30:00,5,841.14,3.13,24.33,168.8,45.3,106.06,125.05,10.64
2024-02-18 14:30:00,5,741,2.35,21.08,177.38,39.1,100.55,116.68,11.53
2024-02-18 15:30:00,5,847.82,2.74,28.45,167.37,41.48,103.36,119.66,14.06
2024-02-18 16:30:00,5,1108.17,2.99,42.16,145.91,44.35,113.41,131.9,17.73
2024-02-18 17:30:00,5,1348.5,1.61,55.52,118.73,42.92,120.07,140.59,20.77
2024-02-18 18:30:00,5,1588.82,0.09,64.43,92.98,42.44,131.11,155.21,24.07
2024-02-18 19:30:00,5,1708.98,0,62.38,84.4,38.62,146.75,175.28,27.11
2024-02-18 20:30:00,5,1695.63,0,57.58,82.97,33.86,158.69,188.88,28.63
2024-02-18 21:30:00,5,1548.77,0,49.35,82.25,27.66,160.64,190.06,28.12
2024-02-18 22:30:00,5,1401.9,0,41.47,80.82,25.75,159.15,187.12,25.33
2024-02-18 23:30:00,5,1228.33,0,35.99,80.11,25.03,158.09,182.57,20.01
2024-02-19 00:30:00,5,1041.41,0,29.82,80.11,22.65,153.18,172.86,15.71
2024-02-19 01:30:00,5,988.01,0,26.73,78.68,23.13,152.15,170.52,15.83
2024-02-19 02:30:00,5,921.25,0,23.65,77.96,22.41,150.53,168,15.83
2024-02-19 03:30:00,5,894.55,0,22.62,77.96,23.37,149.02,165.9,15.96
2024-02-19 04:30:00,5,867.84,0,22.28,78.68,24.08,147.26,163.62,15.83
2024-02-19 05:30:00,5,867.84,0,23.65,75.82,24.8,141.73,157.74,15.96
2024-02-19 06:30:00,5,947.95,0,28.79,67.23,27.42,137.96,156.01,17.48
2024-02-19 07:30:00,5,1174.93,0.03,41.13,50.78,32.9,138.11,160.59,20.52
2024-02-19 08:30:00,5,1268.39,1.69,48.67,44.35,37.19,130.17,154.39,20.77
2024-02-19 09:30:00,5,1081.47,4.97,38.73,60.8,39.1,114.97,137.28,17.73
2024-02-19 10:30:00,5,974.66,6.15,30.85,76.53,40.53,112.28,133.83,16.21
2024-02-19 11:30:00,5,881.2,4.92,25.7,103,41.01,115.56,136,14.31
2024-02-19 12:30:00,5,707.63,2.65,18.68,138.76,35.29,104.9,121.91,10.89
2024-02-19 13:30:00,5,660.9,1.93,16.11,154.5,32.9,103.01,118.58,10.26
2024-02-19 14:30:00,5,654.22,1.58,16.11,157.36,33.38,106.95,121.82,10.39
2024-02-19 15:30:00,5,680.92,1.44,18.51,155.93,35.29,113.47,128.34,10.89
2024-02-19 16:30:00,5,754.36,1.31,23.99,147.34,36.72,117.51,132.8,12.16
2024-02-19 17:30:00,5,834.47,0.61,31.53,131.61,37.19,115.47,131.32,13.81
2024-02-19 18:30:00,5,974.66,0.03,39.07,111.58,41.01,124.88,143.28,16.72
2024-02-19 19:30:00,5,1094.82,0,42.16,95.84,41.96,133.36,155.02,20.52
2024-02-19 20:30:00,5,1134.87,0,40.78,85.12,40.53,135.47,158.94,23.05
2024-02-19 21:30:00,5,1148.22,0,37.7,79.39,35.76,139.04,163.31,24.83
2024-02-19 22:30:00,5,1214.98,0,37.7,69.38,31.95,145.63,171.28,26.35
2024-02-19 23:30:00,5,1188.28,0,38.04,56.51,27.89,140.06,164.25,23.31
2024-02-20 00:30:00,5,1054.76,0,35.64,41.84,23.13,116.23,137.38,19.25
2024-02-20 01:30:00,5,934.6,0.02,34.62,30.04,21.46,85.31,106.92,19.25
2024-02-20 02:30:00,4,767.71,0.01,29.47,33.26,20.27,55.52,79.06,18.75
2024-02-20 03:30:00,4,761.03,0.01,27.42,36.84,20.74,50.26,77.92,18.49
2024-02-20 04:30:00,4,1001.36,0.12,34.96,23.96,25.03,66.12,100.19,19.51
2024-02-20 05:30:00,5,1441.96,3.8,47.98,5.81,31.95,95.79,139.36,19.51
2024-02-20 06:30:00,5,2536.77,31.29,56.21,0.02,49.59,167.66,232.3,27.11
2024-02-20 07:30:00,5,4486.08,90.3,63.75,0.02,75.34,299.52,398.54,41.04
2024-02-20 08:30:00,5,5607.6,132.32,65.8,1.01,90.6,375.63,493.16,43.06
2024-02-20 09:30:00,5,3311.16,67.95,63.06,8.05,94.41,262.12,340.64,31.41
2024-02-20 10:30:00,5,2616.88,42.47,59.63,20.38,78.2,244.9,310.85,30.15
2024-02-20 11:30:00,5,2243.04,26.38,61.01,43.27,76.29,239.49,297.8,27.87
2024-02-20 12:30:00,5,867.84,10.95,43.87,85.12,85.83,96.54,148.66,10.26
2024-02-20 13:30:00,4,687.6,5.64,30.85,114.44,54.84,60.59,111.68,8.11
2024-02-20 14:30:00,3,614.17,3.1,21.59,135.9,34.81,46.79,96.37,6.97
2024-02-20 15:30:00,4,1308.44,9.28,52.09,103,46.25,70.76,129.91,15.96
2024-02-20 16:30:00,5,2750.4,29.5,106.93,45.42,72.48,130.79,211.79,29.89
2024-02-20 17:30:00,5,4325.87,73.31,145.32,10.01,100.14,196.4,298.34,46.61
2024-02-20 18:30:00,5,6141.66,126.96,167.25,0.35,146.87,301.65,430.12,72.96
2024-02-20 19:30:00,5,8010.86,151.99,178.22,0,175.48,442.65,599.05,86.13
2024-02-20 20:30:00,5,9078.98,151.99,178.22,0,169.75,552.81,738.54,88.16
2024-02-20 21:30:00,5,8544.92,119.81,161.77,0,133.51,567.58,775.03,82.08
2024-02-20 22:30:00,5,7263.18,87.62,138.46,0,106.81,540.49,747.31,80.05
2024-02-20 23:30:00,5,5981.45,68.84,113.79,0,83.92,485.88,667.1,66.88
2024-02-21 00:30:00,5,4699.71,49.62,95.96,0,61.99,414.64,556.05,43.57
2024-02-21 01:30:00,5,3738.4,29.95,81.57,0,48.16,353,459.69,24.32
2024-02-21 02:30:00,5,2964.02,16.99,64.43,0.04,37.19,298.76,378.83,14.44
2024-02-21 03:30:00,5,2403.26,9.61,52.09,0.35,31.95,260.53,321.97,10.13
2024-02-21 04:30:00,5,2082.82,6.2,47.3,0.97,29.33,242.37,291.96,7.85
2024-02-21 05:30:00,5,1762.39,2.15,44.55,6.35,27.18,223.08,262.95,6.78
2024-02-21 06:30:00,5,1655.58,0.44,47.3,18.42,31.47,211.51,248.71,8.23
2024-02-21 07:30:00,5,2456.67,13.52,71.29,2.48,51.02,251.11,302.87,14.44
2024-02-21 08:30:00,5,3791.81,60.8,82.94,2.15,80.11,334.12,408.22,21.53
2024-02-21 09:30:00,5,4646.3,90.3,82.94,6.97,95.37,392.32,487.34,28.12
2024-02-21 10:30:00,5,4592.9,77.78,90.48,16.99,105.86,388.4,489.85,33.94
2024-02-21 11:30:00,5,3845.21,41.57,105.56,49.35,123.98,349.95,440.74,30.91
2024-02-21 12:30:00,5,1054.76,6.31,36.67,124.45,78.2,125.73,166.46,7.03
2024-02-21 13:30:00,4,654.22,2.6,19.02,147.34,45.3,69.95,101.8,5.76
2024-02-21 14:30:00,4,574.11,1.98,16.28,151.63,35.76,52.75,81.19,6.46
2024-02-21 15:30:00,4,961.3,4.64,37.36,127.32,50.07,66.54,99.61,12.16
2024-02-21 16:30:00,5,1642.23,8.72,72.66,84.4,70.57,96.5,138.99,19.76
2024-02-21 17:30:00,5,2243.04,10.39,108.3,36.12,80.11,117.68,167.61,25.84
2024-02-21 18:30:00,5,2857.21,17.43,124.75,2.26,88.69,144.72,204.88,33.94
2024-02-21 19:30:00,5,3364.56,29.95,109.67,0.01,91.55,176.88,251.82,43.06
2024-02-21 20:30:00,5,3337.86,30.85,93.22,0.01,83.92,188.35,272.93,47.62
2024-02-21 21:30:00,5,2910.61,24.81,78.83,0.02,75.34,174.45,255.07,47.62
2024-02-21 22:30:00,5,2429.96,16.76,70.6,0.19,66.76,151.61,218.94,45.09
2024-02-21 23:30:00,5,1815.8,4.47,63.75,6.08,49.59,118.8,168.5,36.48
2024-02-22 00:30:00,5,1562.12,0.68,57.58,13.23,37.19,109.34,148.5,28.88
2024-02-22 01:30:00,5,1815.8,2.79,59.63,4.6,38.15,134.38,174.59,28.37
2024-02-22 02:30:00,5,2082.82,9.39,61.69,0.33,41.96,163.83,209.17,27.87
2024-02-22 03:30:00,5,2269.74,13.19,69.23,0.09,48.64,186.46,237.33,26.35
2024-02-22 04:30:00,5,2349.85,14.75,76.77,0.08,62.94,201.89,256.14,27.11
2024-02-22 05:30:00,5,2510.07,20.12,84.31,0.03,86.78,225.43,282.83,32.42
2024-02-22 06:30:00,5,3204.35,42.02,93.22,0,122.07,279.11,347.85,45.6
2024-02-22 07:30:00,5,4592.9,89.41,98.71,0.03,135.42,373.2,467.96,55.73
2024-02-22 08:30:00,5,5607.6,128.75,105.56,1.88,125.89,424.04,536.26,51.17
2024-02-22 09:30:00,5,4753.11,94.77,109.67,11.35,116.35,355.38,449.78,39.52
2024-02-22 10:30:00,5,4592.9,67.95,113.79,28.61,104.9,358.35,454.26,40.02
2024-02-22 11:30:00,5,4005.43,35.76,109.67,65.8,95.37,350,440.03,36.48
2024-02-22 12:30:00,4,774.38,3.63,21.59,135.9,36.72,72.46,95.56,8.11
2024-02-22 13:30:00,4,534.06,1.93,13.02,141.62,25.27,47.36,65.51,6.46
2024-02-22 14:30:00,3,520.71,1.73,13.54,138.76,26.23,43.73,60.48,6.65
2024-02-22 15:30:00,4,660.9,2.79,23.99,125.89,40.05,50.37,68.57,8.99
2024-02-22 16:30:00,4,934.6,4.3,43.18,103,58.17,64.36,87.1,13.3
2024-02-22 17:30:00,4,1174.93,3.07,61.01,73.67,62.94,69.76,95.98,16.97
2024-02-22 18:30:00,5,1575.47,0.44,82.94,34.69,66.76,84.44,118.75,23.81
2024-02-22 19:30:00,5,2002.72,1.19,89.11,11.62,67.71,107.64,154.52,32.17
2024-02-22 20:30:00,5,2136.23,2.4,80.88,6.44,64.85,121.4,176.14,36.98
2024-02-22 21:30:00,5,2189.64,3.69,76.09,4.2,61.99,131.46,190.45,40.02
2024-02-22 22:30:00,5,2269.74,6.09,74.03,1.97,59.6,142.3,204.14,41.54
2024-02-22 23:30:00,5,2056.12,5.14,71.29,2.68,50.07,132.55,189.26,36.48
2024-02-23 00:30:00,5,1628.88,1.08,63.75,11.35,39.1,106.89,150.62,27.61
2024-02-23 01:30:00,5,1361.85,0.08,52.78,25.75,36.24,95.63,129.09,24.07
2024-02-23 02:30:00,5,1228.33,0.01,45.24,35.05,35.76,91.27,118.82,23.05
2024-02-23 03:30:00,5,1321.79,0.06,45.93,28.61,34.81,99.81,127.18,24.32
2024-02-23 04:30:00,5,1548.77,0.78,52.78,12.7,35.29,118.52,150.11,25.59
2024-02-23 05:30:00,5,1815.8,6.82,56.21,1.59,36.72,138.89,176.05,26.09
2024-02-23 06:30:00,5,2376.56,25.7,56.89,0.02,45.3,172.94,219.87,31.16
2024-02-23 07:30:00,5,3631.59,67.95,61.01,0.03,63.9,240.46,309.37,46.61
2024-02-23 08:30:00,5,4859.92,116.23,65.12,1.56,77.25,297.93,387.38,56.74
2024-02-23 09:30:00,5,4272.46,94.77,72.66,8.58,87.74,257.59,336,53.2
2024-02-23 10:30:00,5,4005.43,71.53,84.31,22.17,96.32,253,331.36,51.17
2024-02-23 11:30:00,5,3124.24,38.44,86.37,52.21,103,219.55,285.8,42.56
2024-02-23 12:30:00,4,827.79,5.59,27.08,121.59,49.59,59.25,77.65,11.02
2024-02-23 13:30:00,3,580.79,2.6,14.91,137.33,27.18,39.15,52.55,7.6
2024-02-23 14:30:00,4,547.41,2.21,14.05,140.19,24.32,34.44,46.85,7.6
2024-02-23 15:30:00,3,627.52,2.82,20.05,131.61,30.52,36.2,49.13,8.99
2024-02-23 16:30:00,3,847.82,4.02,35.3,111.58,43.39,46.28,61.89,12.16
2024-02-23 17:30:00,4,1081.47,2.88,54.15,85.12,50.54,54.75,73.01,15.33
2024-02-23 18:30:00,5,2029.42,3.74,102.82,21.64,64.85,96.59,131.06,27.61
2024-02-23 19:30:00,5,3231.05,28.16,106.93,0.04,76.29,165.67,226.16,43.06
2024-02-23 20:30:00,5,3738.4,37.55,93.22,0,75.34,211.9,288.34,51.17
2024-02-23 21:30:00,5,3791.81,34.42,87.05,0,70.57,231.63,312.49,54.21
2024-02-23 22:30:00,5,3738.4,32.63,83.63,0,66.76,235.83,318.39,53.2
2024-02-23 23:30:00,5,3231.05,25.93,79.51,0.02,54.36,201.76,276.73,45.09
2024-02-24 00:30:00,5,2563.48,19,72.66,0.04,41.48,158.54,218.51,33.94
2024-02-24 01:30:00,5,2510.07,21.23,67.17,0.01,37.19,158.23,213.96,29.39
2024-02-24 02:30:00,5,2803.8,26.82,67.17,0,41.01,185.87,244.43,29.64
2024-02-24 03:30:00,5,3150.94,31.29,70.6,0,50.07,217.62,280.45,32.42
2024-02-24 04:30:00,5,3391.27,33.97,76.09,0,65.8,242.82,307.62,37.49
2024-02-24 05:30:00,5,3578.19,35.32,85.68,0,83.92,260.6,324.62,43.06
2024-02-24 06:30:00,5,3845.21,43.81,95.96,0,110.63,281.7,347.75,52.69
2024-02-24 07:30:00,5,4806.52,81.36,101.45,0.03,141.14,343.08,425.09,68.9
2024-02-24 08:30:00,5,6248.47,139.47,104.19,0.68,152.59,428.03,529.69,80.05
2024-02-24 09:30:00,5,7156.37,173.45,105.56,2.48,144.96,478.7,590.61,76
2024-02-24 10:30:00,5,7583.62,164.51,122.01,7.24,144.96,509.53,626.94,70.93
2024-02-24 11:30:00,5,7690.43,110.86,178.22,27.18,148.77,562.75,683.81,64.85
2024-02-24 12:30:00,5,1668.93,16.99,84.31,89.41,143.05,129.06,159.28,14.82
2024-02-24 13:30:00,4,907.9,4.58,45.93,117.3,73.43,66.88,87.31,8.49
2024-02-24 14:30:00,4,781.06,2.32,37.01,124.45,54.84,53.17,71.22,7.73
2024-02-24 15:30:00,3,774.38,1.75,36.33,121.59,49.59,47.75,64.93,8.23
2024-02-24 16:30:00,4,947.95,2.21,47.98,107.29,57.22,58.24,77.52,10.39
2024-02-24 17:30:00,4,1161.58,1.42,65.12,87.26,63.9,70.48,92.31,12.92
2024-02-24 18:30:00,5,1735.69,0.18,98.71,46.49,73.43,101.93,132.73,20.27
2024-02-24 19:30:00,5,2376.56,0.59,119.27,15.74,72.48,143.39,186.36,29.13
2024-02-24 20:30:00,5,2456.67,1.38,105.56,9.03,55.79,157.69,204.79,32.17
2024-02-24 21:30:00,5,2510.07,7.49,87.74,2.59,44.35,167.41,217.59,36.98
2024-02-24 22:30:00,5,2990.72,26.6,74.03,0.02,45.3,199.32,260,43.57
2024-02-24 23:30:00,5,3391.27,45.6,67.17,0,45.3,224.64,290.68,43.57
2024-02-25 00:30:00,5,3391.27,53.64,64.43,0,41.96,224.04,286.33,36.48
2024-02-25 01:30:00,5,3417.97,54.54,64.43,0,45.78,232.35,292.92,34.96
2024-02-25 02:30:00,5,3738.4,58.11,68.55,0,60.08,266.77,329.35,38.5
2024-02-25 03:30:00,5,4325.87,66.16,82.25,0,91.55,322.45,390.74,51.68
2024-02-25 04:30:00,5,4539.49,68.84,90.48,0,114.44,344.24,415.4,60.29
2024-02-25 05:30:00,5,4165.65,61.69,90.48,0,120.16,314.31,382.63,63.33
2024-02-25 06:30:00,5,4005.43,60.8,89.11,0,123.98,294.18,363.31,72.96
2024-02-25 07:30:00,5,5126.95,96.56,97.33,0.04,162.12,361.8,450.51,99.3
2024-02-25 08:30:00,5,6835.94,151.99,115.16,1.72,211.72,480.35,591.65,125.65
2024-02-25 09:30:00,5,6942.75,137.69,137.09,10.64,196.46,511.73,616.39,96.26
2024-02-25 10:30:00,5,7049.56,92.09,178.22,36.84,173.57,555.66,670.21,77.01
2024-02-25 11:30:00,5,5821.23,35.76,174.11,113.01,150.68,524.35,632.91,53.2
2024-02-25 12:30:00,5,1188.28,8.83,60.32,124.45,125.89,107.17,133.43,10.77
2024-02-25 13:30:00,4,720.98,4.14,41.13,128.75,84.88,58.28,75.92,7.6
2024-02-25 14:30:00,4,674.25,2.65,41.13,128.75,80.11,50.54,67.25,7.79
2024-02-25 15:30:00,4,774.38,1.87,45.93,123.02,82.02,55.84,74.76,9.88
2024-02-25 16:30:00,4,1041.41,1.49,58.26,108.72,83.92,69.3,93.93,13.93
2024-02-25 17:30:00,5,1308.44,0.7,69.23,87.98,78.2,77.54,107.52,16.97
2024-02-25 18:30:00,5,1628.88,0.12,80.2,58.65,79.15,90.99,127.89,22.29
2024-02-25 19:30:00,5,2029.42,0.02,90.48,33.97,85.83,116.74,164.24,30.15
2024-02-25 20:30:00,5,2189.64,0.05,86.37,28.61,82.02,133.58,187.78,34.96
2024-02-25 21:30:00,5,2269.74,0.05,75.4,29.68,68.66,145.53,203.28,38.5
2024-02-25 22:30:00,5,2456.67,0.16,71.29,23.25,58.65,163.24,225.47,41.54
2024-02-25 23:30:00,5,2323.15,0.28,66.49,19.67,47.21,157.2,215.76,36.98
2024-02-26 00:30:00,5,1922.61,0.14,58.95,22.89,37.19,133.72,181.69,28.37
2024-02-26 01:30:00,5,1789.09,0.1,54.15,24.32,38.62,131.18,174.49,27.61
2024-02-26 02:30:00,5,1708.98,0.05,48.67,27.18,38.62,131.48,172.02,27.61
2024-02-26 03:30:00,5,1708.98,0.06,47.3,26.11,38.15,135.52,175.68,28.12
2024-02-26 04:30:00,5,1815.8,0.29,51.41,18.24,39.58,146.28,188.52,29.13
2024-02-26 05:30:00,5,2056.12,2.74,59.63,6.62,42.44,162.72,208.53,30.4
2024-02-26 06:30:00,5,2670.29,20.34,63.75,0.36,52.45,203.34,260.24,38.5
2024-02-26 07:30:00,5,4165.65,67.06,69.92,0.05,75.34,294.3,377.71,58.26
2024-02-26 08:30:00,5,5661.01,123.38,78.14,1.83,97.27,375.66,484.25,70.93
2024-02-26 09:30:00,5,6675.72,148.42,97.33,7.24,119.21,435.59,557.25,76
2024-02-26 10:30:00,5,7156.37,116.23,145.32,21.82,137.33,496.82,629.56,76
2024-02-26 11:30:00,5,6675.72,53.64,180.96,72.24,143.05,516.2,652.55,66.88
2024-02-26 12:30:00,5,1255.04,6.71,46.61,130.18,72.48,103.37,133.12,12.92
2024-02-26 13:30:00,4,761.03,3.27,27.42,144.48,47.21,65.74,86.06,8.36
2024-02-26 14:30:00,4,714.3,2.54,26.05,150.2,46.25,63.44,82.54,8.36
2024-02-26 15:30:00,5,1201.63,4.47,50.72,123.02,63.9,88.08,115.21,15.33
2024-02-26 16:30:00,5,2056.12,7.93,94.59,73.67,83.92,129.62,171.77,24.83
2024-02-26 17:30:00,5,2910.61,14.31,139.83,22.35,96.32,163.67,219.5,32.42
2024-02-26 18:30:00,5,4165.65,48.73,150.8,0.89,107.77,221.93,301.22,46.61
2024-02-26 19:30:00,5,5554.2,84.94,141.2,0,113.49,310.69,425.94,64.85
2024-02-26 20:30:00,5,6301.88,94.77,127.49,0,108.72,378.89,523.6,77.01
2024-02-26 21:30:00,5,6568.91,96.56,111.04,0,102.04,421.03,582.27,83.09
2024-02-26 22:30:00,5,6622.31,98.35,97.33,0,96.32,437.91,610.03,84.1
2024-02-26 23:30:00,5,5981.45,92.98,85.68,0,80.11,398.37,564.73,71.94
2024-02-27 00:30:00,5,4806.52,76.89,74.71,0,59.13,317.26,457.49,52.69
2024-02-27 01:30:00,5,3738.4,54.99,65.8,0,46.73,254.99,364.43,42.05
2024-02-27 02:30:00,5,2830.51,32.19,61.01,0,39.58,201.36,276.97,34.96
2024-02-27 03:30:00,5,1976.01,9.5,60.32,0.86,35.29,155.16,200.28,27.87
2024-02-27 04:30:00,5,1602.17,0.86,54.84,11.09,35.76,135.65,167.46,24.32
2024-02-27 05:30:00,5,1455.31,0.05,47.98,28.25,39.1,127.5,154.22,23.31
2024-02-27 06:30:00,5,1562.12,0.03,53.47,38.27,47.68,131.91,160.04,26.09
2024-02-27 07:30:00,5,2162.93,2.4,79.51,14.13,60.56,163.58,204.75,35.97
2024-02-27 08:30:00,5,2750.4,20.56,87.74,1.25,70.57,189.78,242.43,43.06
2024-02-27 09:30:00,5,2910.61,33.97,82.25,3.93,80.11,194.46,251.26,45.6
2024-02-27 10:30:00,5,2616.88,30.4,74.71,12.52,87.74,177.9,233.3,43.06
2024-02-27 11:30:00,5,1922.61,20.34,64.43,31.11,88.69,136.4,180.24,34.96
2024-02-27 12:30:00,4,807.76,7.04,31.19,104.43,52.45,53.45,69.52,14.06
2024-02-27 13:30:00,3,674.25,4.69,25.02,123.02,42.44,43.75,55.74,10.51
2024-02-27 14:30:00,3,667.57,3.8,23.99,131.61,41.48,47.39,59.08,9.88
2024-02-27 15:30:00,4,734.33,3.74,29.13,134.47,49.11,57.23,70.74,10.64
2024-02-27 16:30:00,4,921.25,3.97,43.18,118.73,62.94,72.67,90.36,12.92
2024-02-27 17:30:00,5,1094.82,2.49,58.26,97.27,70.57,78.53,99.73,15.07
2024-02-27 18:30:00,5,1415.25,0.26,74.03,66.52,76.29,86.88,114.36,20.27
2024-02-27 19:30:00,5,1615.52,0,76.77,50.78,76.29,94.14,129.77,25.59
2024-02-27 20:30:00,5,1562.12,0,70.6,47.92,71.53,92.28,131.38,27.61
2024-02-27 21:30:00,5,1562.12,0.01,70.6,40.41,69.62,97.22,137.93,29.89
2024-02-27 22:30:00,5,1708.98,0.05,72.66,29.68,65.8,110.38,155.12,32.42
2024-02-27 23:30:00,5,1642.23,0.08,69.23,26.46,55.79,109.52,152.84,29.39
2024-02-28 00:30:00,5,1401.9,0.03,59.63,30.4,44.82,98.09,134.34,23.31
2024-02-28 01:30:00,5,1295.09,0.01,50.04,36.12,39.1,98.58,128.61,21.28
2024-02-28 02:30:00,5,1255.04,0,43.18,40.05,34.33,103.59,129.4,20.52
2024-02-28 03:30:00,5,1214.98,0.01,38.73,40.05,30.99,106.21,129.6,18.49
2024-02-28 04:30:00,5,1174.93,0.01,37.36,36.84,30.28,101.67,123.71,14.82
2024-02-28 05:30:00,5,1201.63,0.04,40.1,31.11,31.47,98.05,120.15,11.78
2024-02-28 06:30:00,5,1428.6,0.66,50.72,19.13,37.19,109.16,135.95,13.3
2024-02-28 07:30:00,5,2002.72,8.83,65.8,3.17,48.64,139.54,178.75,21.28
2024-02-28 08:30:00,5,2349.85,26.82,63.06,9.21,57.22,156.15,202.17,27.11
2024-02-28 09:30:00,5,2162.93,27.94,55.52,26.11,63.9,148.3,190.85,27.87
2024-02-28 10:30:00,5,1976.01,22.58,50.72,45.06,67.71,148.83,190.39,28.12
2024-02-28 11:30:00,5,1655.58,13.75,44.55,78.68,66.76,145.58,182.46,24.83
2024-02-28 12:30:00,5,767.71,2.93,17.14,147.34,31.95,77.73,94.33,10.77
2024-02-28 13:30:00,4,620.84,2.01,12.85,155.93,24.32,60.84,73.6,8.74
2024-02-28 14:30:00,4,600.81,1.93,13.02,153.06,24.32,56.36,67.96,8.87
2024-02-28 15:30:00,4,620.84,1.9,14.91,150.2,26.46,56.54,67.9,9.37
2024-02-28 16:30:00,4,707.63,1.96,21.59,141.62,31.95,62.84,75.75,10.89
2024-02-28 17:30:00,4,827.79,1.19,31.19,125.89,35.76,68.44,83.3,12.92
2024-02-28 18:30:00,5,1348.5,0.15,58.95,85.12,46.73,92.62,117.42,20.52
2024-02-28 19:30:00,5,2002.72,0,80.2,48.64,55.79,130.55,171.1,30.65
2024-02-28 20:30:00,5,2296.45,0.04,82.94,31.11,55.79,158.3,208.28,36.98
2024-02-28 21:30:00,5,2376.56,0.21,80.88,21.28,52.93,172.07,225.02,40.53
2024-02-28 22:30:00,5,2269.74,0.27,74.71,18.95,48.64,170.78,221.22,40.02
2024-02-28 23:30:00,5,1895.9,0.12,63.06,24.32,40.05,146.73,187.33,33.94
2024-02-29 00:30:00,5,1388.55,0.01,47.98,35.41,30.52,116.18,143.92,25.59
2024-02-29 01:30:00,5,1161.58,0,37.7,42.92,27.89,105.28,127.7,21.79
2024-02-29 02:30:00,5,1081.47,0,32.9,46.49,27.42,103.31,123.75,20.27
2024-02-29 03:30:00,5,1028.06,0,29.82,47.92,26.94,102.69,121.87,19
2024-02-29 04:30:00,5,1001.36,0,28.79,46.49,28.13,103.83,122.14,18.24
2024-02-29 05:30:00,5,1041.41,0.01,31.53,41.84,31.47,108.57,127.15,17.73
2024-02-29 06:30:00,5,1281.74,0.14,43.18,30.04,39.1,123.57,146.6,20.27
2024-02-29 07:30:00,5,1842.5,4.08,65.8,9.57,51.5,153.43,187.69,27.36
2024-02-29 08:30:00,5,2269.74,22.35,67.17,14.66,61.04,170.12,211.24,31.41
2024-02-29 09:30:00,5,2269.74,27.27,64.43,34.33,69.62,169.94,211.45,31.16
2024-02-29 10:30:00,5,2162.93,21.46,62.38,61.51,78.2,171.84,212.78,30.4
2024-02-29 11:30:00,5,1922.61,13.75,56.89,103,84.88,171.42,209.43,27.11
2024-02-29 12:30:00,5,961.3,4.3,26.39,157.36,50.07,86.59,103.65,12.92
2024-02-29 13:30:00,4,794.41,2.91,20.56,171.66,41.01,71.93,85.25,10.89
2024-02-29 14:30:00,5,781.06,2.6,20.91,180.24,41.96,71.5,84.67,11.27
2024-02-29 15:30:00,4,841.14,2.96,26.39,171.66,45.3,70.43,84.61,12.41
2024-02-29 16:30:00,5,1094.82,4.02,43.18,148.77,56.74,80.89,99.13,15.83
2024-02-29 17:30:00,5,1375.2,3.32,65.12,115.87,64.85,90.27,112.7,19.25
2024-02-29 18:30:00,5,2723.69,5.76,131.61,28.61,81.06,149.82,196.41,34.45
2024-02-29 19:30:00,5,4486.08,43.36,138.46,0,94.41,248.16,332.85,54.21
2024-02-29 20:30:00,5,5233.76,61.69,117.9,0,91.55,309.55,419.34,63.84
2024-02-29 21:30:00,5,5447.39,64.37,104.19,0,84.88,337.57,457.6,66.88
2024-02-29 22:30:00,5,5340.58,62.58,95.96,0,80.11,343.67,469.32,66.88
2024-02-29 23:30:00,5,4646.3,54.99,87.74,0,67.71,305.9,423.25,56.74
2024-03-01 00:30:00,5,3685,41.13,80.88,0,53.41,245.27,343.13,41.54
2024-03-01 01:30:00,5,3204.35,30.85,76.09,0,51.98,225.21,310.1,35.97
2024-03-01 02:30:00,5,3070.83,26.38,74.03,0,56.27,229.73,308.14,34.96
2024-03-01 03:30:00,5,3070.83,25.26,71.29,0,60.08,239.82,314.52,35.46
2024-03-01 04:30:00,5,3124.24,27.27,68.55,0,60.56,252.81,325.65,35.46
2024-03-01 05:30:00,5,3337.86,35.32,68.55,0,63.9,275.65,348.52,36.98
2024-03-01 06:30:00,5,4058.84,58.11,71.29,0,76.29,326.22,407.51,44.58
2024-03-01 07:30:00,5,5500.79,108.18,76.09,0.05,95.37,417.03,518.88,60.29
2024-03-01 08:30:00,5,6835.94,164.51,85,1.22,108.72,491.87,611.5,67.89
2024-03-01 09:30:00,5,6942.75,169.87,104.19,1.39,116.35,499.25,608.69,58.77
2024-03-01 10:30:00,5,6355.29,148.42,130.24,2.53,135.42,484.93,575.71,47.62
2024-03-01 11:30:00,5,5073.55,110.86,175.48,4.2,194.55,450.86,516.52,33.44
2024-03-01 12:30:00,5,1375.2,7.04,95.96,54.36,83.92,111.47,130.02,10.89
2024-03-01 13:30:00,4,1028.06,6.09,67.86,70.81,66.76,60.01,74.77,10.64
2024-03-01 14:30:00,4,1094.82,11.06,70.6,53.64,93.46,57.24,73.16,12.29
2024-03-01 15:30:00,4,1308.44,25.48,95.96,24.32,177.38,69.23,90.25,15.07
2024-03-01 16:30:00,5,1575.47,42.47,137.09,8.23,247.96,93.3,119.22,16.72
2024-03-01 17:30:00,5,1842.5,39.34,175.48,1.83,230.79,141.17,168.17,15.71
2024-03-01 18:30:00,5,2082.82,27.49,174.11,0.06,179.29,194.27,223.34,15.96
2024-03-01 19:30:00,5,2136.23,17.88,141.2,0.12,139.24,204.32,237.75,20.77
2024-03-01 20:30:00,5,1895.9,2.88,94.59,10.55,92.51,164.78,199.63,26.09
2024-03-01 21:30:00,5,1495.36,0,52.78,47.21,56.27,108.89,140.01,26.35
2024-03-01 22:30:00,5,1321.79,0,45.24,53.64,46.25,86.91,116.05,25.59
2024-03-01 23:30:00,4,1134.87,0,41.81,50.07,38.15,69.15,93.19,22.55
2024-03-02 00:30:00,4,921.25,0,34.27,46.49,27.18,53.33,70.33,19.76
2024-03-02 01:30:00,4,821.11,0,27.76,43.99,20.27,51.56,65.75,20.27
2024-03-02 02:30:00,4,807.76,0,24.68,42.56,18.6,58.69,72.15,20.27
2024-03-02 03:30:00,4,827.79,0,22.62,48.64,18.84,74.32,85.14,15.45
2024-03-02 04:30:00,5,841.14,0,19.54,61.51,18.36,90.41,98.05,10.13
2024-03-02 05:30:00,5,801.09,0,16.96,69.38,16.69,88.99,94.01,6.71
2024-03-02 06:30:00,4,767.71,0,18.16,64.37,16.45,71.79,75.98,5.76
2024-03-02 07:30:00,4,934.6,0.02,30.5,43.63,21.7,68.88,76.14,7.54
2024-03-02 08:30:00,4,1214.98,0.91,47.3,21.1,28.37,71.41,82.79,9.75
2024-03-02 09:30:00,4,1335.14,5.87,47.3,20.21,32.9,70.51,83.97,10.77
2024-03-02 10:30:00,4,1148.22,7.15,34.62,44.35,30.99,63.44,74.32,9.88
2024-03-02 11:30:00,4,881.2,4.86,24.33,82.97,29.8,54.48,61.74,7.73
2024-03-02 12:30:00,3,500.68,1.82,12.85,117.3,23.37,27.59,30.32,3.17
2024-03-02 13:30:00,3,480.65,1.09,12.51,115.87,21.22,26.9,29.35,3.39
2024-03-02 14:30:00,3,480.65,0.46,13.02,111.58,20.27,29.77,32.34,4.05
2024-03-02 15:30:00,3,514.03,0.08,15.77,104.43,24.08,30.24,32.99,4.81
2024-03-02 16:30:00,3,574.11,0.1,18.85,91.55,21.93,29.5,32.39,5.13
2024-03-02 17:30:00,3,620.84,0.06,20.39,82.97,16.69,25.89,29.17,4.88
2024-03-02 18:30:00,3,707.63,0,21.93,80.82,17.17,31.3,35.46,4.75
2024-03-02 19:30:00,3,814.44,0,26.39,73.67,24.56,39.16,45.25,5.7
2024-03-02 20:30:00,3,854.49,0,33.59,64.37,36.24,40.77,48.3,5.95
2024-03-02 21:30:00,3,921.25,0,41.81,53.64,46.25,48.03,59.17,6.65
2024-03-02 22:30:00,4,1001.36,0,40.78,47.92,38.62,56.11,69.57,6.84
2024-03-02 23:30:00,4,947.95,0,34.62,47.21,27.18,50.86,61.75,5.57
2024-03-03 00:30:00,3,801.09,0,26.39,50.07,18.6,38.48,45.3,4.18
2024-03-03 01:30:00,3,747.68,0,21.76,50.78,15.97,35.04,41.36,4.02
2024-03-03 02:30:00,3,761.03,0,20.39,47.21,15.74,38.71,45.73,4.18
2024-03-03 03:30:00,4,907.9,0.02,23.99,32.9,16.45,51.25,60.2,4.56
2024-03-03 04:30:00,4,1108.17,0.29,29.82,16.09,18.6,67.78,79.53,5.45
2024-03-03 05:30:00,5,1361.85,3.38,34.62,3.62,22.89,85.88,101.14,7.54
2024-03-03 06:30:00,5,1922.61,19.22,35.64,0.09,33.38,122.17,148.18,12.79
2024-03-03 07:30:00,5,3204.35,57.22,40.1,0.06,50.07,201.42,251,20.77
2024-03-03 08:30:00,5,4219.06,89.41,46.61,2.1,61.99,263.05,329.4,28.88
2024-03-03 09:30:00,5,2376.56,38.44,54.15,19.13,81.06,161.92,199.38,20.27
2024-03-03 10:30:00,5,1976.01,22.8,56.89,48.64,84.88,154.98,190.02,18.75
2024-03-03 11:30:00,5,1815.8,14.08,58.95,97.27,93.46,173.29,208.46,17.23
2024-03-03 12:30:00,5,988.01,5.76,31.87,137.33,59.6,105.4,126.22,6.84
2024-03-03 13:30:00,4,667.57,2.63,17.65,161.65,35.76,69.18,85.72,4.88
2024-03-03 14:30:00,4,547.41,1.79,13.02,164.51,25.75,47.04,63.4,5.19
2024-03-03 15:30:00,4,494,1.77,13.02,148.77,21.93,30.32,48.82,5.83
2024-03-03 16:30:00,3,547.41,2.18,18.51,134.47,24.08,28.6,53.26,7.22
2024-03-03 17:30:00,3,627.52,1.69,26.05,120.16,26.23,30.4,60.35,8.99
2024-03-03 18:30:00,3,1014.71,0.37,49.35,85.12,38.15,47.06,84.23,15.2
2024-03-03 19:30:00,4,1455.31,0,61.01,55.07,48.16,71.74,117.41,22.29
2024-03-03 20:30:00,5,1628.88,0,57.58,43.27,46.25,84.74,135.99,26.35
2024-03-03 21:30:00,5,1588.82,0.01,52.78,38.98,39.58,86.42,140.22,28.12
2024-03-03 22:30:00,5,1482.01,0.01,47.3,37.91,34.81,81.43,133.6,28.12
2024-03-03 23:30:00,4,1268.39,0.01,42.5,36.84,30.52,68.63,114.75,25.08
2024-03-04 00:30:00,4,1174.93,0.07,42.5,28.25,26.7,63.03,103.21,22.04
2024-03-04 01:30:00,5,1375.2,0.75,48.67,11.8,28.85,81.95,123.52,23.05
2024-03-04 02:30:00,5,1562.12,2.88,47.3,3.49,29.09,102.86,148.51,16.97
2024-03-04 03:30:00,5,1695.63,7.49,41.47,0.53,28.85,120.83,169.86,11.4
2024-03-04 04:30:00,5,1842.5,14.31,35.99,0.04,31.47,138.63,185.96,10.39
2024-03-04 05:30:00,5,2082.82,23.92,33.24,0,37.67,158.6,204.6,12.29
2024-03-04 06:30:00,5,2643.59,41.57,33.93,0,49.11,195.17,241.48,18.24
2024-03-04 07:30:00,5,3685,74.21,36.67,0.02,62.94,257.28,316.86,25.08
2024-03-04 08:30:00,5,4165.65,92.09,41.81,0.53,67.71,273.53,339.89,24.57
2024-03-04 09:30:00,5,3337.86,58.11,56.89,8.31,73.43,211.19,268.27,22.8
2024-03-04 10:30:00,5,2670.29,27.49,67.86,32.9,82.02,176.24,230.47,26.35
2024-03-04 11:30:00,5,2056.12,12.52,61.69,86.55,92.51,153.91,203.16,23.05
2024-03-04 12:30:00,4,781.06,4.14,22.62,143.05,48.16,55.37,80.05,8.61
2024-03-04 13:30:00,4,580.79,2.68,15.94,155.93,34.81,37.18,58.14,6.84
2024-03-04 14:30:00,4,547.41,2.4,15.77,161.65,35.29,36.87,56.9,6.46
2024-03-04 15:30:00,4,587.46,2.71,19.54,160.22,41.96,41.62,61.77,7.09
2024-03-04 16:30:00,4,741,3.63,29.47,143.05,48.64,47.33,69.68,9.75
2024-03-04 17:30:00,3,907.9,3.49,41.13,113.01,47.68,47.42,72.1,13.05
2024-03-04 18:30:00,4,1321.79,1.27,63.06,69.38,51.02,63.78,96.84,20.01
2024-03-04 19:30:00,5,1842.5,0.03,77.46,36.84,55.79,95.33,142.71,28.88
2024-03-04 20:30:00,5,2082.82,0.12,76.09,25.39,55.31,118.09,176.54,34.45
2024-03-04 21:30:00,5,2136.23,0.23,71.29,21.1,53.88,129.73,193.18,37.49
2024-03-04 22:30:00,5,2029.42,0.25,67.17,20.21,51.02,130.28,193.15,38
2024-03-04 23:30:00,5,1735.69,0.13,59.63,24.68,42.92,111.83,166.09,32.93
2024-03-05 00:30:00,5,1295.09,0.02,47.98,35.41,33.38,85.45,125.85,25.84
2024-03-05 01:30:00,5,1068.12,0,38.73,45.06,29.8,76.64,108.08,23.31
2024-03-05 02:30:00,5,974.66,0,32.9,50.07,28.37,75.24,102.49,22.55
2024-03-05 03:30:00,4,921.25,0,29.82,51.5,27.42,74.69,99.72,22.55
2024-03-05 04:30:00,5,921.25,0,29.13,50.07,27.18,75.02,98.07,23.31
2024-03-05 05:30:00,5,961.3,0.01,31.19,46.49,28.13,77.56,99.21,24.57
2024-03-05 06:30:00,5,1148.22,0.04,40.1,38.62,32.9,88.37,112.7,27.87
2024-03-05 07:30:00,5,1602.17,1.59,58.95,21.99,42.44,112.37,145.44,33.44
2024-03-05 08:30:00,5,1869.2,12.96,60.32,28.25,50.54,123.83,161.84,35.46
2024-03-05 09:30:00,5,1815.8,17.21,53.47,50.07,58.17,125.46,162.91,34.45
2024-03-05 10:30:00,5,1762.39,14.53,50.04,79.39,64.85,133.61,171.51,32.93
2024-03-05 11:30:00,5,1535.42,9.16,42.84,124.45,67.71,135.11,168.87,28.37
2024-03-05 12:30:00,4,827.79,3.38,19.88,155.93,39.1,73.97,90.38,14.69
2024-03-05 13:30:00,4,700.95,2.49,15.42,163.08,30.99,59.27,71.24,11.78
2024-03-05 14:30:00,4,680.92,2.37,15.59,164.51,29.56,53.12,63.57,11.02
2024-03-05 15:30:00,4,714.3,2.54,19.02,154.5,31.47,49.76,60,11.27
2024-03-05 16:30:00,4,834.47,2.88,28.45,135.9,37.19,53.47,65.36,13.17
2024-03-05 17:30:00,4,974.66,1.93,41.13,111.58,41.01,57.36,71.27,15.33
2024-03-05 18:30:00,5,1321.79,0.27,58.95,79.39,47.21,75.15,95.76,20.77
2024-03-05 19:30:00,5,1815.8,0,72.66,52.93,54.36,108.59,141.95,29.13
2024-03-05 20:30:00,5,2109.53,0,74.03,41.13,55.79,135.76,178.87,34.96
2024-03-05 21:30:00,5,2243.04,0.01,71.97,36.48,54.84,152.33,200.54,38.5
2024-03-05 22:30:00,5,2136.23,0.01,65.8,36.84,49.59,152.23,199.49,38
2024-03-05 23:30:00,5,1789.09,0.01,55.52,42.56,39.1,130.06,167.97,32.93
2024-03-06 00:30:00,5,1348.5,0,41.81,52.93,29.56,101.98,126.58,25.84
2024-03-06 01:30:00,5,1148.22,0,34.27,59.37,27.42,93.21,112.46,23.56
2024-03-06 02:30:00,5,1094.82,0,31.19,61.51,27.66,92.89,110.74,22.55
2024-03-06 03:30:00,5,1081.47,0,29.82,60.08,26.94,93.73,111.31,22.04
2024-03-06 04:30:00,5,1108.17,0,30.5,55.07,26.94,96.15,113.72,22.55
2024-03-06 05:30:00,5,1174.93,0.01,34.96,46.49,29.09,101.61,120.1,23.31
2024-03-06 06:30:00,5,1441.96,0.18,47.98,30.4,36.24,118.23,141.88,27.11
2024-03-06 07:30:00,5,2029.42,5.59,69.92,7.78,50.07,152.47,188.53,34.96
2024-03-06 08:30:00,5,2483.37,25.7,70.6,10.46,62.94,174.94,219.47,38.5
2024-03-06 09:30:00,5,2456.67,30.4,67.86,28.25,75.34,176.66,220.81,38
2024-03-06 10:30:00,5,2269.74,22.13,65.12,57.22,81.06,176.73,219.5,36.48
2024-03-06 11:30:00,5,1895.9,11.73,55.52,110.15,80.11,168.44,206.56,31.92
2024-03-06 12:30:00,5,934.6,3.16,21.59,168.8,44.82,90.77,107.88,16.47
2024-03-06 13:30:00,5,801.09,2.37,17.14,180.24,36.72,74.61,87.75,13.55
2024-03-06 14:30:00,5,807.76,2.49,18.85,183.11,38.62,72.76,85.53,13.43
2024-03-06 15:30:00,4,881.2,2.74,24.68,177.38,42.92,74.79,88.43,14.44
2024-03-06 16:30:00,5,1068.12,2.74,39.07,155.93,50.54,83.2,99.6,17.23
2024-03-06 17:30:00,5,1295.09,1.42,58.95,124.45,56.27,90.48,110.14,20.01
2024-03-06 18:30:00,5,2429.96,1.16,120.64,43.27,67.71,143.02,182.43,32.17
2024-03-06 19:30:00,5,4058.84,28.16,145.32,0.19,76.29,238.05,311.82,49.14
2024-03-06 20:30:00,5,4913.33,52.75,134.35,0,70.57,302.58,397.66,56.74
2024-03-06 21:30:00,5,5020.14,58.11,127.49,0,61.99,324.26,424.87,57.25
2024-03-06 22:30:00,5,5126.95,64.37,119.27,0,61.99,342.11,447.41,55.22
2024-03-06 23:30:00,5,5020.14,67.95,111.04,0,60.56,338.06,442.5,47.62
2024-03-07 00:30:00,5,4325.87,59.01,101.45,0,54.36,295.96,386.5,38
2024-03-07 01:30:00,5,3791.81,44.7,91.85,0,51.5,269.92,349.34,34.45
2024-03-07 02:30:00,5,3471.37,33.97,85.68,0,52.45,261.77,335.65,35.46
2024-03-07 03:30:00,5,3177.64,25.03,81.57,0,51.98,252.35,322.49,38.5
2024-03-07 04:30:00,5,2857.21,19.67,75.4,0,44.82,235.16,299.69,35.97
2024-03-07 05:30:00,5,2670.29,20.56,69.23,0,37.67,223.09,282.02,30.15
2024-03-07 06:30:00,5,3017.43,34.42,65.8,0,39.1,240.79,303.47,30.4
2024-03-07 07:30:00,5,4112.24,72.42,65.8,0.18,53.41,298.14,380.49,44.08
2024-03-07 08:30:00,5,4966.74,107.29,69.92,3.4,64.85,331.16,425.81,54.72
2024-03-07 09:30:00,5,4005.43,63.48,91.85,21.28,73.43,273.83,347.52,51.68
2024-03-07 10:30:00,5,3791.81,35.76,105.56,64.37,86.78,284.08,355.15,47.62
2024-03-07 11:30:00,5,3124.24,14.98,87.74,147.34,96.32,280.42,342.35,39.01
2024-03-07 12:30:00,5,1161.58,3.69,29.13,191.69,58.17,120.8,145.13,17.73
2024-03-07 13:30:00,5,754.36,2.26,16.96,183.11,38.15,73.21,89.51,12.16
2024-03-07 14:30:00,4,647.54,1.98,15.25,170.23,31.95,54.41,68.33,10.89
2024-03-07 15:30:00,4,620.84,2.29,17.65,148.77,30.99,40.96,53.89,10.51
2024-03-07 16:30:00,3,767.71,3.32,29.13,125.89,38.62,42.77,57.74,12.41
2024-03-07 17:30:00,3,934.6,2.71,42.84,101.57,42.92,47.33,64.87,15.07
2024-03-07 18:30:00,4,1321.79,0.44,63.06,69.38,50.07,66.65,91.52,21.28
2024-03-07 19:30:00,5,1735.69,0,72.66,45.06,54.84,93.77,130.34,28.88
2024-03-07 20:30:00,5,1842.5,0.01,67.17,38.98,51.98,104.84,148.45,32.17
2024-03-07 21:30:00,5,1762.39,0,58.95,42.92,49.11,106.01,151.36,32.42
2024-03-07 22:30:00,5,1708.98,0,55.52,45.78,49.59,106.92,152.97,31.66
2024-03-07 23:30:00,5,1495.36,0,52.78,47.21,47.21,95.46,137.2,27.36
2024-03-08 00:30:00,5,1268.39,0,50.72,44.35,41.96,82.19,116.43,22.29
2024-03-08 01:30:00,5,1321.79,0.01,52.09,36.48,39.1,87.19,119.79,22.04
2024-03-08 02:30:00,5,1441.96,0.03,54.84,28.97,38.15,98.37,132.77,22.8
2024-03-08 03:30:00,5,1575.47,0.13,58.26,20.92,37.19,109.94,148.24,23.05
2024-03-08 04:30:00,5,1628.88,0.52,58.95,12.87,35.29,117.5,157.32,21.03
2024-03-08 05:30:00,5,1642.23,1.82,57.58,6.35,33.38,120.78,158.04,19.25
2024-03-08 06:30:00,5,1789.09,7.93,56.89,1.97,36.24,127.59,164.5,23.31
2024-03-08 07:30:00,5,2483.37,30.85,57.58,0.4,47.21,161.69,210.83,33.94
2024-03-08 08:30:00,5,3097.53,54.09,58.26,5.9,56.27,185.93,245.43,40.53
2024-03-08 09:30:00,5,2723.69,38.44,65.8,25.75,67.71,168.6,222.51,38
2024-03-08 10:30:00,5,2456.67,23.02,67.86,62.94,75.34,170.51,224.88,35.97
2024-03-08 11:30:00,5,2029.42,11.62,58.95,123.02,79.15,168.04,217.23,30.15
2024-03-08 12:30:00,4,734.33,2.65,18.34,165.94,38.62,64.92,90.78,10.89
2024-03-08 13:30:00,4,567.44,1.66,12.17,170.23,26.23,46.33,70.1,9.25
2024-03-08 14:30:00,4,560.76,1.62,12.51,165.94,24.32,42.72,66.32,9.5
2024-03-08 15:30:00,4,634.19,2.1,17.82,157.36,29.33,45.78,70.71,10.89
2024-03-08 16:30:00,4,821.11,2.85,30.16,141.62,39.1,55.51,82.88,13.55
2024-03-08 17:30:00,4,1028.06,2.15,45.24,117.3,44.35,62.84,92.66,16.47
2024-03-08 18:30:00,5,1428.6,0.34,66.49,79.39,52.45,82.12,118.69,22.55
2024-03-08 19:30:00,5,1895.9,0,76.77,49.35,56.27,110.36,157.99,30.4
2024-03-08 20:30:00,5,2056.12,0,71.97,40.05,52.93,127.63,182.59,34.96
2024-03-08 21:30:00,5,2056.12,0.01,65.8,38.27,50.54,136.51,193.8,36.98
2024-03-08 22:30:00,5,1976.01,0.01,61.69,40.41,48.64,137.5,194.67,35.97
2024-03-08 23:30:00,5,1695.63,0,54.15,47.21,41.96,123.16,173.69,30.91
2024-03-09 00:30:00,5,1281.74,0,41.81,59.37,32.42,98.67,136.05,23.56
2024-03-09 01:30:00,5,1001.36,0,29.47,72.24,24.8,84.8,111.47,19.76
2024-03-09 02:30:00,5,894.55,0,23.65,77.96,22.17,79.26,99.99,18.75
2024-03-09 03:30:00,5,847.82,0,21.08,79.39,21.22,77.31,94.49,18.49
2024-03-09 04:30:00,5,854.49,0,20.73,76.53,20.98,79,94.05,19
2024-03-09 05:30:00,5,894.55,0,22.28,73.67,21.93,82.79,97.09,19.76
2024-03-09 06:30:00,5,1028.06,0,28.1,70.1,25.51,91.34,107.65,21.53
2024-03-09 07:30:00,5,1335.14,0.29,42.5,61.51,32.42,107.5,129.94,25.33
2024-03-09 08:30:00,5,1508.71,4.36,48.67,66.52,37.19,117.54,142.82,26.6
2024-03-09 09:30:00,5,1495.36,7.49,43.18,88.69,41.48,122.99,148.14,26.09
2024-03-09 10:30:00,5,1428.6,6.37,36.33,123.02,46.25,130.26,155.47,24.57
2024-03-09 11:30:00,5,1241.68,3.86,26.73,168.8,46.73,131.48,153.63,21.53
2024-03-09 12:30:00,5,720.98,1.42,11.14,185.97,26.46,75.22,86.96,13.17
2024-03-09 13:30:00,5,607.49,1.22,9.42,181.67,22.17,57.07,66.45,11.53
2024-03-09 14:30:00,5,587.46,1.22,9.94,180.24,22.89,52.56,61.68,11.65
2024-03-09 15:30:00,4,634.19,1.48,13.71,175.95,26.94,54.09,64.2,12.54
2024-03-09 16:30:00,4,774.38,1.87,22.96,161.65,33.38,60.36,72.94,14.44
2024-03-09 17:30:00,4,934.6,1.31,34.96,140.19,37.19,64.48,79.51,16.72
2024-03-09 18:30:00,5,1735.69,0.35,77.46,75.82,47.68,98.53,127.59,25.59
2024-03-09 19:30:00,5,2803.8,1.69,112.41,14.48,56.27,158.59,210.93,37.49
2024-03-09 20:30:00,5,3364.56,12.96,102.82,0.57,54.84,202.24,270.76,44.58
2024-03-09 21:30:00,5,3578.19,21.46,87.74,0.05,51.02,227.04,303.92,47.62
2024-03-09 22:30:00,5,3471.37,23.47,76.77,0.02,46.25,227.55,302.53,46.61
2024-03-09 23:30:00,5,2937.32,18.55,67.86,0.07,36.24,193.86,254.87,39.52
2024-03-10 00:30:00,5,2136.23,7.6,58.95,1.08,25.75,143.49,184.53,29.39
2024-03-10 01:30:00,5,1655.58,1.2,47.98,8.05,21.93,116.67,146.39,24.83
2024-03-10 02:30:00,5,1388.55,0.09,37.7,21.1,20.98,104.66,128.94,22.29
2024-03-10 03:30:00,5,1214.98,0.01,30.85,32.19,20.03,96.59,117.79,20.77
2024-03-10 04:30:00,5,1148.22,0.01,29.13,33.97,19.79,93.83,113.63,20.52
2024-03-10 05:30:00,5,1161.58,0.04,31.19,30.04,20.5,95.2,114.62,21.03
2024-03-10 06:30:00,5,1388.55,0.57,40.78,18.6,25.03,107.53,130.76,23.81
2024-03-10 07:30:00,5,1922.61,9.05,54.84,5.01,34.81,136.77,171.33,30.4
2024-03-10 08:30:00,5,2376.56,27.27,56.21,15.02,41.96,158.57,201.07,33.44
2024-03-10 09:30:00,5,2563.48,29.5,63.75,36.12,48.16,174.46,220.75,33.44
2024-03-10 10:30:00,5,2643.59,19.89,71.97,82.97,54.84,198.21,247.79,32.42
2024-03-10 11:30:00,5,2376.56,8.83,58.95,170.23,58.65,217.92,263.33,27.87
2024-03-10 12:30:00,5,847.82,2.01,17.65,208.85,37.19,91.68,106.97,11.27
2024-03-10 13:30:00,5,667.57,1.48,13.54,208.85,30.52,69.73,81.51,9.75
2024-03-10 14:30:00,5,667.57,1.48,14.91,214.58,32.42,67.12,78.74,10.26
2024-03-10 15:30:00,5,754.36,1.79,20.91,208.85,37.19,68.92,81.89,11.78
2024-03-10 16:30:00,5,961.3,2.21,34.62,188.83,46.73,80.09,96.32,14.19
2024-03-10 17:30:00,5,1174.93,1.55,51.41,158.79,53.88,86.46,105.36,16.72
2024-03-10 18:30:00,5,2136.23,0.14,101.45,81.54,69.62,128.44,162.82,27.61
2024-03-10 19:30:00,5,3471.37,3.21,148.06,11.27,91.55,206.49,266.4,44.08
2024-03-10 20:30:00,5,4379.27,16.76,150.8,0.14,111.58,272.35,350.91,58.26
2024-03-10 21:30:00,5,4966.74,22.35,152.17,0.03,133.51,326.33,412.4,68.9
2024-03-10 22:30:00,5,5447.39,29.06,153.54,0,143.05,378.6,471.16,68.9
2024-03-10 23:30:00,5,5767.82,33.53,153.54,0,129.7,409.31,504.55,60.8
2024-03-11 00:30:00,5,5874.63,30.4,156.28,0,104.9,419.92,515.92,50.66
2024-03-11 01:30:00,5,5928.04,33.53,148.06,0,91.55,433.91,540.07,47.12
2024-03-11 02:30:00,5,5767.82,36.21,130.24,0,80.11,427.88,543.27,44.08
2024-03-11 03:30:00,5,5447.39,38.89,111.04,0,74.39,410.6,528.76,43.06
2024-03-11 04:30:00,5,4966.74,39.34,91.85,0,71.53,381.64,494.21,42.56
2024-03-11 05:30:00,5,4272.46,36.66,76.77,0,70.57,338.8,439.26,42.56
2024-03-11 06:30:00,5,3898.62,40.23,66.49,0,73.43,307.3,398.39,46.1
2024-03-11 07:30:00,5,4699.71,72.42,68.55,0.17,86.78,350.41,451.77,58.77
2024-03-11 08:30:00,5,5928.04,112.65,86.37,2.84,102.04,420.28,534.83,66.88
2024-03-11 09:30:00,5,4806.52,59.01,128.87,25.39,109.67,365.3,449.39,49.65
2024-03-11 10:30:00,5,4432.68,30.4,148.06,86.55,120.16,366.17,441.88,43.06
2024-03-11 11:30:00,5,4005.43,13.41,134.35,203.13,131.61,397.22,462.6,34.96
2024-03-11 12:30:00,5,1241.68,4.08,43.87,214.58,75.34,160.52,183.41,9.25
2024-03-11 13:30:00,5,814.44,1.76,21.08,226.02,42.92,107.43,125.73,8.74
2024-03-11 14:30:00,5,761.03,1.34,18.68,234.6,38.15,98.54,116.49,9.63
2024-03-11 15:30:00,5,834.47,1.48,25.36,223.16,43.39,99.04,118.39,11.4
2024-03-11 16:30:00,5,1068.12,1.77,42.16,200.27,57.22,111.9,134.97,14.19
2024-03-11 17:30:00,5,1321.79,1.06,61.01,167.37,66.76,119.37,146.17,17.23
2024-03-11 18:30:00,5,2376.56,0.16,113.79,87.26,84.88,169.35,213.9,29.64
2024-03-11 19:30:00,5,4058.84,3.49,167.25,11.98,109.67,270.75,348.36,49.14
2024-03-11 20:30:00,5,5233.76,22.8,159.03,0.06,116.35,360.41,466.43,63.33
2024-03-11 21:30:00,5,5340.58,28.39,131.61,0.01,103,381.37,502.88,65.86
2024-03-11 22:30:00,5,4325.87,22.58,95.96,0.05,82.97,316.14,430.02,58.26
2024-03-11 23:30:00,5,2937.32,8.27,74.03,3.17,61.99,221.16,307.68,44.08
2024-03-12 00:30:00,5,2002.72,0.28,58.95,16.45,45.3,165.39,225.43,31.16
2024-03-12 01:30:00,5,1922.61,0.27,54.15,15.74,40.05,166.44,219.54,28.63
2024-03-12 02:30:00,5,1949.31,0.63,51.41,10.82,38.15,175.25,226.43,28.12
2024-03-12 03:30:00,5,2029.42,2.37,50.72,4.07,39.58,186.12,237.94,27.11
2024-03-12 04:30:00,5,2136.23,7.49,48.67,0.6,41.01,195.58,248.12,25.08
2024-03-12 05:30:00,5,2323.15,16.32,47.98,0.04,43.87,209.92,264.71,24.07
2024-03-12 06:30:00,5,2883.91,34.42,49.35,0,53.41,242.81,307.78,31.41
2024-03-12 07:30:00,5,4112.24,74.21,53.47,0.15,71.53,309.48,397.71,50.16
2024-03-12 08:30:00,5,5073.55,107.29,61.01,2.35,83.92,349.94,456.73,57.76
2024-03-12 09:30:00,5,4005.43,58.11,86.37,18.42,97.27,303.96,385.43,45.09
2024-03-12 10:30:00,5,3471.37,27.27,95.96,66.52,104.9,304.41,378.08,38
2024-03-12 11:30:00,5,2643.59,10.39,74.03,153.06,101.09,279.73,339.41,28.63
2024-03-12 12:30:00,5,754.36,2.04,17.99,185.97,43.87,81.97,103.88,10.39
2024-03-12 13:30:00,4,560.76,1.3,11.31,178.81,26.7,54.93,73.82,9.37
2024-03-12 14:30:00,4,547.41,1.34,12,170.23,25.51,50.59,69.72,9.25
2024-03-12 15:30:00,4,567.44,1.47,14.57,157.36,26.7,48.31,68.19,9.5
2024-03-12 16:30:00,4,640.87,1.68,21.08,143.05,30.52,49.8,71.48,10.89
2024-03-12 17:30:00,4,741,1.13,29.47,123.02,32.9,51.45,75.35,12.54
2024-03-12 18:30:00,5,1642.23,0.36,78.83,57.22,50.07,86.95,126.68,24.32
2024-03-12 19:30:00,5,2696.99,5.09,108.3,5.54,65.8,141.96,205.9,38.5
2024-03-12 20:30:00,5,3177.64,18.55,91.85,0.08,68.66,175.4,256.11,46.1
2024-03-12 21:30:00,5,3311.16,24.81,79.51,0.01,66.76,192.12,280.97,49.65
2024-03-12 22:30:00,5,3204.35,25.26,72.66,0.01,63.9,189.38,279.27,49.14
2024-03-12 23:30:00,5,2590.18,17.88,66.49,0.11,52.45,151.19,226.23,40.53
2024-03-13 00:30:00,5,2029.42,13.19,59.63,0.13,43.39,116.42,175.86,31.66
2024-03-13 01:30:00,5,2056.12,16.54,55.52,0.03,49.11,120.17,177.83,32.93
2024-03-13 02:30:00,5,2162.93,18.78,54.15,0.01,60.56,132.36,190.52,36.98
2024-03-13 03:30:00,5,2136.23,17.66,54.84,0.01,65.8,137.79,191.55,39.52
2024-03-13 04:30:00,5,2002.72,16.09,50.72,0.01,62.94,134.8,181.47,38.5
2024-03-13 05:30:00,5,1949.31,18.78,45.24,0.01,54.36,134.79,177.61,32.42
2024-03-13 06:30:00,5,2403.26,34.42,44.55,0,46.73,161.25,210.94,24.57
2024-03-13 07:30:00,5,3631.59,75.1,50.04,0.2,61.99,226.13,298.61,39.52
2024-03-13 08:30:00,5,4753.11,118.02,59.63,2.68,76.29,272.7,363.86,52.69
2024-03-13 09:30:00,5,4272.46,86.72,90.48,14.84,85.83,245.95,325.24,48.64
2024-03-13 10:30:00,5,4325.87,51.86,132.98,53.64,93.46,267.15,347.37,46.1
2024-03-13 11:30:00,5,4112.24,21.68,142.57,153.06,96.32,296.25,373.65,38.5
2024-03-13 12:30:00,4,854.49,2.93,24.68,175.95,38.62,66.35,86.97,10.89
2024-03-13 13:30:00,4,547.41,1.42,12.34,167.37,22.41,41.68,59.1,7.73
2024-03-13 14:30:00,4,520.71,1.3,12.51,158.79,20.74,38.32,55.92,7.54
2024-03-13 15:30:00,4,894.55,3.44,34.62,137.33,39.1,54.43,78.09,13.17
2024-03-13 16:30:00,5,1588.82,6.65,74.71,105.86,67.71,87.64,121.31,21.53
2024-03-13 17:30:00,5,2510.07,8.49,131.61,55.79,95.37,131.75,176.12,29.89
2024-03-13 18:30:00,5,3364.56,6.48,165.88,10.37,100.14,163.2,218.28,36.98
2024-03-13 19:30:00,5,3791.81,14.31,152.17,0.24,93.46,181.91,250.5,42.56
2024-03-13 20:30:00,5,3738.4,19.89,130.24,0.04,88.69,193.21,269.94,45.6
2024-03-13 21:30:00,5,3150.94,11.62,109.67,0.65,74.39,177.07,251.01,42.05
2024-03-13 22:30:00,5,2563.48,1.49,90.48,10.28,64.85,162.52,230.41,37.49
2024-03-13 23:30:00,5,2082.82,0.04,69.23,29.33,56.74,146.42,201.97,30.91
2024-03-14 00:30:00,5,1388.55,0,46.61,50.07,46.25,106.87,140.77,23.56
2024-03-14 01:30:00,5,1121.52,0,35.99,54.36,38.15,86.61,110.37,22.29
2024-03-14 02:30:00,4,988.01,0,30.5,57.22,34.33,74.98,94.56,21.53
2024-03-14 03:30:00,5,1054.76,0,32.56,50.78,34.33,77.59,98.24,22.29
2024-03-14 04:30:00,5,1321.79,0.01,40.78,35.76,36.24,94.58,121.25,24.57
2024-03-14 05:30:00,5,1682.28,0.61,54.15,16.63,41.48,118.29,153.93,27.87
2024-03-14 06:30:00,5,2429.96,14.53,65.12,1.34,53.88,163.36,216.84,37.49
2024-03-14 07:30:00,5,3952.03,60.8,67.17,0.31,77.25,250.48,334.03,56.24
2024-03-14 08:30:00,5,4859.92,97.45,74.03,4.02,98.23,298.97,395.09,63.33
2024-03-14 09:30:00,5,3524.78,58.11,87.74,20.21,129.7,220.38,288.09,51.68
2024-03-14 10:30:00,5,3337.86,38,105.56,54.36,150.68,226.92,295.5,49.65
2024-03-14 11:30:00,5,3124.24,18.33,108.3,128.75,156.4,249.92,323.68,43.57
2024-03-14 12:30:00,5,1148.22,9.16,61.01,148.77,148.77,110.18,145.48,13.68
2024-03-14 13:30:00,5,814.44,4.53,38.39,177.38,103.95,87.71,117.88,8.99
2024-03-14 14:30:00,5,761.03,2.71,30.5,200.27,84.88,84.58,114.64,8.87
2024-03-14 15:30:00,5,727.65,1.65,24.33,211.72,64.85,77.97,107.8,9.12
2024-03-14 16:30:00,5,727.65,1.17,24.33,200.27,51.5,73.2,102.91,9.5
2024-03-14 17:30:00,5,754.36,0.61,29.13,183.11,50.54,72.42,101.55,9.88
2024-03-14 18:30:00,5,1134.87,0.09,52.09,143.05,71.53,94.87,129.7,15.58
2024-03-14 19:30:00,5,1455.31,0,61.01,101.57,77.25,108.43,151.29,22.04
2024-03-14 20:30:00,5,1455.31,0,54.15,77.96,61.99,100.38,147.08,25.33
2024-03-14 21:30:00,5,1468.66,0,49.35,62.94,52.93,97.47,145.57,27.87
2024-03-14 22:30:00,5,1522.06,0,48.67,52.93,48.64,100.08,147.59,29.89
2024-03-14 23:30:00,5,1375.2,0,45.93,49.35,40.53,89.97,130.14,27.11
2024-03-15 00:30:00,4,1094.82,0,38.39,50.78,31.95,70.28,98.28,22.29
2024-03-15 01:30:00,4,921.25,0,31.53,55.79,28.85,59.37,79.05,20.52
2024-03-15 02:30:00,4,841.14,0,27.42,58.65,28.61,53.54,68.91,20.52
2024-03-15 03:30:00,4,801.09,0,25.7,56.51,27.89,50.26,63.67,21.53
2024-03-15 04:30:00,4,841.14,0,26.39,50.07,27.18,51.71,64.78,22.29
2024-03-15 05:30:00,4,907.9,0,28.79,45.42,28.13,53.62,67.13,22.8
2024-03-15 06:30:00,4,1108.17,0.03,38.73,37.19,33.86,62.17,79.5,25.33
2024-03-15 07:30:00,5,1548.77,2.85,57.58,22.17,45.3,81.27,107.82,31.16
2024-03-15 08:30:00,5,1815.8,15.87,58.26,29.68,54.36,90.14,121.08,33.44
2024-03-15 09:30:00,5,1735.69,18.33,53.47,50.78,61.99,89.33,119.33,32.42
2024-03-15 10:30:00,5,1602.17,13.75,48.67,82.25,64.85,92.91,122.22,30.65
2024-03-15 11:30:00,5,1321.79,7.49,38.39,131.61,60.08,91.06,115.47,25.59
2024-03-15 12:30:00,4,674.25,2.51,15.94,161.65,29.33,39.49,49.83,11.91
2024-03-15 13:30:00,4,547.41,1.93,12.34,161.65,22.17,27.58,35.39,8.74
2024-03-15 14:30:00,4,547.41,1.82,12.68,163.08,21.93,27.92,35.87,8.87
2024-03-15 15:30:00,4,567.44,1.82,14.22,158.79,22.41,28.82,37.76,9.25
2024-03-15 16:30:00,4,660.9,2.24,21.42,148.77,27.66,33.16,44.81,10.77
2024-03-15 17:30:00,3,781.06,1.87,31.19,128.75,31.47,36.25,51.63,12.41
2024-03-15 18:30:00,4,1321.79,0.56,62.38,80.82,44.82,58.35,84.55,20.27
2024-03-15 19:30:00,5,2029.42,0.02,86.37,36.12,55.31,96.4,139.54,30.91
2024-03-15 20:30:00,5,2403.26,0.43,87.74,16.99,56.27,124.94,180.25,37.49
2024-03-15 21:30:00,5,2937.32,8.27,87.74,3.08,61.04,167.34,236.39,45.6
2024-03-15 22:30:00,5,3631.59,29.06,80.2,0.01,65.8,218.99,302.35,52.18
2024-03-15 23:30:00,5,3631.59,38.89,72.66,0,55.31,219.44,298.04,47.12
2024-03-16 00:30:00,5,2883.91,30.85,64.43,0,38.15,167.51,225.55,34.45
2024-03-16 01:30:00,5,2189.64,16.76,55.52,0.04,27.66,129.82,172.67,27.36
2024-03-16 02:30:00,5,1895.9,10.17,47.98,0.18,24.56,118.34,154.85,24.07
2024-03-16 03:30:00,5,1735.69,6.98,43.18,0.47,22.89,114.23,147.71,22.8
2024-03-16 04:30:00,5,1588.82,5.2,39.41,0.88,22.17,108.77,138.44,23.05
2024-03-16 05:30:00,5,1455.31,2.91,38.73,3.58,23.37,102.46,128.49,24.32
2024-03-16 06:30:00,5,1295.09,0.12,39.76,25.39,30.99,95.92,121.78,25.33
2024-03-16 07:30:00,5,1708.98,3.02,56.21,17.88,43.39,118.7,154.63,30.91
2024-03-16 08:30:00,5,2296.45,19,63.75,24.68,58.17,149.99,198.2,35.97
2024-03-16 09:30:00,5,2750.4,26.38,76.77,47.92,77.25,185.25,242.2,39.01
2024-03-16 10:30:00,5,2857.21,19,84.31,98.71,91.55,213.98,275.93,37.49
2024-03-16 11:30:00,5,2590.18,9.39,71.97,183.11,97.27,229.53,291.13,31.41
2024-03-16 12:30:00,5,1014.71,3.19,27.76,208.85,66.76,102.84,134.53,13.3
2024-03-16 13:30:00,5,727.65,1.75,16.62,217.44,46.73,75.65,100.95,10.39
2024-03-16 14:30:00,5,667.57,1.34,14.05,223.16,39.1,67.07,90.62,10.64
2024-03-16 15:30:00,5,707.63,1.63,18.16,205.99,37.19,63.81,87.24,12.16
2024-03-16 16:30:00,5,894.55,2.37,29.47,180.24,42.44,68.5,94.15,15.07
2024-03-16 17:30:00,4,1081.47,2.04,41.13,150.2,44.82,74.06,101.8,17.48
2024-03-16 18:30:00,5,1695.63,0.35,70.6,90.12,50.54,99.53,137.4,24.32
2024-03-16 19:30:00,5,2563.48,0.09,97.33,31.47,57.7,148,204.96,34.45
2024-03-16 20:30:00,5,3017.43,2.93,98.71,6.17,57.7,183.61,255.24,41.04
2024-03-16 21:30:00,5,3284.45,11.73,87.74,0.62,56.74,206.85,287.56,44.58
2024-03-16 22:30:00,5,3417.97,21.01,76.77,0.03,55.79,217.3,305.46,46.1
2024-03-16 23:30:00,5,3070.83,22.35,67.86,0.02,48.16,193.29,277.14,40.53
2024-03-17 00:30:00,5,2376.56,16.09,58.26,0.06,36.24,151.03,217.54,31.92
2024-03-17 01:30:00,5,1949.31,10.06,50.04,0.23,29.8,129.75,183.8,28.63
2024-03-17 02:30:00,5,1762.39,7.6,44.55,0.4,26.46,122.9,170.31,26.85
2024-03-17 03:30:00,5,1655.58,6.71,40.44,0.47,23.6,119.91,163.48,25.59
2024-03-17 04:30:00,5,1575.47,6.43,38.73,0.45,22.17,116.99,156.95,24.07
2024-03-17 05:30:00,5,1548.77,7.04,39.07,0.36,22.41,114.66,151.24,22.55
2024-03-17 06:30:00,5,1695.63,11.85,40.78,0.16,26.23,120.33,158.08,24.83
2024-03-17 07:30:00,5,2296.45,32.19,43.53,0.49,37.67,149.73,199.7,32.93
2024-03-17 08:30:00,5,2883.91,54.99,49.35,4.47,47.68,173.09,233.31,39.01
2024-03-17 09:30:00,5,2857.21,46.04,63.75,17.7,52.93,170.78,231,39.52
2024-03-17 10:30:00,5,3097.53,31.74,84.31,52.93,62.94,202.55,268.13,40.53
2024-03-17 11:30:00,5,3204.35,14.53,89.11,141.62,72.48,253.89,322.15,37.49
2024-03-17 12:30:00,5,1054.76,3.16,27.08,191.69,47.68,98.5,128.7,14.82
2024-03-17 13:30:00,5,801.09,1.87,18.16,211.72,38.62,80.47,106.24,12.29
2024-03-17 14:30:00,5,787.73,1.62,18.85,226.02,41.48,84.96,110.5,12.41
2024-03-17 15:30:00,5,787.73,1.41,20.05,228.88,42.44,83.99,109.53,12.79
2024-03-17 16:30:00,5,821.11,1.27,23.99,217.44,41.96,81.09,107.09,13.43
2024-03-17 17:30:00,5,867.84,0.8,30.16,191.69,41.48,78.03,104.61,14.44
2024-03-17 18:30:00,5,1682.28,0.24,74.03,118.73,55.31,111.82,151.44,23.81
2024-03-17 19:30:00,5,2750.4,0.01,112.41,45.78,67.71,171.57,231.33,34.96
2024-03-17 20:30:00,5,3044.13,0.89,106.93,12.52,62.94,199.45,267.82,40.02
2024-03-17 21:30:00,5,2990.72,4.97,87.05,2.68,54.84,205.52,274.01,41.54
2024-03-17 22:30:00,5,3097.53,10.39,76.77,0.58,50.54,214.44,286.07,43.06
2024-03-17 23:30:00,5,2910.61,12.18,70.6,0.36,40.53,199.99,267.78,37.49
2024-03-18 00:30:00,5,2323.15,8.05,62.38,0.83,29.09,161.83,217.16,28.63
2024-03-18 01:30:00,5,2056.12,6.65,56.21,1.02,29.33,149.89,198.93,27.36
2024-03-18 02:30:00,5,1949.31,5.87,51.41,1.06,30.04,150.39,197.1,26.85
2024-03-18 03:30:00,5,1869.2,5.2,47.98,1.29,29.8,150.76,196.07,26.6
2024-03-18 04:30:00,5,1762.39,4.02,45.93,1.97,28.85,146.45,188.39,26.09
2024-03-18 05:30:00,5,1695.63,3.24,46.61,3.13,29.33,141.85,181.11,25.59
2024-03-18 06:30:00,5,1815.8,4.02,54.15,4.69,34.81,146.52,186.95,28.63
2024-03-18 07:30:00,5,2536.77,23.02,61.01,4.25,49.59,182.12,236.63,38.5
2024-03-18 08:30:00,5,3150.94,45.15,67.86,11.98,61.99,208.84,274.99,45.09
2024-03-18 09:30:00,5,3177.64,41.57,82.25,31.11,71.53,214.43,282.68,45.09
2024-03-18 10:30:00,5,3044.13,25.03,89.11,77.96,80.11,228.01,294.52,42.56
2024-03-18 11:30:00,5,2483.37,10.28,70.6,164.51,82.97,228.5,284.54,35.97
2024-03-18 12:30:00,5,834.47,2.37,19.19,185.97,36.24,80.61,104.52,14.82
2024-03-18 13:30:00,5,620.84,1.61,13.02,183.11,25.27,58.03,77.28,11.91
2024-03-18 14:30:00,5,594.14,1.51,13.02,181.67,24.8,54.95,73.5,11.27
2024-03-18 15:30:00,4,594.14,1.56,14.91,170.23,25.27,50.86,68.83,10.77
2024-03-18 16:30:00,4,654.22,1.87,21.25,153.06,29.33,50.26,68.58,11.4
2024-03-18 17:30:00,4,741,1.42,29.82,131.61,32.9,50.65,69.9,12.54
2024-03-18 18:30:00,5,2002.72,1.16,95.96,47.21,57.22,101.57,143.06,27.87
2024-03-18 19:30:00,5,3685,25.03,124.75,0.23,84.88,192.33,271.65,48.64
2024-03-18 20:30:00,5,4753.11,51.41,109.67,0,98.23,265.5,376.07,62.82
2024-03-18 21:30:00,5,5447.39,68.84,101.45,0,107.77,327.78,460.65,73.97
2024-03-18 22:30:00,5,5661.01,76.89,94.59,0,105.86,354.74,493.19,74.98
2024-03-18 23:30:00,5,4966.74,68.84,87.74,0,86.78,314.63,436.38,63.33
2024-03-19 00:30:00,5,3578.19,46.04,78.83,0,61.04,225.15,307.9,46.61
2024-03-19 01:30:00,5,2670.29,28.16,69.23,0,47.21,171.83,231.3,39.52
2024-03-19 02:30:00,5,2243.04,19.67,61.69,0.01,40.53,151.3,201.69,36.48
2024-03-19 03:30:00,5,2056.12,15.87,55.52,0.01,36.24,144.53,192.29,34.96
2024-03-19 04:30:00,5,1949.31,15.2,50.72,0.01,32.9,139.22,185.81,33.94
2024-03-19 05:30:00,5,1895.9,18.1,46.61,0.01,30.99,136.7,181.96,32.93
2024-03-19 06:30:00,5,2296.45,32.63,45.24,0,38.62,158.86,210.06,36.98
2024-03-19 07:30:00,5,3524.78,74.21,49.35,0.29,58.65,223.95,297.72,50.16
2024-03-19 08:30:00,5,4753.11,116.23,61.01,3.08,77.25,279.71,374.73,59.28
2024-03-19 09:30:00,5,4058.84,75.1,90.48,17.7,83.92,245.33,324.17,51.68
2024-03-19 10:30:00,5,3898.62,42.02,119.27,57.22,98.23,263.4,341.67,49.14
2024-03-19 11:30:00,5,3631.59,17.66,116.53,148.77,110.63,292.4,365.31,43.06
2024-03-19 12:30:00,5,961.3,2.93,26.73,183.11,45.78,83.87,108.83,15.58
2024-03-19 13:30:00,4,587.46,1.34,13.19,171.66,25.75,49.84,69.09,11.91
2024-03-19 14:30:00,4,534.06,1.1,12.51,157.36,21.93,42.91,61.46,11.53
2024-03-19 15:30:00,4,540.73,1.15,14.22,143.05,21.7,40.29,59.07,11.91
2024-03-19 16:30:00,3,607.49,1.33,19.54,134.47,25.75,42.38,62.44,12.92
2024-03-19 17:30:00,3,674.25,0.91,26.05,124.45,29.09,44.63,65.85,13.81
2024-03-19 18:30:00,5,1815.8,0.81,89.11,48.64,53.41,90.67,131.22,27.36
2024-03-19 19:30:00,5,3337.86,18.55,117.9,0.6,78.2,171.25,244.39,45.09
2024-03-19 20:30:00,5,4165.65,38.44,98.71,0,85.83,232.81,332.03,55.73
2024-03-19 21:30:00,5,4699.71,49.62,87.05,0,88.69,280.25,396.29,62.32
2024-03-19 22:30:00,5,4806.52,55.88,77.46,0,83.92,297.32,420.12,62.32
2024-03-19 23:30:00,5,4165.65,50.96,68.55,0,65.8,258.18,366.48,51.68
2024-03-20 00:30:00,5,3124.24,36.66,60.32,0,45.3,190.81,271.87,36.98
2024-03-20 01:30:00,5,2536.77,26.38,53.47,0,38.15,157.81,222.45,32.17
2024-03-20 02:30:00,5,2243.04,21.46,47.98,0,36.72,146.26,203.39,30.65
2024-03-20 03:30:00,5,2082.82,19.22,43.87,0,35.76,141.15,194.85,29.89
2024-03-20 04:30:00,5,2029.42,18.78,41.47,0.01,34.33,140.82,192.3,27.87
2024-03-20 05:30:00,5,2109.53,22.35,41.47,0,35.29,149.1,199.72,23.56
2024-03-20 06:30:00,5,2616.88,36.66,44.55,0,43.39,181.24,238.72,27.61
2024-03-20 07:30:00,5,3845.21,72.42,50.72,0.37,63.9,248.61,327.63,46.1
2024-03-20 08:30:00,5,4806.52,102.82,63.75,4.29,81.06,293.72,389.26,54.72
2024-03-20 09:30:00,5,4432.68,64.37,100.08,25.03,92.51,281.51,368.58,50.16
2024-03-20 10:30:00,5,4539.49,30.85,126.12,90.12,103,326.86,421.15,48.64
2024-03-20 11:30:00,5,4058.84,10.95,104.19,220.3,103,358.77,450,41.04
2024-03-20 12:30:00,5,854.49,3.27,25.36,174.52,62.94,75.11,94.78,11.91
2024-03-20 13:30:00,4,547.41,1.9,14.57,168.8,39.1,47.28,58.94,7.73
2024-03-20 14:30:00,4,507.35,1.68,14.05,170.23,36.24,43.24,53.56,6.84
2024-03-20 15:30:00,4,727.65,2.99,27.76,164.51,52.45,52.42,65.94,10.39
2024-03-20 16:30:00,4,1134.87,4.25,50.04,153.06,73.43,71.88,92.7,15.96
2024-03-20 17:30:00,5,1482.01,3.55,72.66,120.16,80.11,82.74,109.44,20.27
2024-03-20 18:30:00,5,2002.72,0.87,98.71,61.51,79.15,97.6,133.9,27.11
2024-03-20 19:30:00,5,2483.37,0.39,105.56,18.42,72.48,118.61,168.67,34.96
2024-03-20 20:30:00,5,2536.77,2.24,90.48,5.9,62.94,128.7,185.18,39.01
2024-03-20 21:30:00,5,2937.32,12.96,79.51,0.89,64.85,160.36,227,45.6
2024-03-20 22:30:00,5,3631.59,31.74,72.66,0,70.57,206.27,289.67,52.69
2024-03-20 23:30:00,5,3631.59,38.89,67.86,0,63.9,208.09,292.51,48.13
2024-03-21 00:30:00,5,2990.72,31.74,63.06,0,49.59,169,238.71,38
2024-03-21 01:30:00,5,2510.07,21.68,58.95,0.01,45.3,144.67,202.05,34.45
2024-03-21 02:30:00,5,2243.04,15.65,56.21,0.03,47.21,135.48,186.08,34.96
2024-03-21 03:30:00,5,2136.23,12.96,55.52,0.06,49.11,135.47,182.48,35.46
2024-03-21 04:30:00,5,2269.74,12.29,63.75,0.09,53.41,152.53,197.34,32.93
2024-03-21 05:30:00,5,2590.18,11.62,79.51,0.11,59.13,182.7,227.1,31.41
2024-03-21 06:30:00,5,2136.23,1.56,80.88,9.12,57.7,157.51,197.37,26.85
2024-03-21 07:30:00,5,2269.74,15.42,67.86,2.15,53.88,154.35,201.28,35.97
2024-03-21 08:30:00,5,2456.67,33.08,57.58,10.73,58.65,160.05,208.43,40.02
2024-03-21 09:30:00,5,1922.61,18.55,56.89,47.21,75.34,152.47,187.71,29.39
2024-03-21 10:30:00,5,1762.39,9.28,54.15,111.58,93.46,195.22,227.2,23.31
2024-03-21 11:30:00,5,1682.28,5.2,49.35,197.41,103,249.85,280.8,20.01
2024-03-21 12:30:00,5,921.25,2.26,25.02,226.02,70.57,160.56,177.93,8.99
2024-03-21 13:30:00,5,774.38,1.59,19.71,237.46,57.7,134.03,148.4,8.49
2024-03-21 14:30:00,5,794.41,1.41,21.76,254.63,60.08,137.22,151.73,9.37
2024-03-21 15:30:00,5,834.47,1.29,25.7,260.35,62.94,143.21,158.39,9.88
2024-03-21 16:30:00,5,921.25,1.05,34.27,254.63,69.62,149.96,166.6,10.89
2024-03-21 17:30:00,5,1054.76,0.5,46.61,237.46,77.25,154.93,173.7,12.41
2024-03-21 18:30:00,5,2349.85,0.12,119.27,130.18,107.77,210.58,249.94,27.36
2024-03-21 19:30:00,5,4486.08,4.53,208.38,16.81,143.05,313.94,391.26,51.17
2024-03-21 20:30:00,5,5981.45,35.32,208.38,0,148.77,393.58,500.53,67.89
2024-03-21 21:30:00,5,6034.85,43.36,167.25,0,121.12,390.97,505.28,69.92
2024-03-21 22:30:00,5,5340.58,36.21,134.35,0,92.51,364.72,469.66,63.84
2024-03-21 23:30:00,5,4539.49,26.82,117.9,0.01,68.66,327.09,412.41,52.69
2024-03-22 00:30:00,5,3471.37,14.31,100.08,0.15,46.73,271.19,331.81,38
2024-03-22 01:30:00,5,2883.91,8.38,82.25,0.49,38.15,244.17,295.46,32.93
2024-03-22 02:30:00,5,2590.18,6.87,71.29,0.6,36.24,234.44,284.31,32.93
2024-03-22 03:30:00,5,2510.07,8.05,65.12,0.36,37.19,231.75,282.55,34.96
2024-03-22 04:30:00,5,2269.74,7.49,58.26,0.46,33.86,218.08,264.63,32.17
2024-03-22 05:30:00,5,2002.72,6.59,51.41,0.72,30.04,197.19,237.14,26.85
2024-03-22 06:30:00,5,1922.61,8.16,49.35,1.13,31.95,188.89,226.1,25.33
2024-03-22 07:30:00,5,2510.07,26.15,52.78,0.68,42.92,218.5,264.55,32.93
2024-03-22 08:30:00,5,3017.43,43.36,61.01,6.08,54.84,238.1,289.46,37.49
2024-03-22 09:30:00,5,2349.85,19.67,67.86,41.13,63.9,208.2,247.98,30.65
2024-03-22 10:30:00,5,2002.72,10.17,57.58,98.71,65.8,201.13,236.33,27.61
2024-03-22 11:30:00,5,1708.98,4.75,43.87,181.67,64.85,203.29,234.77,24.32
2024-03-22 12:30:00,5,620.84,1.2,11.82,188.83,25.27,81.02,95.48,9.63
2024-03-22 13:30:00,4,500.68,1.01,9.25,177.38,18.84,61.49,77.24,7.47
2024-03-22 14:30:00,4,500.68,1.08,10.45,173.09,19.55,58.71,77.02,7.41
2024-03-22 15:30:00,4,514.03,1.17,13.02,168.8,21.7,57.93,79.16,7.6
2024-03-22 16:30:00,4,554.08,1.2,18.16,160.22,26.46,58.36,81.45,8.36
2024-03-22 17:30:00,4,634.19,0.85,27.42,145.91,34.81,59,84.07,9.63
2024-03-22 18:30:00,5,2002.72,0.67,109.67,60.08,79.15,110.07,154.82,26.35
2024-03-22 19:30:00,5,4165.65,26.38,168.62,0.39,125.89,209.79,290.04,50.66
2024-03-22 20:30:00,5,5554.2,61.69,156.28,0,133.51,291.23,397.2,64.85
2024-03-22 21:30:00,5,5714.42,67.95,127.49,0,109.67,307.16,422.9,66.88
2024-03-22 22:30:00,5,5500.79,67.06,108.3,0,91.55,302.95,422.66,66.88
2024-03-22 23:30:00,5,5126.95,65.27,101.45,0,80.11,288.29,407.76,62.82
2024-03-23 00:30:00,5,4486.08,54.54,98.71,0,70.57,261.81,373.6,53.7
2024-03-23 01:30:00,5,4219.06,43.36,100.08,0,71.53,270.67,387.23,53.2
2024-03-23 02:30:00,5,4112.24,33.97,100.08,0,80.11,297.88,427.94,56.74
2024-03-23 03:30:00,5,3685,23.25,90.48,0.01,70.57,301.25,437.25,50.16
2024-03-23 04:30:00,5,2857.21,12.07,73.34,0.14,45.3,261.46,370.92,35.46
2024-03-23 05:30:00,5,2056.12,3.3,55.52,4.52,32.9,213.09,280.05,26.6
2024-03-23 06:30:00,5,1348.5,0,37.01,59.37,36.24,168.9,205.47,19.76
2024-03-23 07:30:00,5,1548.77,0.95,47.98,48.64,41.96,161.69,198.85,24.57
2024-03-23 08:30:00,5,1762.39,8.61,52.09,42.2,46.73,146.72,184.81,28.37
2024-03-23 09:30:00,5,1588.82,10.73,45.24,65.09,51.02,122.06,155.25,27.61
2024-03-23 10:30:00,5,1455.31,7.38,38.73,107.29,51.5,114.65,145.58,26.09
2024-03-23 11:30:00,5,1188.28,3.3,26.73,173.09,46.25,104,129.51,22.8
2024-03-23 12:30:00,4,554.08,0.94,8.14,175.95,18.36,57.65,74.79,10.77
2024-03-23 13:30:00,4,460.62,0.82,6.6,163.08,13.59,45.79,60.02,8.49
2024-03-23 14:30:00,4,413.89,0.86,6.51,148.77,12.16,34.62,45.52,6.97
2024-03-23 15:30:00,4,407.22,0.89,7.03,141.62,11.92,31,40.73,6.78
2024-03-23 16:30:00,4,440.6,0.96,9.6,140.19,13.59,33.53,43.85,7.85
2024-03-23 17:30:00,3,480.65,0.71,13.02,135.9,14.78,35.28,46.18,8.87
2024-03-23 18:30:00,3,827.79,0.24,32.9,104.43,25.99,47.14,63.92,14.31
2024-03-23 19:30:00,4,1201.63,0,44.55,72.96,33.86,64.95,90.58,21.03
2024-03-23 20:30:00,5,1375.2,0,45.24,58.65,35.76,77.28,108.49,25.33
2024-03-23 21:30:00,5,1495.36,0,46.61,47.21,37.19,86.61,121.67,28.63
2024-03-23 22:30:00,5,1588.82,0,49.35,37.19,38.15,91.07,128.77,30.4
2024-03-23 23:30:00,5,1468.66,0,47.3,34.33,33.86,83.48,118.39,28.12
2024-03-24 00:30:00,4,1201.63,0,40.1,38.98,27.18,69.59,96.78,23.31
2024-03-24 01:30:00,4,1121.52,0,36.33,40.77,26.23,67.9,91.6,21.79
2024-03-24 02:30:00,4,1121.52,0,34.96,39.34,27.42,71.97,94.91,21.28
2024-03-24 03:30:00,5,1148.22,0,35.3,36.12,28.37,77.04,99.92,21.53
2024-03-24 04:30:00,5,1228.33,0.02,38.39,27.54,29.8,83.54,107.39,21.03
2024-03-24 05:30:00,5,1321.79,0.25,44.55,15.38,29.56,89.16,113.74,21.53
2024-03-24 06:30:00,5,1415.25,2.96,49.35,5.36,29.09,91.11,116.36,26.35
2024-03-24 07:30:00,5,1869.2,18.33,52.78,1.12,38.15,107.62,142.26,34.96
2024-03-24 08:30:00,5,2456.67,39.34,56.21,5.63,50.07,130.43,175.6,40.53
2024-03-24 09:30:00,5,2857.21,40.68,69.92,18.95,59.6,153.87,206.61,43.06
2024-03-24 10:30:00,5,3017.43,23.25,84.31,62.23,65.8,181.85,239.02,41.54
2024-03-24 11:30:00,5,2616.88,7.71,65.8,165.94,61.04,191.73,245.19,35.46
2024-03-24 12:30:00,4,627.52,0.82,12.68,163.08,21.22,47.3,62.62,10.89
2024-03-24 13:30:00,4,487.33,0.42,10.37,144.48,16.69,34.15,47.15,9.12
2024-03-24 14:30:00,4,460.62,0.38,11.48,150.2,22.17,32.31,42.51,8.87
2024-03-24 15:30:00,4,460.62,0.36,14.22,141.62,26.23,28.46,36.68,9.5
2024-03-24 16:30:00,3,507.35,0.29,18.68,125.89,26.94,24.19,31.04,9.88
2024-03-24 17:30:00,3,567.44,0.26,23.65,110.15,29.09,23.74,30.34,9.37
2024-03-24 18:30:00,3,807.76,0.07,35.64,84.4,35.76,33.02,44.42,12.92
2024-03-24 19:30:00,3,1174.93,0,47.3,59.37,44.35,49.73,70.99,20.27
2024-03-24 20:30:00,4,1495.36,0,52.09,44.35,49.59,67.29,98.33,26.35
2024-03-24 21:30:00,5,2109.53,0.31,63.75,21.99,53.88,101.91,150.64,34.96
2024-03-24 22:30:00,5,2883.91,8.05,71.29,1.77,58.65,151.52,220.76,43.57
2024-03-24 23:30:00,5,3204.35,20.56,65.8,0.02,55.31,175.06,251.78,42.05
2024-03-25 00:30:00,5,2857.21,19.89,65.8,0.02,44.35,156.49,227.65,31.41
2024-03-25 01:30:00,5,2483.37,13.63,65.8,0.12,41.01,136.05,196.97,25.33
2024-03-25 02:30:00,5,2082.82,6.54,63.75,0.77,38.15,117.88,167.15,21.03
2024-03-25 03:30:00,5,1668.93,2.68,54.15,2.55,34.33,97.17,133.83,18.24
2024-03-25 04:30:00,5,1428.6,2.68,43.53,2.57,30.99,83.92,113.1,18.75
2024-03-25 05:30:00,5,1401.9,4.3,39.07,1.54,31.47,79.9,106.25,20.77
2024-03-25 06:30:00,5,1655.58,11.29,41.47,0.41,39.1,92.57,123.12,26.85
2024-03-25 07:30:00,5,2376.56,30.85,47.98,1.9,54.84,127.79,173.32,36.98
2024-03-25 08:30:00,5,2883.91,46.04,58.95,11.98,66.76,148.35,203.38,41.04
2024-03-25 09:30:00,5,2349.85,26.38,67.86,44.7,75.34,128.21,171.4,34.45
2024-03-25 10:30:00,5,2109.53,14.08,63.75,101.57,78.2,137.21,177.65,32.42
2024-03-25 11:30:00,5,1682.28,5.59,44.55,185.97,71.53,141.09,173.65,27.61
2024-03-25 12:30:00,4,600.81,1.36,10.45,165.94,21.93,44.54,57.71,9.75
2024-03-25 13:30:00,4,467.3,1.16,7.97,147.34,15.02,29.13,42.07,6.84
2024-03-25 14:30:00,4,453.95,1.19,8.23,141.62,14.78,26.48,38.96,6.65
2024-03-25 15:30:00,3,447.27,1.19,9.08,137.33,15.26,25.82,38.36,6.71
2024-03-25 16:30:00,3,480.65,1.24,12,133.04,17.64,27.43,40.49,7.35
2024-03-25 17:30:00,3,514.03,0.89,15.77,124.45,19.55,28.84,42.48,8.36
2024-03-25 18:30:00,3,867.84,0.28,36.33,95.84,32.42,43.04,63.14,14.57
2024-03-25 19:30:00,4,1308.44,0,50.04,66.52,42.44,64.45,94.97,22.8
2024-03-25 20:30:00,5,1508.71,0,51.41,53.64,44.82,76.91,114.06,28.12
2024-03-25 21:30:00,5,1588.82,0,51.41,44.7,45.78,84.17,124.87,31.16
2024-03-25 22:30:00,5,1575.47,0,50.72,41.48,44.82,84.67,124.38,31.92
2024-03-25 23:30:00,4,1361.85,0,45.24,44.35,38.15,73.39,105.59,28.37
2024-03-26 00:30:00,4,1041.41,0,35.64,52.21,30.04,58.01,80.05,23.05
2024-03-26 01:30:00,4,907.9,0,29.47,57.22,28.61,54.12,72.12,21.79
2024-03-26 02:30:00,4,867.84,0,26.73,59.37,29.56,54.69,71.38,21.53
2024-03-26 03:30:00,4,847.82,0,25.36,58.65,30.28,55.16,71.38,21.28
2024-03-26 04:30:00,4,854.49,0,25.7,55.07,30.99,57.31,73.5,21.53
2024-03-26 05:30:00,4,921.25,0,29.47,47.21,32.42,63.73,80.97,22.29
2024-03-26 06:30:00,5,1174.93,0.07,42.16,32.19,39.1,78.93,101.46,26.09
2024-03-26 07:30:00,5,1735.69,6.76,61.01,15.56,51.5,106.85,141.31,33.44
2024-03-26 08:30:00,5,2162.93,23.69,64.43,25.75,61.04,126.89,168.48,36.48
2024-03-26 09:30:00,5,2216.34,23.92,69.23,51.5,69.62,137.19,179.4,35.46
2024-03-26 10:30:00,5,2109.53,14.31,67.17,104.43,76.29,149.33,190.14,33.44
2024-03-26 11:30:00,5,1762.39,6.2,50.72,191.69,75.34,155.92,191.55,29.39
2024-03-26 12:30:00,5,627.52,1.48,12.85,183.11,25.99,50.09,61.94,12.67
2024-03-26 13:30:00,4,487.33,1.19,9.6,170.23,17.64,33.62,42.04,9.63
2024-03-26 14:30:00,4,473.98,1.19,10.02,163.08,17.4,30.09,37.98,8.99
2024-03-26 15:30:00,4,494,1.27,12.51,157.36,19.31,30.09,38.51,9.25
2024-03-26 16:30:00,4,567.44,1.33,18.16,150.2,23.84,33.61,43.63,10.64
2024-03-26 17:30:00,3,634.19,0.8,24.33,138.76,26.23,36.44,47.85,12.03
2024-03-26 18:30:00,5,1815.8,0.64,90.48,62.23,51.98,79.68,112.02,27.11
2024-03-26 19:30:00,5,3284.45,11.85,127.49,2.24,77.25,150.37,213.65,45.09
2024-03-26 20:30:00,5,4005.43,31.29,105.56,0,84.88,201.98,285.72,54.21
2024-03-26 21:30:00,5,4379.27,40.68,94.59,0,87.74,237.57,332.52,59.28
2024-03-26 22:30:00,5,4539.49,41.57,90.48,0,89.65,254.34,354.85,60.29
2024-03-26 23:30:00,5,3952.03,32.63,85,0,77.25,221.77,313.8,50.16
2024-03-27 00:30:00,5,2910.61,19.22,76.09,0.01,57.7,164.44,236.83,35.97
2024-03-27 01:30:00,5,2456.67,15.42,66.49,0.03,51.5,145.57,207.68,30.4
2024-03-27 02:30:00,5,2349.85,14.98,60.32,0.03,51.5,145.77,203.75,28.88
2024-03-27 03:30:00,5,2403.26,15.65,57.58,0.02,51.5,154.31,213.74,28.37
2024-03-27 04:30:00,5,2536.77,18.33,56.89,0,50.07,167.57,229.8,27.87
2024-03-27 05:30:00,5,2750.4,24.14,56.89,0,49.11,183.88,246.11,28.63
2024-03-27 06:30:00,5,3150.94,38.89,56.89,0,54.36,204.06,267.34,36.98
2024-03-27 07:30:00,5,4112.24,76,56.89,0.51,72.48,243.06,321.53,53.7
2024-03-27 08:30:00,5,4806.52,104.61,65.12,4.2,86.78,264.52,353.58,62.82
2024-03-27 09:30:00,5,3952.03,53.2,97.33,28.61,86.78,229.95,301.96,53.7
2024-03-27 10:30:00,5,3898.62,20.79,115.16,114.44,94.41,269.06,343.1,49.65
2024-03-27 11:30:00,5,3524.78,6.48,85.68,280.38,96.32,323.1,392.72,42.56
2024-03-27 12:30:00,5,741,1.51,14.91,185.97,31.47,68.61,92.89,12.29
2024-03-27 13:30:00,4,500.68,1.34,10.2,150.2,19.79,42.75,65.12,8.04
2024-03-27 14:30:00,3,473.98,1.42,10.71,138.76,19.31,37.79,60.14,7.28
2024-03-27 15:30:00,3,487.33,1.61,12.68,128.75,20.5,35.71,58.91,7.35
2024-03-27 16:30:00,3,547.41,1.76,17.48,120.16,23.6,36.89,61.55,8.23
2024-03-27 17:30:00,3,600.81,1.24,23.31,107.29,24.8,37.61,62.96,9.37
2024-03-27 18:30:00,4,1375.2,2.57,65.8,70.81,48.16,67.1,104.77,20.77
2024-03-27 19:30:00,5,2216.34,0.18,100.08,28.25,67.71,106.31,160.36,33.44
2024-03-27 20:30:00,5,2456.67,0.49,93.22,12.7,68.66,123.31,185.61,38.5
2024-03-27 21:30:00,5,2456.67,1.47,82.25,7.06,65.8,126,190.38,40.02
2024-03-27 22:30:00,5,2403.26,2.99,76.09,3.58,63.9,123.43,188.96,40.02
2024-03-27 23:30:00,5,2136.23,2.07,69.92,5.81,56.74,108.68,167.61,34.96
2024-03-28 00:30:00,5,1869.2,1.17,66.49,7.42,49.11,98.56,148.28,28.12
2024-03-28 01:30:00,5,2002.72,4.53,65.12,1.5,50.07,111.05,160.81,26.6
2024-03-28 02:30:00,5,2243.04,10.17,64.43,0.07,51.5,129.24,183.43,26.35
2024-03-28 03:30:00,5,2349.85,12.63,65.12,0.02,48.64,141.21,197.49,26.35
2024-03-28 04:30:00,5,2376.56,14.98,59.63,0.01,47.68,147.11,199.89,27.61
2024-03-28 05:30:00,5,2429.96,20.12,52.78,0,48.64,155.03,205.02,29.64
2024-03-28 06:30:00,5,2883.91,36.66,49.35,0,57.7,182.34,238.78,36.98
2024-03-28 07:30:00,5,4058.84,76,52.09,0.33,78.2,237.03,315.12,52.18
2024-03-28 08:30:00,5,5020.14,110.86,63.06,2.46,92.51,272.23,367.56,60.29
2024-03-28 09:30:00,5,3952.03,62.58,95.96,17.52,94.41,221.46,297.34,49.14
2024-03-28 10:30:00,5,3791.81,33.53,126.12,66.52,110.63,234.44,309.57,46.61
2024-03-28 11:30:00,5,3417.97,13.19,122.01,188.83,129.7,264.72,332.58,40.53
2024-03-28 12:30:00,5,934.6,3.16,29.82,175.95,52.93,84.43,122.62,12.54
2024-03-28 13:30:00,4,580.79,1.47,14.22,173.09,28.13,62.6,100.09,7.73
2024-03-28 14:30:00,4,540.73,1.34,14.05,173.09,26.7,58.29,95.21,7.22
2024-03-28 15:30:00,4,540.73,0.64,17.65,148.77,26.94,51.57,87.74,7.35
2024-03-28 16:30:00,3,574.11,0.25,22.96,118.73,27.89,46.26,82.3,8.04
2024-03-28 17:30:00,3,607.49,0.06,26.05,101.57,27.66,44.42,80.47,8.99
2024-03-28 18:30:00,4,1134.87,0.01,57.58,71.53,53.41,65.69,109.89,18.24
2024-03-28 19:30:00,5,1682.28,0,79.51,41.84,72.48,89.88,146.27,28.12
2024-03-28 20:30:00,5,1628.88,0,68.55,33.97,64.85,88.68,147.68,29.89
2024-03-28 21:30:00,5,1508.71,0,59.63,41.84,63.9,92.71,144.68,31.92
2024-03-28 22:30:00,5,1562.12,0,57.58,39.7,63.9,96.76,142.38,34.45
2024-03-28 23:30:00,5,1441.96,0,53.47,35.41,57.7,84.5,124.49,30.91
2024-03-29 00:30:00,5,1375.2,0.05,54.84,24.32,51.02,76.41,112.46,26.09
2024-03-29 01:30:00,5,1548.77,0.57,59.63,10.46,51.98,85.17,123.95,25.84
2024-03-29 02:30:00,5,1735.69,2.57,60.32,3,57.22,97.8,141.06,28.12
2024-03-29 03:30:00,5,1869.2,5.76,58.26,0.68,62.94,109.23,156.09,31.92
2024-03-29 04:30:00,5,1922.61,9.39,54.15,0.18,60.56,117.16,165.11,32.93
2024-03-29 05:30:00,5,2082.82,16.54,50.72,0.02,56.74,128.39,178.25,33.94
2024-03-29 06:30:00,5,2670.29,37.55,48.67,0,61.99,161.08,222.22,41.04
2024-03-29 07:30:00,5,4058.84,84.04,50.72,0.21,82.02,226.52,313.06,56.74
2024-03-29 08:30:00,5,5180.36,130.53,55.52,1.18,97.27,271.24,377.24,65.86
2024-03-29 09:30:00,5,4486.08,105.5,71.97,4.83,106.81,232.76,319.6,61.3
2024-03-29 10:30:00,5,4753.11,84.04,116.53,15.56,139.24,266.17,356.78,64.34
2024-03-29 11:30:00,5,4859.92,39.79,163.14,59.37,167.85,312.17,405.71,61.81
2024-03-29 12:30:00,5,2429.96,25.48,150.8,63.66,278.47,229.12,283.53,24.83
2024-03-29 13:30:00,5,1628.88,13.75,142.57,53.64,282.29,178.53,223.75,15.07
2024-03-29 14:30:00,5,1268.39,6.03,124.75,79.39,263.21,153.82,195.24,12.29
2024-03-29 15:30:00,5,961.3,1.42,80.2,120.16,173.57,124.2,158.9,9.63
2024-03-29 16:30:00,5,894.55,0.37,63.06,131.61,122.07,109.78,141.89,9.37
2024-03-29 17:30:00,5,921.25,0.1,64.43,124.45,113.49,105.62,137.76,10.39
2024-03-29 18:30:00,5,1642.23,0.02,90.48,95.84,117.3,143.22,189.26,20.77
2024-03-29 19:30:00,5,2403.26,0,97.33,64.37,107.77,188.76,256.2,32.93
2024-03-29 20:30:00,5,2483.37,0,76.77,53.64,86.78,195.67,271.42,38.5
2024-03-29 21:30:00,5,2830.51,0,74.03,43.99,79.15,236.38,318.55,45.6
2024-03-29 22:30:00,5,3631.59,0.11,93.22,21.99,83.92,316.99,410.56,53.7
2024-03-29 23:30:00,5,3952.03,1.26,102.82,7.87,79.15,358.02,452.62,50.66
2024-03-30 00:30:00,5,3631.59,1.15,98.71,8.31,66.76,348.74,431.26,39.01
2024-03-30 01:30:00,5,2937.32,0.01,75.4,28.25,51.02,311.84,375.43,29.39
2024-03-30 02:30:00,5,2082.82,0,48.67,52.93,36.72,258.27,303.4,24.32
2024-03-30 03:30:00,5,1495.36,0,31.53,66.52,28.85,209.45,242.59,22.29
2024-03-30 04:30:00,5,1348.5,0,28.79,60.08,27.18,188.43,218.13,22.29
2024-03-30 05:30:00,5,1335.14,0,30.85,55.79,28.61,182.2,210.97,21.79
2024-03-30 06:30:00,5,1468.66,0,39.07,55.79,34.33,187.62,218.95,22.8
2024-03-30 07:30:00,5,1922.61,1.01,58.26,48.64,44.82,211.62,251.57,27.11
2024-03-30 08:30:00,5,2216.34,6.87,66.49,54.36,53.88,230.25,275.73,28.88
2024-03-30 09:30:00,5,1762.39,7.93,52.78,86.55,60.56,185.28,223.84,24.32
2024-03-30 10:30:00,5,1361.85,5.76,38.73,128.75,62.94,133.89,167.07,22.04
2024-03-30 11:30:00,5,1054.76,3.27,27.08,175.95,62.94,103.96,132.77,19.76
2024-03-30 12:30:00,4,620.84,1.87,20.39,160.22,54.84,64.33,84.63,10.26
2024-03-30 13:30:00,4,554.08,1.65,21.25,155.93,53.88,58.77,76.78,7.98
2024-03-30 14:30:00,4,567.44,1.48,25.7,155.93,61.04,60.37,78.51,7.92
2024-03-30 15:30:00,4,560.76,1.17,24.68,147.34,55.31,55.56,74.38,7.6
2024-03-30 16:30:00,3,567.44,0.95,21.59,135.9,41.96,49.13,68.27,7.73
2024-03-30 17:30:00,3,594.14,0.53,21.25,125.89,34.81,47.35,67.66,8.23
2024-03-30 18:30:00,4,1361.85,0.23,61.69,70.1,47.21,73.15,106.72,18.24
2024-03-30 19:30:00,5,2590.18,2.49,102.82,10.28,69.62,127.91,186.17,33.44
2024-03-30 20:30:00,5,3337.86,15.87,95.96,0.17,79.15,172.34,251.09,42.56
2024-03-30 21:30:00,5,3791.81,27.49,89.11,0.01,83.92,208.74,300.75,49.65
2024-03-30 22:30:00,5,4219.06,37.55,83.63,0,86.78,239.68,342.85,53.7
2024-03-30 23:30:00,5,4165.65,42.02,76.09,0,78.2,239.4,344.42,48.64
2024-03-31 00:30:00,5,3738.4,40.23,67.17,0,63.9,213.51,315.07,38.5
2024-03-31 01:30:00,5,3284.45,35.76,55.52,0,52.93,191.5,289.66,33.44
2024-03-31 02:30:00,5,2803.8,30.4,44.55,0,44.35,170.18,261.16,31.41
2024-03-31 03:30:00,5,2590.18,28.39,38.39,0,41.48,162.97,244.15,30.65
2024-03-31 04:30:00,5,2883.91,36.66,39.41,0,44.82,187.08,267.2,29.39
2024-03-31 05:30:00,5,3578.19,46.94,51.41,0,44.35,233.17,316.61,28.37
2024-03-31 06:30:00,5,3791.81,49.17,58.26,0,42.44,245.21,320.75,30.91
2024-03-31 07:30:00,5,4058.84,65.27,57.58,1.13,52.93,247.01,323.87,39.01
2024-03-31 08:30:00,5,4219.06,76.89,64.43,7.69,62.94,244.6,324.71,43.06
2024-03-31 09:30:00,5,2643.59,25.48,73.34,52.21,64.85,176.24,229.15,31.66
2024-03-31 10:30:00,5,2216.34,10.73,63.75,127.32,70.57,177.37,225.07,29.39
2024-03-31 11:30:00,5,1815.8,4.02,42.84,234.6,68.66,183.88,226.38,27.11
2024-03-31 12:30:00,4,540.73,1.15,9.34,164.51,21.22,48.45,73.97,8.61
2024-03-31 13:30:00,3,380.52,0.98,6.43,135.9,12.76,27.2,52.39,5.57
2024-03-31 14:30:00,3,370.5,0.98,6.6,131.61,11.92,26.13,52.69,5.89
2024-03-31 15:30:00,3,387.19,0.94,7.2,130.18,11.92,29.19,56.63,6.9
2024-03-31 16:30:00,3,433.92,0.91,9.51,133.04,13.83,35.75,63.43,8.61
2024-03-31 17:30:00,3,467.3,0.61,12.34,130.18,15.26,38.24,67.87,9.25
2024-03-31 18:30:00,3,660.9,0.19,24.68,113.01,26.23,42.39,73.55,12.03
2024-03-31 19:30:00,3,821.11,0,29.13,94.41,33.38,46.08,76.33,15.33
2024-03-31 20:30:00,3,881.2,0,28.79,87.98,33.86,47.18,76.89,17.73
2024-03-31 21:30:00,3,881.2,0,27.42,85.83,32.9,46.8,76.86,19
2024-03-31 22:30:00,3,841.14,0,25.02,85.12,30.28,46.54,76.14,19.76
2024-03-31 23:30:00,3,734.33,0,21.93,84.4,26.23,45.23,71.02,19.51
2024-04-01 00:30:00,3,627.52,0,19.88,80.11,24.32,41.34,62.72,18.49
2024-04-01 01:30:00,3,654.22,0,22.28,70.81,29.09,42.32,62.67,19.76
2024-04-01 02:30:00,3,667.57,0,23.31,63.66,30.99,42.28,62.17,20.52
2024-04-01 03:30:00,3,694.27,0,23.65,57.94,29.8,42.82,62.23,21.28
2024-04-01 04:30:00,3,761.03,0,25.02,50.78,28.85,45.5,65.13,22.04
2024-04-01 05:30:00,3,847.82,0,28.45,43.27,30.04,49.68,70.22,23.31
2024-04-01 06:30:00,4,1108.17,0.11,40.1,29.33,36.24,61.95,87.01,27.36
2024-04-01 07:30:00,5,1602.17,5.59,56.21,13.95,48.16,83.79,119.54,34.96
2024-04-01 08:30:00,5,1815.8,16.99,55.52,26.11,54.84,91.22,130.92,36.48
2024-04-01 09:30:00,4,1401.9,11.4,46.61,60.08,56.74,74.48,107.06,29.64
2024-04-01 10:30:00,4,1228.33,7.04,39.41,107.29,58.17,74.75,105.69,27.87
2024-04-01 11:30:00,5,1068.12,3.55,29.82,178.81,56.27,82.86,111.23,26.35
2024-04-01 12:30:00,4,574.11,1.31,10.8,173.09,22.65,39.51,54.98,12.41
2024-04-01 13:30:00,4,494,1.19,9.17,164.51,17.4,30.57,42.12,8.99
2024-04-01 14:30:00,4,500.68,1.19,9.94,167.37,18.12,31.68,42.42,8.87
2024-04-01 15:30:00,4,514.03,1.19,10.97,167.37,19.07,33.93,44.43,8.99
2024-04-01 16:30:00,4,554.08,1.06,14.57,161.65,21.46,36.45,47.07,9.5
2024-04-01 17:30:00,4,594.14,0.57,19.71,153.06,24.08,38.21,49.17,9.88
2024-04-01 18:30:00,3,881.2,0.11,35.99,127.32,38.15,49.52,65.66,14.69
2024-04-01 19:30:00,4,1174.93,0,45.24,103,49.11,64.07,87.89,21.03
2024-04-01 20:30:00,4,1295.09,0,44.55,92.98,50.54,70.58,98.47,25.08
2024-04-01 21:30:00,5,1482.01,0,47.98,77.96,52.45,81.37,114.77,29.64
2024-04-01 22:30:00,5,1735.69,0,53.47,58.65,54.84,95.99,135.73,34.45
2024-04-01 23:30:00,5,1655.58,0,52.78,48.64,49.11,93.09,132.13,32.42
2024-04-02 00:30:00,5,1348.5,0,44.55,47.92,39.1,76.37,107,27.11
2024-04-02 01:30:00,4,1188.28,0,39.07,49.35,35.76,70.65,96.15,25.33
2024-04-02 02:30:00,4,1134.87,0,36.67,49.35,35.76,70.69,94.36,25.08
2024-04-02 03:30:00,4,1134.87,0,35.64,46.49,35.29,71.71,95.39,24.83
2024-04-02 04:30:00,4,1188.28,0,37.01,41.13,35.76,74.99,99.43,25.33
2024-04-02 05:30:00,5,1308.44,0.02,42.5,33.62,39.1,82.66,108.89,26.6
2024-04-02 06:30:00,5,1695.63,0.75,58.95,18.42,48.64,103.78,137,31.92
2024-04-02 07:30:00,5,2483.37,12.74,78.83,6.71,65.8,143.36,192.07,41.54
2024-04-02 08:30:00,5,2830.51,22.58,90.48,19.67,77.25,156.57,210.21,43.06
2024-04-02 09:30:00,5,2162.93,11.51,80.88,67.23,80.11,128.88,169.31,34.96
2024-04-02 10:30:00,5,1976.01,8.05,65.8,133.04,81.06,133,171.63,33.44
2024-04-02 11:30:00,5,1655.58,3.63,43.18,231.74,74.39,135.78,168.88,28.63
2024-04-02 12:30:00,5,700.95,1.33,12.51,205.99,27.89,54.44,71.21,13.43
2024-04-02 13:30:00,5,547.41,1.13,9.51,181.67,18.6,39.36,54.15,10.77
2024-04-02 14:30:00,4,520.71,1.08,9.17,173.09,16.69,35.82,49.74,10.26
2024-04-02 15:30:00,4,494,1.1,9.17,167.37,15.26,32.63,45.91,9.5
2024-04-02 16:30:00,4,507.35,1.29,11.65,163.08,16.93,31.9,45.29,9.25
2024-04-02 17:30:00,4,540.73,1.24,15.08,155.93,18.84,32.25,46.28,9.75
2024-04-02 18:30:00,3,947.95,0.48,38.73,123.02,35.76,48.04,69.24,16.47
2024-04-02 19:30:00,4,1441.96,0,54.15,90.12,51.02,71.77,104.66,25.59
2024-04-02 20:30:00,5,1695.63,0,56.89,72.96,55.31,87.13,128.87,31.16
2024-04-02 21:30:00,5,1976.01,0,63.06,55.07,61.04,105.2,156.6,36.48
2024-04-02 22:30:00,5,2296.45,0.01,72.66,35.41,66.76,126.14,188.25,41.04
2024-04-02 23:30:00,5,2216.34,0.04,74.03,24.68,63.9,123.5,185.49,38
2024-04-03 00:30:00,5,1895.9,0.08,68.55,21.99,55.79,107.24,158.97,30.4
2024-04-03 01:30:00,5,1949.31,0.18,68.55,16.81,57.22,113.99,161.9,29.39
2024-04-03 02:30:00,5,2109.53,0.42,69.92,11.98,60.56,128.82,178.79,30.91
2024-04-03 03:30:00,5,2296.45,1.61,72.66,5.45,66.76,145.06,200.1,33.94
2024-04-03 04:30:00,5,2510.07,6.93,74.71,0.66,77.25,163.51,222.33,37.49
2024-04-03 05:30:00,5,2803.8,16.32,80.2,0.02,93.46,185.03,248.16,42.05
2024-04-03 06:30:00,5,3417.97,35.76,90.48,0.1,118.26,223.22,295.84,52.69
2024-04-03 07:30:00,5,4859.92,82.25,100.08,3.26,152.59,302.7,398.72,69.92
2024-04-03 08:30:00,5,6301.88,114.44,138.46,14.66,192.64,392.33,504.29,81.06
2024-04-03 09:30:00,5,5554.2,63.48,197.41,51.5,259.4,381.38,470.18,65.86
2024-04-03 10:30:00,5,5340.58,31.74,233.05,147.34,308.99,427.61,510.85,55.73
2024-04-03 11:30:00,5,5126.95,14.75,222.09,323.3,343.32,517.59,594.4,45.09
2024-04-03 12:30:00,5,1308.44,5.59,67.86,205.99,127.79,112.97,148.14,14.69
2024-04-03 13:30:00,4,694.27,1.84,31.19,178.81,57.7,54.36,86.66,8.74
2024-04-03 14:30:00,4,620.84,0.87,26.39,168.8,45.3,46.54,78.18,8.11
2024-04-03 15:30:00,4,620.84,0.2,25.7,158.79,41.48,44.6,76.27,8.11
2024-04-03 16:30:00,4,640.87,0.16,25.7,157.36,39.58,45.89,78.94,8.49
2024-04-03 17:30:00,4,607.49,0.08,24.68,150.2,36.72,43.2,76.11,8.36
2024-04-03 18:30:00,3,787.73,0.02,38.73,121.59,56.74,49.53,83.57,12.54
2024-04-03 19:30:00,4,1014.71,0,44.55,88.69,63.9,57.8,98.12,18.49
2024-04-03 20:30:00,4,1108.17,0,39.76,72.24,56.27,61.7,107.14,22.04
2024-04-03 21:30:00,4,1214.98,0,36.33,65.8,51.5,66.02,112.41,24.32
2024-04-03 22:30:00,4,1375.2,0,38.73,59.37,51.5,74.61,123.32,27.11
2024-04-03 23:30:00,4,1348.5,0,39.76,55.07,47.68,72.7,119.31,25.59
2024-04-04 00:30:00,4,1321.79,0,43.18,44.7,44.35,70.91,114.15,22.8
2024-04-04 01:30:00,5,1468.66,0.01,46.61,32.9,46.25,81.13,124.36,23.56
2024-04-04 02:30:00,5,1575.47,0.02,47.98,26.11,47.68,92.44,135.67,24.57
2024-04-04 03:30:00,5,1655.58,0.06,50.04,21.1,48.16,100.08,144.01,25.08
2024-04-04 04:30:00,5,1735.69,0.21,52.09,16.09,51.98,106.39,151.01,26.6
2024-04-04 05:30:00,5,1895.9,1.31,57.58,8.23,57.7,116.08,163.61,29.13
2024-04-04 06:30:00,5,2323.15,10.06,64.43,1.92,67.71,135.55,192.16,35.97
2024-04-04 07:30:00,5,3524.78,44.7,74.71,2.62,95.37,189.5,267.3,50.16
2024-04-04 08:30:00,5,3952.03,62.58,95.96,14.66,122.07,206.33,290.64,51.17
2024-04-04 09:30:00,5,3231.05,35.32,116.53,50.78,146.87,182.37,255.28,42.56
2024-04-04 10:30:00,5,3391.27,20.56,135.72,131.61,164.03,230.2,309.63,41.54
2024-04-04 11:30:00,5,3044.13,7.71,105.56,291.82,160.22,277.06,352.52,34.96
2024-04-04 12:30:00,5,847.82,1.72,23.31,220.3,56.74,80.79,114.38,10.89
2024-04-04 13:30:00,4,507.35,0.82,13.37,171.66,29.09,43.85,72.85,6.78
2024-04-04 14:30:00,4,473.98,0.53,14.22,154.5,25.51,37.79,67.97,6.78
2024-04-04 15:30:00,4,473.98,0.5,14.74,148.77,23.6,36.83,66.79,7.03
2024-04-04 16:30:00,4,500.68,0.73,16.45,148.77,23.37,35.98,63.99,7.73
2024-04-04 17:30:00,4,527.38,0.64,19.19,143.05,23.37,32.36,57.56,8.61
2024-04-04 18:30:00,4,1241.68,0.35,58.26,90.12,42.44,53.74,89.64,18.75
2024-04-04 19:30:00,5,2136.23,0.01,87.74,35.41,61.99,93.19,149.58,32.17
2024-04-04 20:30:00,5,2563.48,0.83,91.85,11.27,70.57,122.21,192.92,40.53
2024-04-04 21:30:00,5,2777.1,4.19,87.05,2.75,76.29,143.45,223.24,45.6
2024-04-04 22:30:00,5,2723.69,5.36,81.57,1.72,77.25,148.05,229.71,45.6
2024-04-04 23:30:00,5,2189.64,1.98,71.97,6.97,63.9,119.97,190.57,37.49
2024-04-05 00:30:00,5,1495.36,0.05,55.52,23.96,49.11,83.52,134.91,27.36
2024-04-05 01:30:00,4,1268.39,0,46.61,35.41,45.3,73.93,115.78,24.07
2024-04-05 02:30:00,4,1214.98,0,42.5,41.48,45.3,73.8,111.8,23.56
2024-04-05 03:30:00,5,1268.39,0,41.81,39.34,45.3,78.84,116.83,24.32
2024-04-05 04:30:00,5,1415.25,0.02,45.24,28.97,46.25,88.93,129.83,25.59
2024-04-05 05:30:00,5,1668.93,0.79,54.15,13.23,50.54,104.04,150.18,28.37
2024-04-05 06:30:00,5,2323.15,14.75,62.38,0.95,64.85,139.04,197.28,38
2024-04-05 07:30:00,5,3685,55.88,71.29,0.5,91.55,204.71,288.56,54.21
2024-04-05 08:30:00,5,4699.71,88.51,89.11,2.73,110.63,244.33,344.94,61.3
2024-04-05 09:30:00,5,3845.21,51.41,113.79,9.39,111.58,201.84,286.39,51.68
2024-04-05 10:30:00,5,3311.16,25.48,122.01,23.25,112.53,180.53,254.83,48.64
2024-04-05 11:30:00,5,2403.26,6.65,95.96,65.09,103,139.43,195.45,40.53
2024-04-05 12:30:00,3,620.84,0.42,19.36,125.89,26.46,40.47,68.5,10.26
2024-04-05 13:30:00,3,473.98,0.26,13.54,124.45,17.4,31.88,61.59,7.09
2024-04-05 14:30:00,3,467.3,0.36,13.71,125.89,17.64,32.04,63.11,6.65
2024-04-05 15:30:00,3,453.95,0.71,12.85,131.61,17.17,32.52,63.66,6.46
2024-04-05 16:30:00,3,480.65,0.83,15.08,131.61,18.12,33.23,63.67,6.97
2024-04-05 17:30:00,3,534.06,0.74,19.19,124.45,19.55,33.92,64.36,7.98
2024-04-05 18:30:00,4,1161.58,0.37,55.52,79.39,35.76,54.35,94.08,16.72
2024-04-05 19:30:00,5,2082.82,0.05,93.22,29.68,56.27,94.43,151.14,30.4
2024-04-05 20:30:00,5,2563.48,1.56,101.45,8.14,64.85,126.57,194.67,38.5
2024-04-05 21:30:00,5,2910.61,6.59,97.33,1.59,71.53,154.66,231.6,44.58
2024-04-05 22:30:00,5,3311.16,13.52,93.22,0.18,79.15,184.59,271.31,49.14
2024-04-05 23:30:00,5,3177.64,15.65,86.37,0.09,73.43,180.07,266.53,44.58
2024-04-06 00:30:00,5,2349.85,7.93,74.03,1.04,54.36,132.14,202.87,32.93
2024-04-06 01:30:00,5,1602.17,0.6,55.52,11.44,40.53,92.87,143.21,26.6
2024-04-06 02:30:00,4,1214.98,0.01,40.44,30.4,36.24,73.19,108.03,25.08
2024-04-06 03:30:00,4,1028.06,0,32.9,46.49,34.81,63.01,88.94,24.07
2024-04-06 04:30:00,4,1014.71,0,32.22,50.07,35.29,61.39,85.55,23.05
2024-04-06 05:30:00,4,1094.82,0,36.33,46.49,38.62,65.13,91.21,23.31
2024-04-06 06:30:00,5,1388.55,0.08,50.04,32.19,47.68,79.14,111.28,27.36
2024-04-06 07:30:00,5,1976.01,6.09,70.6,16.27,64.85,104.23,147.61,34.96
2024-04-06 08:30:00,5,2216.34,17.66,74.03,31.47,79.15,113.52,160.91,36.48
2024-04-06 09:30:00,5,1922.61,14.19,69.23,71.53,91.55,105.48,146.7,33.94
2024-04-06 10:30:00,5,1815.8,8.61,61.01,140.19,91.55,114.42,154.13,32.93
2024-04-06 11:30:00,5,1441.96,3.41,39.07,240.33,78.2,111.74,145.1,28.88
2024-04-06 12:30:00,5,514.03,0.92,9.17,197.41,22.17,38.73,57.78,10.26
2024-04-06 13:30:00,4,413.89,0.78,6.77,175.95,13.11,27.25,45.55,7.6
2024-04-06 14:30:00,4,393.87,0.78,6.85,168.8,11.92,22.97,39.35,6.84
2024-04-06 15:30:00,4,407.22,0.99,9.08,161.65,14.07,20.54,34,6.78
2024-04-06 16:30:00,4,467.3,1.23,13.54,154.5,17.4,21.03,33.21,7.6
2024-04-06 17:30:00,4,547.41,0.99,19.19,145.91,19.31,22.61,35.08,8.87
2024-04-06 18:30:00,3,841.14,0.3,33.59,118.73,25.99,32.37,50.13,13.43
2024-04-06 19:30:00,3,1228.33,0,45.93,86.55,35.76,49.95,76.8,20.77
2024-04-06 20:30:00,4,1401.9,0,47.3,70.81,39.58,61.11,93.19,25.59
2024-04-06 21:30:00,4,1588.82,0,50.72,58.65,44.35,73.5,110.29,29.89
2024-04-06 22:30:00,5,1842.5,0,57.58,43.27,50.07,88.32,131.02,33.94
2024-04-06 23:30:00,5,1842.5,0,58.26,34.69,47.21,87.64,128.42,31.92
2024-04-07 00:30:00,4,1548.77,0,50.72,32.54,38.62,71.98,104,26.6
2024-04-07 01:30:00,4,1388.55,0.01,43.87,30.4,35.76,65.88,93.24,24.57
2024-04-07 02:30:00,4,1335.14,0.01,40.44,27.18,35.29,66.11,92.42,23.81
2024-04-07 03:30:00,4,1321.79,0.04,39.41,23.6,35.29,68.76,95.71,23.81
2024-04-07 04:30:00,4,1348.5,0.11,39.76,19.13,35.76,72.5,100.09,24.07
2024-04-07 05:30:00,5,1455.31,0.66,44.55,11.62,38.15,80.96,110.39,25.33
2024-04-07 06:30:00,5,1869.2,8.49,52.09,2.12,47.21,103.35,140.92,30.91
2024-04-07 07:30:00,5,2750.4,34.42,56.89,3.71,63.9,144.24,198.21,42.05
2024-04-07 08:30:00,5,3124.24,42.47,71.97,20.74,70.57,158.46,216.85,44.58
2024-04-07 09:30:00,5,2109.53,12.41,67.17,101.57,67.71,118.57,156.5,32.42
2024-04-07 10:30:00,5,1842.5,5.36,49.35,200.27,68.66,124.19,159.36,28.88
2024-04-07 11:30:00,5,1522.06,2.07,29.13,297.55,61.04,120.78,152.77,26.6
2024-04-07 12:30:00,5,500.68,0.85,7.97,197.41,18.36,29.2,39.13,8.61
2024-04-07 13:30:00,4,383.85,0.82,6.51,168.8,12.28,17.39,24.26,6.08
2024-04-07 14:30:00,4,373.84,0.85,6.77,161.65,11.92,15.26,21.7,5.64
2024-04-07 15:30:00,4,380.52,0.88,7.71,155.93,12.52,14.68,21.27,5.76
2024-04-07 16:30:00,4,420.57,0.94,10.28,154.5,14.66,15.96,23.47,6.59
2024-04-07 17:30:00,4,467.3,0.72,13.71,148.77,16.21,17.02,25.7,7.6
2024-04-07 18:30:00,3,894.55,0.31,35.99,115.87,27.89,30.86,47.81,13.93
2024-04-07 19:30:00,4,1495.36,0,55.52,72.96,42.92,56.14,87.7,23.05
2024-04-07 20:30:00,5,1842.5,0,61.69,51.5,52.45,77.83,120.74,29.64
2024-04-07 21:30:00,5,2216.34,0.01,71.29,32.54,63.9,103.34,156.84,35.97
2024-04-07 22:30:00,5,2590.18,0.47,80.88,14.31,72.48,127.59,190.78,40.02
2024-04-07 23:30:00,5,2510.07,1.62,79.51,6.79,66.76,124.41,185.36,35.97
2024-04-08 00:30:00,5,2029.42,0.75,69.23,10.01,53.88,98.09,146.58,27.61
2024-04-08 01:30:00,5,1842.5,0.35,63.75,13.05,56.74,92.92,135.89,26.85
2024-04-08 02:30:00,5,1815.8,0.21,61.69,14.48,63.9,96.14,137.24,27.36
2024-04-08 03:30:00,5,1869.2,0.38,61.69,11.98,70.57,104.2,145.24,28.12
2024-04-08 04:30:00,5,2029.42,2.74,64.43,3.44,74.39,118.73,162.92,28.12
2024-04-08 05:30:00,5,2243.04,10.51,65.8,0.18,73.43,135.61,183.52,28.37
2024-04-08 06:30:00,5,2616.88,26.38,64.43,0.02,72.48,152.56,206.23,34.96
2024-04-08 07:30:00,5,3578.19,61.69,66.49,2.01,89.65,191.93,264.12,49.65
2024-04-08 08:30:00,5,4432.68,84.94,85,10.19,103.95,223.21,309.71,58.26
2024-04-08 09:30:00,5,3631.59,35.76,113.79,57.94,103.95,194.26,264.58,49.14
2024-04-08 10:30:00,5,3284.45,13.3,105.56,170.23,105.86,214.53,281.07,44.08
2024-04-08 11:30:00,5,2536.77,4.36,63.75,314.71,98.23,213.63,266.66,36.48
2024-04-08 12:30:00,5,600.81,1.26,12.51,200.27,27.18,41.32,57.05,10.13
2024-04-08 13:30:00,4,427.25,1.03,8.91,170.23,16.45,24.86,37.73,7.54
2024-04-08 14:30:00,4,407.22,0.98,9.17,158.79,15.5,21.39,33.62,7.22
2024-04-08 15:30:00,4,400.54,0.91,9.68,148.77,15.02,19.52,31.35,7.09
2024-04-08 16:30:00,4,427.25,0.94,12.17,144.48,16.45,20.36,32.94,7.73
2024-04-08 17:30:00,3,467.3,0.7,15.42,138.76,17.88,22.15,35.78,8.61
2024-04-08 18:30:00,3,974.66,0.35,43.53,104.43,36.24,40.04,63.45,16.47
2024-04-08 19:30:00,4,1615.52,0,65.12,65.8,54.84,68.32,107.62,27.36
2024-04-08 20:30:00,5,1949.31,0,69.23,47.92,61.99,87.41,138,33.94
2024-04-08 21:30:00,5,2162.93,0,73.34,35.41,70.57,101.75,159.32,39.01
2024-04-08 22:30:00,5,2323.15,0.07,80.88,22.17,80.11,113.95,178.22,42.05
2024-04-08 23:30:00,5,2136.23,0.14,76.77,18.42,75.34,106.13,167.98,38.5
2024-04-09 00:30:00,5,1895.9,0.36,68.55,14.13,62.94,93.87,148.04,31.92
2024-04-09 01:30:00,5,2002.72,1.87,66.49,4.6,65.8,103.39,154.73,30.15
2024-04-09 02:30:00,5,2189.64,5.31,64.43,0.95,75.34,119.63,170.65,30.15
2024-04-09 03:30:00,5,2456.67,9.95,68.55,0.15,93.46,141.13,195.33,36.48
2024-04-09 04:30:00,5,2643.59,13.19,80.88,0.05,114.44,158.36,215.85,46.1
2024-04-09 05:30:00,5,2777.1,17.66,95.96,0.02,131.61,170.31,230.5,52.18
2024-04-09 06:30:00,5,3231.05,32.63,109.67,0.03,150.68,194.07,261.98,64.34
2024-04-09 07:30:00,5,4379.27,68.84,126.12,2.79,186.92,248.7,339.16,88.16
2024-04-09 08:30:00,5,5500.79,100.14,152.17,12.87,209.81,299.87,408.26,103.35
2024-04-09 09:30:00,5,4379.27,52.75,172.73,52.21,204.09,259.23,341.78,65.86
2024-04-09 10:30:00,5,3952.03,25.03,172.73,141.62,196.46,273.7,348.62,49.14
2024-04-09 11:30:00,5,3364.56,10.06,137.09,297.55,179.29,293.89,356.58,35.97
2024-04-09 12:30:00,5,801.09,2.32,26.05,226.02,52.45,66.75,85.8,10.77
2024-04-09 13:30:00,5,480.65,1.2,11.82,197.41,24.8,39,54.78,6.71
2024-04-09 14:30:00,5,440.6,1.15,11.31,181.67,21.46,32.34,47.66,6.4
2024-04-09 15:30:00,4,433.92,1.12,12.17,165.94,20.5,27.98,42.66,6.59
2024-04-09 16:30:00,4,467.3,1.12,15.42,155.93,22.41,27.49,42.17,7.6
2024-04-09 17:30:00,4,514.03,0.81,19.54,144.48,23.37,26.6,40.99,8.74
2024-04-09 18:30:00,3,1174.93,0.43,56.89,98.71,43.87,47.01,72.28,19
2024-04-09 19:30:00,5,2162.93,0,91.85,46.49,69.62,87.33,132.92,33.44
2024-04-09 20:30:00,5,2723.69,0.05,100.08,22.71,87.74,120.64,182.7,43.06
2024-04-09 21:30:00,5,2990.72,0.45,98.71,13.41,100.14,146.32,219.57,49.14
2024-04-09 22:30:00,5,3204.35,1.87,94.59,6.44,102.04,168.07,252.24,52.69
2024-04-09 23:30:00,5,3070.83,3.63,87.74,3.22,90.6,161.92,247.91,46.61
2024-04-10 00:30:00,5,2670.29,4.53,80.2,1.92,78.2,141.15,220.67,39.52
2024-04-10 01:30:00,5,2643.59,7.1,76.77,0.6,82.97,145.91,225.5,44.58
2024-04-10 02:30:00,5,2830.51,10.17,78.14,0.17,97.27,165.33,247.79,53.7
2024-04-10 03:30:00,5,3124.24,14.98,81.57,0.02,116.35,190.32,274.71,62.32
2024-04-10 04:30:00,5,3417.97,21.23,82.94,0,133.51,213.51,298.95,67.89
2024-04-10 05:30:00,5,3738.4,28.61,85,0,143.05,234.7,319.33,66.88
2024-04-10 06:30:00,5,4219.06,43.36,87.74,0.02,148.77,256.74,344.19,61.3
2024-04-10 07:30:00,5,5126.95,76,95.96,1.86,164.03,296.55,393.38,65.86
2024-04-10 08:30:00,5,5554.2,87.62,123.38,12.34,167.85,308.06,401.26,62.32
2024-04-10 09:30:00,5,2563.48,18.55,109.67,94.41,141.14,151.97,191.24,32.17
2024-04-10 10:30:00,5,2029.42,8.05,76.09,188.83,108.72,127.19,158.25,28.63
2024-04-10 11:30:00,5,1735.69,3.74,54.15,297.55,92.51,127.53,154.63,26.85
2024-04-10 12:30:00,5,600.81,1.38,15.77,223.16,31.95,46.98,58.46,9.25
2024-04-10 13:30:00,5,460.62,1.05,11.48,197.41,20.5,36.59,48.94,6.71
2024-04-10 14:30:00,5,467.3,1.01,13.02,197.41,21.7,37.09,51.01,6.71
2024-04-10 15:30:00,5,487.33,0.71,15.42,188.83,23.13,37.35,52.39,6.97
2024-04-10 16:30:00,4,527.38,0.53,19.19,178.81,25.75,38.13,54.5,7.6
2024-04-10 17:30:00,4,580.79,0.25,23.65,168.8,28.61,39.41,57.23,8.49
2024-04-10 18:30:00,5,1815.8,0.11,89.11,89.41,58.17,81.07,120.09,24.07
2024-04-10 19:30:00,5,3524.78,4.14,149.43,10.46,95.37,155.53,231.1,45.6
2024-04-10 20:30:00,5,4432.68,22.58,141.2,0.03,114.44,213.58,319.77,60.29
2024-04-10 21:30:00,5,5073.55,37.1,131.61,0,129.7,262.16,389.42,72.96
2024-04-10 22:30:00,5,5554.2,50.51,124.75,0,139.24,302.43,446.69,76
2024-04-10 23:30:00,5,5340.58,53.2,119.27,0,129.7,294.87,434.59,65.86
2024-04-11 00:30:00,5,4379.27,40.68,111.04,0,103.95,238.11,352.45,49.65
2024-04-11 01:30:00,5,3791.81,29.95,104.19,0,93.46,212.8,314.16,44.58
2024-04-11 02:30:00,5,3685,25.7,104.19,0,98.23,224.35,328.21,45.09
2024-04-11 03:30:00,5,3738.4,24.36,104.19,0,104.9,245.17,356.54,46.61
2024-04-11 04:30:00,5,3738.4,25.26,95.96,0,106.81,259.41,376.36,47.12
2024-04-11 05:30:00,5,3685,28.16,85,0,103,268.52,387.51,48.64
2024-04-11 06:30:00,5,3845.21,37.55,75.4,0.04,103.95,270.5,386.05,54.72
2024-04-11 07:30:00,5,4966.74,70.63,85.68,2.01,125.89,315.13,435.11,65.86
2024-04-11 08:30:00,5,6195.07,84.04,132.98,14.31,143.05,375.46,497.3,65.86
2024-04-11 09:30:00,5,3845.21,15.2,124.75,118.73,118.26,264.79,329.99,37.49
2024-04-11 10:30:00,5,3578.19,6.03,94.59,260.35,107.77,299.39,358.14,35.97
2024-04-11 11:30:00,5,3177.64,2.57,61.01,411.99,93.46,319.67,372.56,36.98
2024-04-11 12:30:00,5,761.03,1.05,15.08,240.33,33.38,74.89,96.36,11.15
2024-04-11 13:30:00,5,480.65,0.92,11.14,194.55,20.5,41.46,61.77,6.97
2024-04-11 14:30:00,5,467.3,0.96,12.85,185.97,21.46,37.08,58.27,6.71
2024-04-11 15:30:00,5,594.14,1.54,23.31,183.11,33.86,41.61,65.37,8.74
2024-04-11 16:30:00,4,907.9,2.32,45.24,171.66,55.79,54.76,83.93,13.17
2024-04-11 17:30:00,4,1241.68,1.84,67.86,150.2,72.48,68.67,103.89,17.48
2024-04-11 18:30:00,5,1588.82,0.3,83.63,130.18,89.65,91.75,135.35,23.05
2024-04-11 19:30:00,5,1762.39,0,77.46,123.02,103.95,120.47,172.91,27.87
2024-04-11 20:30:00,5,1455.31,0,51.41,114.44,85.83,104.19,153.59,27.11
2024-04-11 21:30:00,5,1655.58,0,51.41,83.68,70.57,96.47,144.81,32.42
2024-04-11 22:30:00,5,2456.67,0,73.34,44.7,79.15,130.18,192.6,42.56
2024-04-11 23:30:00,5,2723.69,0.16,87.05,19.31,78.2,140.81,209.05,41.54
2024-04-12 00:30:00,5,2563.48,1.24,87.74,7.69,71.53,129.47,192.72,33.94
2024-04-12 01:30:00,5,2536.77,3.55,83.63,2.26,71.53,130.96,192.75,32.42
2024-04-12 02:30:00,5,2483.37,6.59,77.46,0.58,71.53,133.55,193.41,32.17
2024-04-12 03:30:00,5,2563.48,11.29,74.03,0.09,75.34,143.92,203.49,32.42
2024-04-12 04:30:00,5,2803.8,16.09,71.29,0.02,84.88,165.8,226.37,33.44
2024-04-12 05:30:00,5,3070.83,20.56,68.55,0.01,91.55,190.75,253.99,34.45
2024-04-12 06:30:00,5,3391.27,33.53,63.75,0.02,90.6,209.07,283.03,40.53
2024-04-12 07:30:00,5,4592.9,75.1,66.49,1.35,109.67,259.83,357.88,57.25
2024-04-12 08:30:00,5,5981.45,109.97,98.71,7.42,137.33,322.67,439.7,67.89
2024-04-12 09:30:00,5,3524.78,30.4,123.38,61.51,133.51,197.7,264.78,41.04
2024-04-12 10:30:00,5,3231.05,14.53,123.38,157.36,143.05,199.98,263.34,38
2024-04-12 11:30:00,5,2830.51,7.15,105.56,294.69,150.68,211.09,268.39,33.94
2024-04-12 12:30:00,5,881.2,4.36,47.98,226.02,108.72,82.74,109.68,10.51
2024-04-12 13:30:00,5,614.17,2.18,27.08,226.02,63.9,67.99,91.32,6.78
2024-04-12 14:30:00,5,607.49,1.56,24.68,240.33,58.65,70.26,93.36,6.59
2024-04-12 15:30:00,5,647.54,1.05,24.68,251.77,57.7,75.74,99.42,6.9
2024-04-12 16:30:00,5,727.65,0.66,28.79,248.91,58.65,81.36,106.56,7.85
2024-04-12 17:30:00,5,807.76,0.27,34.96,237.46,59.6,83.69,110.4,8.99
2024-04-12 18:30:00,5,2189.64,0.09,108.3,131.61,86.78,132.33,182.55,26.35
2024-04-12 19:30:00,5,4325.87,3.49,191.93,18.06,129.7,226.05,319.59,51.68
2024-04-12 20:30:00,5,5767.82,30.4,191.93,0.01,158.31,308.48,439.74,69.92
2024-04-12 21:30:00,5,6782.53,53.64,180.96,0,185.01,379.29,535.46,83.09
2024-04-12 22:30:00,5,7797.24,70.63,180.96,0,213.62,460,634.56,88.16
2024-04-12 23:30:00,5,8544.92,77.78,183.7,0,225.07,513.51,693.08,79.04
